timestamp_iso,metodo,endpoint,status_code,latency_ms,connect_ms,error,siniestro_id,intento,hilos_activos
2026-09-24T07:11:18.805,POST,/desembolsos,201,177.6,87.4,,237b1a5d-4d8c-4c16-b21b-b888863ef3a2,1,1
2026-09-24T07:11:18.891,POST,/desembolsos,201,179.0,89.7,,90ab94bf-e7b5-4f9c-a749-68e2f64d5b6d,1,2
2026-09-24T07:11:19.005,POST,/desembolsos,201,182.8,85.2,,43e66c55-ab55-46c6-b558-0a85385c44b6,1,3
2026-09-24T07:11:19.069,POST,/desembolsos,201,222.0,109.6,,6e7f053e-87de-4103-857c-de6c84391fe4,1,4
2026-09-24T07:11:19.213,POST,/desembolsos,201,182.3,94.3,,eeed07b9-1b68-4d31-8186-d8ff42b1e9c0,1,5
2026-09-24T07:11:19.297,POST,/desembolsos,201,182.2,92.6,,b71c1e9d-813f-44ab-b991-04701ec61f7f,1,6
2026-09-24T07:11:19.426,POST,/desembolsos,201,178.8,89.4,,0214366b-81e2-4cd6-a7cf-aa8e95118694,1,8
2026-09-24T07:11:19.508,POST,/desembolsos,201,171.3,83.5,,d3633005-1f4f-4464-9e67-dea921a00bc2,1,9
2026-09-24T07:11:19.623,POST,/desembolsos,201,182.1,84.1,,d89092ed-fd57-400f-8d79-26abe5a48d68,1,10
2026-09-24T07:11:19.705,POST,/desembolsos,201,184.5,97.1,,6070cbe4-6298-405b-966b-1dbcc79cb4d6,1,11
2026-09-24T07:11:19.796,POST,/desembolsos,201,180.0,88.7,,f672995e-cee7-4230-947e-6e81d40e8bc0,1,12
2026-09-24T07:11:19.890,POST,/desembolsos,201,173.7,83.3,,21ced29a-ed79-44a1-b70b-4909c98d8839,1,14
2026-09-24T07:11:20.003,POST,/desembolsos,201,174.6,82.7,,fd31d017-7514-465f-ba1d-f3e6ee4e71e2,1,15
2026-09-24T07:11:20.107,POST,/desembolsos,201,175.2,87.8,,1444a07d-e383-4a82-9e81-5660e0822029,1,16
2026-09-24T07:11:20.194,POST,/desembolsos,201,170.1,82.6,,c50ddaf0-3151-43e9-b4e0-477b1ac16256,1,17
2026-09-24T07:11:20.315,POST,/desembolsos,201,176.8,86.3,,5a810e29-46e7-4d71-9335-4e2c1f82327f,1,19
2026-09-24T07:11:20.389,POST,/desembolsos,201,185.1,94.0,,a1cfcb53-85fd-47a0-bf48-bc7ebfd4f2c0,1,20
2026-09-24T07:11:20.490,POST,/desembolsos,201,174.0,84.0,,e1fab3ef-1f9c-4be5-8fe1-ec76267ad363,1,21
2026-09-24T07:11:20.607,POST,/desembolsos,201,175.5,85.0,,2f3b04d2-5126-4624-b1a1-b6de4e1f3cc3,1,22
2026-09-24T07:11:20.723,POST,/desembolsos,201,175.0,84.9,,8e25f3f8-8a45-4192-aa6c-8aee75ee5f94,1,23
2026-09-24T07:11:20.807,POST,/desembolsos,201,176.1,83.9,,832e7393-afcc-4e37-a53d-06551260d49e,1,24
2026-09-24T07:11:20.891,POST,/desembolsos,201,174.3,85.2,,5f825148-10b6-4937-9bc9-d785ab180937,1,26
2026-09-24T07:11:21.014,POST,/desembolsos,201,190.1,99.5,,9dd2ff36-70bf-44ac-887b-23a409a15724,1,27
2026-09-24T07:11:21.105,POST,/desembolsos,201,187.6,86.5,,6b26fbab-9104-49a5-91b0-aae3478d6a48,1,28
2026-09-24T07:11:21.201,POST,/desembolsos,201,177.6,90.0,,a7b9a2e6-e44f-4dc6-a598-20290fdeae85,1,29
2026-09-24T07:11:21.297,POST,/desembolsos,201,181.9,93.2,,468a52a8-af29-4d13-94fc-3804f937c16f,1,30
2026-09-24T07:11:21.393,POST,/desembolsos,201,172.9,83.8,,66c79ab8-0c4d-4381-8e27-a08a798c8003,1,32
2026-09-24T07:11:21.506,POST,/desembolsos,201,174.3,83.5,,5f8a5291-f1ad-4974-bd82-7c46eecf3abe,1,33
2026-09-24T07:11:21.621,POST,/desembolsos,201,193.0,99.5,,2273af42-e525-4ae2-a241-56bcde41cb1a,1,34
2026-09-24T07:11:21.718,POST,/desembolsos,201,180.1,83.7,,1fd561db-8026-40dc-be40-3881d95c73c6,1,35
2026-09-24T07:11:21.825,POST,/desembolsos,201,177.6,84.1,,08b1072a-8a72-45aa-a2c7-e268ea3e5dc2,1,37
2026-09-24T07:11:21.897,POST,/desembolsos,201,174.6,83.5,,2f69654c-865e-45bf-b523-858ce608efb5,1,38
2026-09-24T07:11:21.997,POST,/desembolsos,201,178.4,84.8,,a2ff7908-5db5-42dd-b0a2-56da9bc37844,1,39
2026-09-24T07:11:22.124,POST,/desembolsos,201,173.9,85.3,,72829ba2-9f72-4764-9983-ca8b88020239,1,40
2026-09-24T07:11:22.206,POST,/desembolsos,201,197.0,83.1,,407e44be-6a32-471f-aaf8-81f8b9c468a9,1,41
2026-09-24T07:11:22.317,POST,/desembolsos,201,181.3,89.5,,af6d24d6-422e-42a7-9213-24f0eb69e89b,1,42
2026-09-24T07:11:22.397,POST,/desembolsos,201,175.1,83.9,,88f19bf6-66a9-47c7-9b55-f6c3fd99b0db,1,44
2026-09-24T07:11:22.493,POST,/desembolsos,201,174.1,85.1,,e4bad76e-57ba-4a75-913c-4fb6c563f790,1,45
2026-09-24T07:11:22.620,POST,/desembolsos,201,177.9,84.5,,f4bd1d8d-63cd-4c7f-b56b-bda6155ba2ef,1,46
2026-09-24T07:11:22.703,POST,/desembolsos,201,183.4,86.4,,96690fb1-d404-478f-9340-63bf7909150f,1,47
2026-09-24T07:11:22.823,POST,/desembolsos,201,177.3,85.9,,b4508bea-168d-47a3-ac2b-9f467c74d9a2,1,49
2026-09-24T07:11:22.881,POST,/desembolsos,201,197.7,93.4,,a050452e-ca44-4d6a-9c26-766c2687ab8a,1,50
2026-09-24T07:11:22.995,POST,/desembolsos,201,175.8,85.6,,9ed489e3-bca7-4bab-8b0e-8e71329918ca,1,51
2026-09-24T07:11:23.126,POST,/desembolsos,201,172.1,84.6,,cac7b209-e74b-4a4d-952f-4089fad2aeec,1,52
2026-09-24T07:11:23.208,POST,/desembolsos,201,172.1,83.0,,8fe09d26-c93f-460e-a447-81502467c3b7,1,53
2026-09-24T07:11:23.323,POST,/desembolsos,201,183.8,95.3,,4ef937d5-5331-4dbf-8fe2-debdc37d6d99,1,55
2026-09-24T07:11:23.402,POST,/desembolsos,201,171.8,84.1,,9225fd4a-abae-4cc7-9ccb-7b9e92648672,1,56
2026-09-24T07:11:23.498,POST,/desembolsos,201,205.9,85.1,,75b93d07-2cb6-45c4-83cc-5b213f8134ff,1,57
2026-09-24T07:11:23.585,POST,/desembolsos,201,210.5,121.3,,d87c4db1-2198-4fbf-b515-a66c410f2eaf,1,58
2026-09-24T07:11:23.707,POST,/desembolsos,201,175.7,88.0,,43afad79-a103-4649-a079-ec16157fbc9d,1,59
2026-09-24T07:11:23.787,POST,/desembolsos,201,173.8,86.0,,586644d0-df17-4a25-a9e8-4521e58da095,1,60
2026-09-24T07:11:23.920,POST,/desembolsos,201,183.5,94.3,,31a70714-2c6b-492b-acfc-25e6479202ed,1,60
2026-09-24T07:11:24.000,POST,/desembolsos,201,180.0,86.7,,0d243df6-2302-470a-a485-c4b9d7035762,1,60
2026-09-24T07:11:24.099,POST,/desembolsos,201,179.8,89.4,,00bc8c40-092a-4f8d-9773-f80ed4834d49,1,60
2026-09-24T07:11:24.222,POST,/desembolsos,201,185.5,85.3,,a2b8e2f3-12d1-495f-8402-037bfcccf92c,1,60
2026-09-24T07:11:24.302,POST,/desembolsos,201,173.8,85.5,,a261cc0e-d1fd-49bf-b060-0a5a31694ad7,1,60
2026-09-24T07:11:24.387,POST,/desembolsos,201,171.2,82.6,,e9bcf27c-32cc-4290-91cf-5353b54ac02d,1,60
2026-09-24T07:11:24.527,POST,/desembolsos,201,230.4,84.7,,567208ce-372b-4077-86ba-90208980e4bf,1,60
2026-09-24T07:11:24.606,POST,/desembolsos,201,237.6,146.1,,e5710592-3efa-4547-b769-247b89fc15b1,1,60
2026-09-24T07:11:24.720,POST,/desembolsos,201,176.0,86.4,,dd0e4ca4-fc3b-48fa-b248-d226eea6f973,1,60
2026-09-24T07:11:24.804,POST,/desembolsos,201,173.0,84.8,,bde207bd-9c7f-4c44-8fe8-02212e437359,1,60
2026-09-24T07:11:24.915,POST,/desembolsos,201,173.2,84.6,,5cd01312-22e2-485d-88e8-dacecfd05418,1,60
2026-09-24T07:11:24.997,POST,/desembolsos,201,177.9,88.0,,e4863daf-1e4a-4afb-a0f3-243143c0808f,1,60
2026-09-24T07:11:25.109,POST,/desembolsos,201,251.0,142.2,,442fb472-ee90-42b8-b3d6-c2ea06cfa7c7,1,60
2026-09-24T07:11:25.204,POST,/desembolsos,201,267.6,84.9,,3c76c376-7b42-4d1f-a1e1-0aa5c3677fcb,1,60
2026-09-24T07:11:25.284,POST,/desembolsos,201,352.3,103.8,,4c84785b-ca4a-4b8b-8a77-506685eb98dd,1,60
2026-09-24T07:11:25.426,POST,/desembolsos,201,422.8,130.0,,b0273d8b-7250-481b-b62b-759048e00a13,1,60
2026-09-24T07:11:25.618,POST,/desembolsos,201,395.5,230.7,,c3583de4-8259-45f7-aead-0f0172351e22,1,60
2026-09-24T07:11:25.713,POST,/desembolsos,201,308.3,135.6,,53a6344e-9357-4bfd-82fb-908cf354aa08,1,60
2026-09-24T07:11:25.809,POST,/desembolsos,201,212.7,106.8,,0142bcc3-f552-4e47-847e-9cf513bbfe41,1,60
2026-09-24T07:11:25.522,POST,/desembolsos,201,500.0,326.7,,3e3a382b-5582-4fe1-b838-d87c349455de,1,60
2026-09-24T07:11:26.009,POST,/desembolsos,201,367.8,98.2,,64bc26c9-b76c-440c-9840-3189d71810ab,1,60
2026-09-24T07:11:26.200,POST,/desembolsos,201,278.9,176.8,,d056e4a0-9b2b-473d-838d-cac44835c1fb,1,60
2026-09-24T07:11:26.104,POST,/desembolsos,201,372.3,270.2,,93fae5ca-fd17-43c4-a7d3-3217c18a429d,1,60
2026-09-24T07:11:26.294,POST,/desembolsos,201,184.7,89.9,,8e135dd3-502a-4c8a-9c3e-344abced7f63,1,60
2026-09-24T07:11:26.627,POST,/desembolsos,201,279.8,133.9,,e26a1eda-4076-4534-946d-69412b14bf44,1,60
2026-09-24T07:11:26.532,POST,/desembolsos,201,375.3,228.5,,524bd711-6382-401a-b4c0-9a9a824fd4a1,1,60
2026-09-24T07:11:25.897,POST,/desembolsos,201,1076.4,116.2,,573a7848-798c-487e-b010-d683c9639428,1,60
2026-09-24T07:11:26.816,POST,/desembolsos,201,340.7,157.4,,1f722bf6-1804-4384-9960-2a2f11b2052b,1,60
2026-09-24T07:11:26.906,POST,/desembolsos,201,331.8,153.4,,bcbd0772-52e6-4f9f-a712-9066f88b8530,1,60
2026-09-24T07:11:27.112,POST,/desembolsos,201,215.2,122.2,,5dc55fcf-cbe5-49e9-bbdb-df938f959295,1,60
2026-09-24T07:11:27.017,POST,/desembolsos,201,310.7,140.3,,8abe56e3-9ac1-4c5f-9c5b-e5cac2d15227,1,60
2026-09-24T07:11:27.222,POST,/desembolsos,201,193.5,99.7,,f51fbdd2-e1c1-458c-91f3-df4f9a7651c2,1,60
2026-09-24T07:11:27.317,POST,/desembolsos,201,195.7,96.3,,34dc3a14-8c90-4428-a32f-db32ee0dc0a2,1,60
2026-09-24T07:11:27.412,POST,/desembolsos,201,192.0,94.7,,970c15d1-4aa2-4898-9f41-f090a0bebfd3,1,60
2026-09-24T07:11:27.506,POST,/desembolsos,201,184.3,97.4,,37334e26-6834-4da0-a882-4e8ec1906085,1,60
2026-09-24T07:11:27.601,POST,/desembolsos,201,282.9,87.2,,355d3f4e-daca-4f2e-83f0-f45330c2fb32,1,60
2026-09-24T07:11:26.722,POST,/desembolsos,201,1269.5,1160.9,,7215901c-8915-44ff-8fc0-7dbbe8ee7e6e,1,60
2026-09-24T07:11:27.728,POST,/desembolsos,201,264.0,157.9,,59411cc9-1ab1-41af-820d-ac1b1f4bc0e6,1,60
2026-09-24T07:11:27.807,POST,/desembolsos,201,349.5,183.9,,eb6c619a-07e6-48ae-8a63-745e6277c105,1,60
2026-09-24T07:11:27.922,POST,/desembolsos,201,238.6,150.0,,5f9324c4-b0dd-48db-9355-81912507b479,1,60
2026-09-24T07:11:28.018,POST,/desembolsos,201,229.5,137.5,,8db9bbbe-45a5-4855-91ce-a8e493544203,1,60
2026-09-24T07:11:26.421,POST,/desembolsos,201,1920.0,268.5,,24ef5f2d-c8b2-467b-aafc-23c2e7b69456,1,60
2026-09-24T07:11:28.098,POST,/desembolsos,201,243.5,148.8,,a050c520-c20e-4a50-bb33-388b5c10c681,1,60
2026-09-24T07:11:28.209,POST,/desembolsos,201,232.7,132.4,,9dd97a1e-fea8-4d84-8a45-8f1cb744ec3f,1,60
2026-09-24T07:11:28.304,POST,/desembolsos,201,228.0,134.5,,5c697fcc-7f0d-4bb5-81cb-79d110838046,1,60
2026-09-24T07:11:28.415,POST,/desembolsos,201,218.7,116.5,,8a2211a7-2705-438c-9bc6-a8fb7fe3281b,1,60
2026-09-24T07:11:28.512,POST,/desembolsos,201,227.0,122.3,,f1b37d31-bfad-4e44-a873-1a534e1aa3fe,1,60
2026-09-24T07:11:28.610,POST,/desembolsos,201,222.6,128.1,,37ac6f91-6c37-4b0c-9b7a-8fd90c0c828d,1,60
2026-09-24T07:11:28.706,POST,/desembolsos,201,224.7,111.2,,d1b560eb-807b-49db-af30-0b26d5d4e3d6,1,60
2026-09-24T07:11:28.802,POST,/desembolsos,201,288.6,114.2,,6abd598e-f9dc-41c5-b798-85eac70638fe,1,60
2026-09-24T07:11:28.995,POST,/desembolsos,201,200.3,98.8,,ec37372f-6d93-494f-a55c-347077247af0,1,60
2026-09-24T07:11:29.093,POST,/desembolsos,201,203.9,101.9,,2f1501d0-275c-4406-8c4e-a04b641e2794,1,60
2026-09-24T07:11:29.206,POST,/desembolsos,201,284.6,102.7,,4caeafc9-4ed4-4283-aca3-664dc7714da3,1,60
2026-09-24T07:11:29.303,POST,/desembolsos,201,273.5,179.4,,b10c4952-be2d-44cb-a650-d6219c8f05df,1,60
2026-09-24T07:11:28.914,POST,/desembolsos,201,756.0,92.6,,acaea65f-fb25-440c-b342-a1da2453fa6b,1,60
2026-09-24T07:11:29.606,POST,/desembolsos,201,256.4,166.4,,f04666e1-f021-454f-9d07-02c3cb6582e8,1,60
2026-09-24T07:11:29.704,POST,/desembolsos,201,340.3,144.9,,5cb789ae-6df2-4155-ad9d-cae164f1e6de,1,60
2026-09-24T07:11:29.821,POST,/desembolsos,201,332.4,224.2,,8cf7f737-2409-442f-a0d0-b1b4a6d328f4,1,60
2026-09-24T07:11:29.924,POST,/desembolsos,201,231.3,123.7,,4595b5c9-42d5-482f-b034-29d229842a84,1,60
2026-09-24T07:11:30.006,POST,/desembolsos,201,315.0,134.0,,41aff207-7f52-42dd-bd0c-445d61be6d6b,1,60
2026-09-24T07:11:30.121,POST,/desembolsos,201,288.8,197.4,,c9fb1e99-e451-465a-99ce-bdb1d51a7372,1,60
2026-09-24T07:11:29.524,POST,/desembolsos,201,915.8,145.8,,fc6862d5-51ea-4d43-add7-ee2ec535d3f5,1,60
2026-09-24T07:11:30.301,POST,/desembolsos,201,183.3,95.2,,5f4e3bdf-b258-4679-a216-544dab65a6d0,1,60
2026-09-24T07:11:30.218,POST,/desembolsos,201,275.7,179.2,,07256d18-e0ee-47d3-8292-992bb1f97137,1,60
2026-09-24T07:11:30.382,POST,/desembolsos,201,179.6,85.9,,2245c8f3-2027-43a8-bd2c-d0d90d73bb7b,1,60
2026-09-24T07:11:29.398,POST,/desembolsos,201,1199.4,1101.1,,af6a2779-9395-43f1-aa4d-bb277e966a42,1,60
2026-09-24T07:11:30.495,POST,/desembolsos,201,181.0,85.0,,7e97ba78-c461-469a-97ab-baec3b43ce02,1,60
2026-09-24T07:11:30.591,POST,/desembolsos,201,172.3,82.7,,6ef8bab6-980d-42a7-9a98-af92f0fb2b73,1,60
2026-09-24T07:11:30.704,POST,/desembolsos,201,180.6,83.9,,b36f414f-4af8-4d8e-8412-92700ad3b121,1,60
2026-09-24T07:11:30.817,POST,/desembolsos,201,172.6,83.8,,05cd081c-8049-4eba-8c49-7e91bdae0c6e,1,60
2026-09-24T07:11:30.884,POST,/desembolsos,201,177.4,88.9,,9679b943-58dc-49a6-8fd9-f1be0e34971b,1,60
2026-09-24T07:11:31.014,POST,/desembolsos,201,222.6,84.1,,f8fd4532-e993-4b64-b34c-8ac1c4cdbde4,1,60
2026-09-24T07:11:31.094,POST,/desembolsos,201,176.0,84.2,,a3cd0d41-a2f4-41f2-b6fb-f951365eafe9,1,60
2026-09-24T07:11:31.210,POST,/desembolsos,201,192.8,103.5,,b2cb2909-f9a8-4d54-af99-35117699dd13,1,60
2026-09-24T07:11:31.308,POST,/desembolsos,201,203.5,89.3,,3d0da353-26bb-481a-a1f7-502c542a4ce1,1,60
2026-09-24T07:11:31.403,POST,/desembolsos,201,195.6,108.6,,d7ed8852-4094-42a3-8593-5faa4623da2e,1,60
2026-09-24T07:11:31.505,POST,/desembolsos,201,179.5,84.4,,62c7f5de-d445-4794-b924-0820f2f3f688,1,60
2026-09-24T07:11:31.586,POST,/desembolsos,201,188.2,85.5,,ee946b6f-b1cf-4c01-b5a0-85bc73212c7a,1,60
2026-09-24T07:11:31.717,POST,/desembolsos,201,218.7,86.3,,82eb1de0-dac6-40aa-9379-f56756bb121c,1,60
2026-09-24T07:11:31.799,POST,/desembolsos,201,215.1,127.0,,5f2ed128-5bc3-4519-a5b0-eb74b3276516,1,60
2026-09-24T07:11:31.923,POST,/desembolsos,201,173.9,83.1,,036b1c5b-a381-4943-b86b-57014609de18,1,60
2026-09-24T07:11:32.005,POST,/desembolsos,201,177.5,84.4,,9ace6a16-47e0-4703-9a10-6f92525188b5,1,60
2026-09-24T07:11:32.087,POST,/desembolsos,201,173.2,81.8,,c6ca0d78-1e73-4b8e-a232-cb448d56aec6,1,60
2026-09-24T07:11:32.179,POST,/desembolsos,201,174.8,85.7,,8027a758-d1fb-4c76-9206-66e0c2afe9a1,1,60
2026-09-24T07:11:32.306,POST,/desembolsos,201,204.7,86.8,,cf44126f-805e-46c5-a0f0-2286069b055f,1,60
2026-09-24T07:11:32.417,POST,/desembolsos,201,197.7,95.1,,fddd3ff4-cedc-4802-9e9c-4a7c89141cc4,1,60
2026-09-24T07:11:32.496,POST,/desembolsos,201,192.0,82.4,,310ae463-12bb-477d-9f14-d11fb432a1dd,1,60
2026-09-24T07:11:32.591,POST,/desembolsos,201,197.8,108.8,,c3b3a35e-bfe5-45c4-b4b7-0dc64b1e7afe,1,60
2026-09-24T07:11:32.699,POST,/desembolsos,201,239.2,83.5,,8b9fe944-c8a3-475e-9602-b46051a79c46,1,60
2026-09-24T07:11:32.812,POST,/desembolsos,201,212.2,123.6,,887f1765-702a-47b7-a4d8-3f4e77242b64,1,60
2026-09-24T07:11:32.914,POST,/desembolsos,201,204.4,93.9,,20dc25a0-e4bc-4d58-99f9-1c40a69ee17d,1,60
2026-09-24T07:11:33.006,POST,/desembolsos,201,204.3,110.9,,b69e6e66-a5cf-41df-ab18-f016b6d0bde1,1,60
2026-09-24T07:11:33.118,POST,/desembolsos,201,181.9,86.3,,88f29009-8538-4646-be4f-ae4704fcdeea,1,60
2026-09-24T07:11:33.199,POST,/desembolsos,201,172.3,82.0,,5f2539cb-eeaf-4fef-a9ea-a922c7ce73e8,1,60
2026-09-24T07:11:33.296,POST,/desembolsos,201,182.7,92.8,,9dcad861-b203-4528-b92e-a07c787e38a7,1,60
2026-09-24T07:11:33.391,POST,/desembolsos,201,171.3,84.0,,a40ab20f-408b-403b-b8e4-501414139ca0,1,60
2026-09-24T07:11:33.519,POST,/desembolsos,201,238.2,145.5,,8e1ec213-b887-46d5-881b-957e42e55c75,1,60
2026-09-24T07:11:33.614,POST,/desembolsos,201,223.8,128.4,,bfd9065e-3148-4b05-8d02-258c6b16d88a,1,60
2026-09-24T07:11:33.709,POST,/desembolsos,201,172.2,82.2,,9b9af588-215b-4441-a04e-f7cabe1b248f,1,60
2026-09-24T07:11:33.820,POST,/desembolsos,201,173.3,83.6,,0c1bde8c-7c5a-4012-8362-8d94d6c7f363,1,60
2026-09-24T07:11:33.895,POST,/desembolsos,201,170.5,82.9,,f4279af1-5256-41fd-befe-78a6496e2ee6,1,60
2026-09-24T07:11:34.020,POST,/desembolsos,201,197.9,89.2,,487f4159-0767-4eb3-8bcd-01a844f0b4ba,1,60
2026-09-24T07:11:34.101,POST,/desembolsos,201,200.7,108.9,,5da15505-23e3-4c21-97e1-cd84d488f385,1,60
2026-09-24T07:11:34.196,POST,/desembolsos,201,187.5,99.3,,c9f73ab9-8f32-4276-a29d-46411e2336ff,1,60
2026-09-24T07:11:34.295,POST,/desembolsos,201,175.7,83.4,,e5e5a62a-175b-4e3b-9b33-af67685284df,1,60
2026-09-24T07:11:34.406,POST,/desembolsos,201,172.1,84.6,,99924fb9-0a64-4edd-9dc5-2871ce82955e,1,60
2026-09-24T07:11:34.489,POST,/desembolsos,201,175.7,83.8,,b838c1bf-dd00-4294-8916-e6990f610092,1,60
2026-09-24T07:11:34.630,POST,/desembolsos,201,191.2,83.9,,2caa9e8b-a075-4ed8-9143-0851f3622546,1,60
2026-09-24T07:11:34.709,POST,/desembolsos,201,254.9,112.1,,a5dff784-bf11-47fa-abb5-ad1e3c654e98,1,60
2026-09-24T07:11:34.803,POST,/desembolsos,201,215.8,95.8,,424bbd13-043e-4b5c-9a3d-f18705be05fd,1,60
2026-09-24T07:11:34.898,POST,/desembolsos,201,172.9,83.2,,bf142258-8498-43a9-92eb-fc08fa211141,1,60
2026-09-24T07:11:35.011,POST,/desembolsos,201,174.4,86.6,,3ed2531c-3b5a-4025-9d32-00c10588b9ad,1,60
2026-09-24T07:11:35.091,POST,/desembolsos,201,181.2,88.2,,1d14e7be-06da-4f9f-834b-1f50c076b992,1,60
2026-09-24T07:11:35.217,POST,/desembolsos,201,174.9,82.7,,57b10a34-a9aa-47d6-bf6d-f7a2bbb95de3,1,60
2026-09-24T07:11:35.298,POST,/desembolsos,201,183.9,85.0,,a45799c8-ac77-4485-ad6a-68423708480b,1,60
2026-09-24T07:11:35.381,POST,/desembolsos,201,170.8,82.5,,cba3f34d-c582-490a-8f1f-a98ea1396f40,1,60
2026-09-24T07:11:35.513,POST,/desembolsos,201,183.1,94.2,,8149163a-7c03-4308-9a1f-30b544838f97,1,60
2026-09-24T07:11:35.628,POST,/desembolsos,201,175.9,84.9,,6b6f4d96-b21e-4c41-ae1f-0f896f145885,1,60
2026-09-24T07:11:35.693,POST,/desembolsos,201,179.1,88.3,,71bd0164-e2fa-4d44-8dfd-78c32c30e2cf,1,60
2026-09-24T07:11:35.821,POST,/desembolsos,201,185.8,87.9,,487e1b09-c7d9-406d-a2e5-bccd08421caa,1,60
2026-09-24T07:11:35.908,POST,/desembolsos,201,171.8,83.0,,788ba863-e2c8-45ae-817b-ae266aeb5f77,1,60
2026-09-24T07:11:35.990,POST,/desembolsos,201,172.2,83.0,,a46578a6-3c26-41bf-b53e-18a6ed9f64da,1,60
2026-09-24T07:11:36.105,POST,/desembolsos,201,213.9,88.3,,9af1ac81-d310-4d87-b008-ec4e17df3a61,1,60
2026-09-24T07:11:36.187,POST,/desembolsos,201,211.4,122.1,,0542c666-4f83-4129-877c-d9c5266fa444,1,60
2026-09-24T07:11:36.306,POST,/desembolsos,201,171.6,84.5,,910b92fd-242e-4a56-b6b4-19021bee5e07,1,60
2026-09-24T07:11:36.395,POST,/desembolsos,201,176.1,82.9,,91633bc2-0d87-4500-979a-76b117b4c5b0,1,60
2026-09-24T07:11:36.506,POST,/desembolsos,201,188.5,86.0,,365bb5cb-afaf-42b3-99da-ae227442827c,1,60
2026-09-24T07:11:36.587,POST,/desembolsos,201,184.0,95.9,,86f637b5-0396-457b-a811-ed3925b3de2b,1,60
2026-09-24T07:11:36.714,POST,/desembolsos,201,198.4,107.0,,99df5de3-8dd4-444e-9e46-89c5455feed6,1,60
2026-09-24T07:11:36.809,POST,/desembolsos,201,190.2,91.6,,66ab65c3-0def-47a1-9b43-98fc4b60a05c,1,60
2026-09-24T07:11:36.899,POST,/desembolsos,201,175.3,83.2,,ce93e9a3-9d70-4496-83ff-d1dfaa2f10df,1,60
2026-09-24T07:11:36.998,POST,/desembolsos,201,266.7,163.5,,84211aa5-34f3-45b2-bba6-9870d4b28f74,1,60
2026-09-24T07:11:37.113,POST,/desembolsos,201,179.6,90.9,,f4b38313-334b-4a8a-81f4-10bc56eb9184,1,60
2026-09-24T07:11:37.193,POST,/desembolsos,201,178.9,87.6,,46b41553-f37a-42cf-86a8-09bcdc164bb7,1,60
2026-09-24T07:11:37.324,POST,/desembolsos,201,183.2,83.5,,2db756b1-c7b5-4e7d-a1f5-5302554374bc,1,60
2026-09-24T07:11:37.407,POST,/desembolsos,201,188.1,100.2,,09cf575a-1ddb-46f8-93bd-50b37384caef,1,60
2026-09-24T07:11:37.505,POST,/desembolsos,201,178.2,83.6,,8301017e-19d6-49a0-8454-9eaefdd7cc01,1,60
2026-09-24T07:11:37.587,POST,/desembolsos,201,181.9,94.6,,944a9c1b-1aab-4113-870f-268950fabafe,1,60
2026-09-24T07:11:37.684,POST,/desembolsos,201,174.0,83.9,,499009be-c0af-42cc-8bfb-5e96fcf8d04c,1,60
2026-09-24T07:11:37.813,POST,/desembolsos,201,171.9,83.9,,2221af5e-2fe2-439b-9b45-bdb141d18f19,1,60
2026-09-24T07:11:37.879,POST,/desembolsos,201,198.4,84.1,,904ab83c-68c1-481e-b1fb-d1cd352bf170,1,60
2026-09-24T07:11:38.007,POST,/desembolsos,201,184.9,96.3,,c0695ec9-d893-4aa9-a8ec-72518de1e5fa,1,60
2026-09-24T07:11:38.100,POST,/desembolsos,201,172.3,83.3,,5a7aeb7e-42e0-480d-92b9-3c749726b3d8,1,60
2026-09-24T07:11:38.219,POST,/desembolsos,201,175.4,85.4,,bde2d938-a327-44ac-b3da-87a6d05f9900,1,60
2026-09-24T07:11:38.302,POST,/desembolsos,201,176.8,85.7,,d4c35329-689d-4412-a2d8-8c37ea52db89,1,60
2026-09-24T07:11:38.383,POST,/desembolsos,201,265.3,86.7,,c18601f0-04ee-4430-9b18-fb443e417c93,1,60
2026-09-24T07:11:38.515,POST,/desembolsos,201,239.4,139.0,,ea1209a6-a4f3-4926-91b9-36b8ba94915a,1,60
2026-09-24T07:11:38.612,POST,/desembolsos,201,175.7,86.9,,e63f9d3e-8039-4159-8f87-1344bc3ce8e7,1,60
2026-09-24T07:11:38.723,POST,/desembolsos,201,237.7,110.4,,c71673c1-b4a1-4a44-a735-79b10184b363,1,60
2026-09-24T07:11:38.787,POST,/desembolsos,201,173.8,83.2,,980cc20d-b481-4a70-b607-b79b39cd993f,1,60
2026-09-24T07:11:38.909,POST,/desembolsos,201,184.4,88.2,,5e6e63a1-634f-4e31-a41a-94c6b8b12dfe,1,60
2026-09-24T07:11:38.993,POST,/desembolsos,201,188.1,100.0,,a5269cf2-1bdd-4e32-b78b-de73f424868f,1,60
2026-09-24T07:11:39.092,POST,/desembolsos,201,177.8,83.6,,5dc5e284-5320-4a69-af9f-1187c89a7f96,1,60
2026-09-24T07:11:39.216,POST,/desembolsos,201,223.1,123.0,,a1b3f99b-2364-4ed0-bfe0-480dacccd60d,1,60
2026-09-24T07:11:39.298,POST,/desembolsos,201,200.3,84.0,,16bff853-2008-4f7f-a5dd-025f76af869b,1,60
2026-09-24T07:11:39.380,POST,/desembolsos,201,212.0,112.5,,ba578ec8-79db-4b1d-b309-3b00e1a4f410,1,60
2026-09-24T07:11:39.521,POST,/desembolsos,201,194.4,105.5,,93578256-ce84-4551-90e9-23ff14e1b43b,1,60
2026-09-24T07:11:39.623,POST,/desembolsos,201,178.6,86.6,,39cb780f-69d3-431f-b978-a6d9d6e35a1a,1,60
2026-09-24T07:11:39.705,POST,/desembolsos,201,177.0,83.0,,a0b51283-dc30-4b28-bc12-01ab22d3fc7d,1,60
2026-09-24T07:11:39.801,POST,/desembolsos,201,175.5,85.0,,f66bdee7-6903-455c-b031-d541faf2b691,1,60
2026-09-24T07:11:39.907,POST,/desembolsos,201,175.3,86.3,,a0d399a7-b6ec-4933-b3e1-0f784f88fc2c,1,60
2026-09-24T07:11:39.994,POST,/desembolsos,201,174.3,86.8,,a7d0697a-b933-4587-8d62-03b43fb27bab,1,60
2026-09-24T07:11:40.123,POST,/desembolsos,201,173.4,84.3,,2d611e0b-df4b-4f6c-a8c4-9ca36d9e6061,1,60
2026-09-24T07:11:40.204,POST,/desembolsos,201,174.5,84.9,,78a6b0f6-a00a-4b87-8e2f-9208bcc15ef1,1,60
2026-09-24T07:11:40.291,POST,/desembolsos,201,170.7,82.6,,59442165-875b-4ccc-8275-d68d77c7961d,1,60
2026-09-24T07:11:40.402,POST,/desembolsos,201,174.7,86.4,,c1fef7a4-2d00-4f49-811a-0fbf05482fed,1,60
2026-09-24T07:11:40.522,POST,/desembolsos,201,187.7,86.0,,8c8573fa-cd37-4697-b952-05ef4bdc5212,1,60
2026-09-24T07:11:40.599,POST,/desembolsos,201,193.6,102.2,,220f652c-9183-49c7-9bee-34b697696054,1,60
2026-09-24T07:11:40.706,POST,/desembolsos,201,184.4,84.2,,b71983d9-f16f-47b0-b47f-c3dbc22a4848,1,60
2026-09-24T07:11:40.797,POST,/desembolsos,201,175.4,85.1,,f229a069-e9d2-4416-ba99-54fcd06571c9,1,60
2026-09-24T07:11:40.909,POST,/desembolsos,201,177.6,85.8,,aa705ce8-caeb-4c18-a873-e413cca955fe,1,60
2026-09-24T07:11:40.982,POST,/desembolsos,201,179.8,84.3,,5865af22-e2e1-49b8-aef9-d3ce65814212,1,60
2026-09-24T07:11:41.114,POST,/desembolsos,201,177.9,84.5,,4167c441-b988-4a2b-8300-9e3695c99527,1,60
2026-09-24T07:11:41.195,POST,/desembolsos,201,178.2,87.7,,75272a42-f7a4-45ca-91e9-ddb3932ece58,1,60
2026-09-24T07:11:41.311,POST,/desembolsos,201,173.3,84.2,,fff1c7d9-ef07-497c-a3d1-e8e20548fb37,1,60
2026-09-24T07:11:41.394,POST,/desembolsos,201,176.9,87.4,,83b7f3f1-6809-4f46-b6a1-6a2890408c86,1,60
2026-09-24T07:11:41.522,POST,/desembolsos,201,182.1,83.7,,d4a5f3a6-718c-43d0-bf38-470077996559,1,60
2026-09-24T07:11:41.604,POST,/desembolsos,201,186.3,94.0,,bd1eb9c6-3f22-40cd-b59c-2afc88161d86,1,60
2026-09-24T07:11:41.704,POST,/desembolsos,201,171.9,84.9,,be2712a4-77bb-48ed-9a5f-e4fd52e735b0,1,60
2026-09-24T07:11:41.830,POST,/desembolsos,201,196.3,108.7,,a69b75a4-8af4-4fad-897a-d9b0099c6c0c,1,60
2026-09-24T07:11:41.910,POST,/desembolsos,201,200.1,109.5,,0a754b2e-3241-4f64-b200-c91912322978,1,60
2026-09-24T07:11:42.006,POST,/desembolsos,201,182.0,82.1,,06ebaef5-cef5-4afc-9fa6-aac83eb3bd84,1,60
2026-09-24T07:11:42.107,POST,/desembolsos,201,174.0,84.2,,fad81949-0dc7-4aa5-8490-ec25205cff8f,1,60
2026-09-24T07:11:42.218,POST,/desembolsos,201,193.0,99.1,,35d6ca8d-007a-423a-96b7-9a8da8d11f72,1,60
2026-09-24T07:11:42.314,POST,/desembolsos,201,170.0,81.2,,87388993-1795-4e22-995f-ea3688bb2c41,1,60
2026-09-24T07:11:42.411,POST,/desembolsos,201,213.7,90.0,,7df30699-5ab1-454a-969b-2f1eeaf644c7,1,60
2026-09-24T07:11:42.501,POST,/desembolsos,201,212.8,124.3,,c93c4a5f-f932-478a-9e46-61252a2afafc,1,60
2026-09-24T07:11:42.611,POST,/desembolsos,201,188.7,90.7,,0f0d54bd-cfcc-44dd-b76b-8718dc1cba1b,1,60
2026-09-24T07:11:42.701,POST,/desembolsos,201,187.0,96.5,,482c8bc7-e4c7-4760-af36-ec760555b95b,1,60
2026-09-24T07:11:42.798,POST,/desembolsos,201,175.6,86.7,,9b64eb33-0ace-4375-99b7-df3b140f06c8,1,60
2026-09-24T07:11:42.883,POST,/desembolsos,201,172.4,83.5,,a49ba3e4-92fa-40fe-93d8-b3baa4844a79,1,60
2026-09-24T07:11:43.018,POST,/desembolsos,201,183.1,95.0,,986cf635-e7ed-4d11-a66a-d9180778637d,1,60
2026-09-24T07:11:43.112,POST,/desembolsos,201,174.2,85.4,,73e954c3-05c6-4867-a524-68dbbfa253a0,1,60
2026-09-24T07:11:43.197,POST,/desembolsos,201,172.0,83.1,,232a48b6-363f-45f8-9808-83115eb1d22c,1,60
2026-09-24T07:11:43.318,POST,/desembolsos,201,171.4,83.6,,8bd5e4e8-b6b9-4f4f-8a0a-27bad266e31b,1,60
2026-09-24T07:11:43.401,POST,/desembolsos,201,173.2,83.0,,e28f41f6-bc30-490a-a9b2-cf19fa0f2f64,1,60
2026-09-24T07:11:43.490,POST,/desembolsos,201,175.1,84.9,,23ce1a41-b240-4c1f-bdac-4387758d74ff,1,60
2026-09-24T07:11:43.611,POST,/desembolsos,201,170.0,83.4,,2f0cb7a4-d09f-43f5-bbd0-f9404dc2e6cb,1,60
2026-09-24T07:11:43.695,POST,/desembolsos,201,179.8,81.8,,c729deda-3143-41bf-be28-abbd71aecd42,1,60
2026-09-24T07:11:43.812,POST,/desembolsos,201,201.2,113.5,,d0d6c476-a611-45d0-bffb-d536e8773de3,1,60
2026-09-24T07:11:43.921,POST,/desembolsos,201,175.8,87.9,,bf61cb9f-ca9c-4201-8665-88483663d69d,1,60
2026-09-24T07:11:44.009,POST,/desembolsos,201,170.8,83.3,,ce30d289-c830-47ba-b2fd-3497878ef171,1,60
2026-09-24T07:11:44.091,POST,/desembolsos,201,187.1,88.0,,f7149cc8-e38f-4d8e-b17e-c7079ae5e5ab,1,60
2026-09-24T07:11:44.211,POST,/desembolsos,201,182.4,83.6,,8944f1bb-389f-46de-80a7-ce08d1d5a5f3,1,60
2026-09-24T07:11:44.293,POST,/desembolsos,201,187.7,99.3,,6931ed29-6022-4af1-9ed6-4b5180808101,1,60
2026-09-24T07:11:44.393,POST,/desembolsos,201,176.5,88.7,,987c28fc-d33c-4d4d-ac4d-4716e2175c94,1,60
2026-09-24T07:11:44.523,POST,/desembolsos,201,182.1,93.5,,262975c0-7d89-4878-9767-6038f0b1a5b6,1,60
2026-09-24T07:11:44.616,POST,/desembolsos,201,175.1,83.8,,560339c0-6520-45da-a866-21cc62d37bee,1,60
2026-09-24T07:11:44.700,POST,/desembolsos,201,172.5,82.4,,c8f20585-661e-4b88-9bed-c549be815f96,1,60
2026-09-24T07:11:44.824,POST,/desembolsos,201,203.4,111.7,,6d7cf318-3cf4-4826-a06e-46e11ade821e,1,60
2026-09-24T07:11:44.901,POST,/desembolsos,201,198.2,110.6,,3d0db0cb-2837-420e-bc43-5ddee82edfb4,1,60
2026-09-24T07:11:45.009,POST,/desembolsos,201,178.2,85.2,,096ceda5-4c7b-4d73-bc7e-1e07d8cf0d3c,1,60
2026-09-24T07:11:45.094,POST,/desembolsos,201,174.2,85.7,,3823fe78-450a-47d1-bdd0-03062c91ca3a,1,60
2026-09-24T07:11:45.213,POST,/desembolsos,201,174.8,87.2,,8731e0b1-d6c4-45dc-bdf6-a4582d360449,1,60
2026-09-24T07:11:45.299,POST,/desembolsos,201,175.3,83.2,,193c78d8-a8e9-4663-badb-7aa27ee63bac,1,60
2026-09-24T07:11:45.417,POST,/desembolsos,201,211.1,114.0,,fdc593a6-c324-4aee-a91a-440e1c504ccd,1,60
2026-09-24T07:11:45.475,POST,/desembolsos,201,203.5,84.7,,29626b69-2c8a-4699-bf62-5c7b049cc9f0,1,60
2026-09-24T07:11:45.603,POST,/desembolsos,201,182.1,84.4,,dbc375db-8d60-42d5-9ae1-8c9d9c385565,1,60
2026-09-24T07:11:45.729,POST,/desembolsos,201,178.0,85.2,,bae670ef-f500-47a9-a8b2-e0a21e87c9bf,1,60
2026-09-24T07:11:45.813,POST,/desembolsos,201,175.0,85.9,,40e0c86c-29a3-44a7-8b86-7e2d51a4cab5,1,60
2026-09-24T07:11:45.898,POST,/desembolsos,201,178.7,85.8,,72458b51-83ac-4fc9-886b-108e27cb9512,1,60
2026-09-24T07:11:45.984,POST,/desembolsos,201,174.9,85.7,,bae4c958-6434-4384-b152-7d398b411cea,1,60
2026-09-24T07:11:46.103,POST,/desembolsos,201,199.7,87.7,,25b80f58-9300-429a-9128-1b371ee8006f,1,60
2026-09-24T07:11:46.215,POST,/desembolsos,201,181.9,88.4,,1e874753-248c-41ee-8e6b-699e99ebd7f9,1,60
2026-09-24T07:11:46.303,POST,/desembolsos,201,186.6,93.7,,9edb47fa-2778-4679-a123-bc965b178bae,1,60
2026-09-24T07:11:46.396,POST,/desembolsos,201,181.6,90.3,,9ffa90c3-1a0b-4d62-b456-3dabd64e6634,1,60
2026-09-24T07:11:46.518,POST,/desembolsos,201,181.7,94.6,,90623db8-3a57-4f18-940c-6719bb4a8de0,1,60
2026-09-24T07:11:46.612,POST,/desembolsos,201,185.3,85.3,,f6d85a37-3221-407f-89c7-3a7a516e90f4,1,60
2026-09-24T07:11:46.697,POST,/desembolsos,201,188.2,97.6,,7e0b55fa-0d38-435c-9baf-c894b7881164,1,60
2026-09-24T07:11:46.794,POST,/desembolsos,201,181.0,88.7,,8c2439a8-58a9-42b2-8eaf-42047ba636f9,1,60
2026-09-24T07:11:46.880,POST,/desembolsos,201,176.7,85.5,,3eea077f-42d5-4b13-83b6-0c0967ffff16,1,60
2026-09-24T07:11:47.007,POST,/desembolsos,201,179.3,88.3,,b8e8e6d3-d7fd-4805-83d6-41f2df5959f6,1,60
2026-09-24T07:11:47.083,POST,/desembolsos,201,175.3,86.9,,ffa2982a-2545-4dab-86cb-20aa3131bf31,1,60
2026-09-24T07:11:47.213,POST,/desembolsos,201,170.3,83.0,,e667316d-aabb-4abc-8b7e-ea0e7362fd48,1,60
2026-09-24T07:11:47.295,POST,/desembolsos,201,185.5,82.2,,79fa5f42-0051-4af0-9fd1-da44fd21470e,1,60
2026-09-24T07:11:47.408,POST,/desembolsos,201,204.5,114.8,,27baecc4-a2c2-4a1d-8be1-a0209375774c,1,60
2026-09-24T07:11:47.506,POST,/desembolsos,201,191.8,93.9,,e5cc0b11-30c0-4b96-b148-e7652fe91827,1,60
2026-09-24T07:11:47.598,POST,/desembolsos,201,188.7,100.3,,aea00265-1bbc-418c-85c0-48cce5219677,1,60
2026-09-24T07:11:47.697,POST,/desembolsos,201,211.3,83.6,,77449260-4258-4f61-b8ff-678838fbecf1,1,60
2026-09-24T07:11:47.807,POST,/desembolsos,201,190.0,101.8,,b46586b2-26ff-4ad3-ae38-0fda76f0cd98,1,60
2026-09-24T07:11:47.896,POST,/desembolsos,201,175.6,84.9,,4980feb8-0cb0-42f6-a8ce-3e06d9349ba1,1,60
2026-09-24T07:11:47.997,POST,/desembolsos,201,170.4,81.7,,889ce1ab-f223-4509-9e7a-8507ca59d537,1,60
2026-09-24T07:11:48.112,POST,/desembolsos,201,174.8,84.3,,d99898a5-1f6c-41c1-850d-ee695d9f4042,1,60
2026-09-24T07:11:48.239,POST,/desembolsos,201,179.5,83.4,,d5181daa-d2bd-49ec-9a35-d318b1a81791,1,60
2026-09-24T07:11:48.287,POST,/desembolsos,201,178.4,83.5,,d4c6fad2-52f5-4c5d-af3c-2155a449fbb2,1,60
2026-09-24T07:11:48.407,POST,/desembolsos,201,179.5,88.4,,30a478dc-e0ba-417e-bd21-7599345ff12e,1,60
2026-09-24T07:11:48.490,POST,/desembolsos,201,184.0,84.6,,d473f8e1-d572-450c-8917-7da14244cce3,1,60
2026-09-24T07:11:48.584,POST,/desembolsos,201,178.1,81.6,,5ddfe874-364c-4407-bbbb-f391f5d472de,1,60
2026-09-24T07:11:48.708,POST,/desembolsos,201,199.1,104.5,,266c3b1e-3635-4b0a-9b78-6dff80f30a05,1,60
2026-09-24T07:11:48.803,POST,/desembolsos,201,185.8,87.5,,b2aa991c-d2ee-4012-aaf0-e957ec3b796e,1,60
2026-09-24T07:11:48.899,POST,/desembolsos,201,171.7,83.6,,da50da5e-171e-4d67-aeb5-bbca03d5ca16,1,60
2026-09-24T07:11:48.989,POST,/desembolsos,201,173.2,83.2,,087afcdc-797d-450f-b45f-4acbcd78d643,1,60
2026-09-24T07:11:49.125,POST,/desembolsos,201,180.3,89.8,,b06704a3-f047-4965-9373-ea3b627c608c,1,60
2026-09-24T07:11:49.209,POST,/desembolsos,201,197.1,88.7,,635cd7b8-542c-436f-95e0-0c09059e7917,1,60
2026-09-24T07:11:49.331,POST,/desembolsos,201,226.0,111.5,,d4568169-3d03-403e-9387-ceaef878e819,1,60
2026-09-24T07:11:49.428,POST,/desembolsos,201,180.2,83.5,,dc512cae-8a9b-4f28-8f13-55ad2aa62e9e,1,60
2026-09-24T07:11:49.509,POST,/desembolsos,201,188.0,93.0,,03b42a27-6e12-4ce3-bf19-05d26f08bed6,1,60
2026-09-24T07:11:49.604,POST,/desembolsos,201,184.2,87.7,,75d9a90e-2fac-4649-8782-0d4ab498d395,1,60
2026-09-24T07:11:49.716,POST,/desembolsos,201,180.9,87.4,,25529280-e510-4477-b734-7843faa3d6cf,1,60
2026-09-24T07:11:49.798,POST,/desembolsos,201,193.1,88.1,,93f2aeff-924d-4e86-a299-e760a14b5f8c,1,60
2026-09-24T07:11:49.880,POST,/desembolsos,201,196.5,105.7,,eaba938a-a7a5-4c29-8aaf-8880f6d0aed1,1,60
2026-09-24T07:11:50.008,POST,/desembolsos,201,174.0,84.5,,df3618f5-53f7-4251-ae97-e32a6e6879aa,1,60
2026-09-24T07:11:50.123,POST,/desembolsos,201,175.8,87.3,,564d3aee-e19d-4817-ae03-c7cf6f67d7e7,1,60
2026-09-24T07:11:50.200,POST,/desembolsos,201,173.8,85.5,,2e9b3cc5-a0c7-460b-bb81-1877ba950ccc,1,60
2026-09-24T07:11:50.296,POST,/desembolsos,201,172.9,84.9,,30611fa3-aa11-4898-9298-6c2da7d5194b,1,60
2026-09-24T07:11:50.412,POST,/desembolsos,201,175.7,87.4,,2bcc47e2-88c4-4a09-a0fe-6b28646830f4,1,60
2026-09-24T07:11:50.498,POST,/desembolsos,201,205.0,84.9,,2e702cf6-be92-4011-ac10-f836ad4e8db1,1,60
2026-09-24T07:11:50.613,POST,/desembolsos,201,182.1,91.1,,93df8647-11fc-42f3-8dc2-b12ef686efeb,1,60
2026-09-24T07:11:50.724,POST,/desembolsos,201,184.8,84.0,,59dd8f44-0def-4d2e-9683-ae7de10fd28d,1,60
2026-09-24T07:11:50.789,POST,/desembolsos,201,188.7,85.6,,6dd1b95d-d745-426b-b859-2f88622d9a06,1,60
2026-09-24T07:11:50.906,POST,/desembolsos,201,188.2,91.3,,f98f36bc-9b4b-437b-9244-430cffe951c4,1,60
2026-09-24T07:11:50.991,POST,/desembolsos,201,184.7,94.6,,c0a9d0f2-a2f5-41b5-981c-b497f24746f3,1,60
2026-09-24T07:11:51.088,POST,/desembolsos,201,173.7,84.4,,a0504f1d-a381-44e6-b6a3-d987dc99034a,1,60
2026-09-24T07:11:51.216,POST,/desembolsos,201,183.5,93.9,,aa5e5a7a-cc02-4d2d-bc84-80f053e88c02,1,60
2026-09-24T07:11:51.303,POST,/desembolsos,201,176.3,84.5,,02799403-557a-45a7-b300-59f3791e82bd,1,60
2026-09-24T07:11:51.387,POST,/desembolsos,201,181.3,86.3,,f92f516f-37b4-46ce-bcab-5eb9e733962c,1,60
2026-09-24T07:11:51.529,POST,/desembolsos,201,182.5,90.4,,7ccc5709-9bd4-4281-926a-d0c36cb83ab3,1,60
2026-09-24T07:11:51.608,POST,/desembolsos,201,175.5,87.4,,b69b7330-3cad-4e77-b26e-bbd49b00022b,1,60
2026-09-24T07:11:51.707,POST,/desembolsos,201,177.7,84.4,,3a563bb8-768d-45b1-a60d-c90e234970cc,1,60
2026-09-24T07:11:51.789,POST,/desembolsos,201,171.8,82.9,,4cfbc428-7b2c-4710-b5e1-1aaf118b1886,1,60
2026-09-24T07:11:51.917,POST,/desembolsos,201,175.7,87.3,,e68b1b9f-b5ac-4b2c-8bf1-de370c1e9c4a,1,60
2026-09-24T07:11:51.999,POST,/desembolsos,201,170.6,82.6,,5c847f17-899b-4620-95c5-06bc45b029b1,1,60
2026-09-24T07:11:52.130,POST,/desembolsos,201,175.1,84.0,,da88778c-7961-46c4-9fa7-030da3a1a7da,1,60
2026-09-24T07:11:52.212,POST,/desembolsos,201,173.1,85.1,,bd490791-a49b-427f-bcbe-5f95aa43579d,1,60
2026-09-24T07:11:52.324,POST,/desembolsos,201,172.5,85.8,,bb6dc3ee-6e53-4d00-a263-aa5d5df162bc,1,60
2026-09-24T07:11:52.406,POST,/desembolsos,201,171.2,82.6,,672a4d9d-3c4a-4c09-a2ad-9f0b59905403,1,60
2026-09-24T07:11:52.522,POST,/desembolsos,201,172.7,82.3,,4420df67-360f-4331-bdff-c22053e6cf93,1,60
2026-09-24T07:11:52.601,POST,/desembolsos,201,180.5,93.3,,4d4922b1-099f-4f15-84fe-46fadb5ed59e,1,60
2026-09-24T07:11:52.732,POST,/desembolsos,201,175.7,86.6,,98d1b342-2f11-4bb2-8930-2198b3bbcb45,1,60
2026-09-24T07:11:52.809,POST,/desembolsos,201,175.8,84.7,,bb425d8d-42e8-45db-b31a-ceabe517f0c6,1,60
2026-09-24T07:11:52.891,POST,/desembolsos,201,187.0,83.4,,9680b05f-fbcb-4d24-aeb2-5ba7087bd612,1,60
2026-09-24T07:11:52.990,POST,/desembolsos,201,177.7,84.5,,b11a914d-aac4-4279-ba1e-38dd24379324,1,60
2026-09-24T07:11:53.122,POST,/desembolsos,201,172.1,83.1,,ae53c82f-ca18-4404-bfad-c63751e96122,1,60
2026-09-24T07:11:53.203,POST,/desembolsos,201,171.0,81.8,,e71e7e28-cc29-4136-ab3d-93d50e3fba3e,1,60
2026-09-24T07:11:53.287,POST,/desembolsos,201,188.8,88.3,,1f308a47-1e75-4157-905f-7c1b2e4dad25,1,60
2026-09-24T07:11:53.400,POST,/desembolsos,201,179.3,86.9,,af1a2014-8076-4216-a12b-88bed53e33ea,1,60
2026-09-24T07:11:53.515,POST,/desembolsos,201,180.7,86.5,,c0573672-22d0-4d40-ac15-b4d0871b87cd,1,60
2026-09-24T07:11:53.628,POST,/desembolsos,201,180.2,92.6,,3ae5a514-3593-4808-b345-5a2e55f3869e,1,60
2026-09-24T07:11:53.694,POST,/desembolsos,201,171.5,82.5,,571fed6c-5302-4005-89d8-4524a7fced4c,1,60
2026-09-24T07:11:53.807,POST,/desembolsos,201,176.0,83.8,,0c1ebc99-eef9-4936-b044-7cf54e8b2432,1,60
2026-09-24T07:11:53.889,POST,/desembolsos,201,176.1,88.4,,7d10800b-49ec-4a6a-96e7-16d7dff2776b,1,60
2026-09-24T07:11:53.979,POST,/desembolsos,201,174.9,84.0,,02f88b57-65a6-4683-a0d4-9922cc3effe8,1,60
2026-09-24T07:11:54.117,POST,/desembolsos,201,180.4,86.7,,fd51a5e0-e326-445b-a8e0-f7256b0cc8c4,1,60
2026-09-24T07:11:54.199,POST,/desembolsos,201,194.7,87.9,,d365e123-f4b7-4ba2-94cb-411abfab36be,1,60
2026-09-24T07:11:54.281,POST,/desembolsos,201,198.2,107.0,,0163468a-6255-4645-9966-9a2d01e35d95,1,60
2026-09-24T07:11:54.425,POST,/desembolsos,201,209.8,87.4,,6cb6c0b1-28ad-4534-b9d2-488019d6b2b9,1,60
2026-09-24T07:11:54.507,POST,/desembolsos,201,211.1,84.5,,c8c489c6-1a04-492f-ac2c-5e14a2a0ae17,1,60
2026-09-24T07:11:54.607,POST,/desembolsos,201,201.0,111.4,,da29dafe-5201-4fe2-9df9-028a622175e8,1,60
2026-09-24T07:11:54.718,POST,/desembolsos,201,172.1,83.2,,bfe315c5-db66-4bdc-b798-149dadc84cd2,1,60
2026-09-24T07:11:54.804,POST,/desembolsos,201,172.8,82.2,,e4f700f0-b3ef-4245-b606-00563868655d,1,60
2026-09-24T07:11:54.902,POST,/desembolsos,201,175.2,84.8,,7e10682e-de75-478a-b97f-3d73404eb58f,1,60
2026-09-24T07:11:55.033,POST,/desembolsos,201,180.6,86.3,,ae84cbbc-8c0a-450c-9b15-6fc8f62697d3,1,60
2026-09-24T07:11:55.115,POST,/desembolsos,201,176.1,86.2,,c3f52f78-0fb0-4f64-8ee3-bb39ae39925e,1,60
2026-09-24T07:11:55.197,POST,/desembolsos,201,175.0,84.1,,b4bcd052-adb9-4c1f-a09f-ea82cb877b00,1,60
2026-09-24T07:11:55.330,POST,/desembolsos,201,190.3,94.1,,19097d19-0733-41a5-b619-fd3e1487d08f,1,60
2026-09-24T07:11:55.417,POST,/desembolsos,201,177.8,90.6,,32a20375-ea18-4e4b-8d9d-9cddf11954a0,1,60
2026-09-24T07:11:55.507,POST,/desembolsos,201,171.8,84.0,,929a74ff-bc31-4b9e-985d-3a328284e31b,1,60
2026-09-24T07:11:55.589,POST,/desembolsos,201,174.4,83.8,,4d5f6ae9-c35f-45e7-b92a-e25bac8de1a8,1,60
2026-09-24T07:11:55.721,POST,/desembolsos,201,188.0,99.0,,ae1915f5-a6e1-48e9-98af-dd381e98f457,1,60
2026-09-24T07:11:55.819,POST,/desembolsos,201,175.3,84.0,,04b16517-c68a-43c7-b71d-0c15f96081e3,1,60
2026-09-24T07:11:55.900,POST,/desembolsos,201,176.5,85.0,,78ca50e8-8c1f-4734-b56b-f262b4b524a6,1,60
2026-09-24T07:11:55.993,POST,/desembolsos,201,179.9,92.1,,fc750649-3612-4acd-9bce-e072ba6325c1,1,60
2026-09-24T07:11:56.124,POST,/desembolsos,201,176.1,87.3,,a56b0d97-6c87-4f36-b26c-d6647a423e62,1,60
2026-09-24T07:11:56.207,POST,/desembolsos,201,174.9,85.6,,34a804fe-39f2-4654-aa3e-9d7700ecf51f,1,60
2026-09-24T07:11:56.288,POST,/desembolsos,201,174.2,83.5,,dfa6eba2-dfea-4df9-90b9-950776e87ad5,1,60
2026-09-24T07:11:56.420,POST,/desembolsos,201,180.7,90.1,,c928dc40-48f2-4620-80a4-86b67664af34,1,60
2026-09-24T07:11:56.501,POST,/desembolsos,201,178.1,89.2,,cb528de7-bd3f-4954-96f1-bcfc24bb92a8,1,60
2026-09-24T07:11:56.600,POST,/desembolsos,201,172.1,81.9,,6c08177f-e9df-439f-9f3d-bb1b3ef6f3cc,1,60
2026-09-24T07:11:56.707,POST,/desembolsos,201,170.5,81.5,,5988c78d-9b40-4778-b27e-2390db3eaa69,1,60
2026-09-24T07:11:56.813,POST,/desembolsos,201,173.9,84.7,,e71cf083-5556-4d0e-ae66-d157739a1559,1,60
2026-09-24T07:11:56.892,POST,/desembolsos,201,172.3,83.0,,3ef75da0-adbe-4907-8b4e-351b8ee2d841,1,60
2026-09-24T07:11:57.006,POST,/desembolsos,201,202.2,84.6,,7da30a5c-49ee-42f9-bf40-6d1d2d636a2c,1,60
2026-09-24T07:11:57.089,POST,/desembolsos,201,205.0,115.4,,7ca0dfd4-13e7-4a51-98d9-23bb0eab5090,1,60
2026-09-24T07:11:57.204,POST,/desembolsos,201,173.4,84.4,,73d0beae-4dff-4d84-b437-37cf7b7b2d63,1,60
2026-09-24T07:11:57.317,POST,/desembolsos,201,188.7,97.9,,bd3facba-4e3c-4050-8352-22d9437cb103,1,60
2026-09-24T07:11:57.399,POST,/desembolsos,201,173.2,83.8,,61338f4b-350e-4f90-b2df-12ab1f11d7b3,1,60
2026-09-24T07:11:57.496,POST,/desembolsos,201,172.6,84.9,,771afdf7-b496-4520-ae6f-9a201508a950,1,60
2026-09-24T07:11:57.612,POST,/desembolsos,201,171.1,83.1,,86233082-789f-44e9-93d3-c4e48157f6c3,1,60
2026-09-24T07:11:57.695,POST,/desembolsos,201,184.5,81.8,,eb972f38-0e40-477e-bd74-d561f44bfe7d,1,60
2026-09-24T07:11:57.818,POST,/desembolsos,201,177.5,86.7,,e776226e-3ebf-4bae-ad38-a0568c372774,1,60
2026-09-24T07:11:57.901,POST,/desembolsos,201,172.0,82.0,,f971048e-14fe-463c-9139-a997b72ca42e,1,60
2026-09-24T07:11:57.992,POST,/desembolsos,201,185.4,95.0,,97797c43-f737-4334-96ab-bae0a657dd43,1,60
2026-09-24T07:11:58.089,POST,/desembolsos,201,181.2,83.9,,d145567c-305c-4a35-b493-67d0472c6118,1,60
2026-09-24T07:11:58.204,POST,/desembolsos,201,182.6,85.0,,e2c7d198-fd41-4fe0-8cf9-a7733cc73143,1,60
2026-09-24T07:11:58.288,POST,/desembolsos,201,214.6,94.7,,529c74ae-ba8c-46b7-8d20-f4e6eaaa25ce,1,60
2026-09-24T07:11:58.382,POST,/desembolsos,201,205.4,112.6,,49985dfa-7bd7-4d81-97c5-8cd80d183b66,1,60
2026-09-24T07:11:58.496,POST,/desembolsos,201,173.8,84.4,,10d00a91-957e-4c05-a82c-799a4e474067,1,60
2026-09-24T07:11:58.611,POST,/desembolsos,201,174.6,86.6,,cf2cb05a-c3da-43a7-9e6d-38927b289255,1,60
2026-09-24T07:11:58.693,POST,/desembolsos,201,179.3,85.1,,721eb6f1-1e57-4592-a2a9-ffccc586a8c6,1,60
2026-09-24T07:11:58.825,POST,/desembolsos,201,175.5,83.0,,ddd17011-79e2-4865-9161-21d82faa9ede,1,60
2026-09-24T07:11:58.907,POST,/desembolsos,201,177.8,88.8,,0aaa6bcd-4db5-4163-af58-f0c8882a8819,1,60
2026-09-24T07:11:58.992,POST,/desembolsos,201,186.0,89.2,,a0f3dd3e-9ac2-41a0-8a3e-91c28954264d,1,60
2026-09-24T07:11:59.124,POST,/desembolsos,201,188.0,99.1,,36aff3ff-8be5-4ca9-be86-0910eeb7bfb5,1,60
2026-09-24T07:11:59.222,POST,/desembolsos,201,203.9,83.8,,be2cfca4-7564-496e-8ecf-8fd7102fe1ef,1,60
2026-09-24T07:11:59.301,POST,/desembolsos,201,206.3,116.4,,6d7691bf-1fa2-4998-80dd-02825707627d,1,60
2026-09-24T07:11:59.384,POST,/desembolsos,201,188.0,91.8,,4497aaa7-3b3d-4224-b671-57e9f33fa722,1,60
2026-09-24T07:11:59.505,POST,/desembolsos,201,172.6,83.7,,90b6bfe4-db38-484f-866f-b5101872ffe3,1,60
2026-09-24T07:11:59.631,POST,/desembolsos,201,176.7,85.9,,4b632fb5-2ec1-457b-8068-2cc540cda921,1,60
2026-09-24T07:11:59.714,POST,/desembolsos,201,173.7,82.1,,e2e4bde4-a952-4db3-83e5-ef6b243a100f,1,60
2026-09-24T07:11:59.796,POST,/desembolsos,201,188.7,92.0,,08076638-ba28-4881-b726-48c3fa1a1b5d,1,60
2026-09-24T07:11:59.907,POST,/desembolsos,201,191.6,93.9,,393863fb-f153-4a2b-929f-053075a88d14,1,60
2026-09-24T07:11:59.991,POST,/desembolsos,201,180.7,84.2,,324e1991-4b56-4ee3-85a5-a3b144733bf9,1,60
2026-09-24T07:12:00.094,POST,/desembolsos,201,174.2,85.6,,0e2df25c-5826-43b3-8db9-b1d45fbc2854,1,60
2026-09-24T07:12:00.217,POST,/desembolsos,201,174.7,87.0,,3241cf17-fd21-4bb4-aac7-ab65277a8a33,1,60
2026-09-24T07:12:00.300,POST,/desembolsos,201,174.6,87.6,,b237b3cc-b2a0-43d9-bd4e-309d32ef2a77,1,60
2026-09-24T07:12:00.390,POST,/desembolsos,201,229.2,82.4,,aedd2f78-33d5-46e0-986b-a680f229e371,1,60
2026-09-24T07:12:00.504,POST,/desembolsos,201,221.9,115.2,,415b1b1d-9804-49a4-9a05-cba803ffa9c9,1,60
2026-09-24T07:12:00.603,POST,/desembolsos,201,189.8,99.3,,a079fbad-fea5-4e2c-a8bd-4a410d1c6669,1,60
2026-09-24T07:12:00.702,POST,/desembolsos,201,175.1,85.8,,6cd0352c-1492-4da0-b39c-a5847fc3f200,1,60
2026-09-24T07:12:00.784,POST,/desembolsos,201,170.7,81.9,,04de40c8-1985-4363-b056-99971065c426,1,60
2026-09-24T07:12:00.910,POST,/desembolsos,201,177.4,88.3,,e11b0d29-39eb-4b8f-bbc7-478812fc3621,1,60
2026-09-24T07:12:00.992,POST,/desembolsos,201,172.1,83.3,,3ac5dc6a-f0e5-4356-9cf7-879d2c1f4f64,1,60
2026-09-24T07:12:01.108,POST,/desembolsos,201,188.8,101.0,,54eafb4a-56bb-40dd-8e59-3e578133579d,1,60
2026-09-24T07:12:01.191,POST,/desembolsos,201,185.7,98.2,,f91e170c-532c-4e86-ba5f-ba2de896515a,1,60
2026-09-24T07:12:01.289,POST,/desembolsos,201,181.5,86.9,,cfc7e60f-f154-4d0c-8652-3ff23cfa855e,1,60
2026-09-24T07:12:01.402,POST,/desembolsos,201,172.6,85.2,,ed151c33-e2ff-4a1d-ac84-814deeccd191,1,60
2026-09-24T07:12:01.531,POST,/desembolsos,201,175.2,86.5,,47562429-9f8f-4477-a473-d571dfc2a50b,1,60
2026-09-24T07:12:01.612,POST,/desembolsos,201,178.8,83.3,,ebde09b3-3443-4939-982c-c97b21ce2756,1,60
2026-09-24T07:12:01.694,POST,/desembolsos,201,178.3,85.1,,0b86165f-5230-4352-9a74-3b0ffeba6f0d,1,60
2026-09-24T07:12:01.824,POST,/desembolsos,201,197.6,98.4,,1a1bd9e5-b651-4f01-926d-45c5a26a43ae,1,60
2026-09-24T07:12:01.906,POST,/desembolsos,201,186.3,83.5,,b315182d-4f88-40bb-9cec-4d3256f224d8,1,60
2026-09-24T07:12:02.008,POST,/desembolsos,201,180.2,85.0,,01e1c2e1-ba14-4b06-ac4f-d2e1bac7dbb4,1,60
2026-09-24T07:12:02.090,POST,/desembolsos,201,185.0,92.4,,a3bf8a01-2779-4c73-ad86-feff14e977e4,1,60
2026-09-24T07:12:02.220,POST,/desembolsos,201,177.4,86.4,,8e336d0f-1586-4dc0-aab8-3db59fa4da54,1,60
2026-09-24T07:12:02.303,POST,/desembolsos,201,175.7,85.2,,c670f8be-4d88-43ba-a83d-4834f22dec4c,1,60
2026-09-24T07:12:02.416,POST,/desembolsos,201,185.7,85.9,,964e1d90-880f-42ff-a6a3-a5d54b97e1e8,1,60
2026-09-24T07:12:02.525,POST,/desembolsos,201,180.7,82.7,,8b1a0e97-923f-4011-90df-0944c22d418b,1,60
2026-09-24T07:12:02.591,POST,/desembolsos,201,170.6,83.3,,630f58d0-fc4b-46c3-b319-b6648d0ead72,1,60
2026-09-24T07:12:02.706,POST,/desembolsos,201,181.9,85.4,,a1b87a5e-f20a-4628-a461-64d8d17fe5e2,1,60
2026-09-24T07:12:02.789,POST,/desembolsos,201,182.7,93.3,,74bef566-7ddf-4b45-b939-22c837a83dc6,1,60
2026-09-24T07:12:02.885,POST,/desembolsos,201,188.5,83.9,,882b274c-7ad0-4b49-89d5-2252f48ed8ee,1,60
2026-09-24T07:12:03.002,POST,/desembolsos,201,175.0,85.0,,e9796316-fa71-4d86-aec7-1ee311b0866e,1,60
2026-09-24T07:12:03.092,POST,/desembolsos,201,169.5,80.6,,af4f2719-ed83-4ed7-bd05-20528fcecb8a,1,60
2026-09-24T07:12:03.222,POST,/desembolsos,201,196.2,98.2,,da210f83-5782-439a-a259-63c3205f3c3b,1,60
2026-09-24T07:12:03.304,POST,/desembolsos,201,178.7,85.4,,fbe8f69e-7950-4593-b159-63c6719e8801,1,60
2026-09-24T07:12:03.384,POST,/desembolsos,201,184.8,93.9,,887ec418-dc16-425d-b316-11d73a20e788,1,60
2026-09-24T07:12:03.516,POST,/desembolsos,201,174.6,84.8,,93b087e6-f53b-4cdf-b4b5-52287310fdc7,1,60
2026-09-24T07:12:03.593,POST,/desembolsos,201,171.8,84.0,,a8b56630-0b84-4fbc-9445-96c980cb1453,1,60
2026-09-24T07:12:03.717,POST,/desembolsos,201,177.7,89.9,,34918683-7d35-413e-9e34-9c1b75b3348b,1,60
2026-09-24T07:12:03.803,POST,/desembolsos,201,173.3,83.7,,3ee29271-ca64-42f9-a11f-dc30502d5f7a,1,60
2026-09-24T07:12:03.926,POST,/desembolsos,201,172.1,84.3,,bcda5ddd-39b8-4f1e-a1a3-6b3c1ac3dc7e,1,60
2026-09-24T07:12:03.978,POST,/desembolsos,201,172.6,84.6,,471b9417-d490-4298-bc4b-6ebb39269934,1,60
2026-09-24T07:12:04.095,POST,/desembolsos,201,177.9,86.5,,61ee2001-a5f0-4ed7-8c5a-ef7ef195c9c7,1,60
2026-09-24T07:12:04.217,POST,/desembolsos,201,180.6,85.5,,58bc2583-5ede-45e1-82dd-7ebe338c0530,1,60
2026-09-24T07:12:04.300,POST,/desembolsos,201,181.9,87.0,,e2689992-9328-4765-a25a-8343f5b56333,1,60
2026-09-24T07:12:04.384,POST,/desembolsos,201,179.2,84.8,,3229ec62-3da0-4129-bebe-0938c8543889,1,60
2026-09-24T07:12:04.532,POST,/desembolsos,201,178.1,89.3,,094ee16c-6f7e-4189-bf21-939622f4806d,1,60
2026-09-24T07:12:04.608,POST,/desembolsos,201,169.8,82.2,,bc135a46-7b6f-43ee-9f10-8e767ca780c9,1,60
2026-09-24T07:12:04.710,POST,/desembolsos,201,177.4,84.4,,82ee82d7-6e43-4dba-ab39-9220df821dc1,1,60
2026-09-24T07:12:04.792,POST,/desembolsos,201,173.2,84.6,,258cf47d-1961-45aa-b9b1-e2a6e9331e5e,1,60
2026-09-24T07:12:04.886,POST,/desembolsos,201,173.5,83.6,,3c127505-1b2f-4610-90f7-500852052595,1,60
2026-09-24T07:12:05.000,POST,/desembolsos,201,182.6,87.3,,ad5aec0e-c2e6-4afa-92a9-fa46b24643dd,1,60
2026-09-24T07:12:05.126,POST,/desembolsos,201,202.5,113.8,,38882d4f-243c-4956-8b21-d2219b049d5a,1,60
2026-09-24T07:12:05.208,POST,/desembolsos,201,179.7,90.1,,d0f26262-e673-494b-bb03-c691b85afeb2,1,60
2026-09-24T07:12:05.323,POST,/desembolsos,201,173.7,85.3,,f3c99163-b880-4fba-ba3f-d8134dae4958,1,60
2026-09-24T07:12:05.402,POST,/desembolsos,201,171.8,83.2,,7efc3110-ff9f-42f7-a517-ff6a42a82622,1,60
2026-09-24T07:12:05.515,POST,/desembolsos,201,179.1,90.4,,842d7708-8211-4a7a-a799-8de42214d36b,1,60
2026-09-24T07:12:05.604,POST,/desembolsos,201,177.0,85.2,,e003cb36-2b9c-4650-8554-624d41c3712f,1,60
2026-09-24T07:12:05.692,POST,/desembolsos,201,175.8,83.6,,fadc3c2e-18c6-439a-963c-f5fe42bef158,1,60
2026-09-24T07:12:05.819,POST,/desembolsos,201,179.6,88.8,,12da2be0-5e97-4aa3-9cca-4294abf5f3dc,1,60
2026-09-24T07:12:05.898,POST,/desembolsos,201,177.0,83.8,,abeafa57-2ff8-4f55-914c-f62498ae0b16,1,60
2026-09-24T07:12:05.999,POST,/desembolsos,201,170.1,82.8,,ed061658-3d32-4ae4-a351-545ada0e7884,1,60
2026-09-24T07:12:06.113,POST,/desembolsos,201,172.4,84.3,,e4cb8b69-2c72-45db-a568-a0f14c5d4c1a,1,60
2026-09-24T07:12:06.195,POST,/desembolsos,201,176.5,84.1,,ee47a439-f283-4939-9b2b-a9e49ef88b42,1,60
2026-09-24T07:12:06.328,POST,/desembolsos,201,172.3,83.8,,9b4eb650-412f-401f-aa20-adbdda1bf92c,1,60
2026-09-24T07:12:06.411,POST,/desembolsos,201,169.8,82.5,,a4e19846-c741-4fe6-a09c-92e944f69a27,1,60
2026-09-24T07:12:06.509,POST,/desembolsos,201,205.1,114.8,,1794f7bf-b49b-4a57-a8af-93eac2e10de7,1,60
2026-09-24T07:12:06.609,POST,/desembolsos,201,174.2,82.6,,456a3a11-18c0-4564-b4cd-c8275f092547,1,60
2026-09-24T07:12:06.709,POST,/desembolsos,201,180.7,84.0,,f37dcaa4-1a97-4568-acb6-e6088d7a9830,1,60
2026-09-24T07:12:06.832,POST,/desembolsos,201,174.8,85.3,,68d38c71-18d2-419d-9ad4-ca0ea147df34,1,60
2026-09-24T07:12:06.881,POST,/desembolsos,201,177.9,83.9,,216be1b9-057b-4ce4-81ad-5b57b0601da0,1,60
2026-09-24T07:12:07.001,POST,/desembolsos,201,186.3,84.8,,7192d695-4515-47ea-9d64-a485cb989ce1,1,60
2026-09-24T07:12:07.083,POST,/desembolsos,201,190.6,102.2,,646f2477-997e-47be-9632-4e181781405f,1,60
2026-09-24T07:12:07.211,POST,/desembolsos,201,180.0,85.4,,57957512-127d-439c-8618-152aed8ecb0b,1,60
2026-09-24T07:12:07.292,POST,/desembolsos,201,176.4,88.8,,7373d74c-bc18-43d2-a96d-43a20e1c3db2,1,60
2026-09-24T07:12:07.423,POST,/desembolsos,201,178.3,86.3,,c04b8792-d145-43bd-8833-acd9cd3aafe7,1,60
2026-09-24T07:12:07.505,POST,/desembolsos,201,178.9,84.6,,a6bba602-6265-4fe7-9b01-fb67e905971b,1,60
2026-09-24T07:12:07.588,POST,/desembolsos,201,176.9,86.1,,0bfce0ca-6d23-402e-b3db-56d857ce737c,1,60
2026-09-24T07:12:07.720,POST,/desembolsos,201,193.1,88.5,,280490e6-21b1-4154-979d-c05a15cc6432,1,60
2026-09-24T07:12:07.801,POST,/desembolsos,201,196.8,104.9,,1b1666b8-7e9d-4d1e-a526-c4cdde80de31,1,60
2026-09-24T07:12:07.897,POST,/desembolsos,201,175.9,84.2,,e4419a97-cbb6-42e5-a709-007a2f03f386,1,60
2026-09-24T07:12:08.005,POST,/desembolsos,201,180.2,84.4,,eb8b6229-cc25-4837-9ced-7e589bd3cc40,1,60
2026-09-24T07:12:08.086,POST,/desembolsos,201,173.4,83.2,,039948bb-f525-4279-8182-bda8e3623325,1,60
2026-09-24T07:12:08.184,POST,/desembolsos,201,174.8,85.4,,8cdbc391-d001-4f39-8f05-39bdec591b37,1,60
2026-09-24T07:12:08.309,POST,/desembolsos,201,170.5,83.6,,5f46b751-3258-43a2-bcfc-c57556d5caf9,1,60
2026-09-24T07:12:08.392,POST,/desembolsos,201,169.0,82.5,,c0470730-61b7-4936-a864-88c097dc6239,1,60
2026-09-24T07:12:08.508,POST,/desembolsos,201,177.5,87.6,,d7bed06c-2de8-4108-8556-0be4fec417a4,1,60
2026-09-24T07:12:08.623,POST,/desembolsos,201,176.4,86.1,,c731e43b-dc11-4d9c-ba49-968498d107ee,1,60
2026-09-24T07:12:08.705,POST,/desembolsos,201,179.6,82.8,,d37b09a9-1579-4d86-8f27-1a4fea8cc5ef,1,60
2026-09-24T07:12:08.834,POST,/desembolsos,201,169.9,83.3,,c61865b1-bb6e-47a7-bb1c-01b04705c9e8,1,60
2026-09-24T07:12:08.903,POST,/desembolsos,201,174.4,82.5,,05ac5a7e-3c2c-44ad-a55e-5b076d546513,1,60
2026-09-24T07:12:09.001,POST,/desembolsos,201,197.8,83.8,,ffb1afcd-a845-4751-a1e9-d60815632489,1,60
2026-09-24T07:12:09.116,POST,/desembolsos,201,175.2,87.2,,3796faec-bda5-4827-b1a7-902e61b4ce02,1,60
2026-09-24T07:12:09.198,POST,/desembolsos,201,177.6,86.0,,98915f6d-24d9-4316-b238-f39946d9326a,1,60
2026-09-24T07:12:09.312,POST,/desembolsos,201,180.2,88.2,,31c2512a-b2dc-432b-98b9-03d3e51e3c8c,1,60
2026-09-24T07:12:09.399,POST,/desembolsos,201,179.2,92.0,,8dafc8af-9a16-4398-9bea-b77ee9d94e1a,1,60
2026-09-24T07:12:09.491,POST,/desembolsos,201,173.5,83.3,,622ea679-7522-4d78-b236-dbf52c5574f6,1,60
2026-09-24T07:12:09.606,POST,/desembolsos,201,181.4,88.1,,77c819ad-b088-41ff-b6db-45fef25b792c,1,60
2026-09-24T07:12:09.722,POST,/desembolsos,201,206.0,89.5,,e381c391-b2f2-42d9-8a6b-4e1d320c06b8,1,60
2026-09-24T07:12:09.803,POST,/desembolsos,201,233.7,120.8,,6eecc420-9928-4b2a-b20f-e5a0e0b85e32,1,60
2026-09-24T07:12:09.892,POST,/desembolsos,201,199.0,100.2,,509787df-11fa-4366-9fa4-557b6ece1c89,1,60
2026-09-24T07:12:09.992,POST,/desembolsos,201,183.1,90.2,,958aa761-f3cb-48cc-8938-eecd62ed39b1,1,60
2026-09-24T07:12:10.090,POST,/desembolsos,201,173.7,84.0,,cc4a33c7-2eaa-457b-98d9-77feeffcc9ea,1,60
2026-09-24T07:12:10.222,POST,/desembolsos,201,173.8,84.6,,86bdf07d-f6c7-4ea1-88a6-bf3a88ecdeac,1,60
2026-09-24T07:12:10.306,POST,/desembolsos,201,174.6,83.0,,c819cbfa-b8c2-4ded-b606-86fbf11cce67,1,60
2026-09-24T07:12:10.418,POST,/desembolsos,201,202.6,108.1,,52b0c462-443a-41e5-97e0-5d20e9853653,1,60
2026-09-24T07:12:10.516,POST,/desembolsos,201,177.5,83.6,,c82b43df-10f0-4da4-8bf4-d2d8b6f55547,1,60
2026-09-24T07:12:10.615,POST,/desembolsos,201,175.9,84.8,,040f36de-bea4-41e4-a075-2d5c6978b381,1,60
2026-09-24T07:12:10.697,POST,/desembolsos,201,184.6,92.2,,8ab5b21d-3001-499d-b070-8d759f53ab93,1,60
2026-09-24T07:12:10.796,POST,/desembolsos,201,177.3,87.4,,801cd3ad-e902-4d0c-946f-239802a749ec,1,60
2026-09-24T07:12:10.884,POST,/desembolsos,201,177.8,84.1,,bbe812bf-3816-4bee-92b9-73da8c6c2b9f,1,60
2026-09-24T07:12:11.009,POST,/desembolsos,201,196.3,108.8,,a1744954-1972-4b01-a68e-daa0a70a7b6e,1,60
2026-09-24T07:12:11.109,POST,/desembolsos,201,177.9,87.1,,2f8ed251-49b6-4b5c-a374-6d5eb1335f2c,1,60
2026-09-24T07:12:11.192,POST,/desembolsos,201,186.7,90.6,,3e5395e1-3bf0-4d31-8b22-cd5b682af1de,1,60
2026-09-24T07:12:11.285,POST,/desembolsos,201,185.0,88.8,,e28a140b-2b83-4024-83b2-7e499a2bc28e,1,60
2026-09-24T07:12:11.407,POST,/desembolsos,201,181.4,83.3,,8b5b2329-8586-47ee-9293-d5a023286e5c,1,60
2026-09-24T07:12:11.534,POST,/desembolsos,201,197.2,87.0,,16cbd964-395a-495e-b1ce-02ed05bc4dd6,1,60
2026-09-24T07:12:11.583,POST,/desembolsos,201,176.3,85.8,,16a64ae3-bf18-4c82-ad13-ae215984bec2,1,60
2026-09-24T07:12:11.715,POST,/desembolsos,201,187.8,98.6,,ba5c080e-ed46-42be-ab7a-4c2b7be79cda,1,60
2026-09-24T07:12:11.812,POST,/desembolsos,201,173.1,83.2,,2bc36bf0-1c1a-47ad-91e9-14334e084bdb,1,60
2026-09-24T07:12:11.919,POST,/desembolsos,201,195.8,107.1,,056a5c27-bdc6-4fb1-83c5-8112593eec98,1,60
2026-09-24T07:12:12.027,POST,/desembolsos,201,183.9,85.7,,6021a4d2-4d74-4fc9-9c04-0a46b26b7309,1,60
2026-09-24T07:12:12.107,POST,/desembolsos,201,182.5,83.9,,bb8dbd6a-c9b8-4841-88ce-ce76d9890ace,1,60
2026-09-24T07:12:12.189,POST,/desembolsos,201,192.3,99.8,,df634852-c6b8-43cb-b831-559bf8343219,1,60
2026-09-24T07:12:12.289,POST,/desembolsos,201,180.2,90.5,,b788f19a-bbfe-4e25-a8b1-613461282c44,1,60
2026-09-24T07:12:12.403,POST,/desembolsos,201,176.4,85.1,,1ad7d5d2-a95a-4d86-9fb2-7d4513c25182,1,60
2026-09-24T07:12:12.518,POST,/desembolsos,201,189.4,98.2,,53df2d8f-21d5-4b96-a00c-8cb96ba9a79a,1,60
2026-09-24T07:12:12.600,POST,/desembolsos,201,178.1,84.7,,438604fb-1d35-4a4a-94ef-6aeb9ad934cd,1,60
2026-09-24T07:12:12.700,POST,/desembolsos,201,170.7,83.9,,a9016d19-712e-44b2-9f91-4aed14574db4,1,60
2026-09-24T07:12:12.813,POST,/desembolsos,201,177.8,84.5,,eda8d73d-074b-4fc5-bfef-05f2743a0d35,1,60
2026-09-24T07:12:12.916,POST,/desembolsos,201,179.4,88.9,,3dd4abfc-43fc-43de-82e7-dca4d0caf02b,1,60
2026-09-24T07:12:12.993,POST,/desembolsos,201,176.0,83.8,,32583873-6cb7-4ef7-932d-5b97636d2b0f,1,60
2026-09-24T07:12:13.084,POST,/desembolsos,201,172.7,83.0,,f20332cf-dce9-4534-b35b-28c78c985177,1,60
2026-09-24T07:12:13.215,POST,/desembolsos,201,180.1,86.5,,13b454eb-962f-4d22-b7e1-daef8e42e34e,1,60
2026-09-24T07:12:13.300,POST,/desembolsos,201,179.8,88.5,,c56d1d4e-4112-4551-aa5d-e94588b535cc,1,60
2026-09-24T07:12:13.386,POST,/desembolsos,201,175.0,83.4,,3c5a6300-5a31-40cd-9b5c-688a76bb31ab,1,60
2026-09-24T07:12:13.513,POST,/desembolsos,201,192.2,83.8,,fb73594a-4929-484e-95a7-35b675704184,1,60
2026-09-24T07:12:13.593,POST,/desembolsos,201,188.5,102.2,,4f45dba3-50b2-47cf-afa3-261880914fba,1,60
2026-09-24T07:12:13.696,POST,/desembolsos,201,180.8,86.7,,e72cb686-563b-4e9c-acc0-2b5977a2eceb,1,60
2026-09-24T07:12:13.822,POST,/desembolsos,201,184.4,84.7,,8c79706f-d6e1-4379-929c-7515a656d452,1,60
2026-09-24T07:12:13.905,POST,/desembolsos,201,183.4,86.6,,6e604fce-0614-4486-ab81-b88b6cc4efba,1,60
2026-09-24T07:12:14.003,POST,/desembolsos,201,192.4,82.9,,6681a728-2857-4f2d-9982-23460859409c,1,60
2026-09-24T07:12:14.084,POST,/desembolsos,201,199.3,109.9,,d9fdbf00-7e45-4d24-8d63-06398b2f4742,1,60
2026-09-24T07:12:14.221,POST,/desembolsos,201,179.3,85.9,,e57271e2-434d-48b3-805c-0b9019f8a6fd,1,60
2026-09-24T07:12:14.305,POST,/desembolsos,201,189.7,94.5,,dbaefb3f-c1df-4121-b025-e819e4890bf3,1,60
2026-09-24T07:12:14.399,POST,/desembolsos,201,181.4,90.4,,abe13502-706c-4614-a2ff-f287fe915e8d,1,60
2026-09-24T07:12:14.516,POST,/desembolsos,201,176.7,85.9,,fdd785d4-1b48-4063-8e2c-985981f541e8,1,60
2026-09-24T07:12:14.597,POST,/desembolsos,201,175.7,84.3,,27b6541d-6953-450d-ab0b-23713fcf9d4c,1,60
2026-09-24T07:12:14.692,POST,/desembolsos,201,175.0,84.4,,ea5fd3de-e37e-4ad0-bb11-84bcb0d7467f,1,60
2026-09-24T07:12:14.806,POST,/desembolsos,201,173.2,84.2,,4882bf0e-6582-42e6-bdd1-5289420bdd97,1,60
2026-09-24T07:12:14.909,POST,/desembolsos,201,209.5,117.8,,1cb893ff-cfc3-431a-a6fc-debe1fa525b7,1,60
2026-09-24T07:12:15.009,POST,/desembolsos,201,175.0,84.3,,02e2566d-e45d-4e26-bd92-8e5602b566e2,1,60
2026-09-24T07:12:15.091,POST,/desembolsos,201,184.1,83.6,,3b465e17-ce2a-49a4-aee2-f0d124cb4122,1,60
2026-09-24T07:12:15.202,POST,/desembolsos,201,213.8,97.1,,2d3da105-093c-494d-8038-1dbc4abf6cba,1,60
2026-09-24T07:12:15.332,POST,/desembolsos,201,182.2,89.3,,20c576d4-c775-4792-bef7-4bc64939a81d,1,60
2026-09-24T07:12:15.414,POST,/desembolsos,201,187.0,99.3,,38178c57-d554-4b5f-b5d5-bd01009f7fd9,1,60
2026-09-24T07:12:15.497,POST,/desembolsos,201,190.7,97.0,,6bfb804b-8219-428e-8e5e-dcb7dbea7797,1,60
2026-09-24T07:12:15.627,POST,/desembolsos,201,174.4,87.2,,62c8f9a9-3d9f-414b-90f4-ca01a4544fd7,1,60
2026-09-24T07:12:15.714,POST,/desembolsos,201,174.1,83.9,,e43f84a6-635a-476d-94d9-2d03847d87c8,1,60
2026-09-24T07:12:15.801,POST,/desembolsos,201,174.5,84.2,,99002620-b79f-461b-9a70-40b3ff56dbfb,1,60
2026-09-24T07:12:15.918,POST,/desembolsos,201,194.7,86.4,,0b33e1b9-e4d5-4d7b-a071-8c5182daab01,1,60
2026-09-24T07:12:16.001,POST,/desembolsos,201,176.9,85.0,,2481d9ef-fb6e-4749-b877-ade9808d3c76,1,60
2026-09-24T07:12:16.087,POST,/desembolsos,201,174.0,84.4,,fd82ad63-3090-407a-9cf1-525c9a1a7f60,1,60
2026-09-24T07:12:16.204,POST,/desembolsos,201,215.0,111.9,,75e6466d-9fa4-4b1b-b12a-fa3d1360b614,1,60
2026-09-24T07:12:16.300,POST,/desembolsos,201,179.8,87.7,,af84c7df-379c-4587-97f2-1c127dfff705,1,60
2026-09-24T07:12:16.413,POST,/desembolsos,201,178.0,89.1,,417aee51-aac8-4c7b-b80c-15b52f1cdfb5,1,60
2026-09-24T07:12:16.495,POST,/desembolsos,201,171.1,83.2,,5b06d2d2-36c1-4868-82bc-56506e9dc423,1,60
2026-09-24T07:12:16.608,POST,/desembolsos,201,186.0,92.1,,f01b5195-299a-4b00-8bdb-00cffdfe34ff,1,60
2026-09-24T07:12:16.722,POST,/desembolsos,201,224.1,84.8,,2f2338a7-32eb-4eb0-b8fa-70353549ca58,1,60
2026-09-24T07:12:16.801,POST,/desembolsos,201,230.4,137.0,,5cf07b9a-262a-473e-a63c-2921e59a4f70,1,60
2026-09-24T07:12:16.899,POST,/desembolsos,201,172.5,83.2,,242e3f83-2b02-413b-9e71-5de47dea482d,1,60
2026-09-24T07:12:17.017,POST,/desembolsos,201,186.5,96.6,,3f7cf07c-4a73-46c7-b73d-26e24b9705cd,1,60
2026-09-24T07:12:17.114,POST,/desembolsos,201,182.8,90.3,,0fd3e190-b668-4251-b97d-40d2d9a8fd0f,1,60
2026-09-24T07:12:17.197,POST,/desembolsos,201,179.5,85.5,,1b4ff1bc-2cc4-4db8-a62a-306baa9f62c6,1,60
2026-09-24T07:12:17.296,POST,/desembolsos,201,179.4,88.7,,b0b41e9a-2e39-4f48-8656-fe9b4360b529,1,60
2026-09-24T07:12:17.426,POST,/desembolsos,201,196.6,92.4,,5b0c8ae3-c02e-4c0d-9426-791f69d2e663,1,60
2026-09-24T07:12:17.508,POST,/desembolsos,201,196.8,100.6,,a0386955-3d2d-44e4-b4c0-3ae20f800cb7,1,60
2026-09-24T07:12:17.607,POST,/desembolsos,201,183.5,97.1,,5d0e6762-2670-4907-9131-b06146ffb4e1,1,60
2026-09-24T07:12:17.691,POST,/desembolsos,201,171.9,84.2,,6cfbc7f7-d452-459e-be7b-5e162e9fb2b8,1,60
2026-09-24T07:12:17.788,POST,/desembolsos,201,172.0,82.8,,e73c79b7-15ef-4f05-8f96-ea0067dc5f66,1,60
2026-09-24T07:12:17.917,POST,/desembolsos,201,178.9,84.1,,4d308c25-1bd8-4428-a436-41c019a99ca9,1,60
2026-09-24T07:12:18.026,POST,/desembolsos,201,200.6,85.8,,4a0ec393-2465-4579-8877-96de3d622396,1,60
2026-09-24T07:12:18.108,POST,/desembolsos,201,209.1,115.3,,0f03647a-20aa-46df-b60b-6f4ef75c55da,1,60
2026-09-24T07:12:18.208,POST,/desembolsos,201,203.4,98.3,,1f98172c-0d63-40f8-84ae-d2767e247188,1,60
2026-09-24T07:12:18.306,POST,/desembolsos,201,199.0,105.3,,15ede91e-7fcf-45e9-bd77-1e145345455d,1,60
2026-09-24T07:12:18.401,POST,/desembolsos,201,175.6,86.0,,7ac94ffd-45a8-46f4-bb77-956e07499745,1,60
2026-09-24T07:12:18.499,POST,/desembolsos,201,170.0,83.2,,c95c4057-1625-414d-9dc5-343feb8fcb53,1,60
2026-09-24T07:12:18.628,POST,/desembolsos,201,183.6,90.3,,ec6ffc75-a6bf-4df3-b253-9d21a2973da0,1,60
2026-09-24T07:12:18.708,POST,/desembolsos,201,178.0,88.7,,019cf623-c4d4-446e-9234-053b7e7ea4bd,1,60
2026-09-24T07:12:18.789,POST,/desembolsos,201,169.6,82.7,,9bbdc0f1-8cb2-4400-9121-ddeebed48497,1,60
2026-09-24T07:12:18.918,POST,/desembolsos,201,175.5,86.6,,628f5c81-b384-4151-b6f3-b171d78d254c,1,60
2026-09-24T07:12:19.001,POST,/desembolsos,201,177.4,85.2,,90426a8c-8d58-48c1-92ff-929048f968f1,1,60
2026-09-24T07:12:19.083,POST,/desembolsos,201,182.3,92.4,,34ce10a5-4d50-4c64-a124-da6330f00aff,1,60
2026-09-24T07:12:19.214,POST,/desembolsos,201,211.3,86.1,,d76536af-9e24-4990-a80f-85fa3ea6a285,1,60
2026-09-24T07:12:19.296,POST,/desembolsos,201,215.1,125.5,,72718101-243f-44c0-8367-2dc7e43c673f,1,60
2026-09-24T07:12:19.418,POST,/desembolsos,201,178.2,93.2,,bb86ea96-5063-4a95-a05a-db5c38d625df,1,60
2026-09-24T07:12:19.499,POST,/desembolsos,201,174.5,83.1,,b8ed6397-33e5-40cf-9d37-ecf349880e0f,1,60
2026-09-24T07:12:19.593,POST,/desembolsos,201,178.2,86.4,,19f63df9-cd13-4f10-87f0-9bdf7f3e6f5c,1,60
2026-09-24T07:12:19.718,POST,/desembolsos,201,180.9,88.3,,e623ce79-5e48-475b-8177-362027529dda,1,60
2026-09-24T07:12:19.799,POST,/desembolsos,201,174.1,85.0,,271ba169-b906-40cf-83dd-f9aec96843f7,1,60
2026-09-24T07:12:19.897,POST,/desembolsos,201,182.1,86.7,,9aea06e1-7d03-4a9b-8191-d187fec23ce5,1,60
2026-09-24T07:12:19.980,POST,/desembolsos,201,193.8,95.5,,32501e31-e642-4e66-9ac9-514fd14b0245,1,60
2026-09-24T07:12:20.108,POST,/desembolsos,201,178.6,83.0,,ceb48ae8-2fa1-4934-a06f-7755915ea8f7,1,60
2026-09-24T07:12:20.221,POST,/desembolsos,201,176.4,87.0,,23527b1a-095e-4f52-99fe-f424d95a8390,1,60
2026-09-24T07:12:20.287,POST,/desembolsos,201,173.8,84.2,,f4b8ef3c-8a27-4a7d-9d00-d34e3d49b590,1,60
2026-09-24T07:12:20.384,POST,/desembolsos,201,179.4,92.1,,7c5a8f57-05d1-4ee5-af33-af1481f51107,1,60
2026-09-24T07:12:20.534,POST,/desembolsos,201,181.2,92.1,,72bb7413-502b-413f-a40c-b86512b0915e,1,60
2026-09-24T07:12:20.614,POST,/desembolsos,201,189.8,96.0,,7342d18c-bad4-4136-b61c-b24f49ca3815,1,60
2026-09-24T07:12:20.709,POST,/desembolsos,201,196.4,88.9,,ee2e9ab0-4f59-40cc-898e-0e0c138974b5,1,60
2026-09-24T07:12:20.805,POST,/desembolsos,201,198.6,98.5,,22e73334-a7df-4c48-8f69-e757df094845,1,60
2026-09-24T07:12:20.903,POST,/desembolsos,201,183.8,92.3,,3f8196b0-705f-49cb-b158-fccac2242e74,1,60
2026-09-24T07:12:21.001,POST,/desembolsos,201,177.0,85.3,,12b701cc-d1b9-4065-8b3f-2987eb715c8d,1,60
2026-09-24T07:12:21.084,POST,/desembolsos,201,221.7,83.4,,17e7525c-f23d-4ed0-a1ca-5f9242c7e690,1,60
2026-09-24T07:12:21.232,POST,/desembolsos,201,182.5,83.1,,dc64969e-ef06-4f10-b21f-af99c3564442,1,60
2026-09-24T07:12:21.298,POST,/desembolsos,201,178.9,84.3,,cd979695-deec-439d-8838-544ad48a3a87,1,60
2026-09-24T07:12:21.381,POST,/desembolsos,201,180.5,91.1,,0d7a763e-701d-4e89-a243-3646acfaae18,1,60
2026-09-24T07:12:21.510,POST,/desembolsos,201,173.9,84.5,,c50ee9dc-9147-40fe-ac8f-df3290522fed,1,60
2026-09-24T07:12:21.625,POST,/desembolsos,201,175.6,87.6,,f19584a0-4638-4a35-9678-7bdafc09c107,1,60
2026-09-24T07:12:21.709,POST,/desembolsos,201,196.8,87.2,,4c618615-8085-4a18-bb31-39277eb61871,1,60
2026-09-24T07:12:21.821,POST,/desembolsos,201,175.9,84.5,,1b79cc25-5c20-4baa-b574-8f3b10f98898,1,60
2026-09-24T07:12:21.902,POST,/desembolsos,201,176.9,84.9,,0df9fdc2-28dc-4e7a-ad6a-f9b19276c61a,1,60
2026-09-24T07:12:21.986,POST,/desembolsos,201,178.7,83.3,,c1543c2a-77fd-433b-b5e8-284e7ecc3572,1,60
2026-09-24T07:12:22.101,POST,/desembolsos,201,179.0,89.0,,dc486231-a1e2-44dd-a2cc-989af7ccf0dd,1,60
2026-09-24T07:12:22.227,POST,/desembolsos,201,174.9,85.8,,bc751408-4cac-4ae5-9b3a-d9a1b7ca0ec4,1,60
2026-09-24T07:12:22.309,POST,/desembolsos,201,173.3,84.9,,82b71b1c-52be-482e-9285-facd394e0520,1,60
2026-09-24T07:12:22.392,POST,/desembolsos,201,178.3,86.7,,170efc3b-5634-4656-86cd-87506f5e6f04,1,60
2026-09-24T07:12:22.507,POST,/desembolsos,201,208.8,116.6,,b1f14484-fba1-4462-848a-612b0aa235dd,1,60
2026-09-24T07:12:22.606,POST,/desembolsos,201,183.7,95.4,,d0adce50-d95e-4ae6-9c69-9c7c6c9712f9,1,60
2026-09-24T07:12:22.701,POST,/desembolsos,201,171.2,82.1,,277b35d8-33a7-405f-ac38-71f9695c7394,1,60
2026-09-24T07:12:22.786,POST,/desembolsos,201,173.6,83.7,,85fe6e97-d2d4-4a32-9781-5bfaec770053,1,60
2026-09-24T07:12:22.912,POST,/desembolsos,201,173.5,83.8,,80a8551b-9bfc-4c1d-9ff9-75122795a5eb,1,60
2026-09-24T07:12:22.994,POST,/desembolsos,201,179.0,83.2,,45d45522-7042-4b70-a7e6-60e3bf68113b,1,60
2026-09-24T07:12:23.108,POST,/desembolsos,201,179.9,88.4,,a9868651-482b-4f4b-901c-73beae7f969b,1,60
2026-09-24T07:12:23.223,POST,/desembolsos,201,179.9,84.9,,d339070c-c2a6-4723-bdba-af93811ccea9,1,60
2026-09-24T07:12:23.304,POST,/desembolsos,201,177.3,87.7,,76654d20-83a5-4c0b-8587-acc014716a4c,1,60
2026-09-24T07:12:23.389,POST,/desembolsos,201,172.5,83.4,,426721df-4d87-4018-8460-ce2374995b2e,1,60
2026-09-24T07:12:23.478,POST,/desembolsos,201,182.9,85.1,,c1d10695-b737-4624-8d15-3b50e9d21705,1,60
2026-09-24T07:12:23.625,POST,/desembolsos,201,174.6,84.5,,de338f9e-18e2-48d2-afc6-604612552ff7,1,60
2026-09-24T07:12:23.706,POST,/desembolsos,201,178.4,82.7,,cb3b045c-a6e7-485b-91d5-6cf8a113bed9,1,60
2026-09-24T07:12:23.819,POST,/desembolsos,201,176.6,87.9,,77425d51-a43c-4716-bf3b-efff25e70c98,1,60
2026-09-24T07:12:23.899,POST,/desembolsos,201,183.8,82.3,,17450e79-d00e-493e-8ccc-4b6f35efcc28,1,60
2026-09-24T07:12:23.996,POST,/desembolsos,201,186.3,94.9,,a3c736ca-0cf9-492d-8b8a-45550b78c40b,1,60
2026-09-24T07:12:24.119,POST,/desembolsos,201,179.0,82.0,,66e54a22-4cf5-4bce-8197-4f9fce734a59,1,60
2026-09-24T07:12:24.199,POST,/desembolsos,201,180.0,92.6,,7758021f-5f6e-4cce-afaf-73e762510100,1,60
2026-09-24T07:12:24.292,POST,/desembolsos,201,174.9,86.2,,cebabb8c-bc9f-4a87-8801-bda19445fab9,1,60
2026-09-24T07:12:24.413,POST,/desembolsos,201,176.3,83.3,,3c5bbb63-c10a-43e5-b583-eae4407a257f,1,60
2026-09-24T07:12:24.496,POST,/desembolsos,201,174.6,86.1,,357af8d4-fe9d-4f33-bb0e-a6eb21762239,1,60
2026-09-24T07:12:24.586,POST,/desembolsos,201,172.6,82.6,,ed44e568-e02b-4b78-b349-1df33e8d303b,1,60
2026-09-24T07:12:24.702,POST,/desembolsos,201,174.1,87.1,,24f35417-bcb4-40c8-9af3-18151c207d03,1,60
2026-09-24T07:12:24.806,POST,/desembolsos,201,174.7,84.3,,c86ab7e0-d00f-4966-9655-70f0e990bae8,1,60
2026-09-24T07:12:24.917,POST,/desembolsos,201,186.1,84.1,,f902bec4-19ea-4e25-ab80-1007e6a988cb,1,60
2026-09-24T07:12:24.996,POST,/desembolsos,201,190.9,103.1,,daa74279-b8c6-46a7-9112-8eb52b96bd5d,1,60
2026-09-24T07:12:25.102,POST,/desembolsos,201,175.0,82.7,,1a554a3a-7709-4df9-a438-31f4e6f41c30,1,60
2026-09-24T07:12:25.208,POST,/desembolsos,201,190.6,86.5,,36ff7d8c-88d8-4402-b6f5-75b7aae1a83e,1,60
2026-09-24T07:12:25.277,POST,/desembolsos,201,171.0,83.5,,1cc4df55-6df2-4b76-b1d6-b45e5783be89,1,60
2026-09-24T07:12:25.397,POST,/desembolsos,201,177.2,82.6,,2074b240-803f-49a3-9078-52f2d9936124,1,60
2026-09-24T07:12:25.510,POST,/desembolsos,201,179.9,90.7,,effbff70-fd97-44de-8987-cc6486d554ed,1,60
2026-09-24T07:12:25.599,POST,/desembolsos,201,170.6,82.7,,8c2c699a-9f76-4f93-99d9-30bf8caa5caa,1,60
2026-09-24T07:12:25.707,POST,/desembolsos,201,171.5,83.6,,614facef-ab38-4155-bae0-de6994c73bb3,1,60
2026-09-24T07:12:25.786,POST,/desembolsos,201,175.5,82.8,,38bcdd20-af52-4c1e-b4c5-727f92896341,1,60
2026-09-24T07:12:25.907,POST,/desembolsos,201,170.7,82.5,,5c1818f5-fb21-4d1c-8c3f-8bcd990341e3,1,60
2026-09-24T07:12:26.018,POST,/desembolsos,201,179.4,82.7,,c620a6fe-9e70-4a07-99dc-738dc0b5f981,1,60
2026-09-24T07:12:26.127,POST,/desembolsos,201,180.1,84.8,,4192ae81-a133-45d5-993e-5c4206d28378,1,60
2026-09-24T07:12:26.197,POST,/desembolsos,201,202.8,108.8,,feea7f06-eab3-44b5-bdcb-736202345504,1,60
2026-09-24T07:12:26.324,POST,/desembolsos,201,169.5,83.2,,38540cad-c935-48dd-8ab4-f6d939583f78,1,60
2026-09-24T07:12:26.398,POST,/desembolsos,201,174.9,83.6,,5fc818d5-30d1-4176-83ff-57399f800bb1,1,60
2026-09-24T07:12:26.489,POST,/desembolsos,201,172.7,85.2,,9364c573-0cb7-4d48-a421-72f36ce9d0d2,1,60
2026-09-24T07:12:26.605,POST,/desembolsos,201,180.0,83.5,,8aaf7c54-6b2a-4f90-9f4b-ac1f2b16f63c,1,60
2026-09-24T07:12:26.718,POST,/desembolsos,201,178.0,91.0,,7c6ea214-659a-4fe0-98eb-3bb126b62734,1,60
2026-09-24T07:12:26.801,POST,/desembolsos,201,180.2,82.2,,c821da52-98f8-4e23-a180-b95670eb8495,1,60
2026-09-24T07:12:26.896,POST,/desembolsos,201,175.3,88.0,,868b5c94-0e81-4f27-925c-cde7c1b89fb2,1,60
2026-09-24T07:12:27.010,POST,/desembolsos,201,172.5,83.5,,b07f9bde-9c56-4c57-8ff4-f7f6f3887afc,1,60
2026-09-24T07:12:27.093,POST,/desembolsos,201,173.1,83.9,,fc20cbd7-3a73-443b-8641-2bf37d212aac,1,60
2026-09-24T07:12:27.219,POST,/desembolsos,201,173.7,84.7,,1ae9c311-83d4-469e-b71e-e199e108fb7a,1,60
2026-09-24T07:12:27.303,POST,/desembolsos,201,172.2,83.8,,4bceccc6-83d5-4442-9a2b-443a61159d14,1,60
2026-09-24T07:12:27.415,POST,/desembolsos,201,176.0,87.3,,76576563-3f68-4b91-8bff-f0f6e1bd6c89,1,60
2026-09-24T07:12:27.498,POST,/desembolsos,201,171.1,82.1,,2ee68e68-ef88-41f2-8f3b-b99b6caab8ec,1,60
2026-09-24T07:12:27.590,POST,/desembolsos,201,170.7,82.6,,f91b317f-5964-4f06-958d-db65674d714a,1,60
2026-09-24T07:12:27.710,POST,/desembolsos,201,168.4,82.3,,b34a13e0-7871-4478-9fe6-19b316f038bb,1,60
2026-09-24T07:12:27.790,POST,/desembolsos,201,176.4,86.7,,8d6615ef-2b0c-46b0-b1a7-94cd1a7452a1,1,60
2026-09-24T07:12:27.921,POST,/desembolsos,201,171.6,83.9,,18e379eb-fa73-4604-a892-f5c0657805c0,1,60
2026-09-24T07:12:28.003,POST,/desembolsos,201,201.0,83.1,,3307e770-b8f8-4697-be32-aee1d1fa0ea7,1,60
2026-09-24T07:12:28.085,POST,/desembolsos,201,206.0,118.4,,6c8eb5a3-d202-4966-b16d-13ee89223dad,1,60
2026-09-24T07:12:28.198,POST,/desembolsos,201,179.3,90.5,,5b0447a8-9bea-4e07-a387-353eb7381ddf,1,60
2026-09-24T07:12:28.292,POST,/desembolsos,201,176.4,84.5,,40b63948-74a0-4ec6-8494-f62d7ff3e1c7,1,60
2026-09-24T07:12:28.407,POST,/desembolsos,201,184.0,83.2,,ea7e4995-f347-4592-8688-5f2372d7867e,1,60
2026-09-24T07:12:28.489,POST,/desembolsos,201,175.4,83.6,,64ef2134-baf2-4a45-883b-cf4f52f445a0,1,60
2026-09-24T07:12:28.619,POST,/desembolsos,201,174.6,84.3,,8ec386f7-8ea1-405e-a03e-4fad8d8f0077,1,60
2026-09-24T07:12:28.699,POST,/desembolsos,201,173.2,83.1,,a5eb6c4e-a86a-4f50-9ff5-840e4b3c29bd,1,60
2026-09-24T07:12:28.825,POST,/desembolsos,201,196.9,106.4,,4582940d-88e8-4971-86eb-eff6553a6117,1,60
2026-09-24T07:12:28.907,POST,/desembolsos,201,198.3,105.0,,d67b5560-7bb4-4ee4-8a7d-25cee2bfe1bf,1,60
2026-09-24T07:12:29.003,POST,/desembolsos,201,182.5,94.5,,a958e7d4-ec74-4c8e-9ed1-216b24f48e15,1,60
2026-09-24T07:12:29.100,POST,/desembolsos,201,188.1,84.2,,f92d3223-d5f2-4929-a021-7334512a5706,1,60
2026-09-24T07:12:29.193,POST,/desembolsos,201,188.6,93.4,,3d62452b-73b8-4b0d-add4-b692dfb463e9,1,60
2026-09-24T07:12:29.292,POST,/desembolsos,201,193.3,89.4,,8bf57916-7df9-4bc8-b608-5f71cb172fef,1,60
2026-09-24T07:12:29.408,POST,/desembolsos,201,181.3,89.0,,7337a474-9812-4819-b109-3789577d6c59,1,60
2026-09-24T07:12:29.492,POST,/desembolsos,201,188.0,92.7,,9f66c920-71ae-47ab-90c2-bc4e7621862a,1,60
2026-09-24T07:12:29.608,POST,/desembolsos,201,176.3,88.7,,11ae5740-2da7-4374-9d35-dc7b94196a22,1,60
2026-09-24T07:12:29.723,POST,/desembolsos,201,179.5,89.2,,e866d9bd-edfd-4a05-a663-311f7e2b9351,1,60
2026-09-24T07:12:29.805,POST,/desembolsos,201,176.7,87.6,,204911bc-1178-498c-8b36-0a29c8bcfa8c,1,60
2026-09-24T07:12:29.889,POST,/desembolsos,201,176.7,84.7,,3d53c707-602a-4c09-a33e-db6b750fa71c,1,60
2026-09-24T07:12:30.018,POST,/desembolsos,201,198.2,83.8,,c525a827-8b97-48f4-8f5d-1edd7e617d37,1,60
2026-09-24T07:12:30.100,POST,/desembolsos,201,197.9,93.7,,00206ba9-e2f3-4ede-86b9-c6bf0d89c3a7,1,60
2026-09-24T07:12:30.216,POST,/desembolsos,201,188.2,95.8,,31eb5fd8-54e0-44c5-ae17-98e3cf8ff8e4,1,60
2026-09-24T07:12:30.298,POST,/desembolsos,201,178.8,83.5,,6b57883a-e9e3-4c70-9990-00cd429f2680,1,60
2026-09-24T07:12:30.401,POST,/desembolsos,201,178.1,84.3,,00e6c004-fd4e-4dd7-9983-591a9bfaacd0,1,60
2026-09-24T07:12:30.509,POST,/desembolsos,201,181.1,88.4,,9c00e001-67d9-4447-9d4e-5af2a2c7bdd6,1,60
2026-09-24T07:12:30.625,POST,/desembolsos,201,201.2,84.5,,8b8d09ec-2b10-4b1d-a952-a923bd4251da,1,60
2026-09-24T07:12:30.707,POST,/desembolsos,201,213.7,117.2,,31b30e03-8e2c-4df3-929d-2cc095299c05,1,60
2026-09-24T07:12:30.822,POST,/desembolsos,201,191.4,97.5,,182e915c-1cf0-408c-9601-bf4c9e641ec5,1,60
2026-09-24T07:12:30.918,POST,/desembolsos,201,182.9,94.4,,95104112-59ab-4af8-90e3-7947e5d5061e,1,60
2026-09-24T07:12:31.003,POST,/desembolsos,201,182.3,88.5,,5b0a21cd-ec94-478b-bc39-997407bff3b7,1,60
2026-09-24T07:12:31.101,POST,/desembolsos,201,176.4,84.1,,9b5a88e2-abf3-4c68-955b-858fd59243a6,1,60
2026-09-24T07:12:31.217,POST,/desembolsos,201,186.3,94.6,,52a1e74f-c359-465e-ad24-3c3dbc2fafb4,1,60
2026-09-24T07:12:31.332,POST,/desembolsos,201,190.4,88.8,,004b84ce-ad21-401a-913c-06beeff18486,1,60
2026-09-24T07:12:31.411,POST,/desembolsos,201,176.8,85.6,,e58e5562-97f8-4486-b189-3752ff99ae0a,1,60
2026-09-24T07:12:31.494,POST,/desembolsos,201,173.9,85.7,,e87b5723-90a2-4533-b06d-71cd496f1489,1,60
2026-09-24T07:12:31.587,POST,/desembolsos,201,174.8,86.7,,d39b0151-aa40-4fae-acd9-28ed3c5d8734,1,60
2026-09-24T07:12:31.709,POST,/desembolsos,201,184.7,95.5,,53a4b06f-e0f5-40a9-b70b-a0bb46fd8df0,1,60
2026-09-24T07:12:31.804,POST,/desembolsos,201,170.9,83.3,,7cdd2b58-a4eb-491a-a1ce-bb24b078b697,1,60
2026-09-24T07:12:31.919,POST,/desembolsos,201,184.2,95.2,,729a713b-b822-4e6c-bf19-8c58943d41d9,1,60
2026-09-24T07:12:32.006,POST,/desembolsos,201,169.5,82.7,,8c94c0c7-ed34-42c8-a8c4-3048dce12354,1,60
2026-09-24T07:12:32.087,POST,/desembolsos,201,176.8,87.4,,6a0901e8-8fbd-4299-a564-6a597f6aae84,1,60
2026-09-24T07:12:32.216,POST,/desembolsos,201,170.9,82.4,,54d5d73d-2c5c-40da-bf9b-881c41a64b33,1,60
2026-09-24T07:12:32.330,POST,/desembolsos,201,190.0,99.7,,e2c967cd-db85-4f2b-bb3c-a204cc73cc48,1,60
2026-09-24T07:12:32.413,POST,/desembolsos,201,171.0,84.2,,5d365d39-03e9-4fc9-ae91-db3aa64882a3,1,60
2026-09-24T07:12:32.494,POST,/desembolsos,201,174.4,84.2,,d99f3701-461c-4f2f-84d7-2a449677955f,1,60
2026-09-24T07:12:32.611,POST,/desembolsos,201,199.5,84.2,,4d45cee8-eb1f-44a5-8469-736f182e604d,1,60
2026-09-24T07:12:32.694,POST,/desembolsos,201,197.5,109.6,,4a83f5ac-8534-4c06-a194-b3afaa8f48fc,1,60
2026-09-24T07:12:32.792,POST,/desembolsos,201,177.7,83.6,,ce5099d1-0a35-439d-83ef-565f7226bf9f,1,60
2026-09-24T07:12:32.891,POST,/desembolsos,201,178.3,88.9,,157b7ea2-eb6e-41c6-b39c-3b4df4bfe4d3,1,60
2026-09-24T07:12:32.980,POST,/desembolsos,0,170.9,84.6,conexion: ClientOSError,c49580f7-b015-4267-9f4e-4bfca5eedbba,1,60
2026-09-24T07:12:33.124,POST,/desembolsos,0,2993.7,2993.3,timeout,a5eab6e1-cc8c-46ab-972a-372d20fee22c,1,60
2026-09-24T07:12:33.223,POST,/desembolsos,0,2986.8,2986.4,timeout,9431d987-ad47-4e46-8a88-c164d70837e2,1,60
2026-09-24T07:12:33.305,POST,/desembolsos,0,3001.4,3001.0,timeout,9df906bd-b125-4e42-9950-7f7b48ca3fea,1,60
2026-09-24T07:12:33.420,POST,/desembolsos,0,3002.4,3002.1,timeout,858bd983-21ca-4bb9-b195-bfb258d75156,1,60
2026-09-24T07:12:33.510,POST,/desembolsos,0,3012.7,3012.3,timeout,b75e054d-f8d2-4a93-ae09-d836deb6894a,1,60
2026-09-24T07:12:33.609,POST,/desembolsos,0,2994.6,2994.2,timeout,13528bfe-1fe8-4580-8389-ef7969e73d81,1,60
2026-09-24T07:12:33.705,POST,/desembolsos,0,3006.9,3006.6,timeout,0755903d-c180-4117-871b-91db7c6ca8bf,1,60
2026-09-24T07:12:33.821,POST,/desembolsos,0,3002.8,3002.6,timeout,c0a2b4e1-1ffe-4489-bece-a611005ffde0,1,60
2026-09-24T07:12:33.905,POST,/desembolsos,0,3000.0,2999.8,timeout,8005670a-5281-4173-848e-8b3e6766a91a,1,60
2026-09-24T07:12:34.018,POST,/desembolsos,0,3018.1,3017.7,timeout,f5b65429-929a-4f38-9fce-ab2744474a24,1,60
2026-09-24T07:12:34.126,POST,/desembolsos,0,2993.1,2992.7,timeout,782ffdd7-63c0-488b-bf33-abc02fd22436,1,60
2026-09-24T07:12:34.143,POST,/desembolsos,0,3010.0,3009.7,timeout,c49580f7-b015-4267-9f4e-4bfca5eedbba,2,60
2026-09-24T07:12:34.208,POST,/desembolsos,0,3010.7,3010.3,timeout,47c6afbd-b941-4909-a6d1-0b7ae08b4445,1,60
2026-09-24T07:12:34.306,POST,/desembolsos,0,3014.3,3013.8,timeout,3a5e886e-d8be-4274-956b-9b3f079125f1,1,60
2026-09-24T07:12:34.421,POST,/desembolsos,0,2998.4,2998.2,timeout,8de51b15-2f6e-4c34-b72a-b600ffcdb466,1,60
2026-09-24T07:12:34.516,POST,/desembolsos,0,3003.6,3003.4,timeout,0e58deb5-bf46-4b59-b268-cb69c34eb198,1,60
2026-09-24T07:12:34.624,POST,/desembolsos,0,2995.4,2995.0,timeout,26de3689-17dc-4293-a7c4-d5f3cdac7a54,1,60
2026-09-24T07:12:34.722,POST,/desembolsos,0,3012.2,3012.0,timeout,bd5f03d5-ccf9-4a2c-8ce0-6f2fbbb4bb6f,1,60
2026-09-24T07:12:34.819,POST,/desembolsos,0,3025.3,3025.0,timeout,27c76995-2c2f-4c18-bf7b-b0f9b5f950c1,1,60
2026-09-24T07:12:34.917,POST,/desembolsos,0,3008.3,3008.0,timeout,412394ab-69c3-4dae-ad9a-2422b89bd07b,1,60
2026-09-24T07:12:35.020,POST,/desembolsos,0,3001.1,3000.7,timeout,4bfcb045-8b0f-4c50-a280-a48deff7c884,1,60
2026-09-24T07:12:35.103,POST,/desembolsos,0,3000.7,3000.4,timeout,5bd679c8-c81b-4374-9f16-e6413ee616c5,1,60
2026-09-24T07:12:35.202,POST,/desembolsos,0,2998.8,2998.4,timeout,47b622b9-0a2b-4171-9625-05aa5f05f4f7,1,60
2026-09-24T07:12:35.316,POST,/desembolsos,0,2995.1,2994.8,timeout,90d273c4-d48d-4e67-9f94-bbe74b838fed,1,60
2026-09-24T07:12:35.417,POST,/desembolsos,0,2994.9,2994.7,timeout,6ab13ce2-33e4-46fe-a8f7-8733d4565a9a,1,60
2026-09-24T07:12:35.516,POST,/desembolsos,0,3006.2,3005.9,timeout,fb652e04-db26-40cb-85c9-c21981f43985,1,60
2026-09-24T07:12:35.614,POST,/desembolsos,0,3005.8,3005.6,timeout,dc7c1ef6-29a6-4ae5-ba84-e7a96716bc66,1,60
2026-09-24T07:12:35.694,POST,/desembolsos,0,3006.5,3006.1,timeout,af9867fb-5264-4b2a-b372-96296c9ac813,1,60
2026-09-24T07:12:35.809,POST,/desembolsos,0,3004.5,3004.2,timeout,ea47c809-a5a1-44ce-8a99-909265020a61,1,60
2026-09-24T07:12:35.924,POST,/desembolsos,0,3003.3,3001.3,timeout,b114aac2-c3e2-4680-86fc-0cf11a140aa4,1,60
2026-09-24T07:12:36.019,POST,/desembolsos,0,3015.9,3015.6,timeout,3508230b-51d2-4b8f-be2d-b70a872eba7d,1,60
2026-09-24T07:12:36.102,POST,/desembolsos,0,3016.2,3015.9,timeout,b8b68655-898b-4118-8b92-42f06a962f88,1,60
2026-09-24T07:12:36.209,POST,/desembolsos,0,3022.0,3021.6,timeout,538656a4-a7df-4411-8b19-cc277246509c,1,60
2026-09-24T07:12:36.307,POST,/desembolsos,0,3006.5,3006.3,timeout,15d941c5-9da5-4707-b602-e85ce3883681,1,60
2026-09-24T07:12:36.404,POST,/desembolsos,0,3007.3,3007.1,timeout,375d7707-6b7f-491f-8391-2aaf5b610a0d,1,60
2026-09-24T07:12:36.522,POST,/desembolsos,0,3004.4,3004.1,timeout,45fafef3-ff1f-475f-9196-13f93e84c778,1,60
2026-09-24T07:12:36.603,POST,/desembolsos,0,3004.1,3003.8,timeout,4fd487d5-7b04-43c5-99b9-b22e7e8b124a,1,60
2026-09-24T07:12:36.712,POST,/desembolsos,0,3026.5,3026.3,timeout,80ac61bf-25a4-409e-8a6a-a36f538e02e2,1,60
2026-09-24T07:12:36.792,POST,/desembolsos,0,3011.0,3010.8,timeout,ea91fa47-d455-4e1d-84d0-b2fd83f0d891,1,60
2026-09-24T07:12:36.904,POST,/desembolsos,0,2997.8,2997.6,timeout,94d36584-9587-4280-91bb-209a4ab203d8,1,60
2026-09-24T07:12:37.004,POST,/desembolsos,0,2999.1,2998.7,timeout,f6185e83-818b-4134-b54c-81e3dc8798d3,1,60
2026-09-24T07:12:37.102,POST,/desembolsos,0,3014.2,3013.9,timeout,bd0a0ac0-2384-4fb3-b3cf-21d2b92e541d,1,60
2026-09-24T07:12:37.119,POST,/desembolsos,0,2997.1,2996.8,timeout,a5eab6e1-cc8c-46ab-972a-372d20fee22c,2,60
2026-09-24T07:12:37.202,POST,/desembolsos,0,2998.4,2998.1,timeout,0d00bdfb-8467-4dd0-b4a6-90c108c23083,1,60
2026-09-24T07:12:37.219,POST,/desembolsos,0,2997.1,2997.0,timeout,9431d987-ad47-4e46-8a88-c164d70837e2,2,60
2026-09-24T07:12:37.319,POST,/desembolsos,0,3012.2,3011.9,timeout,53bafcc5-d528-41b3-9e4d-717b4df35d96,1,60
2026-09-24T07:12:37.320,POST,/desembolsos,0,3011.5,3011.4,timeout,9df906bd-b125-4e42-9950-7f7b48ca3fea,2,60
2026-09-24T07:12:37.418,POST,/desembolsos,0,3010.3,3010.0,timeout,6fa1fbe0-6b02-4c56-b711-aa9d8b59755f,1,60
2026-09-24T07:12:37.418,POST,/desembolsos,0,3009.2,3009.1,timeout,858bd983-21ca-4bb9-b195-bfb258d75156,2,60
2026-09-24T07:12:37.502,POST,/desembolsos,0,2991.3,2991.0,timeout,15a8941e-a2cb-4a14-9259-c5cc5945da23,1,60
2026-09-24T07:12:37.519,POST,/desembolsos,0,2990.2,2990.1,timeout,b75e054d-f8d2-4a93-ae09-d836deb6894a,2,60
2026-09-24T07:12:37.618,POST,/desembolsos,0,3005.9,3005.9,timeout,86a6397f-b529-4dff-ad31-51ae4fd1220b,1,60
2026-09-24T07:12:37.618,POST,/desembolsos,0,3007.1,3006.8,timeout,13528bfe-1fe8-4580-8389-ef7969e73d81,2,60
2026-09-24T07:12:37.700,POST,/desembolsos,0,3007.0,3006.7,timeout,ebbe4f83-4f1f-4066-9f03-2737fe2f19e7,1,60
2026-09-24T07:12:37.733,POST,/desembolsos,0,3007.9,3007.5,timeout,0755903d-c180-4117-871b-91db7c6ca8bf,2,60
2026-09-24T07:12:37.810,POST,/desembolsos,0,2994.4,2994.0,timeout,e40d2750-c32e-48d8-be3e-ed7ddfe935c7,1,60
2026-09-24T07:12:37.842,POST,/desembolsos,0,3010.8,3010.5,timeout,c0a2b4e1-1ffe-4489-bece-a611005ffde0,2,60
2026-09-24T07:12:37.909,POST,/desembolsos,0,2994.9,2994.7,timeout,8005670a-5281-4173-848e-8b3e6766a91a,2,60
2026-09-24T07:12:37.909,POST,/desembolsos,0,2994.4,2994.4,timeout,71bb111c-a297-4a28-b3c5-6aa366777f49,1,60
2026-09-24T07:12:38.020,POST,/desembolsos,0,3000.1,2999.8,timeout,c9281800-521c-43ad-8b6d-272307ecc9b5,1,60
2026-09-24T07:12:38.053,POST,/desembolsos,0,3017.0,3016.7,timeout,f5b65429-929a-4f38-9fce-ab2744474a24,2,60
2026-09-24T07:12:38.102,POST,/desembolsos,0,2999.9,2999.6,timeout,73873483-232a-4702-b82b-e7ec1f5bc390,1,60
2026-09-24T07:12:38.119,POST,/desembolsos,0,3000.8,3000.6,timeout,782ffdd7-63c0-488b-bf33-abc02fd22436,2,60
2026-09-24T07:12:38.151,POST,/desembolsos,0,3001.6,3001.2,timeout,c49580f7-b015-4267-9f4e-4bfca5eedbba,3,60
2026-09-24T07:12:38.200,POST,/desembolsos,0,3001.7,3001.5,timeout,1e954987-94e2-43eb-acb9-4a8d2a9ff621,1,60
2026-09-24T07:12:38.217,POST,/desembolsos,0,3001.8,3001.4,timeout,47c6afbd-b941-4909-a6d1-0b7ae08b4445,2,60
2026-09-24T07:12:38.310,POST,/desembolsos,0,3008.8,3008.4,timeout,5a5495a4-a66c-4080-8836-16954a00d1d7,1,60
2026-09-24T07:12:38.327,POST,/desembolsos,0,2992.2,2991.8,timeout,3a5e886e-d8be-4274-956b-9b3f079125f1,2,60
2026-09-24T07:12:38.410,POST,/desembolsos,0,2992.0,2991.4,timeout,0460707f-cc90-4a90-b141-7dd444e80769,1,60
2026-09-24T07:12:38.411,POST,/desembolsos,0,3007.3,3007.2,timeout,8de51b15-2f6e-4c34-b72a-b600ffcdb466,2,60
2026-09-24T07:12:38.490,POST,/desembolsos,0,3019.8,3019.6,timeout,644e0d03-2ee2-4301-924b-5fd771ea3948,1,60
2026-09-24T07:12:38.522,POST,/desembolsos,0,2989.0,2988.8,timeout,0e58deb5-bf46-4b59-b268-cb69c34eb198,2,60
2026-09-24T07:12:38.602,POST,/desembolsos,0,3005.2,3004.8,timeout,92c40463-4a56-4eb2-af61-a24ee147737f,1,60
2026-09-24T07:12:38.619,POST,/desembolsos,0,3005.0,3004.8,timeout,26de3689-17dc-4293-a7c4-d5f3cdac7a54,2,60
2026-09-24T07:12:38.700,POST,/desembolsos,0,3005.9,3005.7,timeout,48bb9d47-4196-4515-9154-1cc2a87fd58d,1,60
2026-09-24T07:12:38.733,POST,/desembolsos,0,3006.7,3006.3,timeout,bd5f03d5-ccf9-4a2c-8ce0-6f2fbbb4bb6f,2,60
2026-09-24T07:12:38.812,POST,/desembolsos,0,2993.1,2992.8,timeout,52d7f72a-e311-4d4b-940c-e1c7eedf7a16,1,60
2026-09-24T07:12:38.860,POST,/desembolsos,0,2994.6,2994.2,timeout,27c76995-2c2f-4c18-bf7b-b0f9b5f950c1,2,60
2026-09-24T07:12:38.909,POST,/desembolsos,0,2996.7,2996.4,timeout,6140bc60-95f1-4262-9db7-11ddd6b4769c,1,60
2026-09-24T07:12:38.926,POST,/desembolsos,0,2996.4,2996.1,timeout,412394ab-69c3-4dae-ad9a-2422b89bd07b,2,60
2026-09-24T07:12:39.035,POST,/desembolsos,0,2985.7,2985.5,timeout,4bfcb045-8b0f-4c50-a280-a48deff7c884,2,60
2026-09-24T07:12:39.117,POST,/desembolsos,0,2999.8,2999.5,timeout,5bd679c8-c81b-4374-9f16-e6413ee616c5,2,60
2026-09-24T07:12:39.198,POST,/desembolsos,0,2999.8,2999.5,timeout,47b622b9-0a2b-4171-9625-05aa5f05f4f7,2,60
2026-09-24T07:12:39.314,POST,/desembolsos,0,3000.9,3000.7,timeout,90d273c4-d48d-4e67-9f94-bbe74b838fed,2,60
2026-09-24T07:12:39.411,POST,/desembolsos,0,3002.9,3002.7,timeout,6ab13ce2-33e4-46fe-a8f7-8733d4565a9a,2,60
2026-09-24T07:12:39.526,POST,/desembolsos,0,2986.7,2986.5,timeout,fb652e04-db26-40cb-85c9-c21981f43985,2,60
2026-09-24T07:12:39.624,POST,/desembolsos,0,3019.8,3019.5,timeout,dc7c1ef6-29a6-4ae5-ba84-e7a96716bc66,2,60
2026-09-24T07:12:39.707,POST,/desembolsos,0,3001.9,3001.5,timeout,af9867fb-5264-4b2a-b372-96296c9ac813,2,60
2026-09-24T07:12:39.803,POST,/desembolsos,0,3004.0,3003.8,timeout,ea47c809-a5a1-44ce-8a99-909265020a61,2,60
2026-09-24T07:12:39.919,POST,/desembolsos,0,3018.4,3018.1,timeout,b114aac2-c3e2-4680-86fc-0cf11a140aa4,2,60
2026-09-24T07:12:40.035,POST,/desembolsos,0,2984.4,2984.2,timeout,3508230b-51d2-4b8f-be2d-b70a872eba7d,2,60
2026-09-24T07:12:40.116,POST,/desembolsos,0,3011.5,3011.3,timeout,b8b68655-898b-4118-8b92-42f06a962f88,2,60
2026-09-24T07:12:40.216,POST,/desembolsos,0,2996.2,2996.1,timeout,538656a4-a7df-4411-8b19-cc277246509c,2,60
2026-09-24T07:12:40.315,POST,/desembolsos,0,3013.0,3012.8,timeout,15d941c5-9da5-4707-b602-e85ce3883681,2,60
2026-09-24T07:12:40.428,POST,/desembolsos,0,3009.7,3009.5,timeout,375d7707-6b7f-491f-8391-2aaf5b610a0d,2,60
2026-09-24T07:12:40.509,POST,/desembolsos,0,3006.3,3006.1,timeout,45fafef3-ff1f-475f-9196-13f93e84c778,2,60
2026-09-24T07:12:40.607,POST,/desembolsos,0,3003.2,3002.8,timeout,4fd487d5-7b04-43c5-99b9-b22e7e8b124a,2,60
2026-09-24T07:12:40.741,POST,/desembolsos,0,3012.1,3011.9,timeout,80ac61bf-25a4-409e-8a6a-a36f538e02e2,2,60
2026-09-24T07:12:40.804,POST,/desembolsos,0,3011.2,3011.0,timeout,ea91fa47-d455-4e1d-84d0-b2fd83f0d891,2,60
2026-09-24T07:12:40.903,POST,/desembolsos,0,3021.2,3020.9,timeout,94d36584-9587-4280-91bb-209a4ab203d8,2,60
2026-09-24T07:12:41.003,POST,/desembolsos,0,3013.7,3013.4,timeout,f6185e83-818b-4134-b54c-81e3dc8798d3,2,60
2026-09-24T07:12:41.119,POST,/desembolsos,0,3007.2,3007.1,timeout,bd0a0ac0-2384-4fb3-b3cf-21d2b92e541d,2,60
2026-09-24T07:12:41.119,POST,/desembolsos,0,3008.5,3008.3,timeout,a5eab6e1-cc8c-46ab-972a-372d20fee22c,3,60
2026-09-24T07:12:41.152,POST,/desembolsos,0,3006.6,3006.3,timeout,b9cc58bc-afb6-4718-8285-05f8caac25cf,1,60
2026-09-24T07:12:41.202,POST,/desembolsos,0,3004.2,3004.0,timeout,0d00bdfb-8467-4dd0-b4a6-90c108c23083,2,60
2026-09-24T07:12:41.219,POST,/desembolsos,0,3019.4,3019.1,timeout,9431d987-ad47-4e46-8a88-c164d70837e2,3,60
2026-09-24T07:12:41.319,POST,/desembolsos,0,3012.8,3012.7,timeout,53bafcc5-d528-41b3-9e4d-717b4df35d96,2,60
2026-09-24T07:12:41.319,POST,/desembolsos,0,3013.6,3013.3,timeout,9df906bd-b125-4e42-9950-7f7b48ca3fea,3,60
2026-09-24T07:12:41.418,POST,/desembolsos,0,3008.8,3008.7,timeout,6fa1fbe0-6b02-4c56-b711-aa9d8b59755f,2,60
2026-09-24T07:12:41.418,POST,/desembolsos,0,3009.7,3009.5,timeout,858bd983-21ca-4bb9-b195-bfb258d75156,3,60
2026-09-24T07:12:41.510,POST,/desembolsos,0,3011.3,3011.3,timeout,b75e054d-f8d2-4a93-ae09-d836deb6894a,3,60
2026-09-24T07:12:41.510,POST,/desembolsos,0,3012.0,3011.9,timeout,15a8941e-a2cb-4a14-9259-c5cc5945da23,2,60
2026-09-24T07:12:41.625,POST,/desembolsos,0,3007.2,3007.1,timeout,86a6397f-b529-4dff-ad31-51ae4fd1220b,2,60
2026-09-24T07:12:41.625,POST,/desembolsos,0,3007.8,3007.7,timeout,13528bfe-1fe8-4580-8389-ef7969e73d81,3,60
2026-09-24T07:12:41.707,POST,/desembolsos,0,2989.2,2989.0,timeout,ebbe4f83-4f1f-4066-9f03-2737fe2f19e7,2,60
2026-09-24T07:12:41.740,POST,/desembolsos,0,3003.9,3003.8,timeout,0755903d-c180-4117-871b-91db7c6ca8bf,3,60
2026-09-24T07:12:41.805,POST,/desembolsos,0,3003.1,3002.9,timeout,e40d2750-c32e-48d8-be3e-ed7ddfe935c7,2,60
2026-09-24T07:12:41.855,POST,/desembolsos,0,3015.0,3014.8,timeout,c0a2b4e1-1ffe-4489-bece-a611005ffde0,3,60
2026-09-24T07:12:41.905,POST,/desembolsos,0,2997.5,2997.4,timeout,71bb111c-a297-4a28-b3c5-6aa366777f49,2,60
2026-09-24T07:12:41.905,POST,/desembolsos,0,2997.2,2997.1,timeout,8005670a-5281-4173-848e-8b3e6766a91a,3,60
2026-09-24T07:12:42.019,POST,/desembolsos,0,2993.3,2993.0,timeout,c9281800-521c-43ad-8b6d-272307ecc9b5,2,60
2026-09-24T07:12:42.084,POST,/desembolsos,0,3011.4,3011.2,timeout,f5b65429-929a-4f38-9fce-ab2744474a24,3,60
2026-09-24T07:12:42.084,POST,/desembolsos,0,3011.7,3011.5,timeout,73873483-232a-4702-b82b-e7ec1f5bc390,2,60
2026-09-24T07:12:42.117,POST,/desembolsos,0,3011.6,3011.4,timeout,782ffdd7-63c0-488b-bf33-abc02fd22436,3,60
2026-09-24T07:12:42.198,POST,/desembolsos,0,3004.7,3004.6,timeout,1e954987-94e2-43eb-acb9-4a8d2a9ff621,2,60
2026-09-24T07:12:42.215,POST,/desembolsos,0,3004.9,3004.6,timeout,47c6afbd-b941-4909-a6d1-0b7ae08b4445,3,60
2026-09-24T07:12:42.330,POST,/desembolsos,0,2995.0,2994.8,timeout,3a5e886e-d8be-4274-956b-9b3f079125f1,3,60
2026-09-24T07:12:42.330,POST,/desembolsos,0,2994.5,2994.4,timeout,5a5495a4-a66c-4080-8836-16954a00d1d7,2,60
2026-09-24T07:12:42.413,POST,/desembolsos,0,3006.7,3006.4,timeout,0460707f-cc90-4a90-b141-7dd444e80769,2,60
2026-09-24T07:12:42.413,POST,/desembolsos,0,3005.8,3005.8,timeout,8de51b15-2f6e-4c34-b72a-b600ffcdb466,3,60
2026-09-24T07:12:42.512,POST,/desembolsos,0,3005.2,3005.1,timeout,0e58deb5-bf46-4b59-b268-cb69c34eb198,3,60
2026-09-24T07:12:42.512,POST,/desembolsos,0,3006.3,3006.0,timeout,644e0d03-2ee2-4301-924b-5fd771ea3948,2,60
2026-09-24T07:12:42.610,POST,/desembolsos,0,2991.6,2991.2,timeout,92c40463-4a56-4eb2-af61-a24ee147737f,2,60
2026-09-24T07:12:42.643,POST,/desembolsos,0,2991.0,2990.7,timeout,26de3689-17dc-4293-a7c4-d5f3cdac7a54,3,60
2026-09-24T07:12:42.708,POST,/desembolsos,0,3009.6,3009.4,timeout,48bb9d47-4196-4515-9154-1cc2a87fd58d,2,60
2026-09-24T07:12:42.742,POST,/desembolsos,0,3008.6,3008.3,timeout,bd5f03d5-ccf9-4a2c-8ce0-6f2fbbb4bb6f,3,60
2026-09-24T07:12:42.807,POST,/desembolsos,0,2991.2,2990.9,timeout,52d7f72a-e311-4d4b-940c-e1c7eedf7a16,2,60
2026-09-24T07:12:42.856,POST,/desembolsos,0,3007.6,3007.3,timeout,27c76995-2c2f-4c18-bf7b-b0f9b5f950c1,3,60
2026-09-24T07:12:42.906,POST,/desembolsos,0,2991.2,2990.9,timeout,6140bc60-95f1-4262-9db7-11ddd6b4769c,2,60
2026-09-24T07:12:42.937,POST,/desembolsos,0,2976.0,2975.9,timeout,412394ab-69c3-4dae-ad9a-2422b89bd07b,3,60
2026-09-24T07:12:43.018,POST,/desembolsos,0,3002.9,3002.7,timeout,4bfcb045-8b0f-4c50-a280-a48deff7c884,3,60
2026-09-24T07:12:43.128,POST,/desembolsos,0,3003.6,3003.4,timeout,5bd679c8-c81b-4374-9f16-e6413ee616c5,3,60
2026-09-24T07:12:43.212,POST,/desembolsos,0,3002.5,3002.3,timeout,47b622b9-0a2b-4171-9625-05aa5f05f4f7,3,60
2026-09-24T07:12:43.328,POST,/desembolsos,0,3003.8,3003.6,timeout,90d273c4-d48d-4e67-9f94-bbe74b838fed,3,60
2026-09-24T07:12:43.436,POST,/desembolsos,0,3000.4,3000.0,timeout,6ab13ce2-33e4-46fe-a8f7-8733d4565a9a,3,60
2026-09-24T07:12:43.515,POST,/desembolsos,0,2991.7,2991.4,timeout,fb652e04-db26-40cb-85c9-c21981f43985,3,60
2026-09-24T07:12:43.642,POST,/desembolsos,0,2988.8,2988.6,timeout,dc7c1ef6-29a6-4ae5-ba84-e7a96716bc66,3,60
2026-09-24T07:12:43.721,POST,/desembolsos,0,3008.7,3008.5,timeout,af9867fb-5264-4b2a-b372-96296c9ac813,3,60
2026-09-24T07:12:43.815,POST,/desembolsos,0,2978.0,2977.8,timeout,ea47c809-a5a1-44ce-8a99-909265020a61,3,60
2026-09-24T07:12:43.925,POST,/desembolsos,0,3001.0,3000.9,timeout,b114aac2-c3e2-4680-86fc-0cf11a140aa4,3,60
2026-09-24T07:12:44.017,POST,/desembolsos,0,3003.6,3003.5,timeout,3508230b-51d2-4b8f-be2d-b70a872eba7d,3,60
2026-09-24T07:12:44.127,POST,/desembolsos,0,2992.1,2992.1,timeout,be6fe52f-a851-4e16-b902-463d54918150,1,60
2026-09-24T07:12:44.127,POST,/desembolsos,0,2992.9,2992.7,timeout,b8b68655-898b-4118-8b92-42f06a962f88,3,60
2026-09-24T07:12:44.238,POST,/desembolsos,0,2997.5,2997.5,timeout,538656a4-a7df-4411-8b19-cc277246509c,3,60
2026-09-24T07:12:44.238,POST,/desembolsos,0,2998.2,2998.0,timeout,2d6d77b8-898d-4454-be02-2580001fc847,1,60
2026-09-24T07:12:44.332,POST,/desembolsos,0,2986.4,2986.3,timeout,15d941c5-9da5-4707-b602-e85ce3883681,3,60
2026-09-24T07:12:44.348,POST,/desembolsos,0,3004.4,3004.1,timeout,521e0d4d-8f9d-4c34-9737-2256599732e7,1,60
2026-09-24T07:12:44.428,POST,/desembolsos,0,3007.7,3007.4,timeout,375d7707-6b7f-491f-8391-2aaf5b610a0d,3,60
2026-09-24T07:12:44.443,POST,/desembolsos,0,3009.0,3008.8,timeout,ba8ff216-5e16-4c2f-b9d5-7e9485f51e49,1,60
2026-09-24T07:12:44.521,POST,/desembolsos,0,3011.7,3011.5,timeout,45fafef3-ff1f-475f-9196-13f93e84c778,3,60
2026-09-24T07:12:44.553,POST,/desembolsos,0,3025.3,3025.1,timeout,7f62de18-59c9-48a2-8029-7c713959b5b7,1,60
2026-09-24T07:12:44.601,POST,/desembolsos,0,3009.9,3009.6,timeout,4fd487d5-7b04-43c5-99b9-b22e7e8b124a,3,60
2026-09-24T07:12:44.648,POST,/desembolsos,0,3012.8,3012.6,timeout,457a2ac9-37fe-486e-9560-3c03f152c4dc,1,60
2026-09-24T07:12:44.744,POST,/desembolsos,0,2999.8,2999.7,timeout,67e5f8b8-efee-44de-868a-723d953a9e73,1,60
2026-09-24T07:12:44.743,POST,/desembolsos,0,3000.8,3000.6,timeout,80ac61bf-25a4-409e-8a6a-a36f538e02e2,3,60
2026-09-24T07:12:44.807,POST,/desembolsos,0,3002.3,3002.1,timeout,ea91fa47-d455-4e1d-84d0-b2fd83f0d891,3,60
2026-09-24T07:12:44.870,POST,/desembolsos,0,3005.0,3004.7,timeout,a3053885-8f45-4d22-abc8-9f2e59dd994e,1,60
2026-09-24T07:12:44.919,POST,/desembolsos,0,3005.4,3005.1,timeout,94d36584-9587-4280-91bb-209a4ab203d8,3,60
2026-09-24T07:12:44.979,POST,/desembolsos,0,3007.9,3007.7,timeout,bcafc07d-ed7a-4cca-88ce-c0149a04b314,1,60
2026-09-24T07:12:45.012,POST,/desembolsos,0,3007.1,3006.9,timeout,f6185e83-818b-4134-b54c-81e3dc8798d3,3,60
2026-09-24T07:12:45.095,POST,/desembolsos,0,3008.1,3007.8,timeout,40f46483-3aee-47ad-9d1c-ff8319d8cfe8,1,60
2026-09-24T07:12:45.127,POST,/desembolsos,0,3000.3,3000.0,timeout,bd0a0ac0-2384-4fb3-b3cf-21d2b92e541d,3,60
2026-09-24T07:12:45.160,POST,/desembolsos,0,3000.9,3000.6,timeout,b9cc58bc-afb6-4718-8285-05f8caac25cf,2,60
2026-09-24T07:12:45.202,POST,/desembolsos,0,2993.5,2993.5,timeout,0d00bdfb-8467-4dd0-b4a6-90c108c23083,3,60
2026-09-24T07:12:45.201,POST,/desembolsos,0,2994.7,2994.4,timeout,39ed18d3-687b-47e5-8244-2087b485ef2b,1,60
2026-09-24T07:12:45.303,POST,/desembolsos,0,3009.7,3009.4,timeout,8b6728f7-a1d7-4897-b7e2-d8190c95602d,1,60
2026-09-24T07:12:45.324,POST,/desembolsos,0,3004.3,3004.0,timeout,53bafcc5-d528-41b3-9e4d-717b4df35d96,3,60
2026-09-24T07:12:45.403,POST,/desembolsos,0,3007.9,3007.5,timeout,4dfe1631-50e6-4f68-925f-227ca869a023,1,60
2026-09-24T07:12:45.420,POST,/desembolsos,0,3006.4,3006.2,timeout,6fa1fbe0-6b02-4c56-b711-aa9d8b59755f,3,60
2026-09-24T07:12:45.501,POST,/desembolsos,0,3002.8,3002.5,timeout,89434fcc-4ef6-4e18-9841-adbd501e4641,1,60
2026-09-24T07:12:45.518,POST,/desembolsos,0,3001.0,3000.8,timeout,15a8941e-a2cb-4a14-9259-c5cc5945da23,3,60
2026-09-24T07:12:45.601,POST,/desembolsos,0,2983.4,2983.1,timeout,99c024ce-8640-463c-9446-21d849845675,1,60
2026-09-24T07:12:45.634,POST,/desembolsos,0,3009.3,3009.0,timeout,86a6397f-b529-4dff-ad31-51ae4fd1220b,3,60
2026-09-24T07:12:45.701,POST,/desembolsos,0,3003.3,3003.2,timeout,ebbe4f83-4f1f-4066-9f03-2737fe2f19e7,3,60
2026-09-24T07:12:45.701,POST,/desembolsos,0,3004.5,3004.2,timeout,3fcc57a8-8448-434a-9390-178cabb69562,1,60
2026-09-24T07:12:45.798,POST,/desembolsos,0,3006.4,3006.2,timeout,87d2db9e-81b7-4f68-9229-a047f9cb0d16,1,60
2026-09-24T07:12:45.798,POST,/desembolsos,0,3005.8,3005.8,timeout,e40d2750-c32e-48d8-be3e-ed7ddfe935c7,3,60
2026-09-24T07:12:45.897,POST,/desembolsos,0,3005.5,3005.1,timeout,71bb111c-a297-4a28-b3c5-6aa366777f49,3,60
2026-09-24T07:12:45.897,POST,/desembolsos,0,3004.6,3004.6,timeout,af0ada50-687d-430d-814b-059b7d4ff0d6,1,60
2026-09-24T07:12:46.003,POST,/desembolsos,0,2993.1,2992.7,timeout,960ebaae-44a2-4b7f-a128-503c96d1ae1c,1,60
2026-09-24T07:12:46.019,POST,/desembolsos,0,3007.5,3007.1,timeout,c9281800-521c-43ad-8b6d-272307ecc9b5,3,60
2026-09-24T07:12:46.099,POST,/desembolsos,0,3011.3,3011.2,timeout,73873483-232a-4702-b82b-e7ec1f5bc390,3,60
2026-09-24T07:12:46.099,POST,/desembolsos,0,3011.9,3011.7,timeout,7916f8e7-bb00-4270-bd35-2fb14c6566fa,1,60
2026-09-24T07:12:46.197,POST,/desembolsos,0,3011.7,3011.6,timeout,aa49f58d-6e8e-4299-a40c-1feb9b9772e0,1,60
2026-09-24T07:12:46.197,POST,/desembolsos,0,3013.1,3012.8,timeout,1e954987-94e2-43eb-acb9-4a8d2a9ff621,3,60
2026-09-24T07:12:46.298,POST,/desembolsos,0,3004.1,3003.9,timeout,3c10515a-4b4a-48f6-aa76-a027047b248b,1,60
2026-09-24T07:12:46.331,POST,/desembolsos,0,2988.0,2987.7,timeout,5a5495a4-a66c-4080-8836-16954a00d1d7,3,60
2026-09-24T07:12:46.402,POST,/desembolsos,0,2998.8,2998.4,timeout,5fdf45a3-0785-4fc1-80a8-329326ee81ea,1,60
2026-09-24T07:12:46.435,POST,/desembolsos,0,2998.1,2997.8,timeout,0460707f-cc90-4a90-b141-7dd444e80769,3,60
2026-09-24T07:12:46.506,POST,/desembolsos,0,3011.0,3010.9,timeout,644e0d03-2ee2-4301-924b-5fd771ea3948,3,60
2026-09-24T07:12:46.505,POST,/desembolsos,0,3012.0,3011.8,timeout,2cac1c11-762c-430b-9540-bbc4b7a56045,1,60
2026-09-24T07:12:46.598,POST,/desembolsos,0,3000.0,3000.0,timeout,92c40463-4a56-4eb2-af61-a24ee147737f,3,60
2026-09-24T07:12:46.598,POST,/desembolsos,0,3001.3,3000.9,timeout,4ad4556c-ce04-46cc-a9e4-6904d17cf10d,1,60
2026-09-24T07:12:46.696,POST,/desembolsos,0,3001.3,3001.1,timeout,59567d08-27d4-40b8-b052-efae4dc3b244,1,60
2026-09-24T07:12:46.728,POST,/desembolsos,0,3001.6,3001.3,timeout,48bb9d47-4196-4515-9154-1cc2a87fd58d,3,60
2026-09-24T07:12:46.792,POST,/desembolsos,0,3001.1,3001.1,timeout,08ba037d-41b3-4996-a7b3-8facd46bfeed,1,60
2026-09-24T07:12:46.792,POST,/desembolsos,0,3002.1,3001.8,timeout,52d7f72a-e311-4d4b-940c-e1c7eedf7a16,3,60
2026-09-24T07:12:46.909,POST,/desembolsos,0,3000.1,3000.0,timeout,6140bc60-95f1-4262-9db7-11ddd6b4769c,3,60
2026-09-24T07:12:46.909,POST,/desembolsos,0,3001.4,3001.1,timeout,ef508e3b-6ebb-4593-8107-7492d83d18e5,1,60
2026-09-24T07:12:47.004,POST,/desembolsos,0,3000.9,3000.7,timeout,488d8a8b-b973-4ffb-b056-77dc58891039,1,60
2026-09-24T07:12:47.103,POST,/desembolsos,0,3016.8,3016.4,timeout,b62a597e-6acf-4cba-b86c-4deaf4efa3ed,1,60
2026-09-24T07:12:47.202,POST,/desembolsos,0,2998.4,2998.0,timeout,d0e9273b-f9df-4ccf-9c99-6785d71e757c,1,60
2026-09-24T07:12:47.302,POST,/desembolsos,0,3009.3,3008.9,timeout,4f809c96-31f0-4d63-a547-78a5ebb76c11,1,60
2026-09-24T07:12:47.402,POST,/desembolsos,0,3007.6,3007.2,timeout,bcb6c580-fd58-4ce7-96af-29ea597af60b,1,60
2026-09-24T07:12:47.500,POST,/desembolsos,0,3007.7,3007.4,timeout,ff6a4f2d-8bbd-4b2d-9aa6-9f476908057c,1,60
2026-09-24T07:12:47.578,POST,/desembolsos,0,2994.6,2994.4,timeout,1b110a38-f757-4962-8857-5243ea896ef8,1,60
2026-09-24T07:12:47.694,POST,/desembolsos,0,3008.4,3008.0,timeout,ea5a4e65-8e75-49d3-9f25-3752adbba046,1,60
2026-09-24T07:12:47.808,POST,/desembolsos,0,2991.7,2991.4,timeout,dd95e229-d4b2-4aac-be53-ed109beeb1f0,1,60
2026-09-24T07:12:47.908,POST,/desembolsos,0,3004.2,3003.9,timeout,b13c638b-be43-49af-a42a-fe7ce0b89640,1,60
2026-09-24T07:12:47.987,POST,/desembolsos,0,2992.6,2992.4,timeout,d50299ff-4bcf-4f8c-bddf-ca2cbfbc3656,1,60
2026-09-24T07:12:48.103,POST,/desembolsos,0,3007.5,3007.2,timeout,522121d9-71fb-4641-b1fe-b5d012eb0517,1,60
2026-09-24T07:12:48.128,POST,/desembolsos,0,3016.0,3015.9,timeout,be6fe52f-a851-4e16-b902-463d54918150,2,60
2026-09-24T07:12:48.194,POST,/desembolsos,0,3014.9,3014.6,timeout,f5ab1cf8-d6f9-4ae5-9ede-ed3b53a6683c,1,60
2026-09-24T07:12:48.228,POST,/desembolsos,0,2981.9,2981.7,timeout,2d6d77b8-898d-4454-be02-2580001fc847,2,60
2026-09-24T07:12:48.311,POST,/desembolsos,0,2998.8,2998.5,timeout,b817f48e-82bb-48a3-96ee-8459a79619a1,1,60
2026-09-24T07:12:48.361,POST,/desembolsos,0,3009.8,3009.4,timeout,521e0d4d-8f9d-4c34-9737-2256599732e7,2,60
2026-09-24T07:12:48.410,POST,/desembolsos,0,2995.1,2994.8,timeout,04a034a6-2c9e-4089-83f6-bb87830026b7,1,60
2026-09-24T07:12:48.469,POST,/desembolsos,0,3001.5,3001.1,timeout,ba8ff216-5e16-4c2f-b9d5-7e9485f51e49,2,60
2026-09-24T07:12:48.502,POST,/desembolsos,0,3001.5,3001.1,timeout,88da0bd0-1066-4707-95c3-79cfdf9f9bba,1,60
2026-09-24T07:12:48.583,POST,/desembolsos,0,3004.3,3004.0,timeout,7f62de18-59c9-48a2-8029-7c713959b5b7,2,60
2026-09-24T07:12:48.584,POST,/desembolsos,0,3003.5,3003.4,timeout,40a78423-3fc5-49ec-be72-c6328dbce0ba,1,60
2026-09-24T07:12:48.686,POST,/desembolsos,0,2999.1,2998.9,timeout,457a2ac9-37fe-486e-9560-3c03f152c4dc,2,60
2026-09-24T07:12:48.686,POST,/desembolsos,0,2998.6,2998.5,timeout,d37a7246-d580-4300-b2c2-4ef969bc83b6,1,60
2026-09-24T07:12:48.753,POST,/desembolsos,0,2996.9,2996.7,timeout,67e5f8b8-efee-44de-868a-723d953a9e73,2,60
2026-09-24T07:12:48.803,POST,/desembolsos,0,2997.2,2997.1,timeout,7ac757e6-5d5a-4214-ba18-faa9550a7786,1,60
2026-09-24T07:12:48.869,POST,/desembolsos,0,3010.8,3010.5,timeout,a3053885-8f45-4d22-abc8-9f2e59dd994e,2,60
2026-09-24T07:12:48.902,POST,/desembolsos,0,3011.1,3010.9,timeout,fe843b93-2ae9-454f-b057-2204f10bb454,1,60
2026-09-24T07:12:48.995,POST,/desembolsos,0,2999.1,2999.0,timeout,85df19c7-7463-484f-98d5-91f8018ebbee,1,60
2026-09-24T07:12:48.995,POST,/desembolsos,0,3000.1,2999.7,timeout,bcafc07d-ed7a-4cca-88ce-c0149a04b314,2,60
2026-09-24T07:12:49.109,POST,/desembolsos,0,2999.2,2998.9,timeout,b34e17a9-d419-4ada-a0f3-e741a024d777,1,60
2026-09-24T07:12:49.109,POST,/desembolsos,0,2998.4,2998.3,timeout,40f46483-3aee-47ad-9d1c-ff8319d8cfe8,2,60
2026-09-24T07:12:49.175,POST,/desembolsos,0,2998.0,2997.8,timeout,b9cc58bc-afb6-4718-8285-05f8caac25cf,3,60
2026-09-24T07:12:49.209,POST,/desembolsos,0,3014.0,3013.9,timeout,39ed18d3-687b-47e5-8244-2087b485ef2b,2,60
2026-09-24T07:12:49.209,POST,/desembolsos,0,3015.9,3015.6,timeout,28f6a63e-82b6-45b2-8dd0-c0a1df394847,1,60
2026-09-24T07:12:49.302,POST,/desembolsos,0,3021.2,3021.0,timeout,c7dc48be-59ba-461d-ba4e-8a5c007b4d7e,1,60
2026-09-24T07:12:49.302,POST,/desembolsos,0,3020.5,3020.5,timeout,8b6728f7-a1d7-4897-b7e2-d8190c95602d,2,60
2026-09-24T07:12:49.400,POST,/desembolsos,0,3004.6,3004.3,timeout,eb53edbf-19d7-4843-98c4-80cb373d76c0,1,60
2026-09-24T07:12:49.400,POST,/desembolsos,0,3003.5,3003.5,timeout,4dfe1631-50e6-4f68-925f-227ca869a023,2,60
2026-09-24T07:12:49.500,POST,/desembolsos,0,3019.0,3018.7,timeout,4ca6c86f-71ba-477d-9f92-6cab29e3e1aa,1,60
2026-09-24T07:12:49.500,POST,/desembolsos,0,3018.0,3018.0,timeout,89434fcc-4ef6-4e18-9841-adbd501e4641,2,60
2026-09-24T07:12:49.599,POST,/desembolsos,0,3003.4,3003.4,timeout,18544a06-565d-40b7-bff5-60cabd417e2c,1,60
2026-09-24T07:12:49.599,POST,/desembolsos,0,3004.6,3004.2,timeout,99c024ce-8640-463c-9446-21d849845675,2,60
2026-09-24T07:12:49.697,POST,/desembolsos,0,3004.2,3004.0,timeout,3fcc57a8-8448-434a-9390-178cabb69562,2,60
2026-09-24T07:12:49.697,POST,/desembolsos,0,3003.5,3003.5,timeout,71a87125-bce8-4791-bb48-10513cf51a1f,1,60
2026-09-24T07:12:49.794,POST,/desembolsos,0,3002.9,3002.9,timeout,87d2db9e-81b7-4f68-9229-a047f9cb0d16,2,60
2026-09-24T07:12:49.794,POST,/desembolsos,0,3003.7,3003.5,timeout,6fa0e082-ac2f-4cac-9671-5d9d280af53c,1,60
2026-09-24T07:12:49.909,POST,/desembolsos,0,3003.2,3002.9,timeout,29002fe7-5985-47a2-9411-26d973743129,1,60
2026-09-24T07:12:49.911,POST,/desembolsos,0,3002.3,3002.3,timeout,af0ada50-687d-430d-814b-059b7d4ff0d6,2,60
2026-09-24T07:12:50.004,POST,/desembolsos,0,3000.5,3000.2,timeout,ec738649-d1c2-423c-983e-a8edebfcd5c8,1,60
2026-09-24T07:12:50.004,POST,/desembolsos,0,2999.4,2999.3,timeout,960ebaae-44a2-4b7f-a128-503c96d1ae1c,2,60
2026-09-24T07:12:50.119,POST,/desembolsos,0,2999.8,2999.5,timeout,7916f8e7-bb00-4270-bd35-2fb14c6566fa,2,60
2026-09-24T07:12:50.217,POST,/desembolsos,0,3000.3,2999.9,timeout,aa49f58d-6e8e-4299-a40c-1feb9b9772e0,2,60
2026-09-24T07:12:50.311,POST,/desembolsos,0,3005.8,3005.5,timeout,3c10515a-4b4a-48f6-aa76-a027047b248b,2,60
2026-09-24T07:12:50.410,POST,/desembolsos,0,2991.9,2991.8,timeout,5fdf45a3-0785-4fc1-80a8-329326ee81ea,2,60
2026-09-24T07:12:50.507,POST,/desembolsos,0,3004.2,3004.0,timeout,2cac1c11-762c-430b-9540-bbc4b7a56045,2,60
2026-09-24T07:12:50.605,POST,/desembolsos,0,3006.4,3006.2,timeout,4ad4556c-ce04-46cc-a9e4-6904d17cf10d,2,60
2026-09-24T07:12:50.702,POST,/desembolsos,0,3006.5,3006.3,timeout,59567d08-27d4-40b8-b052-efae4dc3b244,2,60
2026-09-24T07:12:50.799,POST,/desembolsos,0,2991.2,2990.8,timeout,08ba037d-41b3-4996-a7b3-8facd46bfeed,2,60
2026-09-24T07:12:50.912,POST,/desembolsos,0,3008.2,3007.9,timeout,ef508e3b-6ebb-4593-8107-7492d83d18e5,2,60
2026-09-24T07:12:51.012,POST,/desembolsos,0,3001.6,3001.3,timeout,488d8a8b-b973-4ffb-b056-77dc58891039,2,60
2026-09-24T07:12:51.143,POST,/desembolsos,0,3001.2,3000.9,timeout,b62a597e-6acf-4cba-b86c-4deaf4efa3ed,2,60
2026-09-24T07:12:51.209,POST,/desembolsos,0,3017.7,3017.5,timeout,d0e9273b-f9df-4ccf-9c99-6785d71e757c,2,60
2026-09-24T07:12:51.309,POST,/desembolsos,0,3000.8,3000.5,timeout,4f809c96-31f0-4d63-a547-78a5ebb76c11,2,60
2026-09-24T07:12:51.404,POST,/desembolsos,0,3003.6,3003.3,timeout,bcb6c580-fd58-4ce7-96af-29ea597af60b,2,60
2026-09-24T07:12:51.520,POST,/desembolsos,0,3002.6,3002.2,timeout,ff6a4f2d-8bbd-4b2d-9aa6-9f476908057c,2,60
2026-09-24T07:12:51.586,POST,/desembolsos,0,3004.1,3003.8,timeout,1b110a38-f757-4962-8857-5243ea896ef8,2,60
2026-09-24T07:12:51.718,POST,/desembolsos,0,3002.2,3001.8,timeout,ea5a4e65-8e75-49d3-9f25-3752adbba046,2,60
2026-09-24T07:12:51.799,POST,/desembolsos,0,2999.8,2999.5,timeout,dd95e229-d4b2-4aac-be53-ed109beeb1f0,2,60
2026-09-24T07:12:51.912,POST,/desembolsos,0,3012.7,3012.5,timeout,b13c638b-be43-49af-a42a-fe7ce0b89640,2,60
2026-09-24T07:12:51.978,POST,/desembolsos,0,3024.9,3024.5,timeout,d50299ff-4bcf-4f8c-bddf-ca2cbfbc3656,2,60
2026-09-24T07:12:52.109,POST,/desembolsos,0,3019.3,3019.2,timeout,522121d9-71fb-4641-b1fe-b5d012eb0517,2,60
2026-09-24T07:12:52.157,POST,/desembolsos,0,2988.9,2988.7,timeout,be6fe52f-a851-4e16-b902-463d54918150,3,60
2026-09-24T07:12:52.173,POST,/desembolsos,0,3003.3,3003.1,timeout,b48ddfe2-c357-46fd-a846-73b7abd5b314,1,60
2026-09-24T07:12:52.223,POST,/desembolsos,0,2986.0,2985.9,timeout,2d6d77b8-898d-4454-be02-2580001fc847,3,60
2026-09-24T07:12:52.223,POST,/desembolsos,0,2986.9,2986.7,timeout,f5ab1cf8-d6f9-4ae5-9ede-ed3b53a6683c,2,60
2026-09-24T07:12:52.322,POST,/desembolsos,0,3019.3,3018.9,timeout,b817f48e-82bb-48a3-96ee-8459a79619a1,2,60
2026-09-24T07:12:52.371,POST,/desembolsos,0,3004.3,3003.9,timeout,521e0d4d-8f9d-4c34-9737-2256599732e7,3,60
2026-09-24T07:12:52.404,POST,/desembolsos,0,3003.8,3003.5,timeout,04a034a6-2c9e-4089-83f6-bb87830026b7,2,60
2026-09-24T07:12:52.470,POST,/desembolsos,0,3003.0,3002.6,timeout,ba8ff216-5e16-4c2f-b9d5-7e9485f51e49,3,60
2026-09-24T07:12:52.518,POST,/desembolsos,0,2988.3,2988.1,timeout,88da0bd0-1066-4707-95c3-79cfdf9f9bba,2,60
2026-09-24T07:12:52.602,POST,/desembolsos,0,2987.2,2986.8,timeout,7f62de18-59c9-48a2-8029-7c713959b5b7,3,60
2026-09-24T07:12:52.602,POST,/desembolsos,0,2986.5,2986.4,timeout,40a78423-3fc5-49ec-be72-c6328dbce0ba,2,60
2026-09-24T07:12:52.683,POST,/desembolsos,0,3002.1,3002.1,timeout,d37a7246-d580-4300-b2c2-4ef969bc83b6,2,60
2026-09-24T07:12:52.683,POST,/desembolsos,0,3003.4,3003.0,timeout,457a2ac9-37fe-486e-9560-3c03f152c4dc,3,60
2026-09-24T07:12:52.764,POST,/desembolsos,0,3019.3,3019.1,timeout,67e5f8b8-efee-44de-868a-723d953a9e73,3,60
2026-09-24T07:12:52.797,POST,/desembolsos,0,3004.5,3004.2,timeout,7ac757e6-5d5a-4214-ba18-faa9550a7786,2,60
2026-09-24T07:12:52.879,POST,/desembolsos,0,2988.3,2988.1,timeout,a3053885-8f45-4d22-abc8-9f2e59dd994e,3,60
2026-09-24T07:12:52.913,POST,/desembolsos,0,3003.7,3003.5,timeout,fe843b93-2ae9-454f-b057-2204f10bb454,2,60
2026-09-24T07:12:53.003,POST,/desembolsos,0,2992.3,2992.2,timeout,bcafc07d-ed7a-4cca-88ce-c0149a04b314,3,60
2026-09-24T07:12:53.003,POST,/desembolsos,0,2994.7,2994.4,timeout,85df19c7-7463-484f-98d5-91f8018ebbee,2,60
2026-09-24T07:12:53.117,POST,/desembolsos,0,3019.5,3019.4,timeout,b34e17a9-d419-4ada-a0f3-e741a024d777,2,60
2026-09-24T07:12:53.117,POST,/desembolsos,0,3020.4,3020.0,timeout,40f46483-3aee-47ad-9d1c-ff8319d8cfe8,3,60
2026-09-24T07:12:53.216,POST,/desembolsos,0,3002.1,3002.0,timeout,28f6a63e-82b6-45b2-8dd0-c0a1df394847,2,60
2026-09-24T07:12:53.216,POST,/desembolsos,0,3004.2,3003.9,timeout,39ed18d3-687b-47e5-8244-2087b485ef2b,3,60
2026-09-24T07:12:53.317,POST,/desembolsos,0,3015.3,3015.3,timeout,8b6728f7-a1d7-4897-b7e2-d8190c95602d,3,60
2026-09-24T07:12:53.317,POST,/desembolsos,0,3016.2,3016.0,timeout,c7dc48be-59ba-461d-ba4e-8a5c007b4d7e,2,60
2026-09-24T07:12:53.400,POST,/desembolsos,0,2999.2,2999.2,timeout,eb53edbf-19d7-4843-98c4-80cb373d76c0,2,60
2026-09-24T07:12:53.400,POST,/desembolsos,0,3000.7,3000.3,timeout,4dfe1631-50e6-4f68-925f-227ca869a023,3,60
2026-09-24T07:12:53.511,POST,/desembolsos,0,3000.9,3000.8,timeout,89434fcc-4ef6-4e18-9841-adbd501e4641,3,60
2026-09-24T07:12:53.511,POST,/desembolsos,0,3001.9,3001.7,timeout,4ca6c86f-71ba-477d-9f92-6cab29e3e1aa,2,60
2026-09-24T07:12:53.610,POST,/desembolsos,0,2984.8,2984.8,timeout,99c024ce-8640-463c-9446-21d849845675,3,60
2026-09-24T07:12:53.610,POST,/desembolsos,0,2986.1,2985.7,timeout,18544a06-565d-40b7-bff5-60cabd417e2c,2,60
2026-09-24T07:12:53.707,POST,/desembolsos,0,3013.2,3012.7,timeout,3fcc57a8-8448-434a-9390-178cabb69562,3,60
2026-09-24T07:12:53.708,POST,/desembolsos,0,3011.9,3011.9,timeout,71a87125-bce8-4791-bb48-10513cf51a1f,2,60
2026-09-24T07:12:53.789,POST,/desembolsos,0,3012.2,3012.1,timeout,6fa0e082-ac2f-4cac-9671-5d9d280af53c,2,60
2026-09-24T07:12:53.789,POST,/desembolsos,0,3013.4,3013.1,timeout,87d2db9e-81b7-4f68-9229-a047f9cb0d16,3,60
2026-09-24T07:12:53.919,POST,/desembolsos,0,2996.1,2995.8,timeout,af0ada50-687d-430d-814b-059b7d4ff0d6,3,60
2026-09-24T07:12:53.919,POST,/desembolsos,0,2995.0,2995.0,timeout,29002fe7-5985-47a2-9411-26d973743129,2,60
2026-09-24T07:12:54.011,POST,/desembolsos,0,3002.6,3002.3,timeout,ec738649-d1c2-423c-983e-a8edebfcd5c8,2,60
2026-09-24T07:12:54.013,POST,/desembolsos,0,3000.5,3000.4,timeout,960ebaae-44a2-4b7f-a128-503c96d1ae1c,3,60
2026-09-24T07:12:54.127,POST,/desembolsos,0,2998.0,2997.7,timeout,7916f8e7-bb00-4270-bd35-2fb14c6566fa,3,60
2026-09-24T07:12:54.227,POST,/desembolsos,0,3009.7,3009.6,timeout,aa49f58d-6e8e-4299-a40c-1feb9b9772e0,3,60
2026-09-24T07:12:54.342,POST,/desembolsos,0,3008.3,3007.9,timeout,3c10515a-4b4a-48f6-aa76-a027047b248b,3,60
2026-09-24T07:12:54.407,POST,/desembolsos,0,2993.0,2992.7,timeout,5fdf45a3-0785-4fc1-80a8-329326ee81ea,3,60
2026-09-24T07:12:54.522,POST,/desembolsos,0,2991.4,2991.1,timeout,2cac1c11-762c-430b-9540-bbc4b7a56045,3,60
2026-09-24T07:12:54.590,POST,/desembolsos,0,3006.0,3005.8,timeout,4ad4556c-ce04-46cc-a9e4-6904d17cf10d,3,60
2026-09-24T07:12:54.720,POST,/desembolsos,0,2991.4,2991.3,timeout,59567d08-27d4-40b8-b052-efae4dc3b244,3,60
2026-09-24T07:12:54.799,POST,/desembolsos,0,2995.6,2995.5,timeout,08ba037d-41b3-4996-a7b3-8facd46bfeed,3,60
2026-09-24T07:12:54.925,POST,/desembolsos,0,3001.4,3001.2,timeout,ef508e3b-6ebb-4593-8107-7492d83d18e5,3,60
2026-09-24T07:12:55.020,POST,/desembolsos,0,3001.4,3001.0,timeout,488d8a8b-b973-4ffb-b056-77dc58891039,3,60
2026-09-24T07:12:55.144,POST,/desembolsos,0,2989.0,2988.9,timeout,3e4c9074-8812-4304-ad9b-07902c969a7c,1,60
2026-09-24T07:12:55.144,POST,/desembolsos,0,2990.4,2990.1,timeout,b62a597e-6acf-4cba-b86c-4deaf4efa3ed,3,60
2026-09-24T07:12:55.210,POST,/desembolsos,0,3007.4,3007.1,timeout,d0e9273b-f9df-4ccf-9c99-6785d71e757c,3,60
2026-09-24T07:12:55.259,POST,/desembolsos,0,3003.3,3003.0,timeout,cab9d13f-5e90-4ee2-bc81-aa3360ac45ce,1,60
2026-09-24T07:12:55.309,POST,/desembolsos,0,3002.8,3002.4,timeout,4f809c96-31f0-4d63-a547-78a5ebb76c11,3,60
2026-09-24T07:12:55.374,POST,/desembolsos,0,3003.4,3003.1,timeout,2e770df5-35e7-42b7-b0a7-b0b76fab0816,1,60
2026-09-24T07:12:55.407,POST,/desembolsos,0,3004.2,3004.0,timeout,bcb6c580-fd58-4ce7-96af-29ea597af60b,3,60
2026-09-24T07:12:55.489,POST,/desembolsos,0,3005.6,3005.3,timeout,76c9fd08-2b25-4fbd-ad68-2a8de9ae1524,1,60
2026-09-24T07:12:55.507,POST,/desembolsos,0,3019.7,3019.6,timeout,ff6a4f2d-8bbd-4b2d-9aa6-9f476908057c,3,60
2026-09-24T07:12:55.588,POST,/desembolsos,0,3004.3,3004.3,timeout,05c3a471-e836-435c-9a26-c18b9af6b4d3,1,60
2026-09-24T07:12:55.588,POST,/desembolsos,0,3005.2,3005.0,timeout,1b110a38-f757-4962-8857-5243ea896ef8,3,60
2026-09-24T07:12:55.702,POST,/desembolsos,0,3005.3,3005.0,timeout,3513cd24-a3e9-4807-a7da-f50699fba23b,1,60
2026-09-24T07:12:55.736,POST,/desembolsos,0,3004.8,3004.5,timeout,ea5a4e65-8e75-49d3-9f25-3752adbba046,3,60
2026-09-24T07:12:55.801,POST,/desembolsos,0,3002.3,3002.0,timeout,13c257bf-60f7-466a-883f-2549d30f2bfb,1,60
2026-09-24T07:12:55.802,POST,/desembolsos,0,3001.3,3001.2,timeout,dd95e229-d4b2-4aac-be53-ed109beeb1f0,3,60
2026-09-24T07:12:55.900,POST,/desembolsos,0,3000.9,3000.6,timeout,46d9704e-98a3-4bf5-89f7-a5448bb2005a,1,60
2026-09-24T07:12:55.917,POST,/desembolsos,0,3000.1,2999.9,timeout,b13c638b-be43-49af-a42a-fe7ce0b89640,3,60
2026-09-24T07:12:55.996,POST,/desembolsos,0,3006.9,3006.8,timeout,d50299ff-4bcf-4f8c-bddf-ca2cbfbc3656,3,60
2026-09-24T07:12:55.996,POST,/desembolsos,0,3007.9,3007.6,timeout,3c2d14f0-31d6-4d6d-b644-dae0de291de4,1,60
2026-09-24T07:12:56.137,POST,/desembolsos,0,2999.5,2999.1,timeout,522121d9-71fb-4641-b1fe-b5d012eb0517,3,60
2026-09-24T07:12:56.137,POST,/desembolsos,0,2999.1,2999.0,timeout,551bf86b-f0ee-495d-b4ad-d32cf74afe88,1,60
2026-09-24T07:12:56.186,POST,/desembolsos,0,2999.4,2999.0,timeout,b48ddfe2-c357-46fd-a846-73b7abd5b314,2,60
2026-09-24T07:12:56.219,POST,/desembolsos,0,2997.8,2997.5,timeout,f5ab1cf8-d6f9-4ae5-9ede-ed3b53a6683c,3,60
2026-09-24T07:12:56.252,POST,/desembolsos,0,2998.8,2998.6,timeout,967b3f7b-9e86-4973-bc15-b536bc6750ee,1,60
2026-09-24T07:12:56.334,POST,/desembolsos,0,3011.9,3011.8,timeout,b817f48e-82bb-48a3-96ee-8459a79619a1,3,60
2026-09-24T07:12:56.351,POST,/desembolsos,0,2995.2,2994.9,timeout,f33f50ab-434e-4cbe-909c-08a1dfe5a96e,1,60
2026-09-24T07:12:56.400,POST,/desembolsos,0,3013.0,3012.7,timeout,04a034a6-2c9e-4089-83f6-bb87830026b7,3,60
2026-09-24T07:12:56.449,POST,/desembolsos,0,2996.2,2995.9,timeout,1b05cb08-f04b-48e8-a756-f046097ded11,1,60
2026-09-24T07:12:56.514,POST,/desembolsos,0,2997.8,2997.6,timeout,88da0bd0-1066-4707-95c3-79cfdf9f9bba,3,60
2026-09-24T07:12:56.545,POST,/desembolsos,0,2998.0,2997.6,timeout,aa57fe91-8a55-4fec-a93d-71a9ac1c16c9,1,60
2026-09-24T07:12:56.595,POST,/desembolsos,0,2998.2,2997.8,timeout,40a78423-3fc5-49ec-be72-c6328dbce0ba,3,60
2026-09-24T07:12:56.645,POST,/desembolsos,0,3014.5,3014.1,timeout,b22c220f-2804-433c-be90-fc0445e9691a,1,60
2026-09-24T07:12:56.687,POST,/desembolsos,0,3004.8,3004.5,timeout,d37a7246-d580-4300-b2c2-4ef969bc83b6,3,60
2026-09-24T07:12:56.753,POST,/desembolsos,0,2990.5,2990.3,timeout,3bf3b0fa-9d64-447b-abd1-2cc3b6aa9b23,1,60
2026-09-24T07:12:56.802,POST,/desembolsos,0,3007.0,3006.8,timeout,7ac757e6-5d5a-4214-ba18-faa9550a7786,3,60
2026-09-24T07:12:56.850,POST,/desembolsos,0,3004.5,3004.1,timeout,a0e6c44f-eb90-4550-ba87-8e2581815a2f,1,60
2026-09-24T07:12:56.916,POST,/desembolsos,0,3021.2,3021.0,timeout,fe843b93-2ae9-454f-b057-2204f10bb454,3,60
2026-09-24T07:12:56.948,POST,/desembolsos,0,3005.5,3005.2,timeout,b9c3b31f-b80b-4822-82b2-d1ba0d072076,1,60
2026-09-24T07:12:57.012,POST,/desembolsos,0,3007.7,3007.3,timeout,85df19c7-7463-484f-98d5-91f8018ebbee,3,60
2026-09-24T07:12:57.044,POST,/desembolsos,0,3007.1,3006.7,timeout,7de94076-7da3-47a3-aa84-371dc2081bae,1,60
2026-09-24T07:12:57.142,POST,/desembolsos,0,3005.7,3005.4,timeout,7aa32ffb-0278-42ae-973d-d5fab5052ffc,1,60
2026-09-24T07:12:57.142,POST,/desembolsos,0,3004.9,3004.8,timeout,b34e17a9-d419-4ada-a0f3-e741a024d777,3,60
2026-09-24T07:12:57.235,POST,/desembolsos,0,2994.3,2994.0,timeout,28f6a63e-82b6-45b2-8dd0-c0a1df394847,3,60
2026-09-24T07:12:57.251,POST,/desembolsos,0,2995.8,2995.6,timeout,3db78acb-adce-4a7f-ab46-1e70e1ef4632,1,60
2026-09-24T07:12:57.350,POST,/desembolsos,0,2992.9,2992.8,timeout,c7dc48be-59ba-461d-ba4e-8a5c007b4d7e,3,60
2026-09-24T07:12:57.350,POST,/desembolsos,0,2993.8,2993.5,timeout,34663896-7b54-4f97-b8c7-fad495263df9,1,60
2026-09-24T07:12:57.399,POST,/desembolsos,0,3003.8,3003.5,timeout,eb53edbf-19d7-4843-98c4-80cb373d76c0,3,60
2026-09-24T07:12:57.464,POST,/desembolsos,0,3004.4,3004.1,timeout,49eda78a-2962-42f5-8b7e-d4024f6e7e8b,1,60
2026-09-24T07:12:57.513,POST,/desembolsos,0,3005.0,3004.7,timeout,4ca6c86f-71ba-477d-9f92-6cab29e3e1aa,3,60
2026-09-24T07:12:57.562,POST,/desembolsos,0,2989.2,2988.9,timeout,6b0b65c9-6e57-4133-90c3-f4afcf69d23f,1,60
2026-09-24T07:12:57.596,POST,/desembolsos,0,3004.4,3004.2,timeout,18544a06-565d-40b7-bff5-60cabd417e2c,3,60
2026-09-24T07:12:57.661,POST,/desembolsos,0,3006.1,3005.8,timeout,f312d33a-39aa-41c7-b16c-d3e13d04fd85,1,60
2026-09-24T07:12:57.711,POST,/desembolsos,0,3003.5,3003.3,timeout,71a87125-bce8-4791-bb48-10513cf51a1f,3,60
2026-09-24T07:12:57.762,POST,/desembolsos,0,3003.5,3003.4,timeout,7be8bdde-330a-49fd-a29c-9634a093e974,1,60
2026-09-24T07:12:57.795,POST,/desembolsos,0,3003.1,3003.0,timeout,6fa0e082-ac2f-4cac-9671-5d9d280af53c,3,60
2026-09-24T07:12:57.861,POST,/desembolsos,0,3004.6,3004.2,timeout,ab951c16-a98b-43e6-a3c0-e658edd709aa,1,60
2026-09-24T07:12:57.927,POST,/desembolsos,0,3002.1,3001.9,timeout,29002fe7-5985-47a2-9411-26d973743129,3,60
2026-09-24T07:12:57.962,POST,/desembolsos,0,3008.1,3007.8,timeout,4c120eb2-7f62-4605-b3bb-ac8b8bfac1cc,1,60
2026-09-24T07:12:58.021,POST,/desembolsos,0,3024.6,3024.4,timeout,ec738649-d1c2-423c-983e-a8edebfcd5c8,3,60
2026-09-24T07:12:58.053,POST,/desembolsos,0,2993.8,2993.5,timeout,dfbefd64-58af-4f2c-99d5-053430f40238,1,60
2026-09-24T07:12:58.151,POST,/desembolsos,0,3009.4,3009.1,timeout,ad7c172e-743a-49ce-b106-c094d72efbef,1,60
2026-09-24T07:12:58.261,POST,/desembolsos,0,2997.3,2997.0,timeout,6cecc254-1ddf-4119-929a-a5aa3201e808,1,60
2026-09-24T07:12:58.362,POST,/desembolsos,0,2979.5,2979.2,timeout,2b21aed6-d5f6-41ff-bd4d-74f82b36c94d,1,60
2026-09-24T07:12:58.460,POST,/desembolsos,0,3010.3,3010.0,timeout,e3edba2d-ac37-4ac5-86e0-12fe5ffe1c51,1,60
2026-09-24T07:12:58.559,POST,/desembolsos,0,2995.0,2994.7,timeout,5f071802-7341-487e-af65-4fa83896eb9f,1,60
2026-09-24T07:12:58.658,POST,/desembolsos,0,2994.7,2994.4,timeout,57dabd72-e7f2-4e22-9977-0bd2980e5aaf,1,60
2026-09-24T07:12:58.754,POST,/desembolsos,0,2997.1,2996.9,timeout,3f6c3b89-62f2-4a35-9bb4-60014a75e22e,1,60
2026-09-24T07:12:58.851,POST,/desembolsos,0,3013.4,3013.1,timeout,6a343c4a-269d-4864-8d48-a26fb7a645de,1,60
2026-09-24T07:12:58.961,POST,/desembolsos,0,3018.7,3018.4,timeout,cf3fdeb7-a7b3-43f7-a9b9-d1fdb6034717,1,60
2026-09-24T07:12:59.053,POST,/desembolsos,0,3002.2,3001.8,timeout,a83c51ec-e430-4059-ad44-adc843eef5d4,1,60
2026-09-24T07:12:59.136,POST,/desembolsos,0,2999.8,2999.6,timeout,3e4c9074-8812-4304-ad9b-07902c969a7c,2,60
2026-09-24T07:12:59.152,POST,/desembolsos,0,2983.9,2983.6,timeout,e8db2d07-da0b-4fbf-b2cd-261a4bc9890f,1,60
2026-09-24T07:12:59.251,POST,/desembolsos,0,2999.8,2999.6,timeout,c01046a9-8653-4eaa-8142-93e76cf6b449,1,60
2026-09-24T07:12:59.267,POST,/desembolsos,0,3000.0,2999.6,timeout,cab9d13f-5e90-4ee2-bc81-aa3360ac45ce,2,60
2026-09-24T07:12:59.362,POST,/desembolsos,0,2989.5,2989.2,timeout,676f5712-8f8e-4c74-821a-40fe4e7f2b8b,1,60
2026-09-24T07:12:59.379,POST,/desembolsos,0,3004.6,3004.3,timeout,2e770df5-35e7-42b7-b0a7-b0b76fab0816,2,60
2026-09-24T07:12:59.445,POST,/desembolsos,0,3003.9,3003.8,timeout,cf024730-2d2e-4db4-8443-462f1e985dbd,1,60
2026-09-24T07:12:59.495,POST,/desembolsos,0,3018.0,3017.7,timeout,76c9fd08-2b25-4fbd-ad68-2a8de9ae1524,2,60
2026-09-24T07:12:59.543,POST,/desembolsos,0,3002.5,3002.3,timeout,7d629b31-3e76-4bf3-9ff9-49178e1a2363,1,60
2026-09-24T07:12:59.593,POST,/desembolsos,0,3002.2,3002.0,timeout,05c3a471-e836-435c-9a26-c18b9af6b4d3,2,60
2026-09-24T07:12:59.659,POST,/desembolsos,0,3003.4,3003.0,timeout,5cc1cec1-5378-4113-ab3f-7de965e06acc,1,60
2026-09-24T07:12:59.692,POST,/desembolsos,0,3001.5,3001.4,timeout,3513cd24-a3e9-4807-a7da-f50699fba23b,2,60
2026-09-24T07:12:59.743,POST,/desembolsos,0,3000.6,3000.4,timeout,d229ead7-9944-42a5-a35e-06d1b3738df4,1,60
2026-09-24T07:12:59.809,POST,/desembolsos,0,2999.1,2998.9,timeout,13c257bf-60f7-466a-883f-2549d30f2bfb,2,60
2026-09-24T07:12:59.854,POST,/desembolsos,0,3003.7,3003.4,timeout,5a60b3da-7a48-480a-b543-3d18f91a374e,1,60
2026-09-24T07:12:59.903,POST,/desembolsos,0,3005.1,3004.7,timeout,46d9704e-98a3-4bf5-89f7-a5448bb2005a,2,60
2026-09-24T07:12:59.952,POST,/desembolsos,0,3005.1,3004.7,timeout,519ccac9-ead7-46ab-abc5-bc35108ca746,1,60
2026-09-24T07:13:00.019,POST,/desembolsos,0,3009.8,3009.6,timeout,3c2d14f0-31d6-4d6d-b644-dae0de291de4,2,60
2026-09-24T07:13:00.051,POST,/desembolsos,0,3011.5,3011.3,timeout,7cf8ad22-7d18-45c1-94b5-462b73c293e6,1,60
2026-09-24T07:13:00.147,POST,/desembolsos,0,2998.6,2998.2,timeout,551bf86b-f0ee-495d-b4ad-d32cf74afe88,2,60
2026-09-24T07:13:00.163,POST,/desembolsos,0,3013.7,3013.7,timeout,b48ddfe2-c357-46fd-a846-73b7abd5b314,3,60
2026-09-24T07:13:00.163,POST,/desembolsos,0,3015.6,3015.3,timeout,e46fb433-a051-4c9f-911b-bac380b3bbd3,1,60
2026-09-24T07:13:00.245,POST,/desembolsos,0,2998.5,2998.2,timeout,967b3f7b-9e86-4973-bc15-b536bc6750ee,2,60
2026-09-24T07:13:00.245,POST,/desembolsos,0,2997.4,2997.4,timeout,820f00df-b040-4ced-863f-64f13e03929f,1,60
2026-09-24T07:13:00.343,POST,/desembolsos,0,3000.2,2999.8,timeout,f33f50ab-434e-4cbe-909c-08a1dfe5a96e,2,60
2026-09-24T07:13:00.355,POST,/desembolsos,0,2989.3,2989.0,timeout,61ce6e05-e5bc-4bb5-bcda-672edb095fdc,1,60
2026-09-24T07:13:00.452,POST,/desembolsos,0,3005.5,3005.1,timeout,1b05cb08-f04b-48e8-a756-f046097ded11,2,60
2026-09-24T07:13:00.452,POST,/desembolsos,0,3005.2,3005.2,timeout,e5656925-7785-442a-a713-186819849107,1,60
2026-09-24T07:13:00.550,POST,/desembolsos,0,3004.4,3004.1,timeout,aa57fe91-8a55-4fec-a93d-71a9ac1c16c9,2,60
2026-09-24T07:13:00.550,POST,/desembolsos,0,3003.6,3003.5,timeout,b390d90a-8397-41ae-869c-edb8571e445e,1,60
2026-09-24T07:13:00.650,POST,/desembolsos,0,3001.2,3001.2,timeout,731834de-6563-4877-acf4-1127acae927f,1,60
2026-09-24T07:13:00.650,POST,/desembolsos,0,3002.5,3002.2,timeout,b22c220f-2804-433c-be90-fc0445e9691a,2,60
2026-09-24T07:13:00.749,POST,/desembolsos,0,3001.4,3001.2,timeout,3bf3b0fa-9d64-447b-abd1-2cc3b6aa9b23,2,60
2026-09-24T07:13:00.749,POST,/desembolsos,0,3000.8,3000.7,timeout,8378ed7a-1940-4fd1-99aa-61083b91d70a,1,60
2026-09-24T07:13:00.865,POST,/desembolsos,0,3000.1,2999.8,timeout,62817051-0228-4715-a2e8-9d2f05ca6e17,1,60
2026-09-24T07:13:00.866,POST,/desembolsos,0,2999.2,2999.1,timeout,a0e6c44f-eb90-4550-ba87-8e2581815a2f,2,60
2026-09-24T07:13:00.949,POST,/desembolsos,0,2998.0,2997.7,timeout,b9c3b31f-b80b-4822-82b2-d1ba0d072076,2,60
2026-09-24T07:13:00.950,POST,/desembolsos,0,2997.0,2996.9,timeout,38cc8b98-3194-4935-9a70-35bb18ded84b,1,60
2026-09-24T07:13:01.045,POST,/desembolsos,0,3000.6,3000.3,timeout,7de94076-7da3-47a3-aa84-371dc2081bae,2,60
2026-09-24T07:13:01.062,POST,/desembolsos,0,2984.9,2984.5,timeout,f57b18ba-b459-4b23-a243-206bb57fb726,1,60
2026-09-24T07:13:01.159,POST,/desembolsos,0,2987.6,2987.3,timeout,7aa32ffb-0278-42ae-973d-d5fab5052ffc,2,60
2026-09-24T07:13:01.258,POST,/desembolsos,0,3003.3,3003.0,timeout,3db78acb-adce-4a7f-ab46-1e70e1ef4632,2,60
2026-09-24T07:13:01.340,POST,/desembolsos,0,3004.3,3003.9,timeout,34663896-7b54-4f97-b8c7-fad495263df9,2,60
2026-09-24T07:13:01.470,POST,/desembolsos,0,2990.6,2990.4,timeout,49eda78a-2962-42f5-8b7e-d4024f6e7e8b,2,60
2026-09-24T07:13:01.554,POST,/desembolsos,0,3005.4,3005.1,timeout,6b0b65c9-6e57-4133-90c3-f4afcf69d23f,2,60
2026-09-24T07:13:01.669,POST,/desembolsos,0,2999.9,2999.7,timeout,f312d33a-39aa-41c7-b16c-d3e13d04fd85,2,60
2026-09-24T07:13:01.783,POST,/desembolsos,0,3013.8,3013.6,timeout,7be8bdde-330a-49fd-a29c-9634a093e974,2,60
2026-09-24T07:13:01.865,POST,/desembolsos,0,3010.6,3010.4,timeout,ab951c16-a98b-43e6-a3c0-e658edd709aa,2,60
2026-09-24T07:13:01.980,POST,/desembolsos,0,3024.6,3024.3,timeout,4c120eb2-7f62-4605-b3bb-ac8b8bfac1cc,2,60
2026-09-24T07:13:02.054,POST,/desembolsos,0,3013.3,3013.0,timeout,dfbefd64-58af-4f2c-99d5-053430f40238,2,60
2026-09-24T07:13:02.136,POST,/desembolsos,0,3025.2,3025.0,timeout,ad7c172e-743a-49ce-b106-c094d72efbef,2,60
2026-09-24T07:13:02.267,POST,/desembolsos,0,2991.3,2991.2,timeout,6cecc254-1ddf-4119-929a-a5aa3201e808,2,60
2026-09-24T07:13:02.351,POST,/desembolsos,0,2991.2,2990.8,timeout,2b21aed6-d5f6-41ff-bd4d-74f82b36c94d,2,60
2026-09-24T07:13:02.465,POST,/desembolsos,0,3007.4,3007.1,timeout,e3edba2d-ac37-4ac5-86e0-12fe5ffe1c51,2,60
2026-09-24T07:13:02.547,POST,/desembolsos,0,3007.8,3007.6,timeout,5f071802-7341-487e-af65-4fa83896eb9f,2,60
2026-09-24T07:13:02.662,POST,/desembolsos,0,3018.7,3018.5,timeout,57dabd72-e7f2-4e22-9977-0bd2980e5aaf,2,60
2026-09-24T07:13:02.744,POST,/desembolsos,0,3003.0,3002.8,timeout,3f6c3b89-62f2-4a35-9bb4-60014a75e22e,2,60
2026-09-24T07:13:02.874,POST,/desembolsos,0,3001.8,3001.5,timeout,6a343c4a-269d-4864-8d48-a26fb7a645de,2,60
2026-09-24T07:13:02.997,POST,/desembolsos,0,3007.5,3007.2,timeout,cf3fdeb7-a7b3-43f7-a9b9-d1fdb6034717,2,60
2026-09-24T07:13:03.062,POST,/desembolsos,0,3008.5,3008.2,timeout,a83c51ec-e430-4059-ad44-adc843eef5d4,2,60
2026-09-24T07:13:03.144,POST,/desembolsos,0,2992.5,2992.2,timeout,e8db2d07-da0b-4fbf-b2cd-261a4bc9890f,2,60
2026-09-24T07:13:03.145,POST,/desembolsos,0,2991.7,2991.6,timeout,3e4c9074-8812-4304-ad9b-07902c969a7c,3,60
2026-09-24T07:13:03.177,POST,/desembolsos,0,2992.8,2992.5,timeout,1018e689-192a-4d34-85a8-5ba36c978334,1,60
2026-09-24T07:13:03.243,POST,/desembolsos,0,3014.5,3014.1,timeout,c01046a9-8653-4eaa-8142-93e76cf6b449,2,60
2026-09-24T07:13:03.260,POST,/desembolsos,0,2998.5,2998.2,timeout,cab9d13f-5e90-4ee2-bc81-aa3360ac45ce,3,60
2026-09-24T07:13:03.343,POST,/desembolsos,0,2997.1,2996.9,timeout,676f5712-8f8e-4c74-821a-40fe4e7f2b8b,2,60
2026-09-24T07:13:03.392,POST,/desembolsos,0,2996.7,2996.3,timeout,2e770df5-35e7-42b7-b0a7-b0b76fab0816,3,60
2026-09-24T07:13:03.457,POST,/desembolsos,0,2997.2,2997.0,timeout,cf024730-2d2e-4db4-8443-462f1e985dbd,2,60
2026-09-24T07:13:03.523,POST,/desembolsos,0,3014.2,3013.9,timeout,76c9fd08-2b25-4fbd-ad68-2a8de9ae1524,3,60
2026-09-24T07:13:03.555,POST,/desembolsos,0,2982.9,2982.7,timeout,7d629b31-3e76-4bf3-9ff9-49178e1a2363,2,60
2026-09-24T07:13:03.604,POST,/desembolsos,0,2998.5,2998.3,timeout,05c3a471-e836-435c-9a26-c18b9af6b4d3,3,60
2026-09-24T07:13:03.669,POST,/desembolsos,0,2998.8,2998.5,timeout,5cc1cec1-5378-4113-ab3f-7de965e06acc,2,60
2026-09-24T07:13:03.701,POST,/desembolsos,0,3000.1,2999.7,timeout,3513cd24-a3e9-4807-a7da-f50699fba23b,3,60
2026-09-24T07:13:03.750,POST,/desembolsos,0,2998.3,2998.2,timeout,d229ead7-9944-42a5-a35e-06d1b3738df4,2,60
2026-09-24T07:13:03.814,POST,/desembolsos,0,2997.7,2997.6,timeout,13c257bf-60f7-466a-883f-2549d30f2bfb,3,60
2026-09-24T07:13:03.864,POST,/desembolsos,0,3013.6,3013.4,timeout,5a60b3da-7a48-480a-b543-3d18f91a374e,2,60
2026-09-24T07:13:03.897,POST,/desembolsos,0,3012.0,3011.8,timeout,46d9704e-98a3-4bf5-89f7-a5448bb2005a,3,60
2026-09-24T07:13:03.946,POST,/desembolsos,0,3013.5,3013.3,timeout,519ccac9-ead7-46ab-abc5-bc35108ca746,2,60
2026-09-24T07:13:04.029,POST,/desembolsos,0,2977.0,2976.8,timeout,3c2d14f0-31d6-4d6d-b644-dae0de291de4,3,60
2026-09-24T07:13:04.046,POST,/desembolsos,0,2991.9,2991.7,timeout,7cf8ad22-7d18-45c1-94b5-462b73c293e6,2,60
2026-09-24T07:13:04.146,POST,/desembolsos,0,2989.0,2988.7,timeout,551bf86b-f0ee-495d-b4ad-d32cf74afe88,3,60
2026-09-24T07:13:04.179,POST,/desembolsos,0,2989.8,2989.6,timeout,e46fb433-a051-4c9f-911b-bac380b3bbd3,2,60
2026-09-24T07:13:04.244,POST,/desembolsos,0,3001.9,3001.8,timeout,820f00df-b040-4ced-863f-64f13e03929f,2,60
2026-09-24T07:13:04.244,POST,/desembolsos,0,3003.1,3002.7,timeout,967b3f7b-9e86-4973-bc15-b536bc6750ee,3,60
2026-09-24T07:13:04.345,POST,/desembolsos,0,3001.3,3001.1,timeout,f33f50ab-434e-4cbe-909c-08a1dfe5a96e,3,60
2026-09-24T07:13:04.345,POST,/desembolsos,0,3000.9,3000.9,timeout,61ce6e05-e5bc-4bb5-bcda-672edb095fdc,2,60
2026-09-24T07:13:04.460,POST,/desembolsos,0,3003.0,3002.7,timeout,e5656925-7785-442a-a713-186819849107,2,60
2026-09-24T07:13:04.460,POST,/desembolsos,0,3002.1,3002.0,timeout,1b05cb08-f04b-48e8-a756-f046097ded11,3,60
2026-09-24T07:13:04.559,POST,/desembolsos,0,2985.6,2985.5,timeout,aa57fe91-8a55-4fec-a93d-71a9ac1c16c9,3,60
2026-09-24T07:13:04.559,POST,/desembolsos,0,2986.4,2986.2,timeout,b390d90a-8397-41ae-869c-edb8571e445e,2,60
2026-09-24T07:13:04.667,POST,/desembolsos,0,3006.9,3006.8,timeout,b22c220f-2804-433c-be90-fc0445e9691a,3,60
2026-09-24T07:13:04.667,POST,/desembolsos,0,3008.8,3008.5,timeout,731834de-6563-4877-acf4-1127acae927f,2,60
2026-09-24T07:13:04.750,POST,/desembolsos,0,3007.6,3007.6,timeout,3bf3b0fa-9d64-447b-abd1-2cc3b6aa9b23,3,60
2026-09-24T07:13:04.749,POST,/desembolsos,0,3008.4,3008.2,timeout,8378ed7a-1940-4fd1-99aa-61083b91d70a,2,60
2026-09-24T07:13:04.876,POST,/desembolsos,0,2995.2,2995.1,timeout,62817051-0228-4715-a2e8-9d2f05ca6e17,2,60
2026-09-24T07:13:04.876,POST,/desembolsos,0,2994.9,2994.8,timeout,a0e6c44f-eb90-4550-ba87-8e2581815a2f,3,60
2026-09-24T07:13:04.956,POST,/desembolsos,0,2997.4,2997.2,timeout,b9c3b31f-b80b-4822-82b2-d1ba0d072076,3,60
2026-09-24T07:13:04.955,POST,/desembolsos,0,2998.1,2998.0,timeout,38cc8b98-3194-4935-9a70-35bb18ded84b,2,60
2026-09-24T07:13:05.067,POST,/desembolsos,0,2984.6,2984.5,timeout,7de94076-7da3-47a3-aa84-371dc2081bae,3,60
2026-09-24T07:13:05.067,POST,/desembolsos,0,2985.5,2985.3,timeout,f57b18ba-b459-4b23-a243-206bb57fb726,2,60
2026-09-24T07:13:05.161,POST,/desembolsos,0,3000.1,2999.8,timeout,7aa32ffb-0278-42ae-973d-d5fab5052ffc,3,60
2026-09-24T07:13:05.258,POST,/desembolsos,0,2997.9,2997.7,timeout,3db78acb-adce-4a7f-ab46-1e70e1ef4632,3,60
2026-09-24T07:13:05.340,POST,/desembolsos,0,2997.6,2997.2,timeout,34663896-7b54-4f97-b8c7-fad495263df9,3,60
2026-09-24T07:13:05.472,POST,/desembolsos,0,2996.2,2996.0,timeout,49eda78a-2962-42f5-8b7e-d4024f6e7e8b,3,60
2026-09-24T07:13:05.555,POST,/desembolsos,0,2998.0,2997.8,timeout,6b0b65c9-6e57-4133-90c3-f4afcf69d23f,3,60
2026-09-24T07:13:05.679,POST,/desembolsos,0,2988.5,2988.2,timeout,f312d33a-39aa-41c7-b16c-d3e13d04fd85,3,60
2026-09-24T07:13:05.794,POST,/desembolsos,0,3002.6,3002.3,timeout,7be8bdde-330a-49fd-a29c-9634a093e974,3,60
2026-09-24T07:13:05.875,POST,/desembolsos,0,3011.9,3011.7,timeout,ab951c16-a98b-43e6-a3c0-e658edd709aa,3,60
2026-09-24T07:13:06.004,POST,/desembolsos,0,3001.4,3001.1,timeout,4c120eb2-7f62-4605-b3bb-ac8b8bfac1cc,3,60
2026-09-24T07:13:06.070,POST,/desembolsos,0,3017.4,3017.2,timeout,dfbefd64-58af-4f2c-99d5-053430f40238,3,60
2026-09-24T07:13:06.136,POST,/desembolsos,0,3000.4,3000.2,timeout,c6986a40-7c3d-4e73-be1f-081cee7feb39,1,60
2026-09-24T07:13:06.169,POST,/desembolsos,0,3000.1,2999.8,timeout,ad7c172e-743a-49ce-b106-c094d72efbef,3,60
2026-09-24T07:13:06.257,POST,/desembolsos,0,3009.2,3009.1,timeout,6cecc254-1ddf-4119-929a-a5aa3201e808,3,60
2026-09-24T07:13:06.257,POST,/desembolsos,0,3008.7,3008.7,timeout,6cb0f9ed-1710-4079-9e91-e614b3cad18a,1,60
2026-09-24T07:13:06.340,POST,/desembolsos,0,3007.8,3007.6,timeout,2b21aed6-d5f6-41ff-bd4d-74f82b36c94d,3,60
2026-09-24T07:13:06.389,POST,/desembolsos,0,2993.1,2992.9,timeout,09849eb2-afc8-4950-ab9e-a5fb49c88dbf,1,60
2026-09-24T07:13:06.471,POST,/desembolsos,0,2993.0,2992.7,timeout,e3edba2d-ac37-4ac5-86e0-12fe5ffe1c51,3,60
2026-09-24T07:13:06.537,POST,/desembolsos,0,3008.0,3007.8,timeout,424f0465-fb3e-4160-8d8c-8ca1b656b66f,1,60
2026-09-24T07:13:06.537,POST,/desembolsos,0,3007.3,3007.2,timeout,5f071802-7341-487e-af65-4fa83896eb9f,3,60
2026-09-24T07:13:06.651,POST,/desembolsos,0,3009.8,3009.6,timeout,35778fda-a36f-45b1-9cf2-5452bfea50c3,1,60
2026-09-24T07:13:06.667,POST,/desembolsos,0,3009.1,3008.9,timeout,57dabd72-e7f2-4e22-9977-0bd2980e5aaf,3,60
2026-09-24T07:13:06.747,POST,/desembolsos,0,2993.9,2993.8,timeout,3f6c3b89-62f2-4a35-9bb4-60014a75e22e,3,60
2026-09-24T07:13:06.747,POST,/desembolsos,0,2995.1,2994.8,timeout,ad79ecd3-b89c-41b3-bac4-fb12d51843ef,1,60
2026-09-24T07:13:06.844,POST,/desembolsos,0,2996.6,2996.3,timeout,de0ed46d-dd01-454a-a4ad-0403ea7cbe59,1,60
2026-09-24T07:13:06.877,POST,/desembolsos,0,2996.1,2995.9,timeout,6a343c4a-269d-4864-8d48-a26fb7a645de,3,60
2026-09-24T07:13:06.942,POST,/desembolsos,0,2978.9,2978.6,timeout,6c2bb36c-d5df-4fc9-8e27-66110d2812d3,1,60
2026-09-24T07:13:07.005,POST,/desembolsos,0,3025.7,3025.3,timeout,cf3fdeb7-a7b3-43f7-a9b9-d1fdb6034717,3,60
2026-09-24T07:13:07.039,POST,/desembolsos,0,3023.7,3023.5,timeout,128d151b-674b-4ed2-84b2-960fc2320754,1,60
2026-09-24T07:13:07.070,POST,/desembolsos,0,3009.7,3009.5,timeout,a83c51ec-e430-4059-ad44-adc843eef5d4,3,60
2026-09-24T07:13:07.134,POST,/desembolsos,0,3012.4,3012.2,timeout,e8db2d07-da0b-4fbf-b2cd-261a4bc9890f,3,60
2026-09-24T07:13:07.151,POST,/desembolsos,0,2996.0,2995.8,timeout,6b97b9e9-4b04-4f87-a260-6071141e3914,1,60
2026-09-24T07:13:07.168,POST,/desembolsos,0,3011.4,3011.1,timeout,1018e689-192a-4d34-85a8-5ba36c978334,2,60
2026-09-24T07:13:07.247,POST,/desembolsos,0,2999.1,2998.9,timeout,03c52e8a-6b9e-44b0-af1f-671827b4aff0,1,60
2026-09-24T07:13:07.279,POST,/desembolsos,0,3001.0,3000.8,timeout,c01046a9-8653-4eaa-8142-93e76cf6b449,3,60
2026-09-24T07:13:07.345,POST,/desembolsos,0,2999.5,2999.2,timeout,676f5712-8f8e-4c74-821a-40fe4e7f2b8b,3,60
2026-09-24T07:13:07.362,POST,/desembolsos,0,2983.4,2983.0,timeout,3158c48a-d538-4d01-a029-1568398ced68,1,60
2026-09-24T07:13:07.462,POST,/desembolsos,0,3023.7,3023.7,timeout,9dd7385b-a0ee-4c60-9189-303b421ca559,1,60
2026-09-24T07:13:07.462,POST,/desembolsos,0,3025.2,3024.9,timeout,cf024730-2d2e-4db4-8443-462f1e985dbd,3,60
2026-09-24T07:13:07.545,POST,/desembolsos,0,2992.7,2992.4,timeout,7d629b31-3e76-4bf3-9ff9-49178e1a2363,3,60
2026-09-24T07:13:07.577,POST,/desembolsos,0,3008.4,3008.2,timeout,d17917a5-1ccf-47e2-b11b-e01bc9601100,1,60
2026-09-24T07:13:07.675,POST,/desembolsos,0,2992.2,2991.9,timeout,f22c16a8-ad3b-45b5-8f72-5f2520d71530,1,60
2026-09-24T07:13:07.675,POST,/desembolsos,0,2991.5,2991.4,timeout,5cc1cec1-5378-4113-ab3f-7de965e06acc,3,60
2026-09-24T07:13:07.758,POST,/desembolsos,0,3008.5,3008.3,timeout,d229ead7-9944-42a5-a35e-06d1b3738df4,3,60
2026-09-24T07:13:07.787,POST,/desembolsos,0,3012.2,3012.0,timeout,76fbc051-b392-4806-8cc6-c24cac7995ef,1,60
2026-09-24T07:13:07.871,POST,/desembolsos,0,3024.0,3023.9,timeout,5a60b3da-7a48-480a-b543-3d18f91a374e,3,60
2026-09-24T07:13:07.887,POST,/desembolsos,0,3008.3,3008.0,timeout,893affda-5e80-4b1f-b1d0-fbb79e1100d5,1,60
2026-09-24T07:13:07.979,POST,/desembolsos,0,3017.4,3017.3,timeout,487e4e0f-9d71-4ae5-8259-1edc95d950ab,1,60
2026-09-24T07:13:07.978,POST,/desembolsos,0,3018.1,3017.9,timeout,519ccac9-ead7-46ab-abc5-bc35108ca746,3,60
2026-09-24T07:13:08.051,POST,/desembolsos,0,2994.3,2994.1,timeout,7cf8ad22-7d18-45c1-94b5-462b73c293e6,3,60
2026-09-24T07:13:08.083,POST,/desembolsos,0,3011.9,3011.7,timeout,e735d0c6-de8c-4d18-8b49-cf49ecaf8d0a,1,60
2026-09-24T07:13:08.162,POST,/desembolsos,0,3014.9,3014.7,timeout,e46fb433-a051-4c9f-911b-bac380b3bbd3,3,60
2026-09-24T07:13:08.177,POST,/desembolsos,0,2999.5,2999.4,timeout,b5175aab-046b-4451-a141-897c215ec51a,1,60
2026-09-24T07:13:08.256,POST,/desembolsos,0,3021.3,3021.1,timeout,820f00df-b040-4ced-863f-64f13e03929f,3,60
2026-09-24T07:13:08.289,POST,/desembolsos,0,3004.1,3003.9,timeout,0447029a-5a43-4cd7-a560-2054f13e86f5,1,60
2026-09-24T07:13:08.338,POST,/desembolsos,0,3005.1,3004.9,timeout,61ce6e05-e5bc-4bb5-bcda-672edb095fdc,3,60
2026-09-24T07:13:08.387,POST,/desembolsos,0,3005.4,3005.0,timeout,8eae5e4e-8a56-4007-8ecd-0e7d13630675,1,60
2026-09-24T07:13:08.469,POST,/desembolsos,0,3010.8,3010.6,timeout,e5656925-7785-442a-a713-186819849107,3,60
2026-09-24T07:13:08.485,POST,/desembolsos,0,2995.0,2994.7,timeout,fe4ed8cb-ad72-4068-bcc9-34df854f8e3c,1,60
2026-09-24T07:13:08.551,POST,/desembolsos,0,3006.9,3006.5,timeout,b390d90a-8397-41ae-869c-edb8571e445e,3,60
2026-09-24T07:13:08.584,POST,/desembolsos,0,3012.5,3012.2,timeout,59949865-9fc1-4819-8ec2-de8b9afca5d7,1,60
2026-09-24T07:13:08.667,POST,/desembolsos,0,3006.2,3006.0,timeout,731834de-6563-4877-acf4-1127acae927f,3,60
2026-09-24T07:13:08.683,POST,/desembolsos,0,2991.2,2991.1,timeout,3721c47b-d757-4fec-ae93-dd940f28b60c,1,60
2026-09-24T07:13:08.765,POST,/desembolsos,0,3006.2,3005.9,timeout,8378ed7a-1940-4fd1-99aa-61083b91d70a,3,60
2026-09-24T07:13:08.797,POST,/desembolsos,0,2990.7,2990.6,timeout,2123ee31-7729-43b4-b149-ef7edce844d5,1,60
2026-09-24T07:13:08.887,POST,/desembolsos,0,2996.3,2996.1,timeout,62817051-0228-4715-a2e8-9d2f05ca6e17,3,60
2026-09-24T07:13:08.904,POST,/desembolsos,0,2980.9,2980.7,timeout,84622ff4-d211-4d20-b68c-a8c3cf7710ce,1,60
2026-09-24T07:13:08.954,POST,/desembolsos,0,2997.5,2997.1,timeout,38cc8b98-3194-4935-9a70-35bb18ded84b,3,60
2026-09-24T07:13:09.006,POST,/desembolsos,0,3008.8,3008.6,timeout,7e4ce91b-7d8a-46ad-9d98-b6c77e1af075,1,60
2026-09-24T07:13:09.055,POST,/desembolsos,0,2993.2,2992.9,timeout,f57b18ba-b459-4b23-a243-206bb57fb726,3,60
2026-09-24T07:13:09.120,POST,/desembolsos,0,3008.7,3008.3,timeout,cad0e497-cf9c-4694-8354-11a042424940,1,60
2026-09-24T07:13:09.218,POST,/desembolsos,0,2993.7,2993.4,timeout,1afff069-b168-4c60-b0cd-eaf940bd6743,1,60
2026-09-24T07:13:09.315,POST,/desembolsos,0,2980.0,2979.7,timeout,3d1c3a5b-eb82-4ba1-8920-a7cb8601449b,1,60
2026-09-24T07:13:09.414,POST,/desembolsos,0,3012.3,3011.9,timeout,40447355-03b7-4557-8b8f-00cccdd9935e,1,60
2026-09-24T07:13:09.513,POST,/desembolsos,0,2997.0,2996.7,timeout,cf185c77-7959-444c-9cb6-3283a61088d5,1,60
2026-09-24T07:13:09.611,POST,/desembolsos,0,2982.8,2982.6,timeout,93ef6e5a-ce4c-479d-a817-2465ad4096af,1,60
2026-09-24T07:13:09.709,POST,/desembolsos,0,3014.4,3014.0,timeout,2d6d9c5a-85e7-4fd5-941e-801d4dc624e2,1,60
2026-09-24T07:13:09.808,POST,/desembolsos,0,2982.4,2982.1,timeout,013ccdc5-bf84-453d-9c17-1c9878475a14,1,60
2026-09-24T07:13:09.920,POST,/desembolsos,0,2998.7,2998.3,timeout,347062f0-869f-4a31-960f-a323adc5f095,1,60
2026-09-24T07:13:10.030,POST,/desembolsos,0,2984.1,2983.9,timeout,c6505d56-91b8-4351-8553-3c9189a9cb10,1,60
2026-09-24T07:13:10.145,POST,/desembolsos,0,3015.2,3014.9,timeout,9bddce52-9178-47bf-889c-b4fa52848fdb,1,60
2026-09-24T07:13:10.145,POST,/desembolsos,0,3014.1,3014.0,timeout,c6986a40-7c3d-4e73-be1f-081cee7feb39,2,60
2026-09-24T07:13:10.246,POST,/desembolsos,0,2994.5,2994.2,timeout,70d89041-4b7f-4b46-8549-21b4d7af3fb9,1,60
2026-09-24T07:13:10.278,POST,/desembolsos,0,2993.1,2992.8,timeout,6cb0f9ed-1710-4079-9e91-e614b3cad18a,2,60
2026-09-24T07:13:10.344,POST,/desembolsos,0,2994.1,2993.8,timeout,6f6b48db-1aca-4954-9105-a0b4b0864446,1,60
2026-09-24T07:13:10.393,POST,/desembolsos,0,2994.0,2993.6,timeout,09849eb2-afc8-4950-ab9e-a5fb49c88dbf,2,60
2026-09-24T07:13:10.439,POST,/desembolsos,0,2999.3,2999.0,timeout,ee76dfb5-bfa3-40ae-ae26-82364e3aa4c6,1,60
2026-09-24T07:13:10.536,POST,/desembolsos,0,3015.4,3015.3,timeout,424f0465-fb3e-4160-8d8c-8ca1b656b66f,2,60
2026-09-24T07:13:10.536,POST,/desembolsos,0,3016.8,3016.5,timeout,7a83a004-043b-4514-b212-b5e5aa63683f,1,60
2026-09-24T07:13:10.634,POST,/desembolsos,0,2999.0,2998.9,timeout,35778fda-a36f-45b1-9cf2-5452bfea50c3,2,60
2026-09-24T07:13:10.634,POST,/desembolsos,0,3000.2,2999.8,timeout,d807a2c9-0ed8-412b-b48f-cda55f959874,1,60
2026-09-24T07:13:10.732,POST,/desembolsos,0,3000.2,3000.0,timeout,2fcbd99c-140b-4ec0-8902-5425c3b11773,1,60
2026-09-24T07:13:10.765,POST,/desembolsos,0,2999.6,2999.4,timeout,ad79ecd3-b89c-41b3-bac4-fb12d51843ef,2,60
2026-09-24T07:13:10.847,POST,/desembolsos,0,2999.4,2999.3,timeout,de0ed46d-dd01-454a-a4ad-0403ea7cbe59,2,60
2026-09-24T07:13:10.846,POST,/desembolsos,0,3000.6,3000.2,timeout,9bdd9b1d-81ac-4c6d-a47f-28fb12260e4f,1,60
2026-09-24T07:13:10.928,POST,/desembolsos,0,3000.5,3000.4,timeout,cda8fa4b-2ea1-439a-97a3-e8300d20ffa4,1,60
2026-09-24T07:13:10.928,POST,/desembolsos,0,3001.5,3001.1,timeout,6c2bb36c-d5df-4fc9-8e27-66110d2812d3,2,60
2026-09-24T07:13:11.044,POST,/desembolsos,0,3001.0,3001.0,timeout,128d151b-674b-4ed2-84b2-960fc2320754,2,60
2026-09-24T07:13:11.044,POST,/desembolsos,0,3002.5,3002.1,timeout,a24a47b7-368d-471e-a764-7b685292971e,1,60
2026-09-24T07:13:11.144,POST,/desembolsos,0,3001.1,3001.1,timeout,6b97b9e9-4b04-4f87-a260-6071141e3914,2,60
2026-09-24T07:13:11.142,POST,/desembolsos,0,3002.4,3002.1,timeout,2c6a8a46-eb93-4bdb-b9bb-4cd51c6da2e9,1,60
2026-09-24T07:13:11.177,POST,/desembolsos,0,3001.6,3001.4,timeout,1018e689-192a-4d34-85a8-5ba36c978334,3,60
2026-09-24T07:13:11.244,POST,/desembolsos,0,2998.7,2998.6,timeout,03c52e8a-6b9e-44b0-af1f-671827b4aff0,2,60
2026-09-24T07:13:11.244,POST,/desembolsos,0,2999.7,2999.4,timeout,0418ce3d-0822-4e0d-997b-1808cf18146e,1,60
2026-09-24T07:13:11.344,POST,/desembolsos,0,3002.4,3002.3,timeout,3158c48a-d538-4d01-a029-1568398ced68,2,60
2026-09-24T07:13:11.343,POST,/desembolsos,0,3003.2,3003.0,timeout,df357351-2370-4b31-9b01-90e286988afd,1,60
2026-09-24T07:13:11.441,POST,/desembolsos,0,3003.5,3003.3,timeout,3d21658f-3654-49e4-80f0-4768f51bca83,1,60
2026-09-24T07:13:11.480,POST,/desembolsos,0,3011.6,3011.4,timeout,9dd7385b-a0ee-4c60-9189-303b421ca559,2,60
2026-09-24T07:13:11.534,POST,/desembolsos,0,2988.5,2988.3,timeout,7d91a72d-ddf5-4957-9ed7-d3392956cf08,1,60
2026-09-24T07:13:11.597,POST,/desembolsos,0,2990.0,2989.8,timeout,d17917a5-1ccf-47e2-b11b-e01bc9601100,2,60
2026-09-24T07:13:11.638,POST,/desembolsos,0,2998.7,2998.3,timeout,793f7437-6f97-48ef-b324-78d2f177e56f,1,60
2026-09-24T07:13:11.672,POST,/desembolsos,0,2995.1,2994.8,timeout,f22c16a8-ad3b-45b5-8f72-5f2520d71530,2,60
2026-09-24T07:13:11.745,POST,/desembolsos,0,3020.0,3019.7,timeout,145a8efc-b032-40f9-b6e4-8c53e1892c79,1,60
2026-09-24T07:13:11.788,POST,/desembolsos,0,3009.9,3009.7,timeout,76fbc051-b392-4806-8cc6-c24cac7995ef,2,60
2026-09-24T07:13:11.835,POST,/desembolsos,0,3012.5,3012.2,timeout,24a4d5ce-2f0e-43aa-916f-9ce81fb06577,1,60
2026-09-24T07:13:11.884,POST,/desembolsos,0,3013.1,3012.9,timeout,893affda-5e80-4b1f-b1d0-fbb79e1100d5,2,60
2026-09-24T07:13:11.934,POST,/desembolsos,0,2995.8,2995.5,timeout,c5220857-3b89-4054-b101-97fa4d7c3e3b,1,60
2026-09-24T07:13:12.013,POST,/desembolsos,0,2999.3,2999.0,timeout,487e4e0f-9d71-4ae5-8259-1edc95d950ab,2,60
2026-09-24T07:13:12.047,POST,/desembolsos,0,2998.4,2998.1,timeout,5cb5cc0d-9e2e-4d0e-a995-f1775690fb76,1,60
2026-09-24T07:13:12.096,POST,/desembolsos,0,3011.5,3011.0,timeout,e735d0c6-de8c-4d18-8b49-cf49ecaf8d0a,2,60
2026-09-24T07:13:12.128,POST,/desembolsos,0,2994.8,2994.6,timeout,71b760c4-1754-40d5-bfe9-818755d79425,1,60
2026-09-24T07:13:12.194,POST,/desembolsos,0,3008.9,3008.7,timeout,b5175aab-046b-4451-a141-897c215ec51a,2,60
2026-09-24T07:13:12.294,POST,/desembolsos,0,3006.3,3005.9,timeout,0447029a-5a43-4cd7-a560-2054f13e86f5,2,60
2026-09-24T07:13:12.393,POST,/desembolsos,0,3004.0,3003.7,timeout,8eae5e4e-8a56-4007-8ecd-0e7d13630675,2,60
2026-09-24T07:13:12.476,POST,/desembolsos,0,3002.7,3002.3,timeout,fe4ed8cb-ad72-4068-bcc9-34df854f8e3c,2,60
2026-09-24T07:13:12.592,POST,/desembolsos,0,3003.3,3003.1,timeout,59949865-9fc1-4819-8ec2-de8b9afca5d7,2,60
2026-09-24T07:13:12.676,POST,/desembolsos,0,3001.7,3001.3,timeout,3721c47b-d757-4fec-ae93-dd940f28b60c,2,60
2026-09-24T07:13:12.789,POST,/desembolsos,0,3003.3,3002.9,timeout,2123ee31-7729-43b4-b149-ef7edce844d5,2,60
2026-09-24T07:13:12.885,POST,/desembolsos,0,3003.4,3002.9,timeout,84622ff4-d211-4d20-b68c-a8c3cf7710ce,2,60
2026-09-24T07:13:13.013,POST,/desembolsos,0,3008.7,3008.3,timeout,7e4ce91b-7d8a-46ad-9d98-b6c77e1af075,2,60
2026-09-24T07:13:13.129,POST,/desembolsos,0,2989.9,2989.5,timeout,cad0e497-cf9c-4694-8354-11a042424940,2,60
2026-09-24T07:13:13.208,POST,/desembolsos,0,3024.7,3024.5,timeout,1afff069-b168-4c60-b0cd-eaf940bd6743,2,60
2026-09-24T07:13:13.304,POST,/desembolsos,0,2996.9,2996.5,timeout,3d1c3a5b-eb82-4ba1-8920-a7cb8601449b,2,60
2026-09-24T07:13:13.436,POST,/desembolsos,0,2978.3,2977.9,timeout,40447355-03b7-4557-8b8f-00cccdd9935e,2,60
2026-09-24T07:13:13.519,POST,/desembolsos,0,2992.5,2992.3,timeout,cf185c77-7959-444c-9cb6-3283a61088d5,2,60
2026-09-24T07:13:13.584,POST,/desembolsos,0,3010.6,3010.2,timeout,93ef6e5a-ce4c-479d-a817-2465ad4096af,2,60
2026-09-24T07:13:13.732,POST,/desembolsos,0,2995.0,2994.8,timeout,2d6d9c5a-85e7-4fd5-941e-801d4dc624e2,2,60
2026-09-24T07:13:13.797,POST,/desembolsos,0,2995.7,2995.3,timeout,013ccdc5-bf84-453d-9c17-1c9878475a14,2,60
2026-09-24T07:13:13.928,POST,/desembolsos,0,3011.3,3011.1,timeout,347062f0-869f-4a31-960f-a323adc5f095,2,60
2026-09-24T07:13:14.013,POST,/desembolsos,0,3008.7,3008.4,timeout,c6505d56-91b8-4351-8553-3c9189a9cb10,2,60
2026-09-24T07:13:14.178,POST,/desembolsos,0,3001.3,3001.2,timeout,5dbea700-7066-4fdb-a4fb-361eec550eef,1,60
2026-09-24T07:13:14.177,POST,/desembolsos,0,3002.3,3002.1,timeout,c6986a40-7c3d-4e73-be1f-081cee7feb39,3,60
2026-09-24T07:13:14.178,POST,/desembolsos,0,3002.3,3002.3,timeout,9bddce52-9178-47bf-889c-b4fa52848fdb,2,60
2026-09-24T07:13:14.243,POST,/desembolsos,0,3016.1,3015.9,timeout,70d89041-4b7f-4b46-8549-21b4d7af3fb9,2,60
2026-09-24T07:13:14.274,POST,/desembolsos,0,2985.5,2985.3,timeout,6cb0f9ed-1710-4079-9e91-e614b3cad18a,3,60
2026-09-24T07:13:14.346,POST,/desembolsos,0,2992.4,2992.2,timeout,6f6b48db-1aca-4954-9105-a0b4b0864446,2,60
2026-09-24T07:13:14.394,POST,/desembolsos,0,2991.2,2990.8,timeout,09849eb2-afc8-4950-ab9e-a5fb49c88dbf,3,60
2026-09-24T07:13:14.442,POST,/desembolsos,0,3005.9,3005.6,timeout,ee76dfb5-bfa3-40ae-ae26-82364e3aa4c6,2,60
2026-09-24T07:13:14.554,POST,/desembolsos,0,3002.5,3002.2,timeout,424f0465-fb3e-4160-8d8c-8ca1b656b66f,3,60
2026-09-24T07:13:14.554,POST,/desembolsos,0,3002.2,3002.1,timeout,7a83a004-043b-4514-b212-b5e5aa63683f,2,60
2026-09-24T07:13:14.635,POST,/desembolsos,0,3015.6,3015.5,timeout,d807a2c9-0ed8-412b-b48f-cda55f959874,2,60
2026-09-24T07:13:14.635,POST,/desembolsos,0,3016.8,3016.5,timeout,35778fda-a36f-45b1-9cf2-5452bfea50c3,3,60
2026-09-24T07:13:14.734,POST,/desembolsos,0,2998.4,2998.2,timeout,2fcbd99c-140b-4ec0-8902-5425c3b11773,2,60
2026-09-24T07:13:14.765,POST,/desembolsos,0,3013.7,3013.6,timeout,ad79ecd3-b89c-41b3-bac4-fb12d51843ef,3,60
2026-09-24T07:13:14.847,POST,/desembolsos,0,3010.4,3010.3,timeout,de0ed46d-dd01-454a-a4ad-0403ea7cbe59,3,60
2026-09-24T07:13:14.847,POST,/desembolsos,0,3011.3,3011.1,timeout,9bdd9b1d-81ac-4c6d-a47f-28fb12260e4f,2,60
2026-09-24T07:13:14.929,POST,/desembolsos,0,3008.0,3007.7,timeout,cda8fa4b-2ea1-439a-97a3-e8300d20ffa4,2,60
2026-09-24T07:13:14.929,POST,/desembolsos,0,3006.9,3006.8,timeout,6c2bb36c-d5df-4fc9-8e27-66110d2812d3,3,60
2026-09-24T07:13:15.044,POST,/desembolsos,0,3001.0,3000.8,timeout,128d151b-674b-4ed2-84b2-960fc2320754,3,60
2026-09-24T07:13:15.045,POST,/desembolsos,0,3000.4,3000.3,timeout,a24a47b7-368d-471e-a764-7b685292971e,2,60
2026-09-24T07:13:15.155,POST,/desembolsos,0,2999.7,2999.7,timeout,6b97b9e9-4b04-4f87-a260-6071141e3914,3,60
2026-09-24T07:13:15.155,POST,/desembolsos,0,3000.5,3000.3,timeout,2c6a8a46-eb93-4bdb-b9bb-4cd51c6da2e9,2,60
2026-09-24T07:13:15.251,POST,/desembolsos,0,2999.4,2999.2,timeout,0418ce3d-0822-4e0d-997b-1808cf18146e,2,60
2026-09-24T07:13:15.251,POST,/desembolsos,0,2998.9,2998.8,timeout,03c52e8a-6b9e-44b0-af1f-671827b4aff0,3,60
2026-09-24T07:13:15.348,POST,/desembolsos,0,2998.3,2998.0,timeout,df357351-2370-4b31-9b01-90e286988afd,2,60
2026-09-24T07:13:15.348,POST,/desembolsos,0,2997.5,2997.4,timeout,3158c48a-d538-4d01-a029-1568398ced68,3,60
2026-09-24T07:13:15.446,POST,/desembolsos,0,3011.4,3011.1,timeout,3d21658f-3654-49e4-80f0-4768f51bca83,2,60
2026-09-24T07:13:15.496,POST,/desembolsos,0,3009.4,3009.2,timeout,9dd7385b-a0ee-4c60-9189-303b421ca559,3,60
2026-09-24T07:13:15.529,POST,/desembolsos,0,2976.7,2976.3,timeout,7d91a72d-ddf5-4957-9ed7-d3392956cf08,2,60
2026-09-24T07:13:15.594,POST,/desembolsos,0,3006.1,3005.8,timeout,d17917a5-1ccf-47e2-b11b-e01bc9601100,3,60
2026-09-24T07:13:15.643,POST,/desembolsos,0,2989.2,2988.8,timeout,793f7437-6f97-48ef-b324-78d2f177e56f,2,60
2026-09-24T07:13:15.676,POST,/desembolsos,0,3003.4,3003.0,timeout,f22c16a8-ad3b-45b5-8f72-5f2520d71530,3,60
2026-09-24T07:13:15.759,POST,/desembolsos,0,3000.5,3000.3,timeout,145a8efc-b032-40f9-b6e4-8c53e1892c79,2,60
2026-09-24T07:13:15.791,POST,/desembolsos,0,3000.0,2999.7,timeout,76fbc051-b392-4806-8cc6-c24cac7995ef,3,60
2026-09-24T07:13:15.841,POST,/desembolsos,0,3013.4,3013.2,timeout,24a4d5ce-2f0e-43aa-916f-9ce81fb06577,2,60
2026-09-24T07:13:15.888,POST,/desembolsos,0,3013.0,3012.8,timeout,893affda-5e80-4b1f-b1d0-fbb79e1100d5,3,60
2026-09-24T07:13:15.938,POST,/desembolsos,0,2978.8,2978.5,timeout,c5220857-3b89-4054-b101-97fa4d7c3e3b,2,60
2026-09-24T07:13:16.021,POST,/desembolsos,0,3020.9,3020.5,timeout,487e4e0f-9d71-4ae5-8259-1edc95d950ab,3,60
2026-09-24T07:13:16.037,POST,/desembolsos,0,3005.8,3005.6,timeout,5cb5cc0d-9e2e-4d0e-a995-f1775690fb76,2,60
2026-09-24T07:13:16.101,POST,/desembolsos,0,3016.9,3015.7,timeout,e735d0c6-de8c-4d18-8b49-cf49ecaf8d0a,3,60
2026-09-24T07:13:16.118,POST,/desembolsos,0,3000.1,2999.7,timeout,71b760c4-1754-40d5-bfe9-818755d79425,2,60
2026-09-24T07:13:16.200,POST,/desembolsos,0,2997.2,2996.8,timeout,b5175aab-046b-4451-a141-897c215ec51a,3,60
2026-09-24T07:13:16.300,POST,/desembolsos,0,2993.7,2993.3,timeout,0447029a-5a43-4cd7-a560-2054f13e86f5,3,60
2026-09-24T07:13:16.413,POST,/desembolsos,0,3007.0,3006.6,timeout,8eae5e4e-8a56-4007-8ecd-0e7d13630675,3,60
2026-09-24T07:13:16.479,POST,/desembolsos,0,3005.2,3005.0,timeout,fe4ed8cb-ad72-4068-bcc9-34df854f8e3c,3,60
2026-09-24T07:13:16.595,POST,/desembolsos,0,3000.3,3000.0,timeout,59949865-9fc1-4819-8ec2-de8b9afca5d7,3,60
2026-09-24T07:13:16.694,POST,/desembolsos,0,3013.0,3012.6,timeout,3721c47b-d757-4fec-ae93-dd940f28b60c,3,60
2026-09-24T07:13:16.793,POST,/desembolsos,0,2993.1,2992.8,timeout,2123ee31-7729-43b4-b149-ef7edce844d5,3,60
2026-09-24T07:13:16.892,POST,/desembolsos,0,3005.6,3005.2,timeout,84622ff4-d211-4d20-b68c-a8c3cf7710ce,3,60
2026-09-24T07:13:17.021,POST,/desembolsos,0,3006.8,3006.6,timeout,7e4ce91b-7d8a-46ad-9d98-b6c77e1af075,3,60
2026-09-24T07:13:17.116,POST,/desembolsos,0,3020.3,3020.0,timeout,cad0e497-cf9c-4694-8354-11a042424940,3,60
2026-09-24T07:13:17.179,POST,/desembolsos,0,3003.5,3003.4,timeout,23afd093-4761-4de7-98c9-86f3ec1bd9b4,1,60
2026-09-24T07:13:17.227,POST,/desembolsos,0,3004.0,3003.8,timeout,1afff069-b168-4c60-b0cd-eaf940bd6743,3,60
2026-09-24T07:13:17.291,POST,/desembolsos,0,3003.2,3003.2,timeout,3d1c3a5b-eb82-4ba1-8920-a7cb8601449b,3,60
2026-09-24T07:13:17.291,POST,/desembolsos,0,3004.0,3003.8,timeout,5ddaaa0b-70d5-404e-9e8a-98c3b9859a2a,1,60
2026-09-24T07:13:17.385,POST,/desembolsos,0,3004.6,3004.5,timeout,6b9d8d81-8b81-4ee4-963c-589b402e3c5b,1,60
2026-09-24T07:13:17.417,POST,/desembolsos,0,3004.9,3004.7,timeout,40447355-03b7-4557-8b8f-00cccdd9935e,3,60
2026-09-24T07:13:17.526,POST,/desembolsos,0,3007.9,3007.7,timeout,cf185c77-7959-444c-9cb6-3283a61088d5,3,60
2026-09-24T07:13:17.557,POST,/desembolsos,0,2992.6,2992.4,timeout,d9ce40a3-a404-47cf-add3-fd3378754941,1,60
2026-09-24T07:13:17.605,POST,/desembolsos,0,3008.8,3008.6,timeout,93ef6e5a-ce4c-479d-a817-2465ad4096af,3,60
2026-09-24T07:13:17.668,POST,/desembolsos,0,3002.9,3002.7,timeout,a57e5e84-3618-4317-95df-fc4a417db2ba,1,60
2026-09-24T07:13:17.732,POST,/desembolsos,0,3002.9,3002.7,timeout,2d6d9c5a-85e7-4fd5-941e-801d4dc624e2,3,60
2026-09-24T07:13:17.779,POST,/desembolsos,0,3003.4,3003.3,timeout,c43f7884-27db-4323-8a61-9041e4089625,1,60
2026-09-24T07:13:17.811,POST,/desembolsos,0,3003.5,3003.3,timeout,013ccdc5-bf84-453d-9c17-1c9878475a14,3,60
2026-09-24T07:13:17.889,POST,/desembolsos,0,3003.5,3003.3,timeout,f8552d9f-254b-4b12-b5d2-f7bcde30207d,1,60
2026-09-24T07:13:17.937,POST,/desembolsos,0,3003.3,3003.1,timeout,347062f0-869f-4a31-960f-a323adc5f095,3,60
2026-09-24T07:13:17.987,POST,/desembolsos,0,3019.2,3019.0,timeout,0f7ebe6a-1224-4ef6-857a-1e842ae461ad,1,60
2026-09-24T07:13:18.045,POST,/desembolsos,0,2993.1,2992.9,timeout,c6505d56-91b8-4351-8553-3c9189a9cb10,3,60
2026-09-24T07:13:18.092,POST,/desembolsos,0,3008.9,3008.6,timeout,20bfd2ee-6891-461b-9574-bdba5a2c04cf,1,60
2026-09-24T07:13:18.187,POST,/desembolsos,0,2992.3,2992.2,timeout,9bddce52-9178-47bf-889c-b4fa52848fdb,3,60
2026-09-24T07:13:18.187,POST,/desembolsos,0,2992.7,2992.7,timeout,5dbea700-7066-4fdb-a4fb-361eec550eef,2,60
2026-09-24T07:13:18.187,POST,/desembolsos,0,2993.8,2993.5,timeout,91a0ca83-2a12-4913-bc9f-a418eb89ebd6,1,60
2026-09-24T07:13:18.282,POST,/desembolsos,0,2992.7,2992.5,timeout,70d89041-4b7f-4b46-8549-21b4d7af3fb9,3,60
2026-09-24T07:13:18.283,POST,/desembolsos,0,2992.2,2992.1,timeout,d21f497a-fb80-4620-b3a2-7e1c1f1ba4d6,1,60
2026-09-24T07:13:18.346,POST,/desembolsos,0,3007.8,3007.7,timeout,6f6b48db-1aca-4954-9105-a0b4b0864446,3,60
2026-09-24T07:13:18.394,POST,/desembolsos,0,2992.6,2992.5,timeout,86d82e8e-0af2-4602-b848-a48318a1950b,1,60
2026-09-24T07:13:18.457,POST,/desembolsos,0,2992.2,2992.1,timeout,ee76dfb5-bfa3-40ae-ae26-82364e3aa4c6,3,60
2026-09-24T07:13:18.505,POST,/desembolsos,0,3022.9,3022.7,timeout,393ad3a6-38b9-4f59-bfbc-b947afcf1093,1,60
2026-09-24T07:13:18.553,POST,/desembolsos,0,3007.5,3007.2,timeout,7a83a004-043b-4514-b212-b5e5aa63683f,3,60
2026-09-24T07:13:18.616,POST,/desembolsos,0,3007.0,3006.8,timeout,e873d15a-aec4-4fca-85b5-e15651ca1e15,1,60
2026-09-24T07:13:18.632,POST,/desembolsos,0,3006.8,3006.7,timeout,d807a2c9-0ed8-412b-b48f-cda55f959874,3,60
2026-09-24T07:13:18.711,POST,/desembolsos,0,3017.2,3017.0,timeout,223d6164-261c-457b-8fe2-d78f9c7d6337,1,60
2026-09-24T07:13:18.711,POST,/desembolsos,0,3016.6,3016.5,timeout,2fcbd99c-140b-4ec0-8902-5425c3b11773,3,60
2026-09-24T07:13:18.807,POST,/desembolsos,0,3001.3,3001.1,timeout,21e24713-d5d8-44f4-ba54-202e012a4d67,1,60
2026-09-24T07:13:18.854,POST,/desembolsos,0,3002.0,3001.9,timeout,9bdd9b1d-81ac-4c6d-a47f-28fb12260e4f,3,60
2026-09-24T07:13:18.918,POST,/desembolsos,0,3002.2,3002.1,timeout,cda8fa4b-2ea1-439a-97a3-e8300d20ffa4,3,60
2026-09-24T07:13:18.917,POST,/desembolsos,0,3003.1,3003.0,timeout,ae0f5ab1-3a63-49ff-951e-1119a7e04362,1,60
2026-09-24T07:13:19.042,POST,/desembolsos,0,3001.1,3001.0,timeout,a24a47b7-368d-471e-a764-7b685292971e,3,60
2026-09-24T07:13:19.042,POST,/desembolsos,0,3002.0,3001.8,timeout,ada67dbe-cbee-4c5d-a938-1c0432674996,1,60
2026-09-24T07:13:19.150,POST,/desembolsos,0,3005.1,3004.9,timeout,d05832b5-7a15-4cd9-b288-505ce6afff70,1,60
2026-09-24T07:13:19.150,POST,/desembolsos,0,3004.6,3004.4,timeout,2c6a8a46-eb93-4bdb-b9bb-4cd51c6da2e9,3,60
2026-09-24T07:13:19.245,POST,/desembolsos,0,3016.8,3016.6,timeout,26063fbe-8f2f-40af-a985-95dabb7bea56,1,60
2026-09-24T07:13:19.245,POST,/desembolsos,0,3016.4,3016.3,timeout,0418ce3d-0822-4e0d-997b-1808cf18146e,3,60
2026-09-24T07:13:19.341,POST,/desembolsos,0,3015.8,3015.6,timeout,df357351-2370-4b31-9b01-90e286988afd,3,60
2026-09-24T07:13:19.341,POST,/desembolsos,0,3015.2,3015.2,timeout,47b41f46-1c36-45ff-8833-0fd55926fcfe,1,60
2026-09-24T07:13:19.452,POST,/desembolsos,0,2998.8,2998.7,timeout,3d21658f-3654-49e4-80f0-4768f51bca83,3,60
2026-09-24T07:13:19.452,POST,/desembolsos,0,2999.5,2999.4,timeout,be8c7686-b2b0-4605-b39b-95b56087c4cc,1,60
2026-09-24T07:13:19.516,POST,/desembolsos,0,3015.3,3015.1,timeout,7d91a72d-ddf5-4957-9ed7-d3392956cf08,3,60
2026-09-24T07:13:19.547,POST,/desembolsos,0,3015.3,3015.1,timeout,3d30877b-08dc-46bf-af6b-4ebda8019519,1,60
2026-09-24T07:13:19.643,POST,/desembolsos,0,3013.6,3013.5,timeout,793f7437-6f97-48ef-b324-78d2f177e56f,3,60
2026-09-24T07:13:19.643,POST,/desembolsos,0,3014.3,3014.1,timeout,5a1f06ca-790d-4f86-af20-2caa90afdd82,1,60
2026-09-24T07:13:19.755,POST,/desembolsos,0,3024.5,3024.4,timeout,cecf3aff-5899-42ac-915e-ead2f8d65b00,1,60
2026-09-24T07:13:19.755,POST,/desembolsos,0,3024.1,3024.0,timeout,145a8efc-b032-40f9-b6e4-8c53e1892c79,3,60
2026-09-24T07:13:19.850,POST,/desembolsos,0,3007.6,3007.6,timeout,24a4d5ce-2f0e-43aa-916f-9ce81fb06577,3,60
2026-09-24T07:13:19.850,POST,/desembolsos,0,3008.4,3008.2,timeout,06252d82-2a22-47ca-8302-69c7b91cdce7,1,60
2026-09-24T07:13:19.930,POST,/desembolsos,0,2992.6,2992.4,timeout,c5220857-3b89-4054-b101-97fa4d7c3e3b,3,60
2026-09-24T07:13:19.930,POST,/desembolsos,0,2991.9,2991.7,timeout,668cfd1c-267a-43c0-a4ec-4a1c7d726643,1,60
2026-09-24T07:13:20.044,POST,/desembolsos,0,3008.2,3008.0,timeout,3c151f5f-0cd3-4184-b853-5a54b4c69ba4,1,60
2026-09-24T07:13:20.044,POST,/desembolsos,0,3007.7,3007.6,timeout,5cb5cc0d-9e2e-4d0e-a995-f1775690fb76,3,60
2026-09-24T07:13:20.136,POST,/desembolsos,0,2994.6,2994.5,timeout,71b760c4-1754-40d5-bfe9-818755d79425,3,60
2026-09-24T07:13:20.152,POST,/desembolsos,0,2979.3,2979.2,timeout,b752d6ce-01bb-4fa3-867a-d61badb843e0,1,60
2026-09-24T07:13:20.247,POST,/desembolsos,0,2996.2,2996.1,timeout,3aab270b-f41c-47da-b324-789ceb4ef2e2,1,60
2026-09-24T07:13:20.343,POST,/desembolsos,0,3009.3,3009.1,timeout,e26c6066-2f9a-4c0f-8bff-f37701eb82bf,1,60
2026-09-24T07:13:20.454,POST,/desembolsos,0,2997.7,2997.5,timeout,e8d4551c-ad95-46c5-8ac0-ba1c0ae06ea1,1,60
2026-09-24T07:13:20.550,POST,/desembolsos,0,3009.1,3008.9,timeout,bbfb6016-c41f-4ce8-a043-fdd0cb94db60,1,60
2026-09-24T07:13:20.647,POST,/desembolsos,0,3007.2,3007.0,timeout,5dfabdbd-26dd-459c-bdcc-4707e9b8aa9e,1,60
2026-09-24T07:13:20.751,POST,/desembolsos,0,2998.4,2998.2,timeout,e115a17f-9ecf-4554-8a73-9a03c8f5d19f,1,60
2026-09-24T07:13:20.846,POST,/desembolsos,0,2998.6,2998.4,timeout,7976e5a2-5d66-4ece-b8c9-e56d6946643c,1,60
2026-09-24T07:13:20.956,POST,/desembolsos,0,3007.5,3007.3,timeout,a6a78326-3ea6-4bba-9530-5ff12595c47c,1,60
2026-09-24T07:13:21.053,POST,/desembolsos,0,3006.0,3005.8,timeout,55d3958d-85dd-4d94-9513-220649bf29c7,1,60
2026-09-24T07:13:21.180,POST,/desembolsos,0,3005.5,3005.3,timeout,998fb681-af61-48ca-b57d-dc20aa1c2caf,1,60
2026-09-24T07:13:21.180,POST,/desembolsos,0,3005.1,3005.0,timeout,23afd093-4761-4de7-98c9-86f3ec1bd9b4,2,60
2026-09-24T07:13:21.291,POST,/desembolsos,0,3024.3,3024.1,timeout,8d8f2041-6694-4fcf-ab07-167fc88ed5e8,1,60
2026-09-24T07:13:21.291,POST,/desembolsos,0,3023.8,3023.8,timeout,5ddaaa0b-70d5-404e-9e8a-98c3b9859a2a,2,60
2026-09-24T07:13:21.385,POST,/desembolsos,0,3023.9,3023.8,timeout,6b9d8d81-8b81-4ee4-963c-589b402e3c5b,2,60
2026-09-24T07:13:21.385,POST,/desembolsos,0,3024.6,3024.5,timeout,1426f8cc-84d1-4d77-909b-3f57bf2cdf4c,1,60
2026-09-24T07:13:21.480,POST,/desembolsos,0,2977.9,2977.8,timeout,5240653c-6202-44ce-a5c2-d2eaff918a49,1,60
2026-09-24T07:13:21.560,POST,/desembolsos,0,2994.4,2994.2,timeout,d9ce40a3-a404-47cf-add3-fd3378754941,2,60
2026-09-24T07:13:21.592,POST,/desembolsos,0,2994.1,2994.0,timeout,cba9f39f-8111-437e-a099-5e594deb742c,1,60
2026-09-24T07:13:21.671,POST,/desembolsos,0,3009.1,3009.0,timeout,2e0374f3-7c0e-4c8e-a647-6bff85f635cb,1,60
2026-09-24T07:13:21.671,POST,/desembolsos,0,3010.2,3009.9,timeout,a57e5e84-3618-4317-95df-fc4a417db2ba,2,60
2026-09-24T07:13:21.776,POST,/desembolsos,0,2979.1,2979.0,timeout,040ec74e-db21-4b22-beb9-f4ac194e59b5,1,60
2026-09-24T07:13:21.776,POST,/desembolsos,0,2979.8,2979.6,timeout,c43f7884-27db-4323-8a61-9041e4089625,2,60
2026-09-24T07:13:21.888,POST,/desembolsos,0,2999.8,2999.7,timeout,f8552d9f-254b-4b12-b5d2-f7bcde30207d,2,60
2026-09-24T07:13:21.887,POST,/desembolsos,0,3000.6,3000.4,timeout,a39b5116-3d61-480a-b07b-93b4fa095361,1,60
2026-09-24T07:13:21.996,POST,/desembolsos,0,3008.9,3008.7,timeout,34d0e242-2ebe-41fd-9ab6-2b4714427c37,1,60
2026-09-24T07:13:22.012,POST,/desembolsos,0,2993.0,2992.8,timeout,0f7ebe6a-1224-4ef6-857a-1e842ae461ad,2,60
2026-09-24T07:13:22.091,POST,/desembolsos,0,3008.5,3008.3,timeout,d928e5f1-b398-4e13-9aff-632efca5f3ad,1,60
2026-09-24T07:13:22.092,POST,/desembolsos,0,3007.9,3007.7,timeout,20bfd2ee-6891-461b-9574-bdba5a2c04cf,2,60
2026-09-24T07:13:22.186,POST,/desembolsos,0,2991.7,2991.6,timeout,5dbea700-7066-4fdb-a4fb-361eec550eef,3,60
2026-09-24T07:13:22.186,POST,/desembolsos,0,2992.7,2992.6,timeout,91a0ca83-2a12-4913-bc9f-a418eb89ebd6,2,60
2026-09-24T07:13:22.186,POST,/desembolsos,0,2993.4,2993.2,timeout,8bce2ae1-91ce-4929-a700-202fec2dab05,1,60
2026-09-24T07:13:22.262,POST,/desembolsos,0,3007.7,3007.6,timeout,d21f497a-fb80-4620-b3a2-7e1c1f1ba4d6,2,60
2026-09-24T07:13:22.294,POST,/desembolsos,0,3008.5,3008.4,timeout,dfd553ed-d5ad-42c1-8182-30c940a0851a,1,60
2026-09-24T07:13:22.389,POST,/desembolsos,0,3009.0,3008.8,timeout,a2140de3-3dff-4588-849c-ecb0f5f1538f,1,60
2026-09-24T07:13:22.389,POST,/desembolsos,0,3008.6,3008.5,timeout,86d82e8e-0af2-4602-b848-a48318a1950b,2,60
2026-09-24T07:13:22.484,POST,/desembolsos,0,2977.8,2977.6,timeout,9bb3b533-a0dc-42da-ad18-da249501b36b,1,60
2026-09-24T07:13:22.531,POST,/desembolsos,0,2993.4,2993.4,timeout,393ad3a6-38b9-4f59-bfbc-b947afcf1093,2,60
2026-09-24T07:13:22.594,POST,/desembolsos,0,3009.7,3009.6,timeout,c16dea3d-963f-4f2e-96e3-6c612f9db8ef,1,60
2026-09-24T07:13:22.626,POST,/desembolsos,0,3009.2,3009.0,timeout,e873d15a-aec4-4fca-85b5-e15651ca1e15,2,60
2026-09-24T07:13:22.689,POST,/desembolsos,0,2994.0,2993.9,timeout,0bd1b5f7-9bdf-44c3-855d-d35d2f3cba4f,1,60
2026-09-24T07:13:22.737,POST,/desembolsos,0,2994.2,2994.0,timeout,223d6164-261c-457b-8fe2-d78f9c7d6337,2,60
2026-09-24T07:13:22.795,POST,/desembolsos,0,3007.9,3007.8,timeout,21e24713-d5d8-44f4-ba54-202e012a4d67,2,60
2026-09-24T07:13:22.795,POST,/desembolsos,0,3008.5,3008.3,timeout,04816030-c61a-4c41-bf24-d67f38298e1d,1,60
2026-09-24T07:13:22.890,POST,/desembolsos,0,3007.9,3007.8,timeout,182799e3-6ed7-498f-b39b-219c20a38ee2,1,60
2026-09-24T07:13:22.922,POST,/desembolsos,0,3007.1,3006.9,timeout,ae0f5ab1-3a63-49ff-951e-1119a7e04362,2,60
2026-09-24T07:13:22.987,POST,/desembolsos,0,2992.0,2991.8,timeout,ef475288-670f-4992-aafe-a0715789308d,1,60
2026-09-24T07:13:23.052,POST,/desembolsos,0,3000.5,3000.4,timeout,ada67dbe-cbee-4c5d-a938-1c0432674996,2,60
2026-09-24T07:13:23.083,POST,/desembolsos,0,3017.9,3017.8,timeout,f9a31b5d-dddd-4539-954e-8c2ff11e3c20,1,60
2026-09-24T07:13:23.131,POST,/desembolsos,0,3017.8,3017.7,timeout,d05832b5-7a15-4cd9-b288-505ce6afff70,2,60
2026-09-24T07:13:23.194,POST,/desembolsos,0,3002.9,3002.7,timeout,1c2533b7-079f-4c6f-a733-2d5ddf0cb3d6,1,60
2026-09-24T07:13:23.263,POST,/desembolsos,0,2997.1,2996.9,timeout,26063fbe-8f2f-40af-a985-95dabb7bea56,2,60
2026-09-24T07:13:23.352,POST,/desembolsos,0,3019.2,3019.1,timeout,47b41f46-1c36-45ff-8833-0fd55926fcfe,2,60
2026-09-24T07:13:23.450,POST,/desembolsos,0,3000.1,2999.9,timeout,be8c7686-b2b0-4605-b39b-95b56087c4cc,2,60
2026-09-24T07:13:23.559,POST,/desembolsos,0,3002.9,3002.8,timeout,3d30877b-08dc-46bf-af6b-4ebda8019519,2,60
2026-09-24T07:13:23.654,POST,/desembolsos,0,3003.4,3003.3,timeout,5a1f06ca-790d-4f86-af20-2caa90afdd82,2,60
2026-09-24T07:13:23.781,POST,/desembolsos,0,3003.4,3003.2,timeout,cecf3aff-5899-42ac-915e-ead2f8d65b00,2,60
2026-09-24T07:13:23.844,POST,/desembolsos,0,3018.1,3017.9,timeout,06252d82-2a22-47ca-8302-69c7b91cdce7,2,60
2026-09-24T07:13:23.924,POST,/desembolsos,0,3017.2,3017.0,timeout,668cfd1c-267a-43c0-a4ec-4a1c7d726643,2,60
2026-09-24T07:13:24.058,POST,/desembolsos,0,2994.8,2994.6,timeout,3c151f5f-0cd3-4184-b853-5a54b4c69ba4,2,60
2026-09-24T07:13:24.138,POST,/desembolsos,0,3010.6,3010.4,timeout,b752d6ce-01bb-4fa3-867a-d61badb843e0,2,60
2026-09-24T07:13:24.252,POST,/desembolsos,0,2992.3,2992.0,timeout,3aab270b-f41c-47da-b324-789ceb4ef2e2,2,60
2026-09-24T07:13:24.362,POST,/desembolsos,0,2993.0,2992.8,timeout,e26c6066-2f9a-4c0f-8bff-f37701eb82bf,2,60
2026-09-24T07:13:24.458,POST,/desembolsos,0,3009.7,3009.6,timeout,e8d4551c-ad95-46c5-8ac0-ba1c0ae06ea1,2,60
2026-09-24T07:13:24.553,POST,/desembolsos,0,3010.0,3009.8,timeout,bbfb6016-c41f-4ce8-a043-fdd0cb94db60,2,60
2026-09-24T07:13:24.649,POST,/desembolsos,0,3011.6,3010.7,timeout,5dfabdbd-26dd-459c-bdcc-4707e9b8aa9e,2,60
2026-09-24T07:13:24.755,POST,/desembolsos,0,3019.0,3018.8,timeout,e115a17f-9ecf-4554-8a73-9a03c8f5d19f,2,60
2026-09-24T07:13:24.839,POST,/desembolsos,0,3002.6,3002.4,timeout,7976e5a2-5d66-4ece-b8c9-e56d6946643c,2,60
2026-09-24T07:13:24.988,POST,/desembolsos,0,3018.6,3018.4,timeout,a6a78326-3ea6-4bba-9530-5ff12595c47c,2,60
2026-09-24T07:13:25.052,POST,/desembolsos,0,3003.3,3003.1,timeout,55d3958d-85dd-4d94-9513-220649bf29c7,2,60
2026-09-24T07:13:25.179,POST,/desembolsos,0,3006.4,3006.3,timeout,23afd093-4761-4de7-98c9-86f3ec1bd9b4,3,60
2026-09-24T07:13:25.179,POST,/desembolsos,0,3007.6,3007.6,timeout,998fb681-af61-48ca-b57d-dc20aa1c2caf,2,60
2026-09-24T07:13:25.179,POST,/desembolsos,0,3008.2,3008.0,timeout,cf35c088-92e5-46d7-b0d2-9f7f7dde6b04,1,60
2026-09-24T07:13:25.302,POST,/desembolsos,0,3015.6,3015.6,timeout,8d8f2041-6694-4fcf-ab07-167fc88ed5e8,2,60
2026-09-24T07:13:25.302,POST,/desembolsos,0,3016.3,3016.1,timeout,5ddaaa0b-70d5-404e-9e8a-98c3b9859a2a,3,60
2026-09-24T07:13:25.397,POST,/desembolsos,0,3003.7,3003.5,timeout,6b9d8d81-8b81-4ee4-963c-589b402e3c5b,3,60
2026-09-24T07:13:25.397,POST,/desembolsos,0,3003.3,3003.3,timeout,1426f8cc-84d1-4d77-909b-3f57bf2cdf4c,2,60
2026-09-24T07:13:25.461,POST,/desembolsos,0,3004.7,3004.5,timeout,5240653c-6202-44ce-a5c2-d2eaff918a49,2,60
2026-09-24T07:13:25.556,POST,/desembolsos,0,3007.0,3006.9,timeout,d9ce40a3-a404-47cf-add3-fd3378754941,3,60
2026-09-24T07:13:25.604,POST,/desembolsos,0,3007.7,3007.6,timeout,cba9f39f-8111-437e-a099-5e594deb742c,2,60
2026-09-24T07:13:25.683,POST,/desembolsos,0,2979.9,2979.8,timeout,2e0374f3-7c0e-4c8e-a647-6bff85f635cb,2,60
2026-09-24T07:13:25.683,POST,/desembolsos,0,2980.3,2980.2,timeout,a57e5e84-3618-4317-95df-fc4a417db2ba,3,60
2026-09-24T07:13:25.772,POST,/desembolsos,0,3003.1,3002.9,timeout,040ec74e-db21-4b22-beb9-f4ac194e59b5,2,60
2026-09-24T07:13:25.772,POST,/desembolsos,0,3002.6,3002.5,timeout,c43f7884-27db-4323-8a61-9041e4089625,3,60
2026-09-24T07:13:25.897,POST,/desembolsos,0,3009.3,3009.2,timeout,a39b5116-3d61-480a-b07b-93b4fa095361,2,60
2026-09-24T07:13:25.898,POST,/desembolsos,0,3008.7,3008.6,timeout,f8552d9f-254b-4b12-b5d2-f7bcde30207d,3,60
2026-09-24T07:13:26.021,POST,/desembolsos,0,3001.9,3001.8,timeout,0f7ebe6a-1224-4ef6-857a-1e842ae461ad,3,60
2026-09-24T07:13:26.021,POST,/desembolsos,0,3002.9,3002.7,timeout,34d0e242-2ebe-41fd-9ab6-2b4714427c37,2,60
2026-09-24T07:13:26.101,POST,/desembolsos,0,3002.8,3002.6,timeout,d928e5f1-b398-4e13-9aff-632efca5f3ad,2,60
2026-09-24T07:13:26.102,POST,/desembolsos,0,3002.4,3002.4,timeout,20bfd2ee-6891-461b-9574-bdba5a2c04cf,3,60
2026-09-24T07:13:26.181,POST,/desembolsos,0,3005.2,3005.1,timeout,8bce2ae1-91ce-4929-a700-202fec2dab05,2,60
2026-09-24T07:13:26.181,POST,/desembolsos,0,3005.9,3005.7,timeout,91a0ca83-2a12-4913-bc9f-a418eb89ebd6,3,60
2026-09-24T07:13:26.260,POST,/desembolsos,0,3009.0,3008.9,timeout,d21f497a-fb80-4620-b3a2-7e1c1f1ba4d6,3,60
2026-09-24T07:13:26.315,POST,/desembolsos,0,3003.3,3002.9,timeout,dfd553ed-d5ad-42c1-8182-30c940a0851a,2,60
2026-09-24T07:13:26.403,POST,/desembolsos,0,2998.1,2997.9,timeout,a2140de3-3dff-4588-849c-ecb0f5f1538f,2,60
2026-09-24T07:13:26.403,POST,/desembolsos,0,2997.7,2997.6,timeout,86d82e8e-0af2-4602-b848-a48318a1950b,3,60
2026-09-24T07:13:26.482,POST,/desembolsos,0,2985.7,2985.5,timeout,9bb3b533-a0dc-42da-ad18-da249501b36b,2,60
2026-09-24T07:13:26.530,POST,/desembolsos,0,3001.7,3001.5,timeout,393ad3a6-38b9-4f59-bfbc-b947afcf1093,3,60
2026-09-24T07:13:26.609,POST,/desembolsos,0,3003.7,3003.6,timeout,c16dea3d-963f-4f2e-96e3-6c612f9db8ef,2,60
2026-09-24T07:13:26.657,POST,/desembolsos,0,3006.0,3005.9,timeout,e873d15a-aec4-4fca-85b5-e15651ca1e15,3,60
2026-09-24T07:13:26.689,POST,/desembolsos,0,2975.3,2975.2,timeout,0bd1b5f7-9bdf-44c3-855d-d35d2f3cba4f,2,60
2026-09-24T07:13:26.736,POST,/desembolsos,0,2992.7,2992.6,timeout,223d6164-261c-457b-8fe2-d78f9c7d6337,3,60
2026-09-24T07:13:26.816,POST,/desembolsos,0,2994.6,2994.5,timeout,04816030-c61a-4c41-bf24-d67f38298e1d,2,60
2026-09-24T07:13:26.816,POST,/desembolsos,0,2995.3,2995.1,timeout,21e24713-d5d8-44f4-ba54-202e012a4d67,3,60
2026-09-24T07:13:26.909,POST,/desembolsos,0,3001.1,3000.9,timeout,182799e3-6ed7-498f-b39b-219c20a38ee2,2,60
2026-09-24T07:13:26.941,POST,/desembolsos,0,3001.5,3001.4,timeout,ae0f5ab1-3a63-49ff-951e-1119a7e04362,3,60
2026-09-24T07:13:27.005,POST,/desembolsos,0,3018.0,3017.7,timeout,ef475288-670f-4992-aafe-a0715789308d,2,60
2026-09-24T07:13:27.053,POST,/desembolsos,0,3002.6,3002.4,timeout,ada67dbe-cbee-4c5d-a938-1c0432674996,3,60
2026-09-24T07:13:27.101,POST,/desembolsos,0,3003.2,3003.0,timeout,f9a31b5d-dddd-4539-954e-8c2ff11e3c20,2,60
2026-09-24T07:13:27.148,POST,/desembolsos,0,3004.9,3004.7,timeout,d05832b5-7a15-4cd9-b288-505ce6afff70,3,60
2026-09-24T07:13:27.196,POST,/desembolsos,0,3006.0,3005.8,timeout,1c2533b7-079f-4c6f-a733-2d5ddf0cb3d6,2,60
2026-09-24T07:13:27.276,POST,/desembolsos,0,3008.0,3007.9,timeout,26063fbe-8f2f-40af-a985-95dabb7bea56,3,60
2026-09-24T07:13:27.371,POST,/desembolsos,0,2996.5,2996.3,timeout,47b41f46-1c36-45ff-8833-0fd55926fcfe,3,60
2026-09-24T07:13:27.451,POST,/desembolsos,0,2997.6,2997.5,timeout,be8c7686-b2b0-4605-b39b-95b56087c4cc,3,60
2026-09-24T07:13:27.563,POST,/desembolsos,0,3001.6,3001.4,timeout,3d30877b-08dc-46bf-af6b-4ebda8019519,3,60
2026-09-24T07:13:27.660,POST,/desembolsos,0,3003.6,3003.3,timeout,5a1f06ca-790d-4f86-af20-2caa90afdd82,3,60
2026-09-24T07:13:27.774,POST,/desembolsos,0,3003.4,3003.3,timeout,cecf3aff-5899-42ac-915e-ead2f8d65b00,3,60
2026-09-24T07:13:27.841,POST,/desembolsos,0,3002.4,3002.3,timeout,06252d82-2a22-47ca-8302-69c7b91cdce7,3,60
2026-09-24T07:13:27.939,POST,/desembolsos,0,3002.0,3001.8,timeout,668cfd1c-267a-43c0-a4ec-4a1c7d726643,3,60
2026-09-24T07:13:28.055,POST,/desembolsos,0,2985.6,2985.4,timeout,3c151f5f-0cd3-4184-b853-5a54b4c69ba4,3,60
2026-09-24T07:13:28.153,POST,/desembolsos,0,3003.1,3002.8,timeout,b752d6ce-01bb-4fa3-867a-d61badb843e0,3,60
2026-09-24T07:13:28.185,POST,/desembolsos,0,3003.4,3003.2,timeout,94f922a8-03d5-4125-ab9b-53a532a54af7,1,60
2026-09-24T07:13:28.252,POST,/desembolsos,0,3001.1,3000.8,timeout,3aab270b-f41c-47da-b324-789ceb4ef2e2,3,60
2026-09-24T07:13:28.318,POST,/desembolsos,0,3001.2,3001.1,timeout,f890f7ae-080e-48e1-a5bf-f2f7098b0416,1,60
2026-09-24T07:13:28.351,POST,/desembolsos,0,3000.3,3000.0,timeout,e26c6066-2f9a-4c0f-8bff-f37701eb82bf,3,60
2026-09-24T07:13:28.431,POST,/desembolsos,0,3002.9,3002.6,timeout,cc588398-6d7f-41ad-8966-66125e4e0ac5,1,60
2026-09-24T07:13:28.464,POST,/desembolsos,0,3003.2,3002.9,timeout,e8d4551c-ad95-46c5-8ac0-ba1c0ae06ea1,3,60
2026-09-24T07:13:28.562,POST,/desembolsos,0,3005.3,3005.0,timeout,d009bf54-3e13-4021-b260-ae0dda099303,1,60
2026-09-24T07:13:28.562,POST,/desembolsos,0,3004.7,3004.6,timeout,bbfb6016-c41f-4ce8-a043-fdd0cb94db60,3,60
2026-09-24T07:13:28.662,POST,/desembolsos,0,3015.1,3015.0,timeout,607db9b3-59a6-458e-8ab8-bddd6074c4a7,1,60
2026-09-24T07:13:28.662,POST,/desembolsos,0,3016.6,3016.3,timeout,5dfabdbd-26dd-459c-bdcc-4707e9b8aa9e,3,60
2026-09-24T07:13:28.775,POST,/desembolsos,0,2998.6,2998.5,timeout,e115a17f-9ecf-4554-8a73-9a03c8f5d19f,3,60
2026-09-24T07:13:28.775,POST,/desembolsos,0,2999.3,2999.1,timeout,fc97dc89-1437-4903-8352-7f7ec3edcbe8,1,60
2026-09-24T07:13:28.841,POST,/desembolsos,0,2996.6,2996.4,timeout,7976e5a2-5d66-4ece-b8c9-e56d6946643c,3,60
2026-09-24T07:13:28.907,POST,/desembolsos,0,2979.1,2979.0,timeout,5269f2b9-53f2-417c-a3cd-f7a283cdeb72,1,60
2026-09-24T07:13:29.024,POST,/desembolsos,0,3006.1,3006.0,timeout,f586941d-b80b-491e-bdee-4e8cace51b47,1,60
2026-09-24T07:13:29.023,POST,/desembolsos,0,3007.1,3006.9,timeout,a6a78326-3ea6-4bba-9530-5ff12595c47c,3,60
2026-09-24T07:13:29.056,POST,/desembolsos,0,3005.8,3005.4,timeout,55d3958d-85dd-4d94-9513-220649bf29c7,3,60
2026-09-24T07:13:29.137,POST,/desembolsos,0,3003.0,3002.7,timeout,b0845cd9-2fb4-427b-a57b-86a300070a4f,1,60
2026-09-24T07:13:29.186,POST,/desembolsos,0,3002.5,3002.2,timeout,998fb681-af61-48ca-b57d-dc20aa1c2caf,3,60
2026-09-24T07:13:29.186,POST,/desembolsos,0,3001.8,3001.8,timeout,cf35c088-92e5-46d7-b0d2-9f7f7dde6b04,2,60
2026-09-24T07:13:29.236,POST,/desembolsos,0,3001.5,3001.2,timeout,d3788321-71c5-4071-86a0-4d096f390b20,1,60
2026-09-24T07:13:29.318,POST,/desembolsos,0,3016.6,3016.5,timeout,8d8f2041-6694-4fcf-ab07-167fc88ed5e8,3,60
2026-09-24T07:13:29.318,POST,/desembolsos,0,3018.4,3018.1,timeout,8885d629-cbfa-4d21-8566-8b4b3a027b3f,1,60
2026-09-24T07:13:29.400,POST,/desembolsos,0,3000.9,3000.7,timeout,1426f8cc-84d1-4d77-909b-3f57bf2cdf4c,3,60
2026-09-24T07:13:29.433,POST,/desembolsos,0,3001.2,3000.9,timeout,b4336eac-5a09-4a5b-840e-e6c79d0ce1d4,1,60
2026-09-24T07:13:29.466,POST,/desembolsos,0,3001.8,3001.5,timeout,5240653c-6202-44ce-a5c2-d2eaff918a49,3,60
2026-09-24T07:13:29.530,POST,/desembolsos,0,3003.1,3002.8,timeout,c5c1a5d8-6c04-4671-a5e3-5a9dfe54c143,1,60
2026-09-24T07:13:29.613,POST,/desembolsos,0,2971.8,2971.6,timeout,cba9f39f-8111-437e-a099-5e594deb742c,3,60
2026-09-24T07:13:29.662,POST,/desembolsos,0,3017.1,3017.0,timeout,2e0374f3-7c0e-4c8e-a647-6bff85f635cb,3,60
2026-09-24T07:13:29.662,POST,/desembolsos,0,3017.8,3017.5,timeout,1f0cce60-281d-43b8-aafd-58810f5bb6e8,1,60
2026-09-24T07:13:29.776,POST,/desembolsos,0,3002.1,3002.0,timeout,040ec74e-db21-4b22-beb9-f4ac194e59b5,3,60
2026-09-24T07:13:29.776,POST,/desembolsos,0,3003.6,3003.4,timeout,28b8ced5-a302-4ef2-8116-81d6c5a5728f,1,60
2026-09-24T07:13:29.877,POST,/desembolsos,0,3000.9,3000.6,timeout,e19ad284-5d02-4256-a3ed-367e839e8afd,1,60
2026-09-24T07:13:29.911,POST,/desembolsos,0,2984.5,2984.3,timeout,a39b5116-3d61-480a-b07b-93b4fa095361,3,60
2026-09-24T07:13:29.965,POST,/desembolsos,0,2994.5,2994.1,timeout,a80c422a-85d8-40fd-87d7-5e130e00947f,1,60
2026-09-24T07:13:30.023,POST,/desembolsos,0,3002.5,3002.3,timeout,34d0e242-2ebe-41fd-9ab6-2b4714427c37,3,60
2026-09-24T07:13:30.072,POST,/desembolsos,0,3002.5,3002.2,timeout,dff2650f-5b29-4655-b4f3-1e024b1ac34e,1,60
2026-09-24T07:13:30.104,POST,/desembolsos,0,3006.3,3006.1,timeout,d928e5f1-b398-4e13-9aff-632efca5f3ad,3,60
2026-09-24T07:13:30.169,POST,/desembolsos,0,2994.1,2993.8,timeout,c0af7056-84a6-4771-865d-a1c16ce11de7,1,60
2026-09-24T07:13:30.169,POST,/desembolsos,0,2993.3,2993.2,timeout,8bce2ae1-91ce-4929-a700-202fec2dab05,3,60
2026-09-24T07:13:30.283,POST,/desembolsos,0,2997.4,2997.2,timeout,2b6a15c0-5727-4c62-b79c-a2b702640091,1,60
2026-09-24T07:13:30.333,POST,/desembolsos,0,3014.2,3013.9,timeout,dfd553ed-d5ad-42c1-8182-30c940a0851a,3,60
2026-09-24T07:13:30.383,POST,/desembolsos,0,2997.4,2997.4,timeout,a2140de3-3dff-4588-849c-ecb0f5f1538f,3,60
2026-09-24T07:13:30.383,POST,/desembolsos,0,2998.8,2998.4,timeout,3cfe783d-7386-4b4b-bca4-12ec90076dfb,1,60
2026-09-24T07:13:30.464,POST,/desembolsos,0,2994.6,2994.2,timeout,9bb3b533-a0dc-42da-ad18-da249501b36b,3,60
2026-09-24T07:13:30.498,POST,/desembolsos,0,2996.7,2996.3,timeout,bf7af9ec-1031-49ad-90d1-4e38135f3974,1,60
2026-09-24T07:13:30.598,POST,/desembolsos,0,2999.2,2999.1,timeout,c16dea3d-963f-4f2e-96e3-6c612f9db8ef,3,60
2026-09-24T07:13:30.598,POST,/desembolsos,0,3000.3,3000.0,timeout,fb6eb93e-ccb0-470f-be6e-7449dc165c0e,1,60
2026-09-24T07:13:30.664,POST,/desembolsos,0,3009.1,3008.9,timeout,0bd1b5f7-9bdf-44c3-855d-d35d2f3cba4f,3,60
2026-09-24T07:13:30.696,POST,/desembolsos,0,3010.8,3010.5,timeout,46c60abf-7887-44ed-ae89-12a47ac44c12,1,60
2026-09-24T07:13:30.794,POST,/desembolsos,0,2992.1,2992.0,timeout,04816030-c61a-4c41-bf24-d67f38298e1d,3,60
2026-09-24T07:13:30.794,POST,/desembolsos,0,2993.3,2993.0,timeout,1d3e7bc9-e6cb-4724-8f7f-764afa6d7302,1,60
2026-09-24T07:13:30.892,POST,/desembolsos,0,2996.8,2996.7,timeout,182799e3-6ed7-498f-b39b-219c20a38ee2,3,60
2026-09-24T07:13:30.892,POST,/desembolsos,0,2997.7,2997.5,timeout,5cd83642-6e2a-48cc-bfb5-ecbef934effc,1,60
2026-09-24T07:13:30.973,POST,/desembolsos,0,2990.9,2990.6,timeout,7ef6774a-f6b3-44eb-b255-e4514f9d2eb7,1,60
2026-09-24T07:13:31.039,POST,/desembolsos,0,3008.8,3008.5,timeout,ef475288-670f-4992-aafe-a0715789308d,3,60
2026-09-24T07:13:31.089,POST,/desembolsos,0,3007.5,3007.4,timeout,f9a31b5d-dddd-4539-954e-8c2ff11e3c20,3,60
2026-09-24T07:13:31.089,POST,/desembolsos,0,3008.5,3008.2,timeout,952e4d52-0610-497e-be55-b1398b6c8f5a,1,60
2026-09-24T07:13:31.188,POST,/desembolsos,0,2976.3,2976.0,timeout,bb9cc585-c6ee-45aa-95f5-a098b030a30b,1,60
2026-09-24T07:13:31.204,POST,/desembolsos,0,2991.4,2991.2,timeout,1c2533b7-079f-4c6f-a733-2d5ddf0cb3d6,3,60
2026-09-24T07:13:31.286,POST,/desembolsos,0,3013.3,3013.0,timeout,8077f0eb-32e7-4532-8eb6-1c2c84e630af,1,60
2026-09-24T07:13:31.385,POST,/desembolsos,0,3012.8,3012.4,timeout,0cf91b5f-efd3-4add-b7d9-a99e1f6ef4bb,1,60
2026-09-24T07:13:31.484,POST,/desembolsos,0,2997.4,2997.2,timeout,3f671cd8-2691-4e5b-a652-00a581ce9717,1,60
2026-09-24T07:13:31.584,POST,/desembolsos,0,3013.7,3013.3,timeout,81bd6eca-cdb4-48df-a05e-c6c1673b4732,1,60
2026-09-24T07:13:31.694,POST,/desembolsos,0,3021.1,3020.9,timeout,cbc4054a-0a33-4d44-b031-78a73856cc1f,1,60
2026-09-24T07:13:31.790,POST,/desembolsos,0,3004.6,3004.4,timeout,ed83f0f5-f0ef-4c33-89cc-6e4c51f995e9,1,60
2026-09-24T07:13:31.885,POST,/desembolsos,0,3013.1,3012.9,timeout,2d5cce35-c7f7-4b7a-bd04-d083e341f2d9,1,60
2026-09-24T07:13:32.030,POST,/desembolsos,0,3008.4,3008.2,timeout,3c54fe18-a2fe-4b7f-881f-e85ff155e8ef,1,60
2026-09-24T07:13:32.139,POST,/desembolsos,0,3008.8,3008.6,timeout,4d716bd0-fb1f-4598-92dd-3b927de85bb8,1,60
2026-09-24T07:13:32.188,POST,/desembolsos,0,3001.4,3001.2,timeout,94f922a8-03d5-4125-ab9b-53a532a54af7,2,60
2026-09-24T07:13:32.236,POST,/desembolsos,0,3000.3,3000.0,timeout,95d5760f-1670-4338-bcd6-21ecfb7c28d2,1,60
2026-09-24T07:13:32.336,POST,/desembolsos,0,3026.0,3025.8,timeout,d3f03540-3c3f-47de-b8e8-d417154d324c,1,60
2026-09-24T07:13:32.336,POST,/desembolsos,0,3025.5,3025.4,timeout,f890f7ae-080e-48e1-a5bf-f2f7098b0416,2,60
2026-09-24T07:13:32.434,POST,/desembolsos,0,3006.5,3006.3,timeout,cc588398-6d7f-41ad-8966-66125e4e0ac5,2,60
2026-09-24T07:13:32.435,POST,/desembolsos,0,3006.0,3005.9,timeout,1b09ba59-4c62-416b-9c7a-4fa3c149e93f,1,60
2026-09-24T07:13:32.534,POST,/desembolsos,0,2991.7,2991.5,timeout,433eda67-34e0-4394-8298-277dcacd124e,1,60
2026-09-24T07:13:32.584,POST,/desembolsos,0,3014.1,3013.8,timeout,d009bf54-3e13-4021-b260-ae0dda099303,2,60
2026-09-24T07:13:32.649,POST,/desembolsos,0,3013.1,3012.8,timeout,ebf99422-6203-4d72-b295-51d0aeff7c2b,1,60
2026-09-24T07:13:32.680,POST,/desembolsos,0,2981.5,2981.4,timeout,607db9b3-59a6-458e-8ab8-bddd6074c4a7,2,60
2026-09-24T07:13:32.745,POST,/desembolsos,0,2998.6,2998.2,timeout,a8ea3d0c-fc4f-4a73-9d37-f1ad9880b02f,1,60
2026-09-24T07:13:32.778,POST,/desembolsos,0,2998.1,2997.9,timeout,fc97dc89-1437-4903-8352-7f7ec3edcbe8,2,60
2026-09-24T07:13:32.844,POST,/desembolsos,0,3005.1,3004.8,timeout,aff197d3-fcda-44ca-9d66-80b9f3adbe45,1,60
2026-09-24T07:13:32.894,POST,/desembolsos,0,3002.7,3002.4,timeout,5269f2b9-53f2-417c-a3cd-f7a283cdeb72,2,60
2026-09-24T07:13:32.943,POST,/desembolsos,0,3012.2,3012.0,timeout,3a2d6f57-de86-4e88-b356-7ba0682a6015,1,60
2026-09-24T07:13:33.024,POST,/desembolsos,0,3019.4,3019.2,timeout,f586941d-b80b-491e-bdee-4e8cace51b47,2,60
2026-09-24T07:13:33.040,POST,/desembolsos,0,3003.7,3003.4,timeout,087a9c8e-070b-4ed1-97bb-69ad1309b99d,1,60
2026-09-24T07:13:33.147,POST,/desembolsos,0,3013.7,3013.5,timeout,540954b9-21a6-46e8-849f-f599292fef49,1,60
2026-09-24T07:13:33.147,POST,/desembolsos,0,3013.7,3013.6,timeout,b0845cd9-2fb4-427b-a57b-86a300070a4f,2,60
2026-09-24T07:13:33.163,POST,/desembolsos,0,3017.5,3017.3,timeout,cf35c088-92e5-46d7-b0d2-9f7f7dde6b04,3,60
2026-09-24T07:13:33.231,POST,/desembolsos,0,2999.8,2999.6,timeout,48c56af9-4dbd-48ce-b564-bc9a09a62a49,1,60
2026-09-24T07:13:33.231,POST,/desembolsos,0,3001.1,3000.7,timeout,d3788321-71c5-4071-86a0-4d096f390b20,2,60
2026-09-24T07:13:33.348,POST,/desembolsos,0,3015.4,3015.1,timeout,4e886475-b8aa-4f4e-ae16-f852999b2055,1,60
2026-09-24T07:13:33.348,POST,/desembolsos,0,3014.6,3014.6,timeout,8885d629-cbfa-4d21-8566-8b4b3a027b3f,2,60
2026-09-24T07:13:33.431,POST,/desembolsos,0,3000.5,3000.1,timeout,b4336eac-5a09-4a5b-840e-e6c79d0ce1d4,2,60
2026-09-24T07:13:33.459,POST,/desembolsos,0,3006.3,3006.2,timeout,4b53c73b-0e95-4c58-b46d-de14fe28bf08,1,60
2026-09-24T07:13:33.539,POST,/desembolsos,0,3024.3,3024.2,timeout,c5c1a5d8-6c04-4671-a5e3-5a9dfe54c143,2,60
2026-09-24T07:13:33.540,POST,/desembolsos,0,3023.7,3023.6,timeout,dca2de65-f854-4773-93cb-57fc1da5a10d,1,60
2026-09-24T07:13:33.657,POST,/desembolsos,0,3002.2,3001.9,timeout,efb333ba-10ae-4219-aada-83f30cc9c512,1,60
2026-09-24T07:13:33.673,POST,/desembolsos,0,3008.3,3008.2,timeout,1f0cce60-281d-43b8-aafd-58810f5bb6e8,2,60
2026-09-24T07:13:33.755,POST,/desembolsos,0,3001.7,3001.4,timeout,0a04c8b2-d05e-484e-a72e-1d550e4fa441,1,60
2026-09-24T07:13:33.755,POST,/desembolsos,0,3000.8,3000.7,timeout,28b8ced5-a302-4ef2-8116-81d6c5a5728f,2,60
2026-09-24T07:13:33.848,POST,/desembolsos,0,3005.7,3005.5,timeout,f6688a13-70f5-40a3-920a-0403caceaaa0,1,60
2026-09-24T07:13:33.868,POST,/desembolsos,0,3019.1,3018.9,timeout,e19ad284-5d02-4256-a3ed-367e839e8afd,2,60
2026-09-24T07:13:33.963,POST,/desembolsos,0,3008.6,3008.5,timeout,a80c422a-85d8-40fd-87d7-5e130e00947f,2,60
2026-09-24T07:13:33.963,POST,/desembolsos,0,3010.4,3010.0,timeout,30c20a21-551b-447a-8c93-edb9099e6f24,1,60
2026-09-24T07:13:34.049,POST,/desembolsos,0,3016.3,3016.1,timeout,d4c4ca26-7174-4df4-b0a0-9ea0c11a9672,1,60
2026-09-24T07:13:34.081,POST,/desembolsos,0,3000.6,3000.2,timeout,dff2650f-5b29-4655-b4f3-1e024b1ac34e,2,60
2026-09-24T07:13:34.163,POST,/desembolsos,0,3001.4,3000.9,timeout,22cae5f6-79f2-4d1c-a120-076fb77be07e,1,60
2026-09-24T07:13:34.163,POST,/desembolsos,0,3000.6,3000.5,timeout,c0af7056-84a6-4771-865d-a1c16ce11de7,2,60
2026-09-24T07:13:34.249,POST,/desembolsos,0,2995.4,2995.1,timeout,93c1178a-d89e-4b97-b654-d19c27d6c4b6,1,60
2026-09-24T07:13:34.281,POST,/desembolsos,0,3007.3,3007.0,timeout,2b6a15c0-5727-4c62-b79c-a2b702640091,2,60
2026-09-24T07:13:34.397,POST,/desembolsos,0,3006.1,3005.9,timeout,3cfe783d-7386-4b4b-bca4-12ec90076dfb,2,60
2026-09-24T07:13:34.497,POST,/desembolsos,0,3000.4,3000.1,timeout,bf7af9ec-1031-49ad-90d1-4e38135f3974,2,60
2026-09-24T07:13:34.598,POST,/desembolsos,0,2998.7,2998.5,timeout,fb6eb93e-ccb0-470f-be6e-7449dc165c0e,2,60
2026-09-24T07:13:34.714,POST,/desembolsos,0,2997.8,2997.6,timeout,46c60abf-7887-44ed-ae89-12a47ac44c12,2,60
2026-09-24T07:13:34.794,POST,/desembolsos,0,2999.6,2999.5,timeout,1d3e7bc9-e6cb-4724-8f7f-764afa6d7302,2,60
2026-09-24T07:13:34.897,POST,/desembolsos,0,2995.0,2994.7,timeout,5cd83642-6e2a-48cc-bfb5-ecbef934effc,2,60
2026-09-24T07:13:34.963,POST,/desembolsos,0,3010.7,3010.6,timeout,7ef6774a-f6b3-44eb-b255-e4514f9d2eb7,2,60
2026-09-24T07:13:35.092,POST,/desembolsos,0,2997.2,2997.1,timeout,952e4d52-0610-497e-be55-b1398b6c8f5a,2,60
2026-09-24T07:13:35.189,POST,/desembolsos,0,2983.7,2983.6,timeout,bb9cc585-c6ee-45aa-95f5-a098b030a30b,2,60
2026-09-24T07:13:35.301,POST,/desembolsos,0,3001.5,3001.3,timeout,8077f0eb-32e7-4532-8eb6-1c2c84e630af,2,60
2026-09-24T07:13:35.409,POST,/desembolsos,0,2990.7,2990.5,timeout,0cf91b5f-efd3-4add-b7d9-a99e1f6ef4bb,2,60
2026-09-24T07:13:35.493,POST,/desembolsos,0,3004.7,3004.4,timeout,3f671cd8-2691-4e5b-a652-00a581ce9717,2,60
2026-09-24T07:13:35.598,POST,/desembolsos,0,2998.6,2998.5,timeout,81bd6eca-cdb4-48df-a05e-c6c1673b4732,2,60
2026-09-24T07:13:35.711,POST,/desembolsos,0,3015.6,3015.4,timeout,cbc4054a-0a33-4d44-b031-78a73856cc1f,2,60
2026-09-24T07:13:35.793,POST,/desembolsos,0,2998.5,2998.3,timeout,ed83f0f5-f0ef-4c33-89cc-6e4c51f995e9,2,60
2026-09-24T07:13:35.896,POST,/desembolsos,0,2992.2,2992.0,timeout,2d5cce35-c7f7-4b7a-bd04-d083e341f2d9,2,60
2026-09-24T07:13:36.044,POST,/desembolsos,0,3013.5,3013.4,timeout,3c54fe18-a2fe-4b7f-881f-e85ff155e8ef,2,60
2026-09-24T07:13:36.161,POST,/desembolsos,0,2993.6,2993.5,timeout,4d716bd0-fb1f-4598-92dd-3b927de85bb8,2,60
2026-09-24T07:13:36.181,POST,/desembolsos,0,2989.7,2989.6,timeout,94f922a8-03d5-4125-ab9b-53a532a54af7,3,60
2026-09-24T07:13:36.181,POST,/desembolsos,0,2990.4,2990.3,timeout,9e09047a-f9c6-44b6-aa75-fc625645401e,1,60
2026-09-24T07:13:36.363,POST,/desembolsos,0,2856.8,2856.7,conexion: ClientConnectorError,f890f7ae-080e-48e1-a5bf-f2f7098b0416,3,60
2026-09-24T07:13:36.231,POST,/desembolsos,0,2989.4,2989.2,timeout,95d5760f-1670-4338-bcd6-21ecfb7c28d2,2,60
2026-09-24T07:13:36.363,POST,/desembolsos,0,2857.8,2857.6,conexion: ClientConnectorError,d3f03540-3c3f-47de-b8e8-d417154d324c,2,60
2026-09-24T07:13:36.431,POST,/desembolsos,0,2869.9,2869.8,conexion: ClientConnectorError,cc588398-6d7f-41ad-8966-66125e4e0ac5,3,60
2026-09-24T07:13:36.431,POST,/desembolsos,0,2875.4,2875.2,conexion: ClientConnectorError,1b09ba59-4c62-416b-9c7a-4fa3c149e93f,2,60
2026-09-24T07:13:36.530,POST,/desembolsos,0,3000.6,3000.4,timeout,433eda67-34e0-4394-8298-277dcacd124e,2,60
2026-09-24T07:13:36.682,POST,/desembolsos,0,2913.7,2913.6,conexion: ClientConnectorError,607db9b3-59a6-458e-8ab8-bddd6074c4a7,3,60
2026-09-24T07:13:36.597,POST,/desembolsos,0,2999.6,2999.4,timeout,d009bf54-3e13-4021-b260-ae0dda099303,3,60
2026-09-24T07:13:36.682,POST,/desembolsos,0,2914.1,2914.0,conexion: ClientConnectorError,ebf99422-6203-4d72-b295-51d0aeff7c2b,2,60
2026-09-24T07:13:36.756,POST,/desembolsos,0,2873.4,2873.3,conexion: ClientConnectorError,fc97dc89-1437-4903-8352-7f7ec3edcbe8,3,60
2026-09-24T07:13:36.756,POST,/desembolsos,0,2874.3,2874.1,conexion: ClientConnectorError,a8ea3d0c-fc4f-4a73-9d37-f1ad9880b02f,2,60
2026-09-24T07:13:36.854,POST,/desembolsos,0,2872.9,2872.7,conexion: ClientConnectorError,aff197d3-fcda-44ca-9d66-80b9f3adbe45,2,60
2026-09-24T07:13:36.887,POST,/desembolsos,0,2868.5,2868.4,conexion: ClientConnectorError,5269f2b9-53f2-417c-a3cd-f7a283cdeb72,3,60
2026-09-24T07:13:37.355,POST,/desembolsos,0,2451.2,2451.0,conexion: ClientConnectorError,8885d629-cbfa-4d21-8566-8b4b3a027b3f,3,60
2026-09-24T07:13:36.956,POST,/desembolsos,0,2853.0,2852.8,conexion: ClientConnectorError,3a2d6f57-de86-4e88-b356-7ba0682a6015,2,60
2026-09-24T07:13:37.355,POST,/desembolsos,0,2454.5,2454.4,conexion: ClientConnectorError,4e886475-b8aa-4f4e-ae16-f852999b2055,2,60
2026-09-24T07:13:37.448,POST,/desembolsos,0,2437.6,2437.4,conexion: ClientConnectorError,b4336eac-5a09-4a5b-840e-e6c79d0ce1d4,3,60
2026-09-24T07:13:37.465,POST,/desembolsos,0,2452.2,2452.1,conexion: ClientConnectorError,4b53c73b-0e95-4c58-b46d-de14fe28bf08,2,60
2026-09-24T07:13:37.065,POST,/desembolsos,0,2855.0,2854.9,conexion: ClientConnectorError,087a9c8e-070b-4ed1-97bb-69ad1309b99d,2,60
2026-09-24T07:13:37.065,POST,/desembolsos,0,2872.0,2872.0,conexion: ClientConnectorError,f586941d-b80b-491e-bdee-4e8cace51b47,3,60
2026-09-24T07:13:37.164,POST,/desembolsos,0,2886.4,2886.3,conexion: ClientConnectorError,b0845cd9-2fb4-427b-a57b-86a300070a4f,3,60
2026-09-24T07:13:37.164,POST,/desembolsos,0,2887.6,2887.4,conexion: ClientConnectorError,540954b9-21a6-46e8-849f-f599292fef49,2,60
2026-09-24T07:13:37.228,POST,/desembolsos,0,2901.6,2901.4,conexion: ClientConnectorError,48c56af9-4dbd-48ce-b564-bc9a09a62a49,2,60
2026-09-24T07:13:37.228,POST,/desembolsos,0,2901.0,2900.9,conexion: ClientConnectorError,d3788321-71c5-4071-86a0-4d096f390b20,3,60
2026-09-24T07:13:37.761,POST,/desembolsos,0,2452.0,2452.0,conexion: ClientConnectorError,0a04c8b2-d05e-484e-a72e-1d550e4fa441,2,60
2026-09-24T07:13:37.761,POST,/desembolsos,0,2453.7,2453.4,conexion: ClientConnectorError,28b8ced5-a302-4ef2-8116-81d6c5a5728f,3,60
2026-09-24T07:13:37.859,POST,/desembolsos,0,2453.3,2453.1,conexion: ClientConnectorError,f6688a13-70f5-40a3-920a-0403caceaaa0,2,60
2026-09-24T07:13:37.892,POST,/desembolsos,0,2452.6,2452.4,conexion: ClientConnectorError,e19ad284-5d02-4256-a3ed-367e839e8afd,3,60
2026-09-24T07:13:37.564,POST,/desembolsos,0,2871.3,2871.1,conexion: ClientConnectorError,dca2de65-f854-4773-93cb-57fc1da5a10d,2,60
2026-09-24T07:13:37.973,POST,/desembolsos,0,2461.0,2460.9,conexion: ClientConnectorError,a80c422a-85d8-40fd-87d7-5e130e00947f,3,60
2026-09-24T07:13:37.973,POST,/desembolsos,0,2461.6,2461.5,conexion: ClientConnectorError,30c20a21-551b-447a-8c93-edb9099e6f24,2,60
2026-09-24T07:13:37.564,POST,/desembolsos,0,2901.3,2901.3,conexion: ClientConnectorError,c5c1a5d8-6c04-4671-a5e3-5a9dfe54c143,3,60
2026-09-24T07:13:38.073,POST,/desembolsos,0,2439.9,2439.7,conexion: ClientConnectorError,dff2650f-5b29-4655-b4f3-1e024b1ac34e,3,60
2026-09-24T07:13:38.056,POST,/desembolsos,0,2457.3,2457.0,conexion: ClientConnectorError,d4c4ca26-7174-4df4-b0a0-9ea0c11a9672,2,60
2026-09-24T07:13:37.663,POST,/desembolsos,0,2877.4,2877.4,conexion: ClientConnectorError,1f0cce60-281d-43b8-aafd-58810f5bb6e8,3,60
2026-09-24T07:13:37.663,POST,/desembolsos,0,2878.1,2878.0,conexion: ClientConnectorError,efb333ba-10ae-4219-aada-83f30cc9c512,2,60
2026-09-24T07:13:38.171,POST,/desembolsos,0,2467.9,2467.7,conexion: ClientConnectorError,c0af7056-84a6-4771-865d-a1c16ce11de7,3,60
2026-09-24T07:13:38.171,POST,/desembolsos,0,2472.3,2472.2,conexion: ClientConnectorError,22cae5f6-79f2-4d1c-a120-076fb77be07e,2,60
2026-09-24T07:13:38.253,POST,/desembolsos,0,2471.4,2471.2,conexion: ClientConnectorError,93c1178a-d89e-4b97-b654-d19c27d6c4b6,2,60
2026-09-24T07:13:38.302,POST,/desembolsos,0,2480.0,2479.9,conexion: ClientConnectorError,2b6a15c0-5727-4c62-b79c-a2b702640091,3,60
2026-09-24T07:13:38.400,POST,/desembolsos,0,2471.2,2471.1,conexion: ClientConnectorError,3cfe783d-7386-4b4b-bca4-12ec90076dfb,3,60
2026-09-24T07:13:38.498,POST,/desembolsos,0,2492.6,2492.5,conexion: ClientConnectorError,bf7af9ec-1031-49ad-90d1-4e38135f3974,3,60
2026-09-24T07:13:38.596,POST,/desembolsos,0,2454.2,2454.1,conexion: ClientConnectorError,fb6eb93e-ccb0-470f-be6e-7449dc165c0e,3,60
2026-09-24T07:13:38.726,POST,/desembolsos,0,2434.2,2434.1,conexion: ClientConnectorError,46c60abf-7887-44ed-ae89-12a47ac44c12,3,60
2026-09-24T07:13:38.791,POST,/desembolsos,0,2452.6,2452.5,conexion: ClientConnectorError,1d3e7bc9-e6cb-4724-8f7f-764afa6d7302,3,60
2026-09-24T07:13:38.888,POST,/desembolsos,0,2482.9,2482.7,conexion: ClientConnectorError,5cd83642-6e2a-48cc-bfb5-ecbef934effc,3,60
2026-09-24T07:13:38.987,POST,/desembolsos,0,2474.6,2474.4,conexion: ClientConnectorError,7ef6774a-f6b3-44eb-b255-e4514f9d2eb7,3,60
2026-09-24T07:13:39.090,POST,/desembolsos,0,2447.7,2447.4,conexion: ClientConnectorError,952e4d52-0610-497e-be55-b1398b6c8f5a,3,60
2026-09-24T07:13:39.171,POST,/desembolsos,0,2447.2,2447.2,conexion: ClientConnectorError,1d9b0a06-e02f-49d8-8232-efc663a3ea62,1,60
2026-09-24T07:13:39.171,POST,/desembolsos,0,2466.4,2466.2,conexion: ClientConnectorError,bb9cc585-c6ee-45aa-95f5-a098b030a30b,3,60
2026-09-24T07:13:39.285,POST,/desembolsos,0,2463.5,2463.3,conexion: ClientConnectorError,1572c4ce-b097-43b1-8fc9-3b3fd09f44a4,1,60
2026-09-24T07:13:39.301,POST,/desembolsos,0,2447.5,2447.4,conexion: ClientConnectorError,8077f0eb-32e7-4532-8eb6-1c2c84e630af,3,60
2026-09-24T07:13:39.383,POST,/desembolsos,0,2432.1,2431.9,conexion: ClientConnectorError,b7a91da8-6349-4332-aa1c-f79e8941a464,1,60
2026-09-24T07:13:39.383,POST,/desembolsos,0,2527.4,2527.3,conexion: ClientConnectorError,0cf91b5f-efd3-4add-b7d9-a99e1f6ef4bb,3,60
2026-09-24T07:13:39.498,POST,/desembolsos,0,2462.1,2461.8,conexion: ClientConnectorError,3f671cd8-2691-4e5b-a652-00a581ce9717,3,60
2026-09-24T07:13:39.590,POST,/desembolsos,0,2465.0,2465.0,conexion: ClientConnectorError,81bd6eca-cdb4-48df-a05e-c6c1673b4732,3,60
2026-09-24T07:13:39.590,POST,/desembolsos,0,2478.1,2478.0,conexion: ClientConnectorError,da5dba73-86a9-42aa-9387-cbf4fb6c3a0a,1,60
2026-09-24T07:13:39.704,POST,/desembolsos,0,2474.8,2474.6,conexion: ClientConnectorError,9d73909c-1205-4ee5-8e50-8cda4e807ef5,1,60
2026-09-24T07:13:39.720,POST,/desembolsos,0,2451.9,2451.8,conexion: ClientConnectorError,cbc4054a-0a33-4d44-b031-78a73856cc1f,3,60
2026-09-24T07:13:39.802,POST,/desembolsos,0,2457.3,2457.1,conexion: ClientConnectorError,42983e80-f3fc-4d34-913f-61f7ec81730b,1,60
2026-09-24T07:13:39.802,POST,/desembolsos,0,2471.3,2470.0,conexion: ClientConnectorError,ed83f0f5-f0ef-4c33-89cc-6e4c51f995e9,3,60
2026-09-24T07:13:39.884,POST,/desembolsos,0,2462.8,2462.7,conexion: ClientConnectorError,2d5cce35-c7f7-4b7a-bd04-d083e341f2d9,3,60
2026-09-24T07:13:39.884,POST,/desembolsos,0,2466.1,2465.9,conexion: ClientConnectorError,68c6a557-40df-4617-89f9-0b2da9223e64,1,60
2026-09-24T07:13:40.001,POST,/desembolsos,0,2445.7,2445.6,conexion: ClientConnectorError,ee9a49df-71d3-460b-aa7d-a9683f32363f,1,60
2026-09-24T07:13:40.050,POST,/desembolsos,0,2445.9,2445.8,conexion: ClientConnectorError,3c54fe18-a2fe-4b7f-881f-e85ff155e8ef,3,60
2026-09-24T07:13:40.116,POST,/desembolsos,0,2460.3,2460.1,conexion: ClientConnectorError,5c102074-74b6-4a8f-902c-f525b3a962b8,1,60
2026-09-24T07:13:40.148,POST,/desembolsos,0,2464.8,2464.7,conexion: ClientConnectorError,4d716bd0-fb1f-4598-92dd-3b927de85bb8,3,60
2026-09-24T07:13:40.296,POST,/desembolsos,0,2483.1,2482.9,conexion: ClientConnectorError,77a95946-9c49-4aa8-92c0-24720b2d336e,1,60
2026-09-24T07:13:40.296,POST,/desembolsos,0,2483.2,2483.1,conexion: ClientConnectorError,1b09ba59-4c62-416b-9c7a-4fa3c149e93f,3,60
2026-09-24T07:13:40.394,POST,/desembolsos,0,2462.4,2462.2,conexion: ClientConnectorError,b9b09cde-d599-419a-9f6c-1465fa274a6f,1,60
2026-09-24T07:13:40.507,POST,/desembolsos,0,2442.1,2442.0,conexion: ClientConnectorError,433eda67-34e0-4394-8298-277dcacd124e,3,60
2026-09-24T07:13:40.490,POST,/desembolsos,0,2465.0,2464.8,conexion: ClientConnectorError,0d2c728a-78cd-4b12-b237-8d995711cb42,1,60
2026-09-24T07:13:40.589,POST,/desembolsos,0,2446.9,2446.7,conexion: ClientConnectorError,ebf99422-6203-4d72-b295-51d0aeff7c2b,3,60
2026-09-24T07:13:40.589,POST,/desembolsos,0,2447.0,2446.9,conexion: ClientConnectorError,3547be7a-2822-4587-abec-63055a8e3a40,1,60
2026-09-24T07:13:40.626,POST,/desembolsos,0,2446.2,2446.0,conexion: ClientConnectorError,a8ea3d0c-fc4f-4a73-9d37-f1ad9880b02f,3,60
2026-09-24T07:13:40.708,POST,/desembolsos,0,2447.2,2447.0,conexion: ClientConnectorError,dd51b05b-835f-4987-a6e9-1c5b65a38efa,1,60
2026-09-24T07:13:40.708,POST,/desembolsos,0,2446.7,2446.6,conexion: ClientConnectorError,aff197d3-fcda-44ca-9d66-80b9f3adbe45,3,60
2026-09-24T07:13:40.165,POST,/desembolsos,0,3023.1,3022.9,timeout,9e09047a-f9c6-44b6-aa75-fc625645401e,2,60
2026-09-24T07:13:40.198,POST,/desembolsos,0,3021.9,3021.7,timeout,c4f50712-b77b-40cd-a644-2f7712edcbb9,1,60
2026-09-24T07:13:40.214,POST,/desembolsos,0,3005.9,3005.7,timeout,95d5760f-1670-4338-bcd6-21ecfb7c28d2,3,60
2026-09-24T07:13:40.214,POST,/desembolsos,0,3005.6,3005.2,timeout,d3f03540-3c3f-47de-b8e8-d417154d324c,3,60
2026-09-24T07:13:40.920,POST,/desembolsos,0,2461.8,2461.6,conexion: ClientConnectorError,087a9c8e-070b-4ed1-97bb-69ad1309b99d,3,60
2026-09-24T07:13:40.920,POST,/desembolsos,0,2461.4,2461.4,conexion: ClientConnectorError,4b53c73b-0e95-4c58-b46d-de14fe28bf08,3,60
2026-09-24T07:13:41.008,POST,/desembolsos,0,2457.7,2457.5,conexion: ClientConnectorError,3efcb45d-04bc-4f76-8178-374c02ba28a3,1,60
2026-09-24T07:13:41.047,POST,/desembolsos,0,2469.5,2469.3,conexion: ClientConnectorError,540954b9-21a6-46e8-849f-f599292fef49,3,60
2026-09-24T07:13:41.097,POST,/desembolsos,0,2453.7,2453.5,conexion: ClientConnectorError,7cc99f7a-2048-4be6-b919-ffd937384ddc,1,60
2026-09-24T07:13:41.130,POST,/desembolsos,0,2459.6,2459.4,conexion: ClientConnectorError,48c56af9-4dbd-48ce-b564-bc9a09a62a49,3,60
2026-09-24T07:13:41.205,POST,/desembolsos,0,2457.5,2457.4,conexion: ClientConnectorError,e89e65ff-9163-4159-b8b1-8ce2c1e53daa,1,60
2026-09-24T07:13:41.222,POST,/desembolsos,0,2443.4,2442.9,conexion: ClientConnectorError,0a04c8b2-d05e-484e-a72e-1d550e4fa441,3,60
2026-09-24T07:13:41.305,POST,/desembolsos,0,2440.4,2440.1,conexion: ClientConnectorError,4f87d1cb-b1e9-4b2c-9120-bd09d4ed034c,1,60
2026-09-24T07:13:41.305,POST,/desembolsos,0,2440.4,2440.3,conexion: ClientConnectorError,f6688a13-70f5-40a3-920a-0403caceaaa0,3,60
2026-09-24T07:13:40.806,POST,/desembolsos,0,3015.8,3015.7,timeout,4e886475-b8aa-4f4e-ae16-f852999b2055,3,60
2026-09-24T07:13:40.806,POST,/desembolsos,0,3017.0,3016.2,timeout,be51ed1f-6436-478e-86f3-361b7cea8b1a,1,60
2026-09-24T07:13:40.806,POST,/desembolsos,0,3015.7,3015.7,timeout,3a2d6f57-de86-4e88-b356-7ba0682a6015,3,60
2026-09-24T07:13:41.437,POST,/desembolsos,0,2453.5,2453.4,conexion: ClientConnectorError,30c20a21-551b-447a-8c93-edb9099e6f24,3,60
2026-09-24T07:13:40.904,POST,/desembolsos,0,2987.4,2987.2,timeout,860e078a-0616-464d-a3cf-b9d82438fa2a,1,60
2026-09-24T07:13:41.437,POST,/desembolsos,0,2487.6,2487.4,conexion: ClientConnectorError,dca2de65-f854-4773-93cb-57fc1da5a10d,3,60
2026-09-24T07:13:41.502,POST,/desembolsos,0,2455.0,2454.8,conexion: ClientConnectorError,bc4e6427-07cc-4afe-ab59-4f1ab4327101,1,60
2026-09-24T07:13:41.519,POST,/desembolsos,0,2468.2,2468.0,conexion: ClientConnectorError,d4c4ca26-7174-4df4-b0a0-9ea0c11a9672,3,60
2026-09-24T07:13:41.552,POST,/desembolsos,0,2511.8,2511.6,conexion: ClientConnectorError,efb333ba-10ae-4219-aada-83f30cc9c512,3,60
2026-09-24T07:13:41.586,POST,/desembolsos,0,2478.7,2478.5,conexion: ClientConnectorError,2ae116bf-f0cd-4b80-9725-e9ad34793318,1,60
2026-09-24T07:13:41.635,POST,/desembolsos,0,2471.5,2471.3,conexion: ClientConnectorError,22cae5f6-79f2-4d1c-a120-076fb77be07e,3,60
2026-09-24T07:13:41.681,POST,/desembolsos,0,2466.4,2466.2,conexion: ClientConnectorError,66362bf7-9a39-4441-b1d2-d92146133fe7,1,60
2026-09-24T07:13:41.729,POST,/desembolsos,0,2448.5,2448.3,conexion: ClientConnectorError,93c1178a-d89e-4b97-b654-d19c27d6c4b6,3,60
2026-09-24T07:13:41.812,POST,/desembolsos,0,2468.0,2467.8,conexion: ClientConnectorError,34c389cb-cd79-4b62-8d8b-edec17d05336,1,60
2026-09-24T07:13:41.893,POST,/desembolsos,0,2446.5,2446.4,conexion: ClientConnectorError,6fe18f21-8f11-4534-a811-d483a16570c0,1,60
2026-09-24T07:13:41.388,POST,/desembolsos,0,3008.6,3008.4,timeout,711abd67-61d0-4e64-b6c3-aadbe5108bcc,1,60
2026-09-24T07:13:42.207,POST,/desembolsos,0,2486.2,2486.0,conexion: ClientConnectorError,69446b78-5dcd-43eb-8447-59506dae0a22,1,60
2026-09-24T07:13:42.298,POST,/desembolsos,0,2444.4,2444.2,conexion: ClientConnectorError,5c858961-e48a-4909-bfb9-0a9891abd191,1,60
2026-09-24T07:13:42.413,POST,/desembolsos,0,2462.9,2462.7,conexion: ClientConnectorError,88fb552a-8532-4c59-a9e4-ffe0e5dad2cc,1,60
2026-09-24T07:13:41.982,POST,/desembolsos,0,2997.7,2997.5,timeout,a7c23ffa-c696-4adb-be6b-57309150128b,1,60
2026-09-24T07:13:42.493,POST,/desembolsos,0,2501.1,2500.9,conexion: ClientConnectorError,3ff55353-d483-468f-839b-e925d6bfe3a6,1,60
2026-09-24T07:13:42.626,POST,/desembolsos,0,2450.0,2449.8,conexion: ClientConnectorError,1d9b0a06-e02f-49d8-8232-efc663a3ea62,2,60
2026-09-24T07:13:42.106,POST,/desembolsos,0,2998.6,2998.4,timeout,098c9635-4a83-4f5d-bd6e-e6e0c055c754,1,60
2026-09-24T07:13:42.692,POST,/desembolsos,0,2450.0,2449.8,conexion: ClientConnectorError,f076eddf-2d71-4868-afdf-e81563be6b61,1,60
2026-09-24T07:13:42.772,POST,/desembolsos,0,2488.6,2488.4,conexion: ClientConnectorError,23ea8e80-e409-48a5-a219-ab491f38969c,1,60
2026-09-24T07:13:42.755,POST,/desembolsos,0,2512.6,2512.4,conexion: ClientConnectorError,1572c4ce-b097-43b1-8fc9-3b3fd09f44a4,2,60
2026-09-24T07:13:42.806,POST,/desembolsos,0,2500.0,2499.8,conexion: ClientConnectorError,b7a91da8-6349-4332-aa1c-f79e8941a464,2,60
2026-09-24T07:13:42.904,POST,/desembolsos,0,2478.0,2477.8,conexion: ClientConnectorError,6c76d76f-6a59-46be-ae2f-fdb8b3745c25,1,60
2026-09-24T07:13:42.576,POST,/desembolsos,0,2886.4,2886.2,conexion: ClientConnectorError,322354c2-8d2d-44c9-b702-3c24ca412d4b,1,60
2026-09-24T07:13:42.988,POST,/desembolsos,0,2475.0,2474.8,conexion: ClientConnectorError,c012200d-c7ab-4665-9b27-e5ed2d65e8a7,1,60
2026-09-24T07:13:43.072,POST,/desembolsos,0,2461.1,2460.9,conexion: ClientConnectorError,da5dba73-86a9-42aa-9387-cbf4fb6c3a0a,2,60
2026-09-24T07:13:43.105,POST,/desembolsos,0,2476.4,2476.2,conexion: ClientConnectorError,3c8dcad6-93ae-4e1d-abac-90dc2fade62c,1,60
2026-09-24T07:13:43.187,POST,/desembolsos,0,2482.4,2482.2,conexion: ClientConnectorError,9d73909c-1205-4ee5-8e50-8cda4e807ef5,2,60
2026-09-24T07:13:43.187,POST,/desembolsos,0,2481.7,2481.7,conexion: ClientConnectorError,60817c09-dfa8-4358-875e-3e815fc4d8ab,1,60
2026-09-24T07:13:43.283,POST,/desembolsos,0,2455.6,2455.4,conexion: ClientConnectorError,42983e80-f3fc-4d34-913f-61f7ec81730b,2,60
2026-09-24T07:13:43.284,POST,/desembolsos,0,2455.1,2455.0,conexion: ClientConnectorError,39519071-2a47-4f3d-8226-f58fceb1583d,1,60
2026-09-24T07:13:43.399,POST,/desembolsos,0,2464.6,2464.4,conexion: ClientConnectorError,a85ce88a-e572-4b30-b66c-f48d20f4b865,1,60
2026-09-24T07:13:43.350,POST,/desembolsos,0,2513.3,2513.1,conexion: ClientConnectorError,68c6a557-40df-4617-89f9-0b2da9223e64,2,60
2026-09-24T07:13:43.448,POST,/desembolsos,0,2488.4,2488.2,conexion: ClientConnectorError,ee9a49df-71d3-460b-aa7d-a9683f32363f,2,60
2026-09-24T07:13:43.497,POST,/desembolsos,0,2480.2,2480.0,conexion: ClientConnectorError,d7c43a8a-82b1-4cd4-a142-43eee9b892d6,1,60
2026-09-24T07:13:43.580,POST,/desembolsos,0,2486.1,2485.9,conexion: ClientConnectorError,5c102074-74b6-4a8f-902c-f525b3a962b8,2,60
2026-09-24T07:13:43.613,POST,/desembolsos,0,2481.8,2481.6,conexion: ClientConnectorError,f6363c59-e336-4f6d-b3bc-9f99a8ea7209,1,60
2026-09-24T07:13:43.695,POST,/desembolsos,0,2477.2,2477.0,conexion: ClientConnectorError,f52feb66-7dc3-4c42-9d17-82ad97c27b89,1,60
2026-09-24T07:13:44.898,POST,/desembolsos,201,1436.1,1290.4,,903d1dc3-de0f-46e5-b354-113e8d30dfad,1,60
2026-09-24T07:13:46.113,POST,/desembolsos,201,228.4,91.8,,098c9635-4a83-4f5d-bd6e-e6e0c055c754,2,60
2026-09-24T07:13:44.898,POST,/desembolsos,201,1447.0,1291.2,,860e078a-0616-464d-a3cf-b9d82438fa2a,2,60
2026-09-24T07:13:44.979,POST,/desembolsos,201,1390.4,1293.4,,8c6b6c09-1428-47ca-af62-943bc25288ea,1,60
2026-09-24T07:13:44.396,POST,/desembolsos,201,1973.6,1876.3,,ee620e65-78df-4bb7-b651-079ab683d7f1,1,60
2026-09-24T07:13:43.776,POST,/desembolsos,201,2596.9,2499.9,,77a95946-9c49-4aa8-92c0-24720b2d336e,2,60
2026-09-24T07:13:43.776,POST,/desembolsos,201,2599.7,2498.7,,e9c8ea26-613b-406d-abc6-205f6a6a75d9,1,60
2026-09-24T07:13:46.161,POST,/desembolsos,201,226.4,114.2,,f076eddf-2d71-4868-afdf-e81563be6b61,2,60
2026-09-24T07:13:44.947,POST,/desembolsos,201,1441.5,1329.2,,bc4e6427-07cc-4afe-ab59-4f1ab4327101,2,60
2026-09-24T07:13:44.462,POST,/desembolsos,201,1963.8,1873.4,,3efcb45d-04bc-4f76-8178-374c02ba28a3,2,60
2026-09-24T07:13:43.855,POST,/desembolsos,201,2573.8,2479.6,,b9b09cde-d599-419a-9f6c-1465fa274a6f,2,60
2026-09-24T07:13:46.259,POST,/desembolsos,201,215.5,86.1,,1572c4ce-b097-43b1-8fc9-3b3fd09f44a4,3,60
2026-09-24T07:13:46.259,POST,/desembolsos,201,215.2,85.5,,23ea8e80-e409-48a5-a219-ab491f38969c,2,60
2026-09-24T07:13:45.072,POST,/desembolsos,201,1416.3,1273.3,,2ae116bf-f0cd-4b80-9725-e9ad34793318,2,60
2026-09-24T07:13:43.890,POST,/desembolsos,201,2597.8,2483.5,,8cd06c03-b442-41c9-8db8-07a6bd811d33,1,60
2026-09-24T07:13:44.494,POST,/desembolsos,201,1994.2,1879.2,,3307e4a2-55a9-4f67-9caa-ef6c18298cab,1,60
2026-09-24T07:13:46.307,POST,/desembolsos,201,181.4,86.8,,b7a91da8-6349-4332-aa1c-f79e8941a464,3,60
2026-09-24T07:13:45.700,POST,/desembolsos,201,788.3,673.9,,69446b78-5dcd-43eb-8447-59506dae0a22,2,60
2026-09-24T07:13:45.104,POST,/desembolsos,201,1385.0,1270.7,,a0965d75-df91-4b65-98e4-0d16692f3309,1,60
2026-09-24T07:13:44.543,POST,/desembolsos,201,1952.5,1863.3,,7cc99f7a-2048-4be6-b919-ffd937384ddc,2,60
2026-09-24T07:13:45.136,POST,/desembolsos,201,1361.7,1263.8,,66362bf7-9a39-4441-b1d2-d92146133fe7,2,60
2026-09-24T07:13:46.323,POST,/desembolsos,201,178.0,84.0,,8327b158-2057-4650-9127-09b4fc92ebcb,1,60
2026-09-24T07:13:45.765,POST,/desembolsos,201,816.0,722.8,,5c858961-e48a-4909-bfb9-0a9891abd191,2,60
2026-09-24T07:13:43.987,POST,/desembolsos,201,2594.0,2500.8,,102b7694-71a6-4911-8e7b-af143ec6517b,1,60
2026-09-24T07:13:43.954,POST,/desembolsos,201,2636.8,2534.6,,0d2c728a-78cd-4b12-b237-8d995711cb42,2,60
2026-09-24T07:13:46.388,POST,/desembolsos,201,202.4,100.4,,6c76d76f-6a59-46be-ae2f-fdb8b3745c25,2,60
2026-09-24T07:13:44.592,POST,/desembolsos,201,1998.3,1895.5,,4bc4f2d1-8db7-45e5-a673-a3c52c5d40e6,1,60
2026-09-24T07:13:46.415,POST,/desembolsos,201,181.6,91.5,,5decf05c-42f3-4b13-a295-3f0b3bc23616,1,60
2026-09-24T07:13:44.064,POST,/desembolsos,201,2596.1,2500.4,,3547be7a-2822-4587-abec-63055a8e3a40,2,60
2026-09-24T07:13:46.464,POST,/desembolsos,201,199.0,99.7,,322354c2-8d2d-44c9-b702-3c24ca412d4b,2,60
2026-09-24T07:13:45.879,POST,/desembolsos,201,784.2,685.3,,88fb552a-8532-4c59-a9e4-ffe0e5dad2cc,2,60
2026-09-24T07:13:45.267,POST,/desembolsos,201,1396.6,1297.2,,34c389cb-cd79-4b62-8d8b-edec17d05336,2,60
2026-09-24T07:13:46.464,POST,/desembolsos,201,198.8,99.1,,c012200d-c7ab-4665-9b27-e5ed2d65e8a7,2,60
2026-09-24T07:13:44.676,POST,/desembolsos,201,1992.1,1888.9,,e89e65ff-9163-4159-b8b1-8ce2c1e53daa,2,60
2026-09-24T07:13:44.096,POST,/desembolsos,201,2573.8,2468.7,,b9811c3c-64c2-46cc-9f67-8c081e59a2f2,1,60
2026-09-24T07:13:44.692,POST,/desembolsos,201,1986.0,1872.5,,4918c37d-63bf-433e-bc81-5bf9d08af1e0,1,60
2026-09-24T07:13:45.334,POST,/desembolsos,201,1367.3,1266.1,,6fe18f21-8f11-4534-a811-d483a16570c0,2,60
2026-09-24T07:13:46.547,POST,/desembolsos,201,186.6,91.7,,da5dba73-86a9-42aa-9387-cbf4fb6c3a0a,3,60
2026-09-24T07:13:46.547,POST,/desembolsos,201,185.8,91.2,,d51a19bd-711d-4a94-b8f7-614b7bd837d8,1,60
2026-09-24T07:13:44.742,POST,/desembolsos,201,1991.8,1895.5,,4f87d1cb-b1e9-4b2c-9120-bd09d4ed034c,2,60
2026-09-24T07:13:45.970,POST,/desembolsos,201,794.5,699.2,,a7c23ffa-c696-4adb-be6b-57309150128b,2,60
2026-09-24T07:13:44.790,POST,/desembolsos,201,1983.4,1887.8,,da59b539-ebf3-40fb-a9d4-c0f92de1f908,1,60
2026-09-24T07:13:44.206,POST,/desembolsos,201,2571.0,2471.5,,1f09d035-265a-4799-b8f8-750de84883bc,1,60
2026-09-24T07:13:44.178,POST,/desembolsos,201,2599.7,2477.1,,9e09047a-f9c6-44b6-aa75-fc625645401e,3,60
2026-09-24T07:13:45.381,POST,/desembolsos,201,1401.9,1295.1,,711abd67-61d0-4e64-b6c3-aadbe5108bcc,2,60
2026-09-24T07:13:46.007,POST,/desembolsos,201,778.0,671.0,,3ff55353-d483-468f-839b-e925d6bfe3a6,2,60
2026-09-24T07:13:44.146,POST,/desembolsos,201,2637.8,2530.4,,dd51b05b-835f-4987-a6e9-1c5b65a38efa,2,60
2026-09-24T07:13:44.822,POST,/desembolsos,201,1963.4,1856.6,,be51ed1f-6436-478e-86f3-361b7cea8b1a,2,60
2026-09-24T07:13:46.580,POST,/desembolsos,201,205.4,97.7,,3c8dcad6-93ae-4e1d-abac-90dc2fade62c,2,60
2026-09-24T07:13:46.628,POST,/desembolsos,201,178.9,89.5,,f24ba6c6-86ed-4987-8bcd-6cfd66096702,1,60
2026-09-24T07:13:46.677,POST,/desembolsos,201,209.8,94.4,,60817c09-dfa8-4358-875e-3e815fc4d8ab,2,60
2026-09-24T07:13:46.676,POST,/desembolsos,201,210.6,95.4,,9d73909c-1205-4ee5-8e50-8cda4e807ef5,3,60
2026-09-24T07:13:44.238,POST,/desembolsos,201,2649.0,2533.6,,c4f50712-b77b-40cd-a644-2f7712edcbb9,2,60
2026-09-24T07:13:46.081,POST,/desembolsos,201,806.0,690.4,,1d9b0a06-e02f-49d8-8232-efc663a3ea62,3,60
2026-09-24T07:13:44.302,POST,/desembolsos,201,2585.2,2469.7,,c14e647f-1e78-4767-88b6-718143f7cf8d,1,60
2026-09-24T07:13:46.724,POST,/desembolsos,201,171.3,83.0,,42983e80-f3fc-4d34-913f-61f7ec81730b,3,60
2026-09-24T07:13:46.724,POST,/desembolsos,201,172.5,83.0,,8abf1d71-0f30-4c50-bf63-1f011594f258,1,60
2026-09-24T07:13:46.724,POST,/desembolsos,201,173.6,83.7,,39519071-2a47-4f3d-8226-f58fceb1583d,2,60
2026-09-24T07:13:46.853,POST,/desembolsos,201,183.3,86.7,,0ca08b0b-67ee-42f4-8cfc-e5bda74c5160,1,60
2026-09-24T07:13:46.853,POST,/desembolsos,201,183.2,89.1,,a85ce88a-e572-4b30-b66c-f48d20f4b865,2,60
2026-09-24T07:13:46.853,POST,/desembolsos,201,184.2,89.1,,68c6a557-40df-4617-89f9-0b2da9223e64,3,60
2026-09-24T07:13:46.918,POST,/desembolsos,201,199.5,83.2,,ee9a49df-71d3-460b-aa7d-a9683f32363f,3,60
2026-09-24T07:13:46.918,POST,/desembolsos,201,199.5,82.7,,48c72026-c9dd-4bd9-b8c3-94ded909261d,1,60
2026-09-24T07:13:46.983,POST,/desembolsos,201,220.9,94.1,,d7c43a8a-82b1-4cd4-a142-43eee9b892d6,2,60
2026-09-24T07:13:47.033,POST,/desembolsos,201,173.4,84.9,,186b56b0-23fd-4ab2-ad50-4765a745dec6,1,60
2026-09-24T07:13:47.065,POST,/desembolsos,201,181.7,88.5,,5c102074-74b6-4a8f-902c-f525b3a962b8,3,60
2026-09-24T07:13:47.114,POST,/desembolsos,201,173.2,85.5,,341faf3b-c356-49bf-807c-e36c9123fb07,1,60
2026-09-24T07:13:47.068,POST,/desembolsos,201,213.7,125.5,,f6363c59-e336-4f6d-b3bc-9f99a8ea7209,2,60
2026-09-24T07:13:47.162,POST,/desembolsos,201,176.6,85.0,,f52feb66-7dc3-4c42-9d17-82ad97c27b89,2,60
2026-09-24T07:13:47.243,POST,/desembolsos,201,172.1,83.3,,266029a2-b489-447b-b710-77ac38c6cf56,1,60
2026-09-24T07:13:47.325,POST,/desembolsos,201,205.2,89.6,,9bdbbb7c-0558-4c59-8b45-47c538e4e9de,1,60
2026-09-24T07:13:47.432,POST,/desembolsos,201,189.9,99.0,,ba75fd86-2292-4b64-890d-1d966f9da497,1,60
2026-09-24T07:13:47.521,POST,/desembolsos,201,190.7,89.7,,a6f5b744-986e-43f4-b3b0-d62b762e7505,1,60
2026-09-24T07:13:47.620,POST,/desembolsos,201,195.6,101.4,,33856427-c037-4ae0-837a-7cabd83f851a,1,60
2026-09-24T07:13:47.719,POST,/desembolsos,201,182.1,88.6,,747b7cc1-a64d-485d-8b9f-73d6e49bfe6c,1,60
2026-09-24T07:13:47.834,POST,/desembolsos,201,186.2,84.6,,a67cd2d5-d66e-47e5-adc6-f8cf9aeefc19,1,60
2026-09-24T07:13:47.914,POST,/desembolsos,201,177.9,89.1,,2351aaef-4bfc-4bf2-9e57-9d542e113db1,1,60
2026-09-24T07:13:48.007,POST,/desembolsos,201,188.5,85.0,,3057bda7-0b6c-418e-915d-016bceaa9788,1,60
2026-09-24T07:13:48.146,POST,/desembolsos,201,177.8,83.3,,37acc03f-e76a-4961-9f42-0ee94e10fa54,1,60
2026-09-24T07:13:48.228,POST,/desembolsos,201,179.4,88.5,,23518723-1942-4106-b02d-cd59bff71e0d,1,60
2026-09-24T07:13:48.342,POST,/desembolsos,201,176.0,86.1,,0f35d5ee-4d7f-4281-aefd-ee99eeb52e4c,1,60
2026-09-24T07:13:48.423,POST,/desembolsos,201,176.2,85.6,,4880c9e7-2fdf-4c11-8f3e-03ebaf43eb75,1,60
2026-09-24T07:13:48.506,POST,/desembolsos,201,173.9,83.9,,1b94dc43-4674-4cba-9363-362824f59cc4,1,60
2026-09-24T07:13:48.647,POST,/desembolsos,201,185.9,85.4,,f39a5605-e5f4-4943-b161-2da9d45937b6,1,60
2026-09-24T07:13:48.730,POST,/desembolsos,201,216.5,85.1,,19198dbe-9300-4bd2-884a-043c7e097133,1,60
2026-09-24T07:13:48.810,POST,/desembolsos,201,222.3,132.2,,e8cd6121-04f8-46a2-86ca-3a4fbe848da7,1,60
2026-09-24T07:13:48.925,POST,/desembolsos,201,174.0,86.1,,6f6b98ad-ad61-491f-91f3-7f342a9dae69,1,60
2026-09-24T07:13:49.011,POST,/desembolsos,201,173.8,82.5,,9c643ac0-ccf8-45bc-ba67-1d7eb3c503fb,1,60
2026-09-24T07:13:49.123,POST,/desembolsos,201,200.3,111.0,,619f2503-7136-4745-aed9-a3a9e54de800,1,60
2026-09-24T07:13:49.220,POST,/desembolsos,201,173.9,85.9,,39da07a9-c151-481b-a8aa-e1e1354ec2bc,1,60
2026-09-24T07:13:49.319,POST,/desembolsos,201,189.4,88.5,,267f7c57-5c75-4566-b163-5e2ff6098b6e,1,60
2026-09-24T07:13:49.435,POST,/desembolsos,201,230.7,132.7,,b851513a-5b6f-440f-a9ad-cc28ca6ece9a,1,60
2026-09-24T07:13:49.535,POST,/desembolsos,201,179.7,88.5,,f366cc60-39d8-4884-a644-481024a47f93,1,60
2026-09-24T07:13:49.616,POST,/desembolsos,201,174.5,84.4,,404c9d90-2aca-47c8-9a40-99385f43f60d,1,60
2026-09-24T07:13:49.714,POST,/desembolsos,201,174.9,83.0,,a972a7e6-04ec-4cc5-986f-4fa5409dc726,1,60
2026-09-24T07:13:49.846,POST,/desembolsos,201,175.5,84.5,,812958d8-135a-4a46-9471-7d0efd17ee79,1,60
2026-09-24T07:13:49.929,POST,/desembolsos,201,172.1,83.1,,4adfa56a-7af7-4cbe-b1b8-b703abfce63c,1,60
2026-09-24T07:13:50.039,POST,/desembolsos,201,175.7,85.0,,60dac0cd-2852-45e8-8482-748409392571,1,60
2026-09-24T07:13:50.117,POST,/desembolsos,201,176.0,84.1,,f6dc5edb-3066-48d1-918e-a9e0e61bfc0c,1,60
2026-09-24T07:13:50.240,POST,/desembolsos,201,180.1,87.0,,0ff6f2d5-f16f-4f5d-8e5a-2b0ab34d4a3a,1,60
2026-09-24T07:13:50.326,POST,/desembolsos,201,177.4,87.2,,8859abce-39d6-41e8-8ea2-254c12417764,1,60
2026-09-24T07:13:50.454,POST,/desembolsos,201,177.1,87.1,,9ef18db5-ec89-43e6-b35b-d4ddedd8014f,1,60
2026-09-24T07:13:50.535,POST,/desembolsos,201,197.3,86.9,,13173456-d2ce-4fa6-a79e-1c27fa07d6ed,1,60
2026-09-24T07:13:50.619,POST,/desembolsos,201,201.2,110.9,,fa8f9dfc-d47e-46bc-89e6-b7bd52386cdb,1,60
2026-09-24T07:13:50.723,POST,/desembolsos,201,178.1,84.3,,9f9bc077-a9cb-470c-822c-93e962f70036,1,60
2026-09-24T07:13:50.820,POST,/desembolsos,201,180.6,93.1,,14e54d98-ee18-47ef-8422-653d363ae592,1,60
2026-09-24T07:13:50.936,POST,/desembolsos,201,179.8,88.1,,04bda619-8c78-4be5-abef-0cd510e75518,1,60
2026-09-24T07:13:51.024,POST,/desembolsos,201,174.9,86.2,,55d58f6e-ed8b-4516-8728-aeed08456753,1,60
2026-09-24T07:13:51.145,POST,/desembolsos,201,180.1,90.8,,53e488cc-90ff-4f53-9a33-a5da326ffdda,1,60
2026-09-24T07:13:51.222,POST,/desembolsos,201,173.7,83.6,,9fd55b9b-5206-49ec-9ab9-be59e0fb8e49,1,60
2026-09-24T07:13:51.322,POST,/desembolsos,201,176.4,88.4,,719a16fd-9422-43c9-9177-d6495c72a867,1,60
2026-09-24T07:13:51.436,POST,/desembolsos,201,173.5,83.7,,b5e1b073-193f-42ce-b053-e271874a6a64,1,60
2026-09-24T07:13:51.551,POST,/desembolsos,201,180.8,87.0,,d0a276bd-1256-440d-a757-2b7c1c7011dd,1,60
2026-09-24T07:13:51.634,POST,/desembolsos,201,187.2,98.1,,f5230d72-3480-40ce-973d-0f3384e50c38,1,60
2026-09-24T07:13:51.732,POST,/desembolsos,201,172.7,84.6,,6f290057-0da4-49a8-9d3e-6bc70fc8b2d3,1,60
2026-09-24T07:13:51.847,POST,/desembolsos,201,179.9,84.7,,d2e20871-5f4b-4b9a-bcdd-2ce7e3ff69a9,1,60
2026-09-24T07:13:51.929,POST,/desembolsos,201,190.5,98.3,,8deccab4-e507-48ce-be3b-90461414afea,1,60
2026-09-24T07:13:52.024,POST,/desembolsos,201,181.5,90.8,,97d804de-5b66-4bbe-8049-5bd4ea523e01,1,60
2026-09-24T07:13:52.115,POST,/desembolsos,201,180.2,89.7,,8a48a26f-13ea-4642-9f5c-c384c6bc15bf,1,60
2026-09-24T07:13:52.230,POST,/desembolsos,201,173.2,84.4,,2ffa3c86-865b-41f9-bd6c-c768502d1ef5,1,60
2026-09-24T07:13:52.323,POST,/desembolsos,201,178.5,89.7,,bf3f99c4-62c0-497a-b43e-4467302794e0,1,60
2026-09-24T07:13:52.453,POST,/desembolsos,201,179.9,89.9,,c52bca79-434d-4df6-b4e7-4e18b88766d6,1,60
2026-09-24T07:13:52.535,POST,/desembolsos,201,193.3,84.5,,b8a3aa87-1adb-4e34-8ce9-be8c765bf6e3,1,60
2026-09-24T07:13:52.616,POST,/desembolsos,201,199.6,109.1,,473f741a-0664-4fbe-b732-1d7493593569,1,60
2026-09-24T07:13:52.731,POST,/desembolsos,201,194.2,88.0,,49ebf377-dd55-45df-bbb0-992dd0d8f27d,1,60
2026-09-24T07:13:52.818,POST,/desembolsos,201,196.9,84.2,,14d0e7d5-99c7-4e31-acad-25576d22d89d,1,60
2026-09-24T07:13:52.949,POST,/desembolsos,201,180.7,90.7,,c4852960-a7b1-464e-ba95-4d393cf1dd88,1,60
2026-09-24T07:13:53.038,POST,/desembolsos,201,191.5,90.1,,2e23fd72-7a53-44bd-9f57-a951b6767a25,1,60
2026-09-24T07:13:53.116,POST,/desembolsos,201,189.0,101.8,,54efe8a6-2255-4db7-9f01-19bcf5e834a9,1,60
2026-09-24T07:13:53.214,POST,/desembolsos,201,173.7,83.8,,b1a81bb0-d44c-4f29-b9bb-6a996e47882c,1,60
2026-09-24T07:13:53.317,POST,/desembolsos,201,199.0,105.8,,de2065c2-b7b2-487c-bacc-84b9f69cb6fe,1,60
2026-09-24T07:13:53.422,POST,/desembolsos,201,177.0,87.9,,37e7930e-55f0-433f-93ae-091d59315860,1,60
2026-09-24T07:13:53.537,POST,/desembolsos,201,196.9,87.2,,b161e28f-fb41-46f8-b21f-bfe28f864a6d,1,60
2026-09-24T07:13:53.623,POST,/desembolsos,201,199.3,110.7,,5c8af977-5345-45ab-a325-4f7c71f48b7c,1,60
2026-09-24T07:13:53.735,POST,/desembolsos,201,173.3,82.7,,f628478b-ef0f-48c8-8bba-75386448df96,1,60
2026-09-24T07:13:53.846,POST,/desembolsos,201,189.7,93.5,,6d176851-fd63-416e-a5f6-3870d61c76f8,1,60
2026-09-24T07:13:53.939,POST,/desembolsos,201,174.5,84.1,,f1a93a70-9398-47e2-bf91-58cba69fe11c,1,60
2026-09-24T07:13:54.022,POST,/desembolsos,201,174.7,85.3,,16520562-754e-43a7-bfe2-9d12bc811db0,1,60
2026-09-24T07:13:54.109,POST,/desembolsos,201,170.5,83.6,,23dcf381-f865-4115-8dfb-da9cbda061fc,1,60
2026-09-24T07:13:54.228,POST,/desembolsos,201,173.2,84.3,,6ed45095-40a2-4895-b27f-8644596e29ba,1,60
2026-09-24T07:13:54.343,POST,/desembolsos,201,179.3,90.4,,33452b54-bf7a-4b78-a1db-3f0df0686ce2,1,60
2026-09-24T07:13:54.423,POST,/desembolsos,201,171.6,84.1,,2d818673-ed7d-4336-a2d8-7681dabacfbd,1,60
2026-09-24T07:13:54.521,POST,/desembolsos,201,174.7,82.1,,9a24511a-e3b9-49bf-9791-eea7d9406161,1,60
2026-09-24T07:13:54.635,POST,/desembolsos,201,192.4,100.9,,6ccff619-8ad0-4ef0-800e-a45d74c37488,1,60
2026-09-24T07:13:54.735,POST,/desembolsos,201,179.9,85.8,,54c789e8-a898-4155-9dce-2b4d479bc02f,1,60
2026-09-24T07:13:54.864,POST,/desembolsos,201,203.0,108.1,,0535b7fb-3b1f-4f86-8017-f8732d88f4da,1,60
2026-09-24T07:13:54.915,POST,/desembolsos,201,213.2,120.7,,034957b1-4147-44cd-9111-4412fef4b2ad,1,60
2026-09-24T07:13:55.034,POST,/desembolsos,201,174.9,84.2,,79fa2427-07f3-4a61-b560-bcb4d06b6c08,1,60
2026-09-24T07:13:55.117,POST,/desembolsos,201,173.3,83.2,,be885813-4c6c-4837-b4f1-fd0a5329638b,1,60
2026-09-24T07:13:55.248,POST,/desembolsos,201,193.0,98.5,,8bf920b8-c73e-47d4-8468-53f7ebfc3e38,1,60
2026-09-24T07:13:55.330,POST,/desembolsos,201,174.1,84.5,,a422e662-eb0f-4809-9d9c-1be84e0cd9f3,1,60
2026-09-24T07:13:55.441,POST,/desembolsos,201,171.6,83.2,,407972e6-9ce4-47d7-aaee-198481e68e12,1,60
2026-09-24T07:13:55.545,POST,/desembolsos,201,176.2,83.5,,1bb2a706-f076-4b48-80ae-ffe0326dda3c,1,60
2026-09-24T07:13:55.624,POST,/desembolsos,201,175.9,86.9,,1cbc6b06-b4c3-4fd1-8c9f-b4d1a696c1f0,1,60
2026-09-24T07:13:55.751,POST,/desembolsos,201,170.9,80.9,,083c4ab8-dfd8-4728-b9d2-b82245c2d9b9,1,60
2026-09-24T07:13:55.831,POST,/desembolsos,201,178.1,85.5,,4f30252e-2440-433b-8785-1646cc4dfd26,1,60
2026-09-24T07:13:55.943,POST,/desembolsos,201,177.3,87.3,,bee26d86-88e8-4793-8bb0-b41caee3cc83,1,60
2026-09-24T07:13:56.009,POST,/desembolsos,201,174.4,85.0,,01e68079-e720-4e2a-a437-e6c25ef39943,1,60
2026-09-24T07:13:56.116,POST,/desembolsos,201,177.8,85.8,,725164c1-74c8-4495-9501-19988640b876,1,60
2026-09-24T07:13:56.253,POST,/desembolsos,201,177.9,87.2,,beb187c6-619a-4a67-88a4-a29502eb450e,1,60
2026-09-24T07:13:56.337,POST,/desembolsos,201,176.5,86.3,,ace5d835-c57e-4c0d-b6d6-8deead7c0cf1,1,60
2026-09-24T07:13:56.420,POST,/desembolsos,201,181.7,91.5,,189a644e-514c-4584-a420-9416908db0fc,1,60
2026-09-24T07:13:56.514,POST,/desembolsos,201,192.7,91.2,,1c6ff9bb-51fa-44ed-92b6-31514e618684,1,60
2026-09-24T07:13:56.632,POST,/desembolsos,201,200.6,102.4,,2346e155-979d-43a4-9188-afdfe7e446a2,1,60
2026-09-24T07:13:56.730,POST,/desembolsos,201,189.7,99.0,,a268e08c-1a8b-4ca3-89be-55a010a5480d,1,60
2026-09-24T07:13:56.828,POST,/desembolsos,201,191.8,86.2,,948a316d-8195-41ae-81bb-a68412bbbfc3,1,60
2026-09-24T07:13:56.919,POST,/desembolsos,201,181.8,93.1,,c8e02379-442a-43a0-a82c-1f1c4b7dce3d,1,60
2026-09-24T07:13:57.047,POST,/desembolsos,201,178.0,85.7,,00a1cec8-9fab-43f3-b02a-c08b8b6feee5,1,60
2026-09-24T07:13:57.125,POST,/desembolsos,201,183.7,88.6,,bec35054-919f-412a-bb81-7485578601ed,1,60
2026-09-24T07:13:57.213,POST,/desembolsos,201,211.9,89.7,,6a13c44a-f282-46ab-83a8-56e0ccd3efc7,1,60
2026-09-24T07:13:57.335,POST,/desembolsos,201,202.2,98.0,,17318aa7-a835-4edc-9269-ef4dd7f8cb3a,1,60
2026-09-24T07:13:57.419,POST,/desembolsos,201,194.2,96.5,,e8fa5f45-d847-4b0c-b9fd-0e95d631f64e,1,60
2026-09-24T07:13:57.522,POST,/desembolsos,201,182.3,90.9,,53c47cd9-5f1b-4579-9d56-07292d065596,1,60
2026-09-24T07:13:57.616,POST,/desembolsos,201,196.0,91.4,,e8b360f8-9169-424a-9818-c9df455ab837,1,60
2026-09-24T07:13:57.732,POST,/desembolsos,201,211.6,103.6,,37c2d035-2b18-4b15-ae31-ecc6d12f07ff,1,60
2026-09-24T07:13:57.832,POST,/desembolsos,201,198.6,109.4,,2f40b076-aeef-4bc5-a8cd-41e15513682f,1,60
2026-09-24T07:13:57.930,POST,/desembolsos,201,176.2,82.7,,0889afff-5cd0-4955-84fa-8c805ff27a2e,1,60
2026-09-24T07:13:58.027,POST,/desembolsos,201,181.0,89.6,,889ffbed-7af5-41fa-8936-533e73d5d7a1,1,60
2026-09-24T07:13:58.140,POST,/desembolsos,201,176.5,85.7,,0f42c292-9800-4bc7-b4a4-1982296b8d1b,1,60
2026-09-24T07:13:58.254,POST,/desembolsos,201,181.4,87.2,,096f55ac-ff92-417a-af5c-6e9586830b20,1,60
2026-09-24T07:13:58.336,POST,/desembolsos,201,190.2,99.4,,3f00ff11-16ae-4148-ad3a-fe3010225cd5,1,60
2026-09-24T07:13:58.435,POST,/desembolsos,201,174.1,84.3,,b7e83bee-de45-41e1-b4ff-ce85abfad296,1,60
2026-09-24T07:13:58.525,POST,/desembolsos,201,193.7,83.2,,70dff9ed-e2f1-44ca-9e61-5daab5fae950,1,60
2026-09-24T07:13:58.633,POST,/desembolsos,201,211.5,122.5,,c04dc2e3-f648-4233-96f6-6c36ffc91697,1,60
2026-09-24T07:13:58.716,POST,/desembolsos,201,184.3,94.3,,a23ef3ea-b5fa-4736-a71e-ac244b078d53,1,60
2026-09-24T07:13:58.832,POST,/desembolsos,201,173.8,83.1,,db1f6769-da8e-4afa-8154-8dfbd5924d56,1,60
2026-09-24T07:13:58.926,POST,/desembolsos,201,179.2,82.6,,53c55346-787d-46cb-82d4-a2e1115a0b38,1,60
2026-09-24T07:13:59.043,POST,/desembolsos,201,191.8,98.6,,31a675f9-8f06-4880-8e49-0416aecf3795,1,60
2026-09-24T07:13:59.141,POST,/desembolsos,201,176.1,84.1,,171ea7b6-03a4-4b37-929e-dcc449f27d1a,1,60
2026-09-24T07:13:59.224,POST,/desembolsos,201,175.3,84.2,,d7758918-a391-4a03-bf6c-543ae4ff7673,1,60
2026-09-24T07:13:59.335,POST,/desembolsos,201,182.4,84.5,,810e0e72-3463-416d-947c-762ff6f00306,1,60
2026-09-24T07:13:59.418,POST,/desembolsos,201,187.6,98.4,,e523db1a-b0aa-4fd4-822c-356346e53050,1,60
2026-09-24T07:13:59.550,POST,/desembolsos,201,177.0,87.3,,53a315ef-37ff-4801-ad21-21121f842de7,1,60
2026-09-24T07:13:59.598,POST,/desembolsos,201,170.5,83.7,,ddf2d754-ad66-439b-8aac-0f983c121d32,1,60
2026-09-24T07:13:59.726,POST,/desembolsos,201,176.3,85.6,,ab0f021a-ac67-492e-aecb-04f137bdcca9,1,60
2026-09-24T07:13:59.858,POST,/desembolsos,201,188.5,99.3,,c072b4f3-9f07-429e-9e18-a76074a0dd07,1,60
2026-09-24T07:13:59.940,POST,/desembolsos,201,185.9,93.6,,814a37fd-3000-439b-ae21-0bff6edb7486,1,60
2026-09-24T07:14:00.023,POST,/desembolsos,201,174.2,87.4,,2039acf5-643e-4142-84b9-be5fd32b20e9,1,60
2026-09-24T07:14:00.115,POST,/desembolsos,201,176.6,88.1,,772c8a79-c0f5-443e-888f-79c7a4881bbf,1,60
2026-09-24T07:14:00.241,POST,/desembolsos,201,172.4,83.0,,e80d2409-46f0-4907-b55c-a8bf73f97e40,1,60
2026-09-24T07:14:00.323,POST,/desembolsos,201,171.7,81.6,,ed60b615-af48-48f6-b74c-95c54e02a403,1,60
2026-09-24T07:14:00.454,POST,/desembolsos,201,171.6,82.7,,7f5074f6-934c-4d17-b1ad-b02f7aab98be,1,60
2026-09-24T07:14:00.520,POST,/desembolsos,201,177.2,84.6,,b7d1f911-57a4-46af-8925-a499838d501d,1,60
2026-09-24T07:14:00.602,POST,/desembolsos,201,183.7,93.0,,82b1b256-65ec-4143-a5f1-1375745aaf99,1,60
2026-09-24T07:14:00.748,POST,/desembolsos,201,176.0,87.6,,326969cf-0c99-4668-afca-9973e33f5a79,1,60
2026-09-24T07:14:00.836,POST,/desembolsos,201,173.0,83.4,,2184da3b-2384-41b1-85db-8abbdca5308d,1,60
2026-09-24T07:14:00.917,POST,/desembolsos,201,177.6,84.8,,f0c31277-0f27-45e5-acd8-b727007db164,1,60
2026-09-24T07:14:01.031,POST,/desembolsos,201,175.3,83.2,,7b48cc6f-6202-44ef-b7ec-a5ea652317e5,1,60
2026-09-24T07:14:01.102,POST,/desembolsos,201,219.8,84.0,,eafd221a-3586-4df3-9991-4f4c64e877f8,1,60
2026-09-24T07:14:01.226,POST,/desembolsos,201,189.3,101.5,,4462f330-db5f-4fd0-bc45-9146455e2f9a,1,60
2026-09-24T07:14:01.324,POST,/desembolsos,201,176.7,86.3,,044858d1-23e4-4272-a611-a21a647bd1eb,1,60
2026-09-24T07:14:01.440,POST,/desembolsos,201,176.6,85.1,,fe4772b6-2a60-42fe-a04a-c9bbb7defbe8,1,60
2026-09-24T07:14:01.522,POST,/desembolsos,201,174.4,85.1,,c96f83ad-addd-4632-8b4a-c480497cdd90,1,60
2026-09-24T07:14:01.654,POST,/desembolsos,201,180.6,89.2,,0175d520-bd96-428a-87f8-0b00e92b27eb,1,60
2026-09-24T07:14:01.735,POST,/desembolsos,201,192.4,98.9,,f8bd1cd0-ee56-4145-957a-0bdbabebfdc3,1,60
2026-09-24T07:14:01.834,POST,/desembolsos,201,183.5,84.6,,72c8c284-503c-458a-b8ea-fea8b083ae17,1,60
2026-09-24T07:14:01.947,POST,/desembolsos,201,182.5,92.8,,e0ba4cdc-dcc5-4d01-914b-43eb8d2424d2,1,60
2026-09-24T07:14:02.037,POST,/desembolsos,201,178.3,86.0,,73ed404c-c98c-4193-9a38-56899315758c,1,60
2026-09-24T07:14:02.114,POST,/desembolsos,201,180.6,87.4,,38913fcc-91d3-4f2e-9e78-d0f26a247cd4,1,60
2026-09-24T07:14:02.211,POST,/desembolsos,201,174.6,84.0,,390dde2e-9538-4a2d-a56f-a124bf6cc8b4,1,60
2026-09-24T07:14:02.334,POST,/desembolsos,201,174.3,82.7,,875ec08a-e21d-4474-9217-b48cdcbd19d3,1,60
2026-09-24T07:14:02.447,POST,/desembolsos,201,206.4,114.3,,4c65ceac-d0c1-4943-a839-319db4486406,1,60
2026-09-24T07:14:02.509,POST,/desembolsos,201,179.2,89.8,,68476bf8-8aaf-409b-a1c1-a89e5da3b2cc,1,60
2026-09-24T07:14:02.643,POST,/desembolsos,201,200.0,90.5,,478dc239-402c-4697-96ac-8393485fbd42,1,60
2026-09-24T07:14:02.725,POST,/desembolsos,201,197.5,108.4,,bbeb901b-02c8-4b15-8443-2812f879f42e,1,60
2026-09-24T07:14:02.824,POST,/desembolsos,201,173.8,85.2,,e6888f1a-af8b-442a-849c-3f6142c68427,1,60
2026-09-24T07:14:02.924,POST,/desembolsos,201,180.9,89.9,,30b0df6c-d202-44ff-8499-dc36f8ef9a33,1,60
2026-09-24T07:14:03.007,POST,/desembolsos,201,173.1,85.0,,73edd65c-5e96-4784-8c21-08023d531dc2,1,60
2026-09-24T07:14:03.138,POST,/desembolsos,201,203.5,111.1,,0b5d2954-d198-4354-930f-0371fd7f87c6,1,60
2026-09-24T07:14:03.238,POST,/desembolsos,201,179.4,84.4,,869e90e3-20b4-4c1b-b59d-c0cfecdbbac9,1,60
2026-09-24T07:14:03.321,POST,/desembolsos,201,174.5,86.2,,73dd5392-d726-496c-b133-10dff28ccf84,1,60
2026-09-24T07:14:03.416,POST,/desembolsos,201,180.5,91.4,,d1a38ff7-f834-4114-b7fa-2d334ad81371,1,60
2026-09-24T07:14:03.531,POST,/desembolsos,201,194.2,86.3,,32642f94-2d95-4d12-9511-e9503b841904,1,60
2026-09-24T07:14:03.646,POST,/desembolsos,201,170.6,82.0,,885fa31a-70e6-4ee1-997b-016a2ab18932,1,60
2026-09-24T07:14:03.714,POST,/desembolsos,201,173.8,84.6,,d0e5195f-fed1-401a-945d-1fea31560e04,1,60
2026-09-24T07:14:03.842,POST,/desembolsos,201,177.1,83.4,,cdd39369-d532-4a57-b4ed-e524d5cf9fa3,1,60
2026-09-24T07:14:03.924,POST,/desembolsos,201,177.6,87.8,,c55e7f59-234a-418b-997e-118e660e6811,1,60
2026-09-24T07:14:04.016,POST,/desembolsos,201,172.9,82.4,,8361393f-cc90-471b-8a9b-bed0908a2fcd,1,60
2026-09-24T07:14:04.131,POST,/desembolsos,201,180.1,83.2,,1325a7ab-e7d2-41e9-94cf-bb7b8d6d9bee,1,60
2026-09-24T07:14:04.245,POST,/desembolsos,201,178.7,87.5,,3f5b5245-9af5-4c5e-a84a-26e6782659fb,1,60
2026-09-24T07:14:04.327,POST,/desembolsos,201,183.1,86.9,,cdc65030-12f8-4d3f-8674-3b8c2831c5d4,1,60
2026-09-24T07:14:04.444,POST,/desembolsos,201,181.8,82.6,,d9178c89-7afa-4ee5-8885-3690943299ab,1,60
2026-09-24T07:14:04.524,POST,/desembolsos,201,185.4,95.9,,95eed196-98bd-4a29-9786-6c3617049e3a,1,60
2026-09-24T07:14:04.622,POST,/desembolsos,201,176.5,83.9,,a7647399-55f6-4396-a311-0f7cb907b337,1,60
2026-09-24T07:14:04.753,POST,/desembolsos,201,211.9,83.8,,0e7a0272-e118-42bb-9903-3db47a949776,1,60
2026-09-24T07:14:04.835,POST,/desembolsos,201,220.7,129.0,,405e7d2e-78ba-48a9-8815-8d5a3ffa3b94,1,60
2026-09-24T07:14:04.915,POST,/desembolsos,201,184.0,93.1,,77585ac6-982c-400f-89d2-5103b075e9a2,1,60
2026-09-24T07:14:05.026,POST,/desembolsos,201,176.4,82.6,,300ac0f1-41ca-454f-88f1-d90314c40819,1,60
2026-09-24T07:14:05.140,POST,/desembolsos,201,191.4,99.0,,8d09b3e6-40ea-447b-b2a7-c5e691405b0e,1,60
2026-09-24T07:14:05.238,POST,/desembolsos,201,178.2,87.0,,aa49ea0d-cd60-468a-9e52-ef45485025a9,1,60
2026-09-24T07:14:05.322,POST,/desembolsos,201,182.2,86.3,,3e9df7bb-8b1c-4752-a3a3-aa5d1038a036,1,60
2026-09-24T07:14:05.434,POST,/desembolsos,201,182.8,83.3,,3b069467-785e-466d-b260-34bf0c9bf2d0,1,60
2026-09-24T07:14:05.550,POST,/desembolsos,201,212.1,123.5,,d6a89790-21ed-49a4-a57c-f71c49d137a0,1,60
2026-09-24T07:14:05.614,POST,/desembolsos,201,179.9,84.1,,c0688abc-13dd-4086-a04c-e027bf187acf,1,60
2026-09-24T07:14:05.726,POST,/desembolsos,201,179.9,83.1,,998c9419-b55c-4819-be95-034a744f7d2d,1,60
2026-09-24T07:14:05.837,POST,/desembolsos,201,181.5,86.4,,56eaadfa-dbf1-4fc0-9a3c-dfed44c811b6,1,60
2026-09-24T07:14:05.917,POST,/desembolsos,201,181.4,85.6,,1092b575-fbf3-45bd-97e0-e25ad7032989,1,60
2026-09-24T07:14:06.042,POST,/desembolsos,201,177.7,86.4,,b5f401b8-dbc8-4c7d-89de-ef47218215ec,1,60
2026-09-24T07:14:06.127,POST,/desembolsos,201,191.1,87.5,,2b5bbe93-d22e-4083-b5c6-25bd871644e1,1,60
2026-09-24T07:14:06.215,POST,/desembolsos,201,186.6,94.4,,41622d9b-0742-4c7a-8740-3c45adc6d6d9,1,60
2026-09-24T07:14:06.340,POST,/desembolsos,201,190.6,87.3,,6968899f-cced-43bc-9766-d465a1e339e3,1,60
2026-09-24T07:14:06.422,POST,/desembolsos,201,195.1,96.2,,38eab4df-b6d0-4270-82db-e349b5b94720,1,60
2026-09-24T07:14:06.522,POST,/desembolsos,201,184.8,92.5,,a6cdd18b-b234-4048-8614-7cd748343ea4,1,60
2026-09-24T07:14:06.616,POST,/desembolsos,201,206.7,96.3,,ca2731ca-5cd7-4b9d-bcfd-a50910bd254f,1,60
2026-09-24T07:14:06.715,POST,/desembolsos,201,285.9,85.9,,3c16fdeb-b212-4726-8f34-29a236510879,1,60
2026-09-24T07:14:06.814,POST,/desembolsos,201,264.0,174.9,,257cc95d-11a1-4178-9866-f6b75c502248,1,60
2026-09-24T07:14:06.945,POST,/desembolsos,201,178.5,89.7,,360e1d6b-6bb1-42c6-8b5a-1da17075f1c3,1,60
2026-09-24T07:14:07.028,POST,/desembolsos,201,177.3,84.9,,494ee6c9-c64d-47b0-873e-68f5a6073124,1,60
2026-09-24T07:14:07.124,POST,/desembolsos,201,176.0,85.6,,6cdad18b-96fe-4074-93f6-0dcf007af14f,1,60
2026-09-24T07:14:07.239,POST,/desembolsos,201,178.4,89.4,,cfa5a5d9-6c50-4ff0-bf64-d86fc92ce0bd,1,60
2026-09-24T07:14:07.321,POST,/desembolsos,201,178.7,87.0,,2feb7100-7671-4c35-8ae4-9a149d856c83,1,60
2026-09-24T07:14:07.414,POST,/desembolsos,201,176.5,84.8,,9f2cc953-2edc-4c14-8846-ca55766e3d13,1,60
2026-09-24T07:14:07.533,POST,/desembolsos,201,173.0,84.1,,ab53ed9a-1415-4656-b585-98e9bed93aba,1,60
2026-09-24T07:14:07.649,POST,/desembolsos,201,178.3,87.9,,4c86da27-2534-4124-a997-2a2d2df3f700,1,60
2026-09-24T07:14:07.736,POST,/desembolsos,201,174.8,83.4,,9517b223-94ea-4c37-a7eb-a2db62a520ee,1,60
2026-09-24T07:14:07.947,POST,/desembolsos,201,343.0,207.6,,943718c8-1b3f-4f6a-8ba9-692858903013,1,60
2026-09-24T07:14:08.027,POST,/desembolsos,201,268.7,127.7,,7bb908fa-45a2-4a9c-b30a-702ffa0e344d,1,60
2026-09-24T07:14:08.124,POST,/desembolsos,201,171.9,84.0,,c1c8cb8b-b8c1-421f-a4f3-3647bda966ca,1,60
2026-09-24T07:14:08.243,POST,/desembolsos,201,237.9,143.5,,40500f3b-6338-4a88-b9e7-8b3f445754a5,1,60
2026-09-24T07:14:07.819,POST,/desembolsos,201,662.0,86.7,,246dfc7f-3a89-4c2c-9ed9-d33ec0b1d0c7,1,60
2026-09-24T07:14:08.339,POST,/desembolsos,201,230.4,138.3,,bb99b28d-d6a3-4fae-9397-31ed87ba709d,1,60
2026-09-24T07:14:08.423,POST,/desembolsos,201,239.9,146.2,,3e9f589f-5d18-42fb-ba7b-f32750674fa5,1,60
2026-09-24T07:14:08.535,POST,/desembolsos,201,222.1,127.5,,728ff193-44fa-480d-88d2-caa4cfe1ddb0,1,60
2026-09-24T07:14:08.635,POST,/desembolsos,201,213.5,122.2,,e11ef43b-d9a1-4dc4-94dc-bfe1e3d28d2e,1,60
2026-09-24T07:14:08.733,POST,/desembolsos,201,206.3,114.7,,9ad57684-0bc5-4277-8ad4-b18d932bb66c,1,60
2026-09-24T07:14:08.847,POST,/desembolsos,201,186.1,92.5,,4fcc543f-d9ed-40e4-bab6-74aae5bc41f0,1,60
2026-09-24T07:14:08.938,POST,/desembolsos,201,178.4,87.4,,03303e24-6cad-4cb2-ba75-e05921281567,1,60
2026-09-24T07:14:09.024,POST,/desembolsos,201,175.0,86.5,,98ed2946-ecb6-41d1-a644-0d165ef3c96b,1,60
2026-09-24T07:14:09.139,POST,/desembolsos,201,248.8,156.3,,d268d449-1909-40b2-ae34-121b3014f14c,1,60
2026-09-24T07:14:09.234,POST,/desembolsos,201,247.0,153.8,,8fd6729e-1c8f-4342-b305-c5b663b9b500,1,60
2026-09-24T07:14:09.332,POST,/desembolsos,201,249.9,148.6,,7fe167d3-519b-4b30-aa8f-9213565397df,1,60
2026-09-24T07:14:09.528,POST,/desembolsos,201,242.2,138.5,,b2bafdcf-5a37-4a53-a214-2a668bd9246d,1,60
2026-09-24T07:14:09.643,POST,/desembolsos,201,213.0,123.9,,ed24dc74-cb0c-4d88-8af8-e47535b379d7,1,60
2026-09-24T07:14:09.741,POST,/desembolsos,201,206.1,114.5,,61144599-d8d3-408a-a698-391fc7460d12,1,60
2026-09-24T07:14:09.833,POST,/desembolsos,201,203.7,113.9,,5bd40023-f03f-4978-a8fe-39296ad73627,1,60
2026-09-24T07:14:09.946,POST,/desembolsos,201,189.4,90.9,,36980acd-6a40-4d62-9465-13e9ef6bd68a,1,60
2026-09-24T07:14:10.027,POST,/desembolsos,201,198.0,108.3,,efdfe006-c062-48f8-8204-d4fcfd79acf4,1,60
2026-09-24T07:14:10.130,POST,/desembolsos,201,185.7,90.2,,02bad679-5785-4aee-8f7c-41180c9a552b,1,60
2026-09-24T07:14:10.208,POST,/desembolsos,201,204.4,113.0,,0fbfae14-e653-4abc-8f03-93e50de4540f,1,60
2026-09-24T07:14:10.342,POST,/desembolsos,201,254.8,162.3,,dd4d3cf9-b87d-4913-babe-601f891622be,1,60
2026-09-24T07:14:10.440,POST,/desembolsos,201,256.6,156.6,,4ca212f5-1121-4ed5-a12b-f71d23b29bdd,1,60
2026-09-24T07:14:09.430,POST,/desembolsos,201,1267.1,1166.5,,e77c0351-2456-402b-84e8-1b318ab7c041,1,60
2026-09-24T07:14:10.521,POST,/desembolsos,201,261.5,167.9,,c02a2b12-3d4e-4cb8-98ce-b132e3ddd9c0,1,60
2026-09-24T07:14:10.637,POST,/desembolsos,201,238.9,145.3,,7f673860-5063-4343-8bc4-e3c3f2641a99,1,60
2026-09-24T07:14:10.755,POST,/desembolsos,201,216.4,121.0,,98a5ff3e-23a2-4a5f-922c-8cf202cda3ed,1,60
2026-09-24T07:14:10.850,POST,/desembolsos,201,216.9,121.0,,80d95001-7dff-4a97-97e6-6ca9c9dbb8f5,1,60
2026-09-24T07:14:10.931,POST,/desembolsos,201,233.4,135.5,,ec6a5792-0436-4701-ad65-3d41ec58ddbe,1,60
2026-09-24T07:14:11.029,POST,/desembolsos,201,230.4,135.8,,80913959-e953-4284-9540-e90fa909c7c1,1,60
2026-09-24T07:14:11.125,POST,/desembolsos,201,222.3,134.2,,325e8665-cfa0-45d9-8fc9-f5b09c840955,1,60
2026-09-24T07:14:11.242,POST,/desembolsos,201,202.6,99.9,,5840c66b-06e1-40b2-b161-f25cedd223dd,1,60
2026-09-24T07:14:11.340,POST,/desembolsos,201,194.4,104.7,,4e443ae7-7093-4099-81d1-293b9c45fe1e,1,60
2026-09-24T07:14:11.438,POST,/desembolsos,201,183.3,89.8,,693b961e-71c7-4c11-9f94-7899a0cf3cf5,1,60
2026-09-24T07:14:11.529,POST,/desembolsos,201,184.4,94.1,,4f22d7fe-576d-467f-8411-c94a4bc7ce7e,1,60
2026-09-24T07:14:11.627,POST,/desembolsos,201,196.4,90.7,,ed4fa9e6-7519-4349-80d6-492f75b4f453,1,60
2026-09-24T07:14:11.708,POST,/desembolsos,201,286.1,106.5,,82c19705-9990-4734-8615-af8b3f3fe3f9,1,60
2026-09-24T07:14:11.822,POST,/desembolsos,201,272.6,180.8,,4d9b2299-4106-4ca3-a0a6-d979a68e6f51,1,60
2026-09-24T07:14:11.950,POST,/desembolsos,201,241.8,144.5,,b1a2be84-0c1f-4c16-bd25-00ab6a338c59,1,60
2026-09-24T07:14:12.033,POST,/desembolsos,201,246.9,157.8,,9ffd2897-d451-495c-a8ab-06aebd956930,1,60
2026-09-24T07:14:12.132,POST,/desembolsos,201,247.4,148.8,,dcb2fb73-bdff-4cff-95fe-22514a226211,1,60
2026-09-24T07:14:12.231,POST,/desembolsos,201,241.1,147.8,,62e5797f-6414-48bc-ba36-db629ba87f9a,1,60
2026-09-24T07:14:12.345,POST,/desembolsos,201,227.2,126.6,,c8cf83f7-9e94-4db3-8f4b-9b47c3db122a,1,60
2026-09-24T07:14:12.442,POST,/desembolsos,201,220.3,127.8,,1a8a3972-27eb-42a1-a016-e74bc88cc662,1,60
2026-09-24T07:14:12.524,POST,/desembolsos,201,314.0,137.3,,23d1ea1f-69e0-4704-bc6e-08db57514a75,1,60
2026-09-24T07:14:12.624,POST,/desembolsos,201,306.5,214.5,,2b4f2c6f-05d0-4f0e-a9d0-7377905208a5,1,60
2026-09-24T07:14:12.739,POST,/desembolsos,201,287.6,176.5,,0697df8e-0acb-42c0-8bde-58153181a29c,1,60
2026-09-24T07:14:12.836,POST,/desembolsos,201,191.5,85.2,,ca236d4d-094f-4694-9319-6184ecaae15f,1,60
2026-09-24T07:14:12.920,POST,/desembolsos,201,195.7,106.6,,cd9c85e7-e338-47ee-8a53-41e62e986942,1,60
2026-09-24T07:14:13.016,POST,/desembolsos,201,183.1,89.7,,f02aec0e-046e-45ff-8152-aa56a1b63ace,1,60
2026-09-24T07:14:13.135,POST,/desembolsos,201,191.0,86.2,,87d88195-29d6-4ea3-8676-f2b0733b5399,1,60
2026-09-24T07:14:13.249,POST,/desembolsos,201,176.1,83.7,,2006111d-ae8d-4fd3-974a-75016bb537a7,1,60
2026-09-24T07:14:13.320,POST,/desembolsos,201,177.8,88.6,,b18f7f3c-2531-4677-80fb-94ef0f829968,1,60
2026-09-24T07:14:13.413,POST,/desembolsos,201,170.7,83.1,,20d319aa-d43c-4b3d-bacf-15511b28f089,1,60
2026-09-24T07:14:13.528,POST,/desembolsos,201,173.4,84.9,,50f002e5-b2c4-4cb1-91fb-ae21ec16963d,1,60
2026-09-24T07:14:13.645,POST,/desembolsos,201,205.9,114.4,,35d2c7dd-1e0b-4cc6-a6bd-36b1c737d963,1,60
2026-09-24T07:14:13.728,POST,/desembolsos,201,201.2,110.2,,915db69c-43c0-46f7-bb30-745fd95e3b8b,1,60
2026-09-24T07:14:13.824,POST,/desembolsos,201,181.2,88.9,,6fd194fd-c0ae-407c-92b9-e5ff768f93e5,1,60
2026-09-24T07:14:13.923,POST,/desembolsos,201,173.7,83.0,,450a315d-b581-4f8a-9135-1c1ebe3199ba,1,60
2026-09-24T07:14:14.033,POST,/desembolsos,201,172.8,85.6,,831f60cf-c652-4076-a6a7-2c08ca987890,1,60
2026-09-24T07:14:14.117,POST,/desembolsos,201,179.3,86.6,,4c3d21ef-1067-4289-b938-b3d2379628c4,1,60
2026-09-24T07:14:14.248,POST,/desembolsos,201,181.1,92.8,,6b2599c9-d4ed-49ef-8968-3428a39057a0,1,60
2026-09-24T07:14:14.330,POST,/desembolsos,201,174.0,83.6,,fe71fe1d-7f89-443d-b69c-cc35e4c9c055,1,60
2026-09-24T07:14:14.411,POST,/desembolsos,201,182.5,88.6,,a07b1024-c1ff-4320-b935-934d5054c386,1,60
2026-09-24T07:14:14.512,POST,/desembolsos,201,180.9,89.2,,58fcfbb5-0248-42cc-9261-054dedcd4945,1,60
2026-09-24T07:14:14.641,POST,/desembolsos,201,192.9,99.3,,c641fabe-906c-486b-a84d-a67dd5c1412c,1,60
2026-09-24T07:14:14.724,POST,/desembolsos,201,177.4,83.7,,05b1dbb9-48d6-4105-8598-1c8dfe33474d,1,60
2026-09-24T07:14:14.822,POST,/desembolsos,201,200.4,88.0,,a77d7ddf-7447-4af2-9b38-5aaacc8954ca,1,60
2026-09-24T07:14:14.919,POST,/desembolsos,201,205.6,113.9,,64484022-bb94-486e-a5af-18973f951a38,1,60
2026-09-24T07:14:15.035,POST,/desembolsos,201,175.6,82.7,,7cd65555-7e20-434b-a333-3613baed9c72,1,60
2026-09-24T07:14:15.115,POST,/desembolsos,201,178.4,87.7,,0836e2ed-583d-4e9b-94d9-f4fb37a1427c,1,60
2026-09-24T07:14:15.246,POST,/desembolsos,201,179.6,89.3,,fc0945f4-4c5f-46ab-a86f-8545ea20127f,1,60
2026-09-24T07:14:15.328,POST,/desembolsos,201,186.3,83.1,,8526a206-2f1e-410c-bd18-280d8e9c55fe,1,60
2026-09-24T07:14:15.425,POST,/desembolsos,201,189.0,95.7,,66469dee-ac5b-4913-a09d-e30dc8ccc263,1,60
2026-09-24T07:14:15.541,POST,/desembolsos,201,190.3,100.7,,3e6c9c7a-c32b-422e-889f-f4bc635ed8a0,1,60
2026-09-24T07:14:15.636,POST,/desembolsos,201,181.2,91.3,,828351d5-2561-4b50-80df-d9a8549a3290,1,60
2026-09-24T07:14:15.719,POST,/desembolsos,201,179.1,88.2,,71c86104-95fd-402d-a3dc-1357eca5a9b7,1,60
2026-09-24T07:14:15.848,POST,/desembolsos,201,185.6,93.6,,613b7046-874b-4700-9b20-1ba53fcae505,1,60
2026-09-24T07:14:15.927,POST,/desembolsos,201,181.7,92.3,,382b92b0-0f43-491a-a432-200c48c0eec0,1,60
2026-09-24T07:14:16.007,POST,/desembolsos,201,172.8,84.1,,5204a835-77d0-4391-b671-96bf63e29122,1,60
2026-09-24T07:14:16.123,POST,/desembolsos,201,182.6,90.2,,a4dfc474-e349-42b8-8bd8-8eaa52c46326,1,60
2026-09-24T07:14:16.212,POST,/desembolsos,201,180.7,87.0,,debb526f-288c-448c-849b-18926a4723d9,1,60
2026-09-24T07:14:16.306,POST,/desembolsos,201,185.2,87.9,,c49191ff-054a-419f-89f1-567e26d40da9,1,60
2026-09-24T07:14:16.436,POST,/desembolsos,201,177.5,87.7,,f2ff73dc-ec57-4f71-a851-c1a91318b76f,1,60
2026-09-24T07:14:16.550,POST,/desembolsos,201,180.5,84.9,,2daaa6d1-7caa-4f50-a074-4ff5a582e4f1,1,60
2026-09-24T07:14:16.633,POST,/desembolsos,201,227.1,91.9,,b697585b-1ce0-4ae5-8346-23b42386bdb1,1,60
2026-09-24T07:14:16.717,POST,/desembolsos,201,223.5,95.5,,eb3c8231-bf7e-485f-95a4-3f7ea7bb94d5,1,60
2026-09-24T07:14:16.849,POST,/desembolsos,201,178.2,88.2,,887a1bb1-fbe9-4aa4-b9f6-43555c641423,1,60
2026-09-24T07:14:16.916,POST,/desembolsos,201,205.6,112.2,,bb7094c5-4371-48fb-a214-e8b278e25776,1,60
2026-09-24T07:14:17.036,POST,/desembolsos,201,178.7,85.3,,46867803-373b-4341-9195-3b74f45de1e5,1,60
2026-09-24T07:14:17.140,POST,/desembolsos,201,188.9,97.8,,120db0c0-8239-4542-99fa-1ee9b733afb7,1,60
2026-09-24T07:14:17.217,POST,/desembolsos,201,175.2,88.4,,5ee7a9fb-a794-4fd6-9ef8-f3f7179c50ed,1,60
2026-09-24T07:14:17.326,POST,/desembolsos,201,174.3,83.4,,37f67929-2e45-407c-a53c-dbee9c404a0a,1,60
2026-09-24T07:14:17.447,POST,/desembolsos,201,181.2,90.0,,311ebe2e-1afa-42c1-ba6c-c193807b0fa8,1,60
2026-09-24T07:14:17.527,POST,/desembolsos,201,171.7,85.2,,c8415a0b-726d-4735-bf3b-cee8a1960dac,1,60
2026-09-24T07:14:17.615,POST,/desembolsos,201,173.5,84.1,,9634cabf-de8e-4fb6-bc2e-9385f506a8d8,1,60
2026-09-24T07:14:17.708,POST,/desembolsos,201,170.8,84.6,,57587e19-3e4d-441a-89c9-66a9bc080c2d,1,60
2026-09-24T07:14:17.844,POST,/desembolsos,201,183.9,86.7,,f419c31f-7746-4230-aa2e-808e7ff2b62b,1,60
2026-09-24T07:14:17.925,POST,/desembolsos,201,178.8,90.7,,225bead8-5d8f-4d78-83c9-d63ca673e759,1,60
2026-09-24T07:14:18.025,POST,/desembolsos,201,170.1,81.2,,b3718ece-8679-4294-a8e7-6e79ee45709d,1,60
2026-09-24T07:14:18.140,POST,/desembolsos,201,215.4,126.9,,a536e47c-f10c-401d-9a19-15cc3ed64a64,1,60
2026-09-24T07:14:18.251,POST,/desembolsos,201,180.8,91.4,,5489717d-30d8-4809-a606-f48a792fa9f6,1,60
2026-09-24T07:14:18.333,POST,/desembolsos,201,182.0,87.8,,4145ac35-297e-47be-b8dc-34adf687fd21,1,60
2026-09-24T07:14:18.416,POST,/desembolsos,201,185.5,86.8,,97529f93-c9bc-4cbc-a131-42bdef4ea6fc,1,60
2026-09-24T07:14:18.547,POST,/desembolsos,201,188.1,99.7,,1d8c826c-a470-4d14-89c7-f130ae7ba929,1,60
2026-09-24T07:14:18.646,POST,/desembolsos,201,174.7,85.5,,acef10ac-f5fc-4ad3-a6f4-0eeee5f2b43a,1,60
2026-09-24T07:14:18.728,POST,/desembolsos,201,210.5,85.6,,c1578afa-0345-4656-b576-e9a740a63cac,1,60
2026-09-24T07:14:18.813,POST,/desembolsos,201,214.4,126.5,,398410b2-5c34-43ec-aaa9-2a93b3638d8b,1,60
2026-09-24T07:14:18.924,POST,/desembolsos,201,181.8,84.4,,5d6a8b6a-0237-4f78-81f5-a9d7b6888d95,1,60
2026-09-24T07:14:19.023,POST,/desembolsos,201,180.9,88.0,,9112467f-77f8-447e-bdb5-3ab90c2f7e1e,1,60
2026-09-24T07:14:19.116,POST,/desembolsos,201,191.8,103.9,,4af2f415-8367-46e7-b61f-900ca4d05235,1,60
2026-09-24T07:14:19.216,POST,/desembolsos,201,188.1,85.3,,964b72c2-9795-4805-be95-5d304bde3597,1,60
2026-09-24T07:14:19.341,POST,/desembolsos,201,177.0,91.0,,24d97f62-d527-4658-b61c-5d7e2eae27ec,1,60
2026-09-24T07:14:19.423,POST,/desembolsos,201,214.1,82.9,,1e734fd9-7d7b-46f6-a0c4-60493d922285,1,60
2026-09-24T07:14:19.538,POST,/desembolsos,201,198.7,108.4,,34e12f15-e07b-4972-8521-9f09da12b681,1,60
2026-09-24T07:14:19.636,POST,/desembolsos,201,187.5,89.1,,48487ed5-44fa-48de-952f-f3e1175d4d3e,1,60
2026-09-24T07:14:19.719,POST,/desembolsos,201,179.9,91.6,,704b9120-d870-436b-9b28-8a269cd78ac3,1,60
2026-09-24T07:14:19.818,POST,/desembolsos,201,184.2,94.5,,87aaa903-570d-45f4-ba29-e694a82673c0,1,60
2026-09-24T07:14:19.947,POST,/desembolsos,201,194.9,95.2,,39447e08-67aa-40c5-a795-7acc13f4fa65,1,60
2026-09-24T07:14:20.030,POST,/desembolsos,201,197.3,90.8,,92a71dc9-22ff-42de-8e19-b47f332feb96,1,60
2026-09-24T07:14:20.142,POST,/desembolsos,201,174.3,85.6,,56c8c6af-8edc-4aad-ba07-dbed8e518a9d,1,60
2026-09-24T07:14:20.224,POST,/desembolsos,201,176.0,84.9,,f6e50d3f-9048-4d85-9ab9-dbaa0c327205,1,60
2026-09-24T07:14:20.337,POST,/desembolsos,201,185.9,96.1,,6ff3f402-8357-457b-bda5-11cda237d435,1,60
2026-09-24T07:14:20.416,POST,/desembolsos,201,174.9,83.8,,972ffe4a-d9e0-42b6-8314-f13c5d87b1ce,1,60
2026-09-24T07:14:20.549,POST,/desembolsos,201,196.7,96.2,,eff224c1-42b7-47e5-aa6c-e23f1d6150c9,1,60
2026-09-24T07:14:20.630,POST,/desembolsos,201,236.7,114.4,,005909e9-35fb-4fcf-bdc4-03554f8b4c41,1,60
2026-09-24T07:14:20.729,POST,/desembolsos,201,172.7,83.8,,4458d024-068d-40e4-bfd8-ddf04bda4a4d,1,60
2026-09-24T07:14:20.842,POST,/desembolsos,201,179.6,85.6,,286426bc-d741-4f78-b5f0-5458c54d06f8,1,60
2026-09-24T07:14:20.917,POST,/desembolsos,201,181.9,87.7,,a3d33b51-f78a-4436-8d3f-2fbe8e11f624,1,60
2026-09-24T07:14:21.015,POST,/desembolsos,201,177.8,87.4,,dc7c1740-a2f1-41ad-904e-670036042ef6,1,60
2026-09-24T07:14:21.141,POST,/desembolsos,201,175.1,83.4,,67a25dac-b7d2-441b-9c48-86607f96ee43,1,60
2026-09-24T07:14:21.224,POST,/desembolsos,201,181.4,92.6,,b3101312-2c64-4460-a809-9ad53f91b2c1,1,60
2026-09-24T07:14:21.336,POST,/desembolsos,201,201.8,113.7,,a3b8f70c-1544-4272-83a5-4a94c0cdcb03,1,60
2026-09-24T07:14:21.442,POST,/desembolsos,201,175.5,84.8,,a728eb08-784d-4696-8229-59ecf2ad2a79,1,60
2026-09-24T07:14:21.523,POST,/desembolsos,201,180.1,88.0,,5d7a1e1a-0d20-429a-8c7c-c564d976ca90,1,60
2026-09-24T07:14:21.637,POST,/desembolsos,201,176.2,85.3,,2a9110c3-0f58-4f68-a598-024d120c7022,1,60
2026-09-24T07:14:21.751,POST,/desembolsos,201,178.6,83.6,,b530e2a2-085c-4fbd-946b-b113c1d9a5f4,1,60
2026-09-24T07:14:21.833,POST,/desembolsos,201,184.9,91.3,,dbf32a5b-ab1b-4502-9e79-59498babcfdc,1,60
2026-09-24T07:14:21.916,POST,/desembolsos,201,200.8,91.1,,980ffac1-3e93-4c1a-b9c3-f7a7e685e039,1,60
2026-09-24T07:14:22.009,POST,/desembolsos,201,211.7,111.2,,cebc0b78-a6bd-426c-8dec-0a5330736144,1,60
2026-09-24T07:14:22.142,POST,/desembolsos,201,180.7,90.6,,4282d5ce-54a0-4b6d-9bab-f5ae4c321332,1,60
2026-09-24T07:14:22.208,POST,/desembolsos,201,215.4,86.0,,c84454fc-a0dc-44e7-a6ee-4cdfc7b4a2a6,1,60
2026-09-24T07:14:22.323,POST,/desembolsos,201,251.7,114.4,,c3b1a6e7-5ffd-4f75-98b9-8c84d5c7b7fc,1,60
2026-09-24T07:14:22.430,POST,/desembolsos,201,228.1,137.7,,bee20d88-ce66-4f58-a64e-cb43223d6478,1,60
2026-09-24T07:14:22.530,POST,/desembolsos,201,180.4,89.7,,40cdafe9-53e8-445c-aab6-7e33e5ceb01f,1,60
2026-09-24T07:14:22.614,POST,/desembolsos,201,222.6,91.1,,bab0dcd9-e381-439a-ba47-736d08204bcb,1,60
2026-09-24T07:14:22.742,POST,/desembolsos,201,187.3,99.2,,db9bdae2-0f02-4c76-98f3-a6565b99627c,1,60
2026-09-24T07:14:22.841,POST,/desembolsos,201,178.1,83.4,,36b0ec22-c2c6-467e-8133-66b654521c9f,1,60
2026-09-24T07:14:22.922,POST,/desembolsos,201,171.8,83.5,,4336f796-2563-4b38-b9d6-b270302b8901,1,60
2026-09-24T07:14:23.042,POST,/desembolsos,201,177.8,85.1,,e4bcdf35-e9ac-4145-ad22-9bca344ad409,1,60
2026-09-24T07:14:23.117,POST,/desembolsos,201,177.6,90.0,,28c5418d-2082-4264-82ff-d18d1116b411,1,60
2026-09-24T07:14:23.215,POST,/desembolsos,201,174.7,83.5,,6bfecc2d-55ca-49f9-b40c-6e035da29e8f,1,60
2026-09-24T07:14:23.348,POST,/desembolsos,201,185.0,84.2,,7322ec64-5ca5-42cb-b9f5-5e60b8dc2519,1,60
2026-09-24T07:14:23.431,POST,/desembolsos,201,193.9,102.0,,1bd3dd00-f434-48e2-953c-9198926ef0df,1,60
2026-09-24T07:14:23.531,POST,/desembolsos,201,180.0,92.2,,f9726e78-0613-4150-b39e-2111154aa74e,1,60
2026-09-24T07:14:23.623,POST,/desembolsos,201,174.7,85.9,,04471786-2204-46bc-ad6b-77c5c5f4d6d8,1,60
2026-09-24T07:14:23.710,POST,/desembolsos,201,174.7,84.6,,f1eaaa87-3b19-47d6-906e-a1603ffb911c,1,60
2026-09-24T07:14:23.840,POST,/desembolsos,201,181.2,84.4,,5d66d714-0f55-4c34-9a7a-f4e3eaac9241,1,60
2026-09-24T07:14:23.923,POST,/desembolsos,201,192.0,93.4,,ca8e6799-b6c1-4d08-827e-db52f5213ffb,1,60
2026-09-24T07:14:24.013,POST,/desembolsos,201,184.3,95.9,,cdf55b12-d5e9-4529-8d80-c86d20919932,1,60
2026-09-24T07:14:24.114,POST,/desembolsos,201,171.5,82.3,,dc9fb2ee-6f86-40fd-b415-b8460a69d4f3,1,60
2026-09-24T07:14:24.246,POST,/desembolsos,201,188.2,83.2,,6e328aaa-5a2d-4e2f-bb30-7582d01b6278,1,60
2026-09-24T07:14:24.328,POST,/desembolsos,201,189.5,99.7,,03ae31df-ffbb-4a89-a21a-110a28b48255,1,60
2026-09-24T07:14:24.442,POST,/desembolsos,201,183.5,81.9,,632648f6-b35f-4eb4-a52b-2f6eb67d5f40,1,60
2026-09-24T07:14:24.524,POST,/desembolsos,201,185.5,92.3,,535b6c7a-e9f0-45e2-9f64-39b8f665bbc7,1,60
2026-09-24T07:14:24.619,POST,/desembolsos,201,194.0,106.2,,abe41729-59a0-4e0e-9708-133b9848b5b0,1,60
2026-09-24T07:14:24.708,POST,/desembolsos,201,176.0,88.8,,9b184f5e-1fae-4802-8813-5295bdbd1d96,1,60
2026-09-24T07:14:24.819,POST,/desembolsos,201,177.1,85.9,,701ead81-abdb-49cb-8fa5-2d55c60e774e,1,60
2026-09-24T07:14:24.943,POST,/desembolsos,201,173.8,83.7,,776251b9-0938-4231-9466-cdc934f3d5a9,1,60
2026-09-24T07:14:25.026,POST,/desembolsos,201,175.7,84.4,,c12cf93e-d9c1-48ed-99ef-c0de9fb234cf,1,60
2026-09-24T07:14:25.115,POST,/desembolsos,201,179.0,84.9,,c1102eb7-3b38-477d-90b3-3d3748463b21,1,60
2026-09-24T07:14:25.241,POST,/desembolsos,201,173.3,84.3,,9ed5283d-68e4-478b-b09e-90bba30e9cc9,1,60
2026-09-24T07:14:25.324,POST,/desembolsos,201,181.7,82.2,,4e2fa4bf-7804-4767-a720-8109bd9d57d9,1,60
2026-09-24T07:14:25.441,POST,/desembolsos,201,173.5,83.4,,876a8473-00d3-4c92-a1ad-f5624e7f6e29,1,60
2026-09-24T07:14:25.506,POST,/desembolsos,201,187.2,97.6,,3bc947da-7b60-4703-babd-556bbe587340,1,60
2026-09-24T07:14:25.637,POST,/desembolsos,201,173.1,83.5,,435b1e43-f6e2-4408-8544-36b8312a2310,1,60
2026-09-24T07:14:25.750,POST,/desembolsos,201,178.0,89.5,,e002ea8a-cfbb-49fd-b79e-c727f5b9473e,1,60
2026-09-24T07:14:25.805,POST,/desembolsos,201,174.3,84.6,,08839442-4132-44af-91bf-eac52c881e9a,1,60
2026-09-24T07:14:25.928,POST,/desembolsos,201,180.5,85.9,,3a681c40-342a-4941-b571-c645cae027d8,1,60
2026-09-24T07:14:26.034,POST,/desembolsos,201,190.7,87.5,,e214519e-1e15-483b-8150-7ee49c046ec6,1,60
2026-09-24T07:14:26.114,POST,/desembolsos,201,189.1,97.0,,668651b2-ba83-40bf-8ac1-a4ac309fa735,1,60
2026-09-24T07:14:26.224,POST,/desembolsos,201,175.4,85.4,,16005d33-0b1d-4891-a7cd-448ebc3f4078,1,60
2026-09-24T07:14:26.306,POST,/desembolsos,201,176.5,84.5,,0d06e33f-76e7-441e-99cc-9ed0bc5723cc,1,60
2026-09-24T07:14:26.438,POST,/desembolsos,201,185.0,96.1,,252ea72d-28c4-4024-8f93-9fc045b5b240,1,60
2026-09-24T07:14:26.529,POST,/desembolsos,201,171.1,82.9,,22b37213-e5b1-4a79-b00b-e4701b903860,1,60
2026-09-24T07:14:26.620,POST,/desembolsos,201,170.9,81.8,,8721362c-0846-464c-b6bb-ea4f83f1715b,1,60
2026-09-24T07:14:26.751,POST,/desembolsos,201,176.2,85.7,,fe6364cf-f556-494e-b0e4-5fd1521c5bb3,1,60
2026-09-24T07:14:26.833,POST,/desembolsos,201,185.3,88.2,,c3820525-7322-4020-8690-23e20f6b6fdd,1,60
2026-09-24T07:14:26.915,POST,/desembolsos,201,203.4,91.6,,7aeb55e3-21cd-406a-924f-14baba3682df,1,60
2026-09-24T07:14:27.043,POST,/desembolsos,201,174.2,83.2,,a277ab7e-f5a7-44a3-a9c5-f77a6c937d18,1,60
2026-09-24T07:14:27.124,POST,/desembolsos,201,182.3,86.3,,7772f21b-0e81-406c-8d79-69676e9cc88c,1,60
2026-09-24T07:14:27.239,POST,/desembolsos,201,181.3,86.0,,8be8317c-2ed3-4cd4-9f0e-e26ae9769c2c,1,60
2026-09-24T07:14:27.318,POST,/desembolsos,201,189.9,95.8,,c2c6a636-f512-483b-9c0f-7061a888bdde,1,60
2026-09-24T07:14:27.415,POST,/desembolsos,201,182.5,94.3,,100ac6e0-0c91-40ef-b973-ed2ab600e10f,1,60
2026-09-24T07:14:27.545,POST,/desembolsos,201,173.2,83.3,,ac0d8cb8-ce81-4813-ba3e-927a960b3b2c,1,60
2026-09-24T07:14:27.628,POST,/desembolsos,201,198.9,84.8,,f16310b8-a11e-4acc-a5e0-4d946e42eb96,1,60
2026-09-24T07:14:27.743,POST,/desembolsos,201,185.6,84.5,,58c63a7d-a5a0-4d31-adc5-3cefc0286b50,1,60
2026-09-24T07:14:27.818,POST,/desembolsos,201,187.8,97.9,,db72a8b8-8d34-4e03-8543-35ede68ba331,1,60
2026-09-24T07:14:27.916,POST,/desembolsos,201,178.0,87.1,,fcef500c-76c9-4fe8-ab2c-c29a67a4b103,1,60
2026-09-24T07:14:28.031,POST,/desembolsos,201,177.2,87.7,,1d9ede1a-83d9-4f9d-b106-70ae38348009,1,60
2026-09-24T07:14:28.117,POST,/desembolsos,201,181.3,85.3,,71bb0288-927a-4d6f-a2f3-ff9da06b71f0,1,60
2026-09-24T07:14:28.234,POST,/desembolsos,201,179.4,86.5,,8b218196-a2f2-4951-b04f-792202aae35b,1,60
2026-09-24T07:14:28.320,POST,/desembolsos,201,177.6,86.6,,91d0b222-ff3b-4bbb-a738-1e80ccb2b91e,1,60
2026-09-24T07:14:28.448,POST,/desembolsos,201,220.3,101.3,,a8d53475-8694-4dd0-9c5f-e30bee4576a9,1,60
2026-09-24T07:14:28.545,POST,/desembolsos,201,194.5,95.5,,bc8f0b5d-7bca-4939-8929-c073c39c0f6a,1,60
2026-09-24T07:14:28.629,POST,/desembolsos,201,195.5,89.2,,802417ea-65ea-4b7e-b3c4-f2d3284cbda2,1,60
2026-09-24T07:14:28.724,POST,/desembolsos,201,187.3,97.3,,35721b0a-ed70-45eb-a48e-b9c47a408002,1,60
2026-09-24T07:14:28.826,POST,/desembolsos,201,210.4,86.3,,b96f9569-e59d-4753-a39a-eea86945df47,1,60
2026-09-24T07:14:28.942,POST,/desembolsos,201,181.1,85.5,,6939e7a7-3ecd-4cd3-97a1-d8ef2d2a1834,1,60
2026-09-24T07:14:29.025,POST,/desembolsos,201,185.5,98.0,,5a260ea6-0766-4500-b73f-b288c02a5bd0,1,60
2026-09-24T07:14:29.140,POST,/desembolsos,201,178.8,86.5,,58136012-2d05-4061-9395-ba19f137d274,1,60
2026-09-24T07:14:29.337,POST,/desembolsos,201,170.6,83.4,,0b9bcb99-cc20-4770-8558-3ceb522a9b07,1,60
2026-09-24T07:14:29.417,POST,/desembolsos,201,171.0,82.1,,10e35ef2-791c-4ae1-8ba8-9883b3770f59,1,60
2026-09-24T07:14:29.546,POST,/desembolsos,201,181.2,87.5,,ec01745f-20d8-4ddb-bcfa-d0d9f11c8da1,1,60
2026-09-24T07:14:29.629,POST,/desembolsos,201,183.9,95.1,,828613aa-9127-48eb-b64a-5215d5b43e08,1,60
2026-09-24T07:14:29.728,POST,/desembolsos,201,175.5,84.0,,8ef93ca2-3dc0-4c28-adde-ab57004f6755,1,60
2026-09-24T07:14:29.841,POST,/desembolsos,201,178.8,86.2,,0fda9d84-7c60-4dfd-b509-8d5d98e7bb69,1,60
2026-09-24T07:14:29.950,POST,/desembolsos,201,180.4,84.5,,ed92b363-8c7e-49a7-ac19-f6ceb2258002,1,60
2026-09-24T07:14:30.035,POST,/desembolsos,201,180.3,89.3,,70b3f678-812b-4e8c-be6f-6165bde609e9,1,60
2026-09-24T07:14:30.127,POST,/desembolsos,201,203.4,84.5,,c9412a62-f55a-421c-b29d-b6b6efe4df74,1,60
2026-09-24T07:14:30.241,POST,/desembolsos,201,181.5,93.7,,05359c4a-bdae-4c6f-8993-e2d9be0b3baf,1,60
2026-09-24T07:14:29.255,POST,/desembolsos,201,1170.1,1084.6,,e30c32ae-c479-47ba-b590-5c15c8453f98,1,60
2026-09-24T07:14:30.322,POST,/desembolsos,201,175.8,87.8,,1ffb4a8a-bc73-4a9b-8970-a6d6a314cc5b,1,60
2026-09-24T07:14:30.422,POST,/desembolsos,201,172.6,84.2,,a83f64de-7335-48e7-ac67-e45c2bc160e5,1,60
2026-09-24T07:14:30.534,POST,/desembolsos,201,180.2,88.6,,0ca9eda2-8ab7-4bf8-bd75-45482061b1c0,1,60
2026-09-24T07:14:30.647,POST,/desembolsos,201,171.4,83.9,,ee9e301e-a1e0-469c-a409-253cfa45e5cb,1,60
2026-09-24T07:14:30.729,POST,/desembolsos,201,171.5,82.6,,2df26696-3578-4bd8-9a61-4bde209ff2e3,1,60
2026-09-24T07:14:30.844,POST,/desembolsos,201,189.8,84.5,,f17c2caa-9c53-469b-b4d9-6cc4cb41af92,1,60
2026-09-24T07:14:30.958,POST,/desembolsos,201,176.5,87.7,,9d4079ba-fd3e-4989-80fd-71a123060f29,1,60
2026-09-24T07:14:31.030,POST,/desembolsos,201,177.2,84.3,,905473cd-c342-4d1d-a9f0-1174d936b3cc,1,60
2026-09-24T07:14:31.126,POST,/desembolsos,201,173.8,84.7,,25b22d22-d99b-4b59-94cf-caea4b021fd1,1,60
2026-09-24T07:14:31.213,POST,/desembolsos,201,176.4,83.3,,f05a3d04-a988-4a64-908f-6b55e53d1adf,1,60
2026-09-24T07:14:31.339,POST,/desembolsos,201,173.5,84.2,,13fc72b0-03f7-4a3f-8ac4-7660f5241e5a,1,60
2026-09-24T07:14:31.421,POST,/desembolsos,201,174.4,86.5,,d0b17f64-b8d6-48c9-ab2e-e10cf66838fc,1,60
2026-09-24T07:14:31.534,POST,/desembolsos,201,180.5,85.2,,e9a93607-1c94-4aa2-8020-4e36cda61a7e,1,60
2026-09-24T07:14:31.616,POST,/desembolsos,201,189.3,95.7,,5039975d-3d08-436e-a29e-6f84fbf077a6,1,60
2026-09-24T07:14:31.748,POST,/desembolsos,201,174.6,85.5,,866fabf7-53ac-4f53-af8a-3ed764699679,1,60
2026-09-24T07:14:31.829,POST,/desembolsos,201,171.8,86.2,,93b08f5f-e41a-4df4-a626-d62d48a7b41a,1,60
2026-09-24T07:14:31.916,POST,/desembolsos,201,172.2,82.6,,8e1a10d8-afe6-4c72-8f4d-e66c9b190841,1,60
2026-09-24T07:14:32.025,POST,/desembolsos,201,175.7,84.1,,cdedcb93-a5a0-4f84-93c4-c19bb238f000,1,60
2026-09-24T07:14:32.141,POST,/desembolsos,201,186.0,84.8,,f6ba1935-03b8-4c3f-a585-993a8779a1b9,1,60
2026-09-24T07:14:32.223,POST,/desembolsos,201,191.7,84.3,,bd4c67b5-21ca-41ba-92c3-6f79262c2f4e,1,60
2026-09-24T07:14:32.305,POST,/desembolsos,201,201.8,107.8,,1ff42e79-a595-4b1b-8c9a-ddc8940b6b8c,1,60
2026-09-24T07:14:32.438,POST,/desembolsos,201,174.5,84.6,,5b230241-4b56-4a00-84e2-ddf5a12a09a3,1,60
2026-09-24T07:14:32.536,POST,/desembolsos,201,178.2,90.6,,963e6c42-c1ae-4813-b9a7-432fa326fecc,1,60
2026-09-24T07:14:32.714,POST,/desembolsos,201,181.5,83.3,,5f5ae87b-f3da-4167-b65e-414e4c0ed8e1,1,60
2026-09-24T07:14:32.847,POST,/desembolsos,201,174.6,88.2,,b750eeab-fdec-4d0c-b600-dca4ae09c390,1,60
2026-09-24T07:14:32.929,POST,/desembolsos,201,178.0,87.4,,2105b886-4899-4bb8-9615-55c8b0172882,1,60
2026-09-24T07:14:33.030,POST,/desembolsos,201,184.9,91.5,,9fe0b2bf-9f5b-4c88-9582-5f46567bd670,1,60
2026-09-24T07:14:33.119,POST,/desembolsos,201,171.1,83.5,,4ebe5abe-d859-48bb-baa8-0c193e46b97c,1,60
2026-09-24T07:14:33.250,POST,/desembolsos,201,212.7,84.4,,3b77e852-932c-438b-aa2e-88b577a4657f,1,60
2026-09-24T07:14:33.333,POST,/desembolsos,201,213.7,123.7,,eaef52f7-61a9-48eb-a777-067371c240a4,1,60
2026-09-24T07:14:33.431,POST,/desembolsos,201,179.9,91.2,,1f88ab49-8046-4d97-8501-49f84b5cc545,1,60
2026-09-24T07:14:33.547,POST,/desembolsos,201,176.5,86.7,,bc8f2e55-37f9-4e74-b935-bd8cdba630a5,1,60
2026-09-24T07:14:32.599,POST,/desembolsos,201,1189.5,1101.9,,9b240990-fa2b-41d9-b2dd-f34dc2b5af19,1,60
2026-09-24T07:14:33.625,POST,/desembolsos,201,168.9,82.4,,01e2ed0f-f6bc-466c-953a-f440ce829ef8,1,60
2026-09-24T07:14:33.713,POST,/desembolsos,201,171.5,84.8,,77b85d9a-c3fc-4c31-ab6a-ade4f6bcb35e,1,60
2026-09-24T07:14:33.840,POST,/desembolsos,201,238.1,83.7,,245a7bf8-9a44-4723-8ae0-52e52e38cdd1,1,60
2026-09-24T07:14:33.956,POST,/desembolsos,201,221.8,117.3,,e2cfef66-281d-4f6e-b5b5-fe1b1dda4ea0,1,60
2026-09-24T07:14:34.022,POST,/desembolsos,201,174.4,84.0,,f87caec5-90b8-4024-876c-3feb3f24dbcd,1,60
2026-09-24T07:14:34.133,POST,/desembolsos,201,180.6,90.4,,60eb4043-10fe-412c-ba61-7633b531d06f,1,60
2026-09-24T07:14:34.224,POST,/desembolsos,201,198.2,82.7,,a01b039c-0db7-441f-a73f-dd1193c2f876,1,60
2026-09-24T07:14:34.353,POST,/desembolsos,201,182.1,93.1,,df5a61ef-d16a-4ec1-98fc-8eb068e4fb32,1,60
2026-09-24T07:14:34.417,POST,/desembolsos,201,171.5,84.3,,5bcf4389-8c82-47cb-8143-af4704918f4d,1,60
2026-09-24T07:14:34.533,POST,/desembolsos,201,178.9,85.3,,0cb27218-ab11-4965-ac34-42c9f3e31ace,1,60
2026-09-24T07:14:34.649,POST,/desembolsos,201,177.7,84.6,,8d4ecfe7-d6a7-4e3e-a9cc-a4f001b103bb,1,60
2026-09-24T07:14:34.713,POST,/desembolsos,201,170.8,81.9,,13fd0d1d-1b09-43a2-adcc-eef39cd77918,1,60
2026-09-24T07:14:34.825,POST,/desembolsos,201,182.4,83.5,,94c29243-9885-4eb4-a90c-976bd5f80092,1,60
2026-09-24T07:14:34.907,POST,/desembolsos,201,208.6,86.7,,c6613fde-a197-4f35-9c5c-67cfaeacf82d,1,60
2026-09-24T07:14:35.007,POST,/desembolsos,201,197.2,109.3,,f7a18684-4624-4567-a520-dbc292ca08f5,1,60
2026-09-24T07:14:35.142,POST,/desembolsos,201,179.1,89.0,,cd51c18b-cdae-492b-afc7-ebd4aa41fb29,1,60
2026-09-24T07:14:35.218,POST,/desembolsos,201,173.4,85.0,,50a4177c-bfe3-4576-ad35-05180eed3f5a,1,60
2026-09-24T07:14:35.319,POST,/desembolsos,201,179.7,89.5,,4da5f766-aab5-415f-9891-fd6e186a13e9,1,60
2026-09-24T07:14:35.450,POST,/desembolsos,201,172.3,84.3,,5ba4fdbd-5013-4d1f-9c15-a7388cc777ba,1,60
2026-09-24T07:14:35.533,POST,/desembolsos,201,202.4,85.1,,2be2dbc8-402d-42ca-9fb7-e453b1d8fe48,1,60
2026-09-24T07:14:35.617,POST,/desembolsos,201,208.3,82.8,,ccacfc9f-597a-47d2-a838-91b48f7e1253,1,60
2026-09-24T07:14:35.727,POST,/desembolsos,201,190.1,99.3,,dfa4919c-cc67-49b8-a905-5fb14b852cc5,1,60
2026-09-24T07:14:35.826,POST,/desembolsos,201,177.7,85.7,,39e6525a-1783-46dd-ad3f-8f9b37e6ed9a,1,60
2026-09-24T07:14:35.924,POST,/desembolsos,201,174.7,87.3,,ba6d7fc8-1931-4d49-b665-374d70af89d5,1,60
2026-09-24T07:14:36.005,POST,/desembolsos,201,171.8,84.1,,051d2c95-98e9-4bb3-8e5c-634fa8ffb8c3,1,60
2026-09-24T07:14:36.132,POST,/desembolsos,201,179.0,86.5,,c230022a-4c11-4f9f-a0a4-aa99e43a242c,1,60
2026-09-24T07:14:36.212,POST,/desembolsos,201,181.6,89.6,,8aca50e1-3fa0-495f-a5af-aa361d285cb1,1,60
2026-09-24T07:14:36.338,POST,/desembolsos,201,201.7,110.4,,fb190c2b-a9a5-46ef-9a16-97becd04d65d,1,60
2026-09-24T07:14:36.417,POST,/desembolsos,201,173.0,83.5,,68479cf3-7806-46e6-8ae7-9bfe36e81bc4,1,60
2026-09-24T07:14:36.533,POST,/desembolsos,201,183.3,90.4,,d0cb3268-27b4-4b44-bb94-7048aad2626a,1,60
2026-09-24T07:14:36.615,POST,/desembolsos,201,175.3,84.8,,6aa95291-148c-4c47-a28c-a3af762eb336,1,60
2026-09-24T07:14:36.714,POST,/desembolsos,201,178.3,90.7,,2e29c53c-491c-4b9b-a50a-794824d74679,1,60
2026-09-24T07:14:36.843,POST,/desembolsos,201,186.7,89.4,,c1edecb8-40e5-49ba-9b04-d42d3181c755,1,60
2026-09-24T07:14:36.925,POST,/desembolsos,201,182.6,86.2,,50de06c5-12d3-4f71-97a5-6851d9a607fe,1,60
2026-09-24T07:14:37.008,POST,/desembolsos,201,179.3,89.5,,fd133ddf-36d8-4b6d-bc3e-c8e9ec72dcf1,1,60
2026-09-24T07:14:37.143,POST,/desembolsos,201,200.6,109.1,,84de443e-1919-44c8-85e7-a3c9fce7eea7,1,60
2026-09-24T07:14:37.224,POST,/desembolsos,201,173.0,84.5,,78d06877-8600-4c3e-a9ae-dd43b61ec8cc,1,60
2026-09-24T07:14:37.308,POST,/desembolsos,201,176.0,88.0,,00d1be2c-4c6c-4fdc-bc79-d7ce84f70dfc,1,60
2026-09-24T07:14:37.433,POST,/desembolsos,201,199.8,85.9,,dd745683-c457-49e7-92e8-799f22e92aaa,1,60
2026-09-24T07:14:37.549,POST,/desembolsos,201,176.6,83.6,,31935231-40c0-48dc-803f-c167bbab212f,1,60
2026-09-24T07:14:37.632,POST,/desembolsos,201,184.4,92.5,,154b3145-a39b-4567-8a93-c1275c50b91e,1,60
2026-09-24T07:14:37.713,POST,/desembolsos,201,172.4,83.9,,1602b489-d30e-4878-9395-0a0fd6ec06b7,1,60
2026-09-24T07:14:37.843,POST,/desembolsos,201,178.3,88.4,,791063ce-1902-47dc-af09-c283300aeee4,1,60
2026-09-24T07:14:37.896,POST,/desembolsos,201,185.0,88.0,,64276914-e12e-4679-8de2-4629d735006f,1,60
2026-09-24T07:14:38.040,POST,/desembolsos,201,183.0,92.3,,ad1b0276-c9e0-48ee-bc4d-3c555b0eb1a3,1,60
2026-09-24T07:14:38.118,POST,/desembolsos,201,183.5,90.7,,4eb4c1ce-1e6b-4317-9c0e-10a36b9000ae,1,60
2026-09-24T07:14:38.216,POST,/desembolsos,201,172.1,83.9,,7e5cc9bd-af2a-49b1-8ec5-2fb3d2b01130,1,60
2026-09-24T07:14:38.314,POST,/desembolsos,201,189.6,85.1,,17cb6ce1-7452-4d65-820a-da57b7ee6157,1,60
2026-09-24T07:14:38.442,POST,/desembolsos,201,182.2,90.6,,fdc7eaca-6b5b-4a94-b7cd-a448d49bd95d,1,60
2026-09-24T07:14:38.524,POST,/desembolsos,201,177.1,85.1,,66e9955f-5fe1-4cff-8d49-9eda1eb5578e,1,60
2026-09-24T07:14:38.624,POST,/desembolsos,201,173.1,85.2,,21461747-5a7f-40b6-afd0-e68caa94a3ea,1,60
2026-09-24T07:14:38.709,POST,/desembolsos,201,186.7,88.5,,d2071ebe-c5d6-452f-8edc-33c313ee5304,1,60
