timestamp_iso,metodo,endpoint,status_code,latency_ms,connect_ms,error,siniestro_id,intento,hilos_activos
2026-09-24T05:13:58.630,POST,/desembolsos,201,383.8,259.8,,19a964ac-895a-4058-9b35-94e15bab9f5d,1,1
2026-09-24T05:13:58.736,POST,/desembolsos,201,287.5,159.5,,1301144f-ff62-4b78-80b3-c48fd00a1712,1,2
2026-09-24T05:13:58.843,POST,/desembolsos,201,286.6,159.3,,20163ec3-e636-4627-a397-d6003480822a,1,3
2026-09-24T05:13:58.941,POST,/desembolsos,201,244.5,119.1,,e9f184d8-84d0-412c-b336-02c179169694,1,4
2026-09-24T05:13:59.055,POST,/desembolsos,201,235.5,116.7,,873d14ee-ba66-49e6-a098-56d0497d97e1,1,5
2026-09-24T05:13:59.134,POST,/desembolsos,201,229.5,109.9,,d422fb55-f254-4797-a218-c301fa9c7b61,1,7
2026-09-24T05:13:59.227,POST,/desembolsos,201,245.4,117.5,,ea1fb6db-6bad-4021-8905-08c97c58fab6,1,8
2026-09-24T05:13:59.343,POST,/desembolsos,201,242.3,115.4,,346d15d4-8f1c-4a3f-90d8-af70c0214300,1,9
2026-09-24T05:13:59.444,POST,/desembolsos,201,233.6,113.5,,31675d68-38d2-4590-a86d-d3802371798f,1,10
2026-09-24T05:13:59.544,POST,/desembolsos,201,249.3,118.5,,54b3d5c0-29a0-4ae8-9541-4e69e60ceb7c,1,11
2026-09-24T05:13:59.635,POST,/desembolsos,201,264.6,114.8,,19ef6997-1854-416b-a088-701471543b59,1,12
2026-09-24T05:13:59.727,POST,/desembolsos,201,265.4,116.7,,15b270a7-fbf4-4e99-b56f-b8b07215ffa4,1,14
2026-09-24T05:13:59.832,POST,/desembolsos,201,267.5,149.6,,c975c1ae-23a3-4b44-994c-9208e9f8c6bd,1,15
2026-09-24T05:13:59.946,POST,/desembolsos,201,288.3,156.0,,6c7ea1f9-7e28-4225-b8bf-f5ed54c97e87,1,16
2026-09-24T05:14:00.041,POST,/desembolsos,201,230.6,110.5,,5c060579-9dba-4573-bac8-cdd4a2b59cae,1,17
2026-09-24T05:14:00.134,POST,/desembolsos,201,240.0,117.8,,168fd69d-2ece-4ed8-bfa5-4abf3f41a41c,1,18
2026-09-24T05:14:00.227,POST,/desembolsos,201,242.4,113.8,,1184ca42-2cda-4a6d-9528-5f34fabec84f,1,20
2026-09-24T05:14:00.318,POST,/desembolsos,201,238.0,110.8,,f081cab1-ced8-4376-a69a-91935e736817,1,21
2026-09-24T05:14:00.427,POST,/desembolsos,201,259.0,117.0,,b3280256-7267-4529-88c5-fd2d79ea1138,1,22
2026-09-24T05:14:00.543,POST,/desembolsos,201,250.9,132.8,,6f23467f-e782-4c8e-8127-336454634f27,1,23
2026-09-24T05:14:00.635,POST,/desembolsos,201,245.1,112.2,,326d64ee-20de-4950-8bed-bcb28ee646c2,1,25
2026-09-24T05:14:00.725,POST,/desembolsos,201,235.1,113.5,,b7f5b7e6-30a4-4d01-8501-150a8b419742,1,26
2026-09-24T05:14:00.839,POST,/desembolsos,201,237.3,112.8,,9b81b588-4fec-4176-9eb7-35b347ba5f06,1,27
2026-09-24T05:14:00.936,POST,/desembolsos,201,234.5,115.0,,d82534bd-dcdb-46c5-814c-13bef44c8261,1,28
2026-09-24T05:14:01.051,POST,/desembolsos,201,240.0,113.1,,5f7adc89-b57c-42d0-b9f2-0a7581e8668e,1,29
2026-09-24T05:14:01.132,POST,/desembolsos,201,233.0,112.2,,82b36c73-0721-443f-971b-0d4c48045e2e,1,31
2026-09-24T05:14:01.226,POST,/desembolsos,201,224.4,109.5,,1d734e32-124c-43ef-ad5d-05011228e744,1,32
2026-09-24T05:14:01.335,POST,/desembolsos,201,237.9,115.5,,ff29991b-96f8-4853-9b21-43b413a825e0,1,33
2026-09-24T05:14:01.443,POST,/desembolsos,201,243.0,115.2,,a0eedd6c-ddfd-4f89-b8bd-656c95e0c2e2,1,34
2026-09-24T05:14:01.543,POST,/desembolsos,201,235.5,110.0,,ace1dd8e-84bf-4394-9a1d-4bb209d08bca,1,35
2026-09-24T05:14:01.634,POST,/desembolsos,201,238.4,114.6,,7ea19493-421e-45b2-b06f-0847ca2c3d9f,1,36
2026-09-24T05:14:01.736,POST,/desembolsos,201,234.9,114.1,,7babe9dd-4d91-4b5c-a9cb-f58da8285b13,1,38
2026-09-24T05:14:01.840,POST,/desembolsos,201,228.8,111.8,,f7b91c63-2fbd-4f2b-a013-1cc608a337d8,1,39
2026-09-24T05:14:01.938,POST,/desembolsos,201,232.4,112.9,,91c94e4e-687b-44a5-aaec-ae6a0afa650e,1,40
2026-09-24T05:14:02.037,POST,/desembolsos,201,231.4,114.0,,df949ad5-8b30-45ba-b7fc-b0964cf59508,1,41
2026-09-24T05:14:02.135,POST,/desembolsos,201,230.5,109.7,,43b3b819-16ee-4d17-a9c3-c2210a531fbb,1,43
2026-09-24T05:14:02.227,POST,/desembolsos,201,235.7,113.6,,802cba0b-e615-45aa-b95e-e47593c30ebd,1,44
2026-09-24T05:14:02.335,POST,/desembolsos,201,234.1,112.5,,e7430cca-de70-4471-a0be-47f1925d8443,1,45
2026-09-24T05:14:02.443,POST,/desembolsos,201,228.2,110.3,,90723c90-531f-43a2-8e3e-bea2465378f0,1,46
2026-09-24T05:14:02.535,POST,/desembolsos,201,235.8,113.0,,72d52888-c0cc-4ed7-a4c0-5b47ff3dc2dd,1,47
2026-09-24T05:14:02.635,POST,/desembolsos,201,238.4,116.4,,6a0de676-49a2-4ca1-8b8f-930f5e3a0166,1,48
2026-09-24T05:14:02.728,POST,/desembolsos,201,239.8,115.5,,5bee50bb-595d-4699-8fb2-a7cf0fb4d17f,1,50
2026-09-24T05:14:02.842,POST,/desembolsos,201,239.1,114.8,,90d99536-58b9-45b7-94bc-bc10e988a82b,1,51
2026-09-24T05:14:02.942,POST,/desembolsos,201,246.8,128.1,,323a2cd2-5fc2-42d2-8126-81a3f4eced20,1,52
2026-09-24T05:14:03.041,POST,/desembolsos,201,250.0,133.9,,d394eb96-6d61-4d11-8c4f-465e7efd62ba,1,53
2026-09-24T05:14:03.140,POST,/desembolsos,201,268.7,150.2,,7d2e1502-018d-45eb-821f-318af83d2984,1,54
2026-09-24T05:14:03.226,POST,/desembolsos,201,249.9,132.2,,3560bddb-07b9-4abb-9c45-a979c80a8726,1,56
2026-09-24T05:14:03.342,POST,/desembolsos,201,241.1,121.4,,4cfac9b8-8354-4bcb-a94b-a1dd7a986202,1,57
2026-09-24T05:14:03.454,POST,/desembolsos,201,238.8,113.8,,dd230e29-6548-4d00-bf59-ad8231ba360b,1,58
2026-09-24T05:14:03.534,POST,/desembolsos,201,242.8,119.5,,261b2ff7-ea9c-4421-833a-f41df2d249fb,1,59
2026-09-24T05:14:03.631,POST,/desembolsos,201,277.2,126.6,,a5c60cbe-3f98-4737-86b2-40556fe685c3,1,60
2026-09-24T05:14:03.733,POST,/desembolsos,201,234.3,113.4,,d0f862bd-088c-452d-8e45-efefa974526d,1,60
2026-09-24T05:14:03.843,POST,/desembolsos,201,244.8,119.4,,de55e508-a02a-459b-9314-70a8b6750dd7,1,60
2026-09-24T05:14:03.950,POST,/desembolsos,201,233.6,110.2,,86178f79-b780-42c5-910d-0535c39ba2d7,1,60
2026-09-24T05:14:04.049,POST,/desembolsos,201,233.6,113.9,,1d25bc9b-588f-43f5-9fa2-ee9f2b974fe8,1,60
2026-09-24T05:14:04.162,POST,/desembolsos,201,261.8,113.1,,fba0c147-adf1-48f5-9dcf-4c11338abb9c,1,60
2026-09-24T05:14:04.235,POST,/desembolsos,201,238.7,117.1,,9388998e-6c65-44e8-b91c-89ce3a07b257,1,60
2026-09-24T05:14:04.343,POST,/desembolsos,201,234.6,113.1,,d2cd426f-3684-4529-962a-2d2dfc5bc40f,1,60
2026-09-24T05:14:04.452,POST,/desembolsos,201,240.4,112.9,,c45d1183-9656-4aac-a245-0b7ce42d9a8a,1,60
2026-09-24T05:14:04.552,POST,/desembolsos,201,236.1,114.1,,ff1806c3-759d-4020-bda8-aba70ec62d59,1,60
2026-09-24T05:14:04.643,POST,/desembolsos,201,273.2,126.4,,009840c3-4690-4632-b165-76fddb3eca33,1,60
2026-09-24T05:14:04.745,POST,/desembolsos,201,295.7,115.3,,249c1065-12be-4bf2-8485-8a60e1d57dae,1,60
2026-09-24T05:14:04.850,POST,/desembolsos,201,306.6,178.1,,cf3d0721-7784-4312-a0f2-d028f73a663b,1,60
2026-09-24T05:14:04.959,POST,/desembolsos,201,260.0,133.9,,82f07956-a8aa-4603-8bad-955566a9259a,1,60
2026-09-24T05:14:05.027,POST,/desembolsos,201,258.9,122.0,,a15dec17-4e54-424d-b67a-ed4f0f5f32bc,1,60
2026-09-24T05:14:05.141,POST,/desembolsos,201,252.0,124.1,,c054d44f-84f2-4fb9-be98-ca5794bb6588,1,60
2026-09-24T05:14:05.243,POST,/desembolsos,201,272.4,116.5,,7f836958-34a6-4a4e-84be-a12361e93330,1,60
2026-09-24T05:14:05.352,POST,/desembolsos,201,270.5,137.9,,a6c7e957-c5ed-4123-8e6b-171066cb378b,1,60
2026-09-24T05:14:05.452,POST,/desembolsos,201,296.4,163.6,,9cbfa88a-4b40-4724-bbfe-462aa71b0900,1,60
2026-09-24T05:14:05.544,POST,/desembolsos,201,239.1,112.1,,956e18d4-0a1d-457c-9e24-45fb2e34a849,1,60
2026-09-24T05:14:05.619,POST,/desembolsos,201,276.7,147.5,,382bd4a6-991c-4fdb-8afa-48187591ef0d,1,60
2026-09-24T05:14:05.742,POST,/desembolsos,201,239.9,111.0,,b0312981-761c-42df-8071-4dba849390ae,1,60
2026-09-24T05:14:05.842,POST,/desembolsos,201,278.3,140.8,,e4c345ee-62e3-43fb-b4e6-751a6b3138f2,1,60
2026-09-24T05:14:05.958,POST,/desembolsos,201,273.4,113.2,,bdbb76c0-b344-49e7-b078-a17431920231,1,60
2026-09-24T05:14:06.035,POST,/desembolsos,201,264.9,116.0,,bea2f6a7-c454-4e92-a8f1-4866700c6980,1,60
2026-09-24T05:14:06.150,POST,/desembolsos,201,302.6,156.8,,a8b6e9db-cfc8-483e-84db-b46ee252f237,1,60
2026-09-24T05:14:06.228,POST,/desembolsos,201,234.0,115.5,,628b35fd-1cfd-46f2-a307-9466f4032a7e,1,60
2026-09-24T05:14:06.343,POST,/desembolsos,201,240.7,111.2,,15659372-4d33-4d25-9e69-01d2087e8cbb,1,60
2026-09-24T05:14:06.443,POST,/desembolsos,201,257.1,115.8,,4ad98fa1-c271-475a-83e3-7dfb7de6b5ef,1,60
2026-09-24T05:14:06.535,POST,/desembolsos,201,303.9,148.9,,e4a551d8-e04d-40c1-9ddb-beea10c652ee,1,60
2026-09-24T05:14:06.635,POST,/desembolsos,201,295.8,121.2,,be9b3876-0a39-4314-97fa-f3afecf47416,1,60
2026-09-24T05:14:06.736,POST,/desembolsos,201,248.9,117.9,,041114b5-a63d-45ea-adca-143dd572f14e,1,60
2026-09-24T05:14:06.835,POST,/desembolsos,201,254.1,114.7,,c6e84091-a7fd-4e7e-b110-cd92ccf8a9ce,1,60
2026-09-24T05:14:06.931,POST,/desembolsos,201,246.5,122.1,,432a4d90-4918-4778-8531-abffdcf1d32f,1,60
2026-09-24T05:14:07.052,POST,/desembolsos,201,236.8,117.6,,cb8a1f73-e974-447b-8c41-bf4442595972,1,60
2026-09-24T05:14:07.159,POST,/desembolsos,201,238.0,113.2,,5e8cb068-614f-4903-bdfd-13d82c22f23c,1,60
2026-09-24T05:14:07.235,POST,/desembolsos,201,265.9,141.7,,815443b6-5dce-4ad4-a17b-7b045438ab6e,1,60
2026-09-24T05:14:07.344,POST,/desembolsos,201,235.8,115.2,,e4cdacba-4b6c-4793-b73b-a7736b251e73,1,60
2026-09-24T05:14:07.452,POST,/desembolsos,201,235.8,114.7,,6a9a8517-1b55-457e-b8e2-205986a72afb,1,60
2026-09-24T05:14:07.535,POST,/desembolsos,201,230.7,110.0,,48e59b9f-f129-48d5-87d1-6681f4643be6,1,60
2026-09-24T05:14:07.644,POST,/desembolsos,201,238.2,116.3,,6f56aea3-b946-4a02-b8a3-f9118f28a67c,1,60
2026-09-24T05:14:07.730,POST,/desembolsos,201,258.9,131.6,,ba037ec4-0af8-4665-b1bf-64464e269b38,1,60
2026-09-24T05:14:07.850,POST,/desembolsos,201,237.3,116.0,,b50e897f-b9a3-49a3-b31e-b93e1566c270,1,60
2026-09-24T05:14:07.915,POST,/desembolsos,201,260.0,139.9,,075b50ed-0975-4084-9330-ee97356eba58,1,60
2026-09-24T05:14:08.043,POST,/desembolsos,201,270.4,120.8,,c7b0a826-8c5b-4b31-8465-c8b144784c1f,1,60
2026-09-24T05:14:08.150,POST,/desembolsos,201,293.9,174.7,,e62f060a-4d61-4fc1-a031-3ba04cceb83d,1,60
2026-09-24T05:14:08.235,POST,/desembolsos,201,243.2,119.1,,464791fc-9b8f-43b9-8016-309c169b0429,1,60
2026-09-24T05:14:08.319,POST,/desembolsos,201,252.4,120.1,,9b238324-8fde-4eb9-afe2-88aa835a299f,1,60
2026-09-24T05:14:08.435,POST,/desembolsos,201,238.6,119.4,,c2a29f2b-83ce-4544-8d57-46f05cfcbc4e,1,60
2026-09-24T05:14:08.544,POST,/desembolsos,201,242.9,117.6,,3b2253dd-615d-4a1a-917f-167334c34c0a,1,60
2026-09-24T05:14:08.644,POST,/desembolsos,201,260.8,123.2,,c2d61fb3-420d-436d-a87f-63c3284dd4f1,1,60
2026-09-24T05:14:08.751,POST,/desembolsos,201,243.6,120.5,,c84107c3-c235-4722-8865-7ca2970ad6c6,1,60
2026-09-24T05:14:08.848,POST,/desembolsos,201,251.5,127.7,,b3fae1a7-4a63-48af-8996-d5daf33a90c3,1,60
2026-09-24T05:14:08.929,POST,/desembolsos,201,236.3,111.7,,1265bd02-a744-481c-8601-b3e166f35ecc,1,60
2026-09-24T05:14:09.027,POST,/desembolsos,201,234.7,113.7,,20809651-7b38-459a-9697-6ab45c165967,1,60
2026-09-24T05:14:09.124,POST,/desembolsos,201,250.2,114.0,,e59fe4ae-5a63-4650-9ac1-d2b16d037ab7,1,60
2026-09-24T05:14:09.235,POST,/desembolsos,201,230.7,110.7,,7a6d1a13-6ee2-4db8-b208-5421d7e1623f,1,60
2026-09-24T05:14:09.344,POST,/desembolsos,201,242.0,113.4,,f81b0e62-69cc-4344-9a20-4a02c70ba8e6,1,60
2026-09-24T05:14:09.452,POST,/desembolsos,201,264.3,135.3,,ed8e31e5-4b1b-422a-8e29-091fdf5de9d6,1,60
2026-09-24T05:14:09.535,POST,/desembolsos,201,238.4,112.9,,61461048-31a5-4baa-be21-4cf338892ea5,1,60
2026-09-24T05:14:09.635,POST,/desembolsos,201,253.7,123.6,,48bdf08b-d141-4dc0-aeb2-b22099adef38,1,60
2026-09-24T05:14:09.737,POST,/desembolsos,201,256.1,121.2,,5f449ace-190e-4af5-ad81-2588534bcdb0,1,60
2026-09-24T05:14:09.825,POST,/desembolsos,201,230.7,111.5,,0857f40a-a600-4374-8a00-e588d6a37f2a,1,60
2026-09-24T05:14:09.929,POST,/desembolsos,201,240.4,113.7,,0847d84a-40e2-4127-a87a-d8df97c3d47c,1,60
2026-09-24T05:14:10.039,POST,/desembolsos,201,245.1,117.4,,ea755bb8-8108-4144-917a-bc434f99502a,1,60
2026-09-24T05:14:10.136,POST,/desembolsos,201,230.9,111.7,,af308d1a-fa55-4567-9132-637616f30863,1,60
2026-09-24T05:14:10.227,POST,/desembolsos,201,232.0,112.3,,32ea8a0a-671e-4469-9635-f98d3a6716c2,1,60
2026-09-24T05:14:10.336,POST,/desembolsos,201,234.0,113.3,,5a335363-d69b-49d0-80ff-e38a01180ead,1,60
2026-09-24T05:14:10.444,POST,/desembolsos,201,250.4,110.3,,419a1477-522b-4339-bbf3-975c0a2101c2,1,60
2026-09-24T05:14:10.536,POST,/desembolsos,201,241.7,113.0,,0da73977-f71c-4ef8-bf3c-63a4adbdbc17,1,60
2026-09-24T05:14:10.627,POST,/desembolsos,201,241.9,116.3,,580e3762-a126-43f1-a235-a3f3e2ac6f8a,1,60
2026-09-24T05:14:10.735,POST,/desembolsos,201,233.8,116.9,,392e962a-7809-4750-9fee-d3dbbf702ee4,1,60
2026-09-24T05:14:10.824,POST,/desembolsos,201,237.1,117.2,,80e6261d-6eda-45b9-87b8-bd8ae71e83fe,1,60
2026-09-24T05:14:10.939,POST,/desembolsos,201,232.4,114.4,,1a6e13f0-fcca-4cf0-b136-ab8a193352f3,1,60
2026-09-24T05:14:11.038,POST,/desembolsos,201,231.1,112.5,,f5264efb-aa70-4501-ac6b-a8eb29c5a65b,1,60
2026-09-24T05:14:11.137,POST,/desembolsos,201,236.3,117.7,,46b94846-50d3-40c1-88b0-8cdbfc04bd63,1,60
2026-09-24T05:14:11.236,POST,/desembolsos,201,257.2,138.3,,ada3c6a6-fbf0-4381-9230-77a4fd18cbbd,1,60
2026-09-24T05:14:11.352,POST,/desembolsos,201,253.3,133.6,,a95ca0a9-15fd-4330-a116-2f75cc7cac33,1,60
2026-09-24T05:14:11.435,POST,/desembolsos,201,239.1,114.2,,c037c097-3efa-45ad-a5e5-98654f5808b8,1,60
2026-09-24T05:14:11.536,POST,/desembolsos,201,241.4,117.1,,99915b6b-3171-4a5b-ae28-607a052c5a14,1,60
2026-09-24T05:14:11.627,POST,/desembolsos,201,250.6,131.2,,c572a5ef-2677-43af-977b-6ab5477051a3,1,60
2026-09-24T05:14:11.744,POST,/desembolsos,201,241.6,117.8,,5418ffec-fb96-4502-9ef8-7f2e668e23cc,1,60
2026-09-24T05:14:11.842,POST,/desembolsos,201,249.8,120.1,,7a8c2d1e-155c-48c6-bf70-03e63f9152b1,1,60
2026-09-24T05:14:11.956,POST,/desembolsos,201,237.0,117.7,,23320ca9-cf41-4550-892b-50e84425c7a0,1,60
2026-09-24T05:14:12.053,POST,/desembolsos,201,249.3,129.3,,6dc67a98-8279-48c9-982a-4f7eeb4bf99b,1,60
2026-09-24T05:14:12.135,POST,/desembolsos,201,249.1,114.6,,d9856b1e-d7b7-47a8-81c8-fb625c3a1985,1,60
2026-09-24T05:14:12.236,POST,/desembolsos,201,233.5,116.3,,2f588d90-65cb-4568-961b-1a9bd1c71ba1,1,60
2026-09-24T05:14:12.326,POST,/desembolsos,201,253.9,134.1,,7569c221-53a1-4551-bedc-09b767e36c54,1,60
2026-09-24T05:14:12.444,POST,/desembolsos,201,255.3,132.9,,89c8369e-9efd-47d9-9a0d-7ec34d89842a,1,60
2026-09-24T05:14:12.544,POST,/desembolsos,201,235.4,111.3,,a42c8896-0b72-48e9-bdda-d71d6cc102d4,1,60
2026-09-24T05:14:12.643,POST,/desembolsos,201,245.7,116.3,,b6adaf1e-d347-4219-a6a5-445d480bc6d5,1,60
2026-09-24T05:14:12.736,POST,/desembolsos,201,247.7,119.3,,c2c1603c-da26-433c-a66f-ca20b30df90e,1,60
2026-09-24T05:14:12.836,POST,/desembolsos,201,239.0,117.6,,8b08a62c-17a4-4359-a3c8-b64f17bd235f,1,60
2026-09-24T05:14:12.944,POST,/desembolsos,201,245.2,122.9,,c1cb9b63-b6ee-4d47-976b-f7fc2eadbb7f,1,60
2026-09-24T05:14:13.041,POST,/desembolsos,201,241.3,118.0,,a41e8d0c-1dc6-4872-bbc0-581a4a632e52,1,60
2026-09-24T05:14:13.140,POST,/desembolsos,201,269.7,128.8,,64a112f8-1547-48ff-8da0-8338c26667e4,1,60
2026-09-24T05:14:13.244,POST,/desembolsos,201,262.5,138.1,,c80dd0e1-541c-4a63-a800-5637787c923f,1,60
2026-09-24T05:14:13.336,POST,/desembolsos,201,256.0,126.2,,0220bf0e-80c9-4a61-b57b-601e25b12839,1,60
2026-09-24T05:14:13.444,POST,/desembolsos,201,276.1,130.3,,0ce3ac0f-3377-42ee-874e-b28b2d9d39f0,1,60
2026-09-24T05:14:13.527,POST,/desembolsos,201,306.3,117.7,,c5adb234-18a6-4a0a-91dc-928128424c80,1,60
2026-09-24T05:14:13.634,POST,/desembolsos,201,255.4,130.3,,964754fd-6742-488d-b8f9-a32e8c1f6ba6,1,60
2026-09-24T05:14:13.720,POST,/desembolsos,201,237.1,120.5,,06634623-1d7b-474c-8baa-211d73e0ef78,1,60
2026-09-24T05:14:13.839,POST,/desembolsos,201,260.8,112.9,,c37e64b2-b453-45d8-9cad-1c0a0178759e,1,60
2026-09-24T05:14:13.943,POST,/desembolsos,201,238.0,113.5,,1daa3e95-2de3-416a-9292-2e825b749124,1,60
2026-09-24T05:14:14.042,POST,/desembolsos,201,233.4,111.7,,6e65dcf3-11d0-4b26-9c13-d8d3d6ca3c65,1,60
2026-09-24T05:14:14.141,POST,/desembolsos,201,257.3,111.2,,689c4e8d-bb6f-47d6-8481-e91b11cd615a,1,60
2026-09-24T05:14:14.242,POST,/desembolsos,201,257.9,121.2,,3c338838-9eef-4346-83ac-b92179c3a29b,1,60
2026-09-24T05:14:14.337,POST,/desembolsos,201,240.5,110.5,,49aaa057-9737-4f8d-b926-9fce50211151,1,60
2026-09-24T05:14:14.434,POST,/desembolsos,201,247.6,117.9,,dae64fb6-e812-452d-af05-66493e0dd8c2,1,60
2026-09-24T05:14:14.650,POST,/desembolsos,201,249.2,113.3,,8d669529-f32e-4ca2-af07-76224b46c337,1,60
2026-09-24T05:14:14.743,POST,/desembolsos,201,257.2,120.8,,2f05fafe-d58f-4328-a947-e3a8f12dcd17,1,60
2026-09-24T05:14:14.833,POST,/desembolsos,201,284.5,133.4,,e0e7e3be-a9dd-4e24-bc1f-2985cb537e68,1,60
2026-09-24T05:14:14.931,POST,/desembolsos,201,258.8,114.6,,118111ae-7b9d-44a2-8bff-303b27351ad5,1,60
2026-09-24T05:14:15.043,POST,/desembolsos,201,275.9,120.6,,cb19c0cd-1e20-4908-9869-dc6699461a8d,1,60
2026-09-24T05:14:15.140,POST,/desembolsos,201,246.5,123.0,,fdfd682a-1cc2-4eb1-8b51-a64e49aa4d9f,1,60
2026-09-24T05:14:14.542,POST,/desembolsos,201,951.4,114.6,,98834d04-1aff-4dd9-a1e6-73e6c01d8227,1,60
2026-09-24T05:14:15.242,POST,/desembolsos,201,251.6,128.2,,fe5ddd04-7a83-4eb4-9a11-938ff9abeb80,1,60
2026-09-24T05:14:15.354,POST,/desembolsos,201,235.0,116.0,,a438a2ca-5a88-4851-b89d-c8cbc621b026,1,60
2026-09-24T05:14:15.450,POST,/desembolsos,201,251.7,124.6,,01455c75-4855-4cee-8f05-ef6f9bad65e8,1,60
2026-09-24T05:14:15.557,POST,/desembolsos,201,258.3,123.2,,1d9601cf-abb2-4edd-a3ec-f22d1acc05f1,1,60
2026-09-24T05:14:15.621,POST,/desembolsos,201,244.5,115.7,,0ac56b30-d55a-404d-b52c-13aca1160497,1,60
2026-09-24T05:14:15.736,POST,/desembolsos,201,239.7,117.3,,30c99e09-622a-464b-a1ec-db8e4af109bf,1,60
2026-09-24T05:14:15.845,POST,/desembolsos,201,230.6,112.1,,9eb9f736-543d-4d9e-82d5-a205bcd5a33d,1,60
2026-09-24T05:14:15.957,POST,/desembolsos,201,232.0,112.3,,1e54b170-b575-4e1d-b67a-f30d0afa7d70,1,60
2026-09-24T05:14:16.051,POST,/desembolsos,201,254.0,113.2,,d155618f-0e96-45ea-b34d-9a02a75b9699,1,60
2026-09-24T05:14:16.147,POST,/desembolsos,201,276.3,122.4,,8950b347-9af7-43d6-b576-7401b354fa2a,1,60
2026-09-24T05:14:16.235,POST,/desembolsos,201,232.2,114.4,,04c92835-181e-473b-b5bd-b2329378b2b1,1,60
2026-09-24T05:14:16.343,POST,/desembolsos,201,236.2,112.6,,f393e7ca-770a-4db3-a47a-2b1771d1de10,1,60
2026-09-24T05:14:16.444,POST,/desembolsos,201,231.2,110.7,,5493cd1e-7256-4c64-83c1-15f866d98039,1,60
2026-09-24T05:14:16.536,POST,/desembolsos,201,241.8,121.8,,cb7503d4-2810-4876-82f2-c20b0e494f8b,1,60
2026-09-24T05:14:16.644,POST,/desembolsos,201,241.8,115.0,,24b22b2f-6686-4b4c-b944-a9b5af0cd4a4,1,60
2026-09-24T05:14:16.726,POST,/desembolsos,201,275.0,146.9,,4fd41611-62c0-427c-8195-c30a9a88f238,1,60
2026-09-24T05:14:16.838,POST,/desembolsos,201,237.9,114.0,,7d838c34-3948-4bc4-9642-dafbc4699020,1,60
2026-09-24T05:14:16.935,POST,/desembolsos,201,247.2,122.1,,37666b0d-9c3f-4240-a408-ce6ee203095c,1,60
2026-09-24T05:14:17.048,POST,/desembolsos,201,238.5,110.9,,4c7bd992-6587-47af-99d6-ff0a25776111,1,60
2026-09-24T05:14:17.142,POST,/desembolsos,201,239.4,115.6,,4e3493ae-3783-4f44-8de7-b25ce50bf50e,1,60
2026-09-24T05:14:17.228,POST,/desembolsos,201,243.1,114.6,,008819bf-b801-4775-9085-dc7f3a56322c,1,60
2026-09-24T05:14:17.336,POST,/desembolsos,201,233.0,114.0,,455aaf32-32dd-4dc6-bd6d-931b59b3a27e,1,60
2026-09-24T05:14:17.444,POST,/desembolsos,201,293.6,120.9,,8536060f-c813-478a-8c3b-dcab76dc2e26,1,60
2026-09-24T05:14:17.544,POST,/desembolsos,201,253.8,124.7,,1f3d4d1b-043d-4b1c-8038-cd02b2157a5c,1,60
2026-09-24T05:14:17.627,POST,/desembolsos,201,299.7,126.1,,99d72bef-0889-451a-98b4-53490211c489,1,60
2026-09-24T05:14:17.727,POST,/desembolsos,201,245.8,120.7,,42b00ebd-0620-40d0-b9ea-3c498647fd25,1,60
2026-09-24T05:14:17.842,POST,/desembolsos,201,246.6,124.7,,c3b1207b-9282-4d64-b083-8ea83b5d8b5d,1,60
2026-09-24T05:14:17.926,POST,/desembolsos,201,231.8,112.8,,82998c1a-45d2-4704-8eea-09ccac650d98,1,60
2026-09-24T05:14:18.038,POST,/desembolsos,201,238.6,114.2,,9da7ec44-ed6b-4329-bc49-fc48d6a1dffb,1,60
2026-09-24T05:14:18.138,POST,/desembolsos,201,251.8,131.6,,b3f4e251-0290-4b74-af90-e8e7081a05c9,1,60
2026-09-24T05:14:18.235,POST,/desembolsos,201,230.9,110.0,,89c907c0-4b17-4193-976f-b01bcea4310a,1,60
2026-09-24T05:14:18.336,POST,/desembolsos,201,239.5,112.5,,8bcbe294-4305-4ed0-9a6c-f4d078843036,1,60
2026-09-24T05:14:18.444,POST,/desembolsos,201,253.5,125.0,,b0afe963-344b-49a3-a022-e51453d29fbe,1,60
2026-09-24T05:14:18.536,POST,/desembolsos,201,270.4,121.5,,7a6f352f-28e2-4ace-8b82-8e4fc96aa976,1,60
2026-09-24T05:14:18.636,POST,/desembolsos,201,261.2,115.9,,c30fcc04-933b-4a88-9e44-fe959fe7b9ef,1,60
2026-09-24T05:14:18.743,POST,/desembolsos,201,234.7,114.9,,680fac38-4c04-4c5c-a843-cc4f44dcfe7a,1,60
2026-09-24T05:14:18.842,POST,/desembolsos,201,238.5,113.9,,324482b3-2200-44ce-b241-3e128ab55d6a,1,60
2026-09-24T05:14:18.938,POST,/desembolsos,201,237.0,114.0,,1c4415f0-95b7-4deb-9426-bd53df489ded,1,60
2026-09-24T05:14:19.052,POST,/desembolsos,201,246.3,110.7,,99eeabe1-3206-4be7-9fb6-ae5b1203c6b6,1,60
2026-09-24T05:14:19.135,POST,/desembolsos,201,237.6,112.7,,0b958f4d-956c-4635-a713-0d3d3e3ecc70,1,60
2026-09-24T05:14:19.236,POST,/desembolsos,201,232.5,112.5,,2a796f26-fa8a-4cd2-b00b-10ac10a63a1e,1,60
2026-09-24T05:14:19.344,POST,/desembolsos,201,259.9,110.4,,222377f0-e44b-4cb9-b983-5fcd647a6936,1,60
2026-09-24T05:14:19.436,POST,/desembolsos,201,240.3,120.3,,ab0b3c81-b6a4-4184-905c-2c460b49c9f8,1,60
2026-09-24T05:14:19.528,POST,/desembolsos,201,238.3,112.7,,1f6c0dbd-32fc-4270-a7a9-7ecee25f6357,1,60
2026-09-24T05:14:19.603,POST,/desembolsos,201,238.7,110.3,,8970a901-0f1d-4f0a-b14b-243522a6de25,1,60
2026-09-24T05:14:19.713,POST,/desembolsos,201,247.9,122.4,,8e9879b2-ef33-4937-9cc3-ffe3ba359e4f,1,60
2026-09-24T05:14:19.833,POST,/desembolsos,201,242.3,115.4,,d9f48996-7ede-4c35-8e1b-d35caea0fdd2,1,60
2026-09-24T05:14:19.932,POST,/desembolsos,201,230.4,111.7,,2751774b-f910-488f-bd3f-67c715090a2f,1,60
2026-09-24T05:14:20.058,POST,/desembolsos,201,229.6,110.8,,a815deb3-2a14-46a6-aa38-d15551cd5040,1,60
2026-09-24T05:14:20.146,POST,/desembolsos,201,250.1,112.2,,b18b2c32-258d-4722-8913-ccd6eb23fa6b,1,60
2026-09-24T05:14:20.236,POST,/desembolsos,201,277.4,124.7,,1589dc6d-54ac-4139-a172-be5473107cb7,1,60
2026-09-24T05:14:20.344,POST,/desembolsos,201,242.9,124.8,,86af2871-74d9-40b8-9435-e901e31e1dd9,1,60
2026-09-24T05:14:20.453,POST,/desembolsos,201,234.7,112.4,,f2aa2efe-fb52-4851-9f77-65e5af4bc90a,1,60
2026-09-24T05:14:20.545,POST,/desembolsos,201,227.9,111.9,,543ae2e4-6b72-4470-9f01-361c9e851cff,1,60
2026-09-24T05:14:20.636,POST,/desembolsos,201,249.2,125.8,,95b9034e-ebbc-4c9e-b652-0c391f4eb881,1,60
2026-09-24T05:14:20.745,POST,/desembolsos,201,282.4,133.0,,515c27bf-9fff-4c25-92ed-e297f2384a6e,1,60
2026-09-24T05:14:20.836,POST,/desembolsos,201,242.8,122.4,,b5c58740-ad9c-4daa-a277-976d8b3f080b,1,60
2026-09-24T05:14:20.934,POST,/desembolsos,201,253.6,130.5,,6f3c99d2-42bb-46bc-aa38-a3ff1dd013ff,1,60
2026-09-24T05:14:21.050,POST,/desembolsos,201,241.7,114.6,,c0f14cd4-603f-4359-bbec-3a489564a7ea,1,60
2026-09-24T05:14:21.133,POST,/desembolsos,201,244.9,116.7,,12fb41fb-4272-404f-bf89-a61f1534cc47,1,60
2026-09-24T05:14:21.236,POST,/desembolsos,201,262.7,142.0,,9a824a93-a3a0-4644-bffe-8b280c2b8fe7,1,60
2026-09-24T05:14:21.320,POST,/desembolsos,201,245.1,115.6,,ef679e6d-7f2b-4508-a7eb-0e899c108bf0,1,60
2026-09-24T05:14:21.428,POST,/desembolsos,201,267.2,116.4,,342627dd-16ed-4eaa-a706-385b8e85592d,1,60
2026-09-24T05:14:21.536,POST,/desembolsos,201,237.8,116.7,,19b6e5f5-b11b-4dc1-ad06-af7021b5ca89,1,60
2026-09-24T05:14:21.635,POST,/desembolsos,201,244.0,112.6,,2103c225-4a7a-41b4-9448-cf2de05be6c8,1,60
2026-09-24T05:14:21.729,POST,/desembolsos,201,293.5,140.8,,35a0af1c-5249-4e30-b9d1-0883ada2eb07,1,60
2026-09-24T05:14:21.850,POST,/desembolsos,201,256.9,128.1,,79e32f3b-e1d7-47b4-af4e-ff6a6d5a332e,1,60
2026-09-24T05:14:21.946,POST,/desembolsos,201,247.4,123.7,,ccd9ee88-20da-444a-bc52-1e6c2434d013,1,60
2026-09-24T05:14:22.022,POST,/desembolsos,201,235.0,114.4,,fc64ef1c-9e86-4486-8835-e052abc9d991,1,60
2026-09-24T05:14:22.135,POST,/desembolsos,201,239.2,111.4,,7ea4bf18-0890-4c2b-83a3-da5f9e232e61,1,60
2026-09-24T05:14:22.236,POST,/desembolsos,201,234.3,111.7,,79f76129-ab25-4dde-8f53-ad6860ab8c77,1,60
2026-09-24T05:14:22.345,POST,/desembolsos,201,250.4,125.0,,88fee546-bb6f-4620-b839-762a6d7c2d49,1,60
2026-09-24T05:14:22.436,POST,/desembolsos,201,231.2,112.5,,6fbf07e4-42da-4803-86c6-7665ddbad9c6,1,60
2026-09-24T05:14:22.545,POST,/desembolsos,201,245.6,117.1,,afec98ce-e9ce-4308-b3bb-2c9798d6e45f,1,60
2026-09-24T05:14:22.645,POST,/desembolsos,201,237.4,115.0,,b2aa15bc-82d6-4892-b90b-4bf324832dc4,1,60
2026-09-24T05:14:22.737,POST,/desembolsos,201,265.2,129.8,,d4a4e1c1-1b74-4373-8591-1ea5ab36dbc8,1,60
2026-09-24T05:14:22.841,POST,/desembolsos,201,266.8,139.4,,50e8338b-3eb0-49a8-8e56-84ffeefc72a1,1,60
2026-09-24T05:14:22.953,POST,/desembolsos,201,242.0,113.9,,a9c7278b-be56-455e-8907-450d9abe411a,1,60
2026-09-24T05:14:23.053,POST,/desembolsos,201,243.7,114.3,,94da4eab-eee2-4f81-8532-8c73eece9015,1,60
2026-09-24T05:14:23.133,POST,/desembolsos,201,231.4,112.3,,592661d6-e4a5-40b3-97b8-da52288a83ca,1,60
2026-09-24T05:14:23.236,POST,/desembolsos,201,234.2,117.0,,8f2fdec1-5983-4a23-98ab-b6d51c6e81c2,1,60
2026-09-24T05:14:23.353,POST,/desembolsos,201,231.9,110.2,,a0731e1b-c7d4-4600-b6b1-8e45c483502b,1,60
2026-09-24T05:14:23.445,POST,/desembolsos,201,241.4,116.1,,ee7778ce-9f4f-49ed-b05c-6b7d7a8e6078,1,60
2026-09-24T05:14:23.545,POST,/desembolsos,201,239.1,110.8,,32c79034-ea6b-4544-b62b-d61863ae618d,1,60
2026-09-24T05:14:23.636,POST,/desembolsos,201,237.3,113.3,,6c8051b0-3a99-4ec5-995d-6047ec1e4620,1,60
2026-09-24T05:14:23.736,POST,/desembolsos,201,235.9,114.7,,e45743f4-6819-401e-9c81-bcb4432c7b04,1,60
2026-09-24T05:14:23.850,POST,/desembolsos,201,227.8,111.0,,44160295-cda8-4818-983b-d4a5eaac4fa7,1,60
2026-09-24T05:14:23.932,POST,/desembolsos,201,232.4,113.2,,861e7397-1e06-4fb4-8785-44cdf6757de4,1,60
2026-09-24T05:14:24.043,POST,/desembolsos,201,239.0,113.2,,e2d8d626-1801-483f-b0c8-a92ab8ffcfc7,1,60
2026-09-24T05:14:24.137,POST,/desembolsos,201,258.9,110.6,,cd2e10e0-39a5-4606-ba12-bf878252b9cf,1,60
2026-09-24T05:14:24.236,POST,/desembolsos,201,236.7,113.4,,f47ef1e4-7369-4d70-a9bf-a448c3458902,1,60
2026-09-24T05:14:24.344,POST,/desembolsos,201,234.6,112.6,,c623239c-865d-40d0-a3bd-fd8739177d55,1,60
2026-09-24T05:14:24.452,POST,/desembolsos,201,228.5,111.6,,a2b01988-6362-4951-acf9-a79382cac7ee,1,60
2026-09-24T05:14:24.536,POST,/desembolsos,201,234.7,110.4,,f9d3048f-de82-4aa9-a1d9-e7c385f40c94,1,60
2026-09-24T05:14:24.644,POST,/desembolsos,201,248.7,126.9,,9e80a8ab-9f8e-4fa2-ae79-b7ab4a2f0ca4,1,60
2026-09-24T05:14:24.737,POST,/desembolsos,201,255.8,133.5,,cfb7d69f-65e0-4ad8-94ab-b7bfe7db8248,1,60
2026-09-24T05:14:24.840,POST,/desembolsos,201,265.9,141.0,,debc2954-4ea4-4416-9b06-b04ea639629d,1,60
2026-09-24T05:14:24.938,POST,/desembolsos,201,251.9,121.9,,13c8c373-e7b4-4069-8557-5855d9b4dd01,1,60
2026-09-24T05:14:25.053,POST,/desembolsos,201,231.1,112.4,,3ae0706e-6c89-4906-808a-d900cc8ed871,1,60
2026-09-24T05:14:25.134,POST,/desembolsos,201,236.6,114.2,,f0112778-22fa-4f37-aaa1-7b20d63b10f9,1,60
2026-09-24T05:14:25.245,POST,/desembolsos,201,244.5,116.7,,0999fd9d-f911-4af8-81f3-913bce697e7c,1,60
2026-09-24T05:14:25.345,POST,/desembolsos,201,264.8,141.9,,52b363e6-f527-41ad-9d3b-a4c35afd2454,1,60
2026-09-24T05:14:25.436,POST,/desembolsos,201,249.4,127.9,,a80a156f-b1fc-4066-b214-e4813b6c3622,1,60
2026-09-24T05:14:25.545,POST,/desembolsos,201,257.4,132.8,,6f9c11a8-4446-454a-8373-be99b99b8e25,1,60
2026-09-24T05:14:25.636,POST,/desembolsos,201,255.8,123.8,,06d0642f-8c43-45c8-9b75-9b6a9aaa6597,1,60
2026-09-24T05:14:25.743,POST,/desembolsos,201,254.7,129.1,,a0e6a25c-aff5-413a-99e4-45f312026303,1,60
2026-09-24T05:14:25.941,POST,/desembolsos,201,266.6,125.8,,aeaaa171-1543-48cc-a12f-516b1827a012,1,60
2026-09-24T05:14:26.022,POST,/desembolsos,201,316.8,147.3,,10114adc-3bc4-485e-8081-01a8ace26908,1,60
2026-09-24T05:14:26.134,POST,/desembolsos,201,257.9,114.3,,f95d9dca-ec6a-4260-8a62-b8d1f7bbe78b,1,60
2026-09-24T05:14:26.244,POST,/desembolsos,201,267.1,147.9,,797086b0-4a6f-4a91-856c-795a65044141,1,60
2026-09-24T05:14:26.336,POST,/desembolsos,201,239.9,119.3,,7f8048cb-1ec0-4a72-b213-e5c8ee50c8df,1,60
2026-09-24T05:14:26.436,POST,/desembolsos,201,251.7,133.8,,6945d65e-f9d1-4e3a-9a5f-5f621aaa5aa8,1,60
2026-09-24T05:14:25.826,POST,/desembolsos,201,913.6,116.3,,119c9c9e-436c-43a0-9e0d-a85ffd2d66a2,1,60
2026-09-24T05:14:26.528,POST,/desembolsos,201,233.8,111.7,,eae83f6d-d96b-44c8-9cfd-8c360bbd268b,1,60
2026-09-24T05:14:26.637,POST,/desembolsos,201,237.8,116.0,,820dcef2-6388-4abf-b15c-c74502dd9df1,1,60
2026-09-24T05:14:26.731,POST,/desembolsos,201,241.5,117.4,,fd1f3969-5cdc-45eb-8b0d-8615d7e94704,1,60
2026-09-24T05:14:26.836,POST,/desembolsos,201,242.6,116.3,,ba004559-4507-4b64-8cc3-3f404914dba9,1,60
2026-09-24T05:14:26.948,POST,/desembolsos,201,241.0,115.9,,c07c53d8-dd9c-45e7-a203-6a77a36d56b6,1,60
2026-09-24T05:14:27.046,POST,/desembolsos,201,243.3,113.1,,cf458eca-f395-4bc3-9e0d-07d2b06c3da4,1,60
2026-09-24T05:14:27.145,POST,/desembolsos,201,238.5,110.1,,57308e26-439f-4ff8-ad72-d2049133f4c6,1,60
2026-09-24T05:14:27.245,POST,/desembolsos,201,254.8,125.0,,712be19e-3fa5-4873-b61b-ac6c0d7abdb6,1,60
2026-09-24T05:14:27.336,POST,/desembolsos,201,242.5,113.0,,48b775e2-00d0-4948-bb0f-3264b5eac0e1,1,60
2026-09-24T05:14:27.445,POST,/desembolsos,201,250.5,116.5,,610af7ac-c57d-4168-8d2f-930eb47cbb5f,1,60
2026-09-24T05:14:27.528,POST,/desembolsos,201,236.3,113.0,,50d1ad2f-8317-43b7-bdeb-ab3255b9e995,1,60
2026-09-24T05:14:27.637,POST,/desembolsos,201,235.5,114.1,,92269018-b086-4772-a498-f1864fbc68fd,1,60
2026-09-24T05:14:27.744,POST,/desembolsos,201,230.3,110.4,,7d23de10-3b80-4622-abd5-390830f0bba1,1,60
2026-09-24T05:14:27.825,POST,/desembolsos,201,236.1,114.7,,3263b4a8-5025-479e-8dcf-9aba3d204581,1,60
2026-09-24T05:14:27.925,POST,/desembolsos,201,231.3,113.1,,bcfe01ef-acde-4bb3-a590-addb2e899597,1,60
2026-09-24T05:14:28.022,POST,/desembolsos,201,230.1,111.9,,9e9e8e39-74bc-4dd4-8d1d-3aee511e8bd7,1,60
2026-09-24T05:14:28.138,POST,/desembolsos,201,235.7,112.8,,96eeb17f-57b8-45d9-88ce-4992b47234a3,1,60
2026-09-24T05:14:28.245,POST,/desembolsos,201,231.4,114.1,,13b5d655-b860-4451-a9c1-ae912a2fbed4,1,60
2026-09-24T05:14:28.345,POST,/desembolsos,201,230.3,113.0,,02366de8-3b92-4388-8c30-609161c5efa7,1,60
2026-09-24T05:14:28.445,POST,/desembolsos,201,231.2,113.5,,37ca1e8a-07ea-41a9-8ecb-22573e37a22a,1,60
2026-09-24T05:14:28.528,POST,/desembolsos,201,241.0,113.6,,0bfad8ac-9f82-4d3e-a7cf-68ebd7a608af,1,60
2026-09-24T05:14:28.628,POST,/desembolsos,201,262.2,141.3,,8445f7f5-acb2-4864-a77a-38c13473b207,1,60
2026-09-24T05:14:28.737,POST,/desembolsos,201,248.7,123.7,,2d85aacb-f810-48d3-9e8e-6ee4cac842c7,1,60
2026-09-24T05:14:28.851,POST,/desembolsos,201,241.2,119.0,,479bb150-1c40-49f1-a096-fc22628a147b,1,60
2026-09-24T05:14:28.950,POST,/desembolsos,201,237.0,112.6,,66632ead-37d3-4271-b9d0-e6d0dd32a649,1,60
2026-09-24T05:14:29.048,POST,/desembolsos,201,228.1,112.1,,14a39211-14f7-4a9c-bdea-9d1ca81dabd3,1,60
2026-09-24T05:14:29.147,POST,/desembolsos,201,236.2,112.8,,2cb38191-defc-45f5-86e4-1a3079486e9a,1,60
2026-09-24T05:14:29.237,POST,/desembolsos,201,236.7,115.7,,bd1b6c37-ed77-4e39-9346-d59e3c5c396d,1,60
2026-09-24T05:14:29.337,POST,/desembolsos,201,239.1,114.0,,6abb8048-afd1-441e-8654-8be00b59be51,1,60
2026-09-24T05:14:29.437,POST,/desembolsos,201,246.1,123.3,,ed55776a-88f7-40ad-8437-c133b6b1b82f,1,60
2026-09-24T05:14:29.528,POST,/desembolsos,201,244.0,111.5,,56234b1e-4630-41b4-be42-7ae457eb1904,1,60
2026-09-24T05:14:29.637,POST,/desembolsos,201,250.0,118.5,,7b242f40-97e0-43a3-8c39-0bf7cb667ac6,1,60
2026-09-24T05:14:29.730,POST,/desembolsos,201,275.6,124.9,,119273fc-826a-41ba-91b0-19c08614e7b9,1,60
2026-09-24T05:14:29.845,POST,/desembolsos,201,271.2,153.0,,02ce5cd1-a5a0-4286-97bd-a2bec7fa4af1,1,60
2026-09-24T05:14:29.943,POST,/desembolsos,201,236.0,112.6,,0896b956-e09e-4d72-b090-e5e9663ee55f,1,60
2026-09-24T05:14:30.042,POST,/desembolsos,201,250.7,123.3,,dfcfb671-6420-481b-8108-162ab834006b,1,60
2026-09-24T05:14:30.142,POST,/desembolsos,201,245.5,117.9,,ba02b8b4-7fb3-445d-b878-c613a3e62ba4,1,60
2026-09-24T05:14:30.228,POST,/desembolsos,201,244.7,115.3,,6afc97ae-533f-4333-9190-5584b60bebbe,1,60
2026-09-24T05:14:30.337,POST,/desembolsos,201,250.1,124.5,,736166e9-f67a-4806-abbb-93c5d1c66d83,1,60
2026-09-24T05:14:30.445,POST,/desembolsos,201,238.9,117.5,,ca9fd9c0-e9b2-4a43-8561-53c8b93bf43a,1,60
2026-09-24T05:14:30.553,POST,/desembolsos,201,239.6,116.5,,318c3d3f-a6f7-487a-81c2-39966ea7098a,1,60
2026-09-24T05:14:30.637,POST,/desembolsos,201,240.6,115.8,,0671a056-4a3d-4ab7-8acd-0dacb1c1bcda,1,60
2026-09-24T05:14:30.737,POST,/desembolsos,201,244.6,113.8,,3984282a-a18c-4e2d-8f32-bda8b904dbad,1,60
2026-09-24T05:14:30.842,POST,/desembolsos,201,262.6,113.7,,530c2e04-9a37-4966-9ecb-f288f7ac5084,1,60
2026-09-24T05:14:30.936,POST,/desembolsos,201,299.0,168.7,,d669195d-0689-4e4d-8a58-4c4aa08f6eeb,1,60
2026-09-24T05:14:31.034,POST,/desembolsos,201,313.4,115.7,,4b03fd5a-961f-45db-af76-21b8b4564498,1,60
2026-09-24T05:14:31.149,POST,/desembolsos,201,314.8,198.8,,592d7d24-c1b6-4ad3-b334-68ec089c54b1,1,60
2026-09-24T05:14:31.233,POST,/desembolsos,201,238.9,114.2,,d03563bc-32b9-4e44-a884-3554f4464f2b,1,60
2026-09-24T05:14:31.347,POST,/desembolsos,201,236.8,114.6,,d88cba4f-714f-4052-8c9b-e336ecd78afd,1,60
2026-09-24T05:14:31.459,POST,/desembolsos,201,231.4,113.0,,b44ec02a-0e8f-4958-8af0-f1ce9e8a3517,1,60
2026-09-24T05:14:31.539,POST,/desembolsos,201,238.2,113.0,,b95aafaf-749f-4fcf-98e3-14f80e16f8cc,1,60
2026-09-24T05:14:31.634,POST,/desembolsos,201,272.4,143.5,,103b641f-8eeb-4f16-be62-97e807d1e8ab,1,60
2026-09-24T05:14:31.754,POST,/desembolsos,201,254.4,113.8,,4c64d165-5828-44fc-90d0-296267e0cfff,1,60
2026-09-24T05:14:31.842,POST,/desembolsos,201,273.1,144.1,,dd8d5f91-048c-49cf-82c4-9c0fafa0ffe0,1,60
2026-09-24T05:14:31.953,POST,/desembolsos,201,257.7,134.2,,7257037d-fe85-4aec-af97-9741825dc12f,1,60
2026-09-24T05:14:32.052,POST,/desembolsos,201,235.2,110.9,,1690b34a-b1f7-4d53-9a60-557235731e16,1,60
2026-09-24T05:14:32.148,POST,/desembolsos,201,232.5,112.4,,93ea11f2-9b2c-41ab-b785-a30c2342ec77,1,60
2026-09-24T05:14:32.236,POST,/desembolsos,201,236.3,114.0,,a5703e93-d6b7-4c6c-848e-8e8360d6a106,1,60
2026-09-24T05:14:32.328,POST,/desembolsos,201,239.9,124.4,,011a52ad-9ba0-4029-9516-d1b340acb6c0,1,60
2026-09-24T05:14:32.445,POST,/desembolsos,201,242.0,112.9,,a84a576a-90e4-45b5-ab7f-54f0885be437,1,60
2026-09-24T05:14:32.528,POST,/desembolsos,201,258.9,113.1,,15f9b73e-8639-4a2e-b19a-7ce7215ac164,1,60
2026-09-24T05:14:32.637,POST,/desembolsos,201,230.7,110.7,,c7f48a69-30a7-4c68-989f-9cbc15e95969,1,60
2026-09-24T05:14:32.738,POST,/desembolsos,201,232.3,113.0,,1da47435-f0e3-4662-bdc8-6fdcd4ab7186,1,60
2026-09-24T05:14:32.828,POST,/desembolsos,201,240.5,114.7,,e2c13bf7-cddc-4b7c-99b2-19e7d8911893,1,60
2026-09-24T05:14:32.942,POST,/desembolsos,201,244.8,123.9,,2115a6dc-5ccc-487a-94f9-5719bd6d42b9,1,60
2026-09-24T05:14:33.052,POST,/desembolsos,201,247.2,120.3,,d7efb901-fc36-4e8e-a7e2-c2f7d68dd8dc,1,60
2026-09-24T05:14:33.134,POST,/desembolsos,201,239.3,116.3,,b88cdbf4-04b2-4450-b099-2a53df248290,1,60
2026-09-24T05:14:33.234,POST,/desembolsos,201,232.0,110.8,,97f14146-7334-4bfd-a417-a0f411dd7971,1,60
2026-09-24T05:14:33.347,POST,/desembolsos,201,231.5,111.8,,796b8824-f41b-4f78-8212-03efa8142a41,1,60
2026-09-24T05:14:33.442,POST,/desembolsos,201,233.6,112.4,,2ffab8f4-2027-4574-9f9c-9967eda4633c,1,60
2026-09-24T05:14:33.544,POST,/desembolsos,201,230.0,111.0,,f99d75fc-a19f-4511-9565-d84b3dd2c081,1,60
2026-09-24T05:14:33.640,POST,/desembolsos,201,242.4,116.2,,1bfae6ad-2a0c-4cc7-80d5-76def245da0a,1,60
2026-09-24T05:14:33.746,POST,/desembolsos,201,248.1,127.0,,a7fa1c0e-03e9-48af-92df-5697c9029b62,1,60
2026-09-24T05:14:33.845,POST,/desembolsos,201,265.0,147.9,,1b6de5d7-3848-4717-be29-abf75c69186c,1,60
2026-09-24T05:14:33.944,POST,/desembolsos,201,243.4,115.7,,a0e06b13-5f28-4891-9d3d-eca56cf9bfa9,1,60
2026-09-24T05:14:34.041,POST,/desembolsos,201,242.0,121.5,,cfc18b43-0cf7-45c4-85f6-352f48c20499,1,60
2026-09-24T05:14:34.135,POST,/desembolsos,201,230.5,111.1,,d6d5cc4d-4c4f-4cfd-b988-e2ae3ca1b506,1,60
2026-09-24T05:14:34.235,POST,/desembolsos,201,231.3,111.0,,828dadfd-5feb-4df0-98c4-b45b1f1c696f,1,60
2026-09-24T05:14:34.442,POST,/desembolsos,201,247.2,127.4,,0acd0846-9f65-4ff1-a0a1-e839376c25c5,1,60
2026-09-24T05:14:34.537,POST,/desembolsos,201,264.8,142.8,,8f30ef1c-e24a-443d-9428-0bf3e6f15672,1,60
2026-09-24T05:14:34.347,POST,/desembolsos,201,484.6,364.8,,81b1d1d2-de66-48f7-95d3-0d607ce7c18b,1,60
2026-09-24T05:14:34.647,POST,/desembolsos,201,254.5,129.6,,dac018a1-23d2-495f-a3ee-075a69ff0471,1,60
2026-09-24T05:14:34.736,POST,/desembolsos,201,261.7,115.6,,90d88da7-ccd2-4b43-95db-b7fd7c463237,1,60
2026-09-24T05:14:34.827,POST,/desembolsos,201,240.0,114.9,,4fda58eb-83e2-46cc-9928-281c50163c9d,1,60
2026-09-24T05:14:34.935,POST,/desembolsos,201,245.2,120.9,,ad32f8f5-f374-418a-8bc9-e2a473b7642f,1,60
2026-09-24T05:14:35.035,POST,/desembolsos,201,237.9,111.2,,41bc9e74-2148-4e8d-9fde-5e19f56f7b36,1,60
2026-09-24T05:14:35.145,POST,/desembolsos,201,248.1,127.5,,f6292300-426a-4269-8e1a-fe4b6df46fb5,1,60
2026-09-24T05:14:35.229,POST,/desembolsos,201,233.3,114.4,,122ca80e-47a0-4416-85ae-ee3cfc91496b,1,60
2026-09-24T05:14:35.337,POST,/desembolsos,201,227.1,109.9,,e2ac2b00-7e47-4977-b2de-94a4073dc536,1,60
2026-09-24T05:14:35.445,POST,/desembolsos,201,234.6,115.9,,c26faa61-b9f4-4790-9e63-f0fce5277e7f,1,60
2026-09-24T05:14:35.529,POST,/desembolsos,201,260.3,120.7,,ed81aeaa-9b85-4baa-90e6-b69c0afbeebf,1,60
2026-09-24T05:14:35.645,POST,/desembolsos,201,275.2,143.7,,f0f63c68-eda9-4945-b284-8c24c8aeace1,1,60
2026-09-24T05:14:35.739,POST,/desembolsos,201,252.0,116.6,,37fa7ec2-89b7-4e9b-a4df-e5714b6528c7,1,60
2026-09-24T05:14:35.843,POST,/desembolsos,201,274.2,148.3,,db524d34-2dbf-44d2-b941-1474bae26eca,1,60
2026-09-24T05:14:35.943,POST,/desembolsos,201,239.0,111.3,,55860231-b315-477a-89ff-177afddcf89a,1,60
2026-09-24T05:14:36.041,POST,/desembolsos,201,241.7,115.0,,ba06d363-8790-483d-841e-d8eadb95cb10,1,60
2026-09-24T05:14:36.156,POST,/desembolsos,201,236.6,112.9,,135ac3c6-4c61-43b9-a01a-53d2f1c1c02f,1,60
2026-09-24T05:14:36.229,POST,/desembolsos,201,233.4,113.6,,18b45727-cfcd-45c3-af62-30c713d2d06d,1,60
2026-09-24T05:14:36.337,POST,/desembolsos,201,234.6,110.6,,90a95fb7-0930-47b6-a55e-ccef0c045ff6,1,60
2026-09-24T05:14:36.437,POST,/desembolsos,201,273.3,133.3,,02d4fe71-983c-4f3f-bc5d-d12ce535eb9a,1,60
2026-09-24T05:14:36.537,POST,/desembolsos,201,297.4,147.5,,ed2638b7-2dd1-4c68-9ca4-9816885e483a,1,60
2026-09-24T05:14:36.629,POST,/desembolsos,201,236.0,116.4,,96b2a4b1-e3bc-496c-84c5-bfeb3a2797f5,1,60
2026-09-24T05:14:36.736,POST,/desembolsos,201,236.3,113.6,,3843cddf-13ca-4e5c-aa13-036fc781052d,1,60
2026-09-24T05:14:36.834,POST,/desembolsos,201,241.8,111.1,,00362b67-76bb-4ea8-8154-7666f883b888,1,60
2026-09-24T05:14:36.931,POST,/desembolsos,201,240.2,117.4,,141bb3a4-5110-4f12-b819-1b51fbe8f2b4,1,60
2026-09-24T05:14:37.045,POST,/desembolsos,201,251.5,114.6,,346dbbb6-5473-408c-ac23-7ef092aad9cc,1,60
2026-09-24T05:14:37.159,POST,/desembolsos,201,249.6,134.0,,d245c653-35af-4170-b4b7-fa0db93d2f7d,1,60
2026-09-24T05:14:37.229,POST,/desembolsos,201,237.8,114.6,,773ad0dd-7802-45f6-89ea-3abc614f7422,1,60
2026-09-24T05:14:37.337,POST,/desembolsos,201,233.4,112.2,,db3852d0-3384-4cb2-a3e9-55f7792e2f80,1,60
2026-09-24T05:14:37.437,POST,/desembolsos,201,239.0,121.0,,31bb29ed-50a8-4b1d-87cc-e068644ecacf,1,60
2026-09-24T05:14:37.537,POST,/desembolsos,201,233.5,114.9,,0181a01e-954e-4020-8c79-3603e3173841,1,60
2026-09-24T05:14:37.620,POST,/desembolsos,201,241.1,113.4,,53336d8b-8592-4915-951d-f11042dfa955,1,60
2026-09-24T05:14:37.732,POST,/desembolsos,201,249.6,128.5,,14ccb0bc-248d-4a3e-9bb2-327374b33b5d,1,60
2026-09-24T05:14:37.834,POST,/desembolsos,201,259.9,135.2,,37878303-8f69-4d65-b685-2946b8dd3f23,1,60
2026-09-24T05:14:37.949,POST,/desembolsos,201,251.4,130.0,,0c22e092-ee04-435c-b10b-0cb31af0dbee,1,60
2026-09-24T05:14:38.048,POST,/desembolsos,201,239.8,114.1,,5dd9dea7-fbb6-4f53-9cde-fd5cb1784c92,1,60
2026-09-24T05:14:38.148,POST,/desembolsos,201,235.5,113.9,,ba9d0e8a-3239-4c26-8064-268abd130ba8,1,60
2026-09-24T05:14:38.229,POST,/desembolsos,201,249.7,117.7,,e3ed97e6-553a-4144-bb42-374479bd01af,1,60
2026-09-24T05:14:38.329,POST,/desembolsos,201,240.6,116.9,,611e42bd-fe6a-436f-b5f2-74e3384ee34d,1,60
2026-09-24T05:14:38.445,POST,/desembolsos,201,246.0,124.5,,ba214908-c651-492e-afa0-403a700acaaa,1,60
2026-09-24T05:14:38.529,POST,/desembolsos,201,239.5,119.2,,c974558d-3c2f-4112-92c3-7f8e9d564f55,1,60
2026-09-24T05:14:38.629,POST,/desembolsos,201,248.7,122.7,,6f7f9bd6-74c8-4108-a2d9-28b3d65b8a62,1,60
2026-09-24T05:14:38.739,POST,/desembolsos,201,261.5,121.2,,7beb4938-3ab4-40d0-bbcb-a58e44de7a37,1,60
2026-09-24T05:14:38.852,POST,/desembolsos,201,261.5,137.5,,bbebf62c-7ce7-4ca7-b4c8-059513cf13ec,1,60
2026-09-24T05:14:38.952,POST,/desembolsos,201,238.5,119.0,,c0a894c3-79e2-4460-bda7-9aa35e65444c,1,60
2026-09-24T05:14:39.050,POST,/desembolsos,201,261.2,115.2,,b992ac7b-96f1-418e-9460-6f7a7d8a1a9a,1,60
2026-09-24T05:14:39.148,POST,/desembolsos,201,275.7,130.2,,82ae9b75-ecf1-4bb7-bb92-7f4fcdd6a339,1,60
2026-09-24T05:14:39.246,POST,/desembolsos,201,233.6,112.7,,3e80bac3-acf1-4af0-88da-3c6fd16fa387,1,60
2026-09-24T05:14:39.337,POST,/desembolsos,201,237.2,114.5,,d4407ee2-8585-4206-89ba-0d793efd59b0,1,60
2026-09-24T05:14:39.420,POST,/desembolsos,201,235.6,113.0,,d99f25e7-b972-42d6-a46f-73437d8e5d80,1,60
2026-09-24T05:14:39.528,POST,/desembolsos,201,243.6,113.4,,b3bca16e-3b53-4326-830a-5a5d1715fb15,1,60
2026-09-24T05:14:39.629,POST,/desembolsos,201,245.7,117.2,,d4d01ade-0d3b-4718-9d7d-a3e4a82470aa,1,60
2026-09-24T05:14:39.737,POST,/desembolsos,201,247.0,113.8,,8ee8568a-fe9c-4445-8d20-65f2f06d5588,1,60
2026-09-24T05:14:39.835,POST,/desembolsos,201,257.0,128.1,,91e6a42b-c6da-455d-9ee5-b1e9745aafb0,1,60
2026-09-24T05:14:39.944,POST,/desembolsos,201,252.7,129.3,,0bfad360-a435-4f1c-a39b-1777185a173c,1,60
2026-09-24T05:14:40.043,POST,/desembolsos,201,238.9,113.2,,a70dded8-eae1-488b-a385-9b8ddecd92d3,1,60
2026-09-24T05:14:40.140,POST,/desembolsos,201,260.1,122.3,,faeff563-c698-4f1d-ad63-46cb20fc0ed3,1,60
2026-09-24T05:14:40.246,POST,/desembolsos,201,250.8,112.5,,6f6d4f4e-3eff-4ed6-a088-b12d654d0b04,1,60
2026-09-24T05:14:40.337,POST,/desembolsos,201,230.2,111.8,,49dc8ea7-43c7-432c-9520-6249a6c163ad,1,60
2026-09-24T05:14:40.429,POST,/desembolsos,201,272.0,138.7,,7bcf955f-683b-4633-9664-35a7a1fad35d,1,60
2026-09-24T05:14:40.646,POST,/desembolsos,201,354.2,112.8,,84bb6b1a-1fcf-4a8d-b625-755889f409e0,1,60
2026-09-24T05:14:40.845,POST,/desembolsos,201,340.8,155.3,,9242c73a-21a9-4f9f-9f0f-d645ba3f3b50,1,60
2026-09-24T05:14:40.721,POST,/desembolsos,201,470.7,279.8,,632c4562-cad2-4593-aeb3-17c8558f2733,1,60
2026-09-24T05:14:40.946,POST,/desembolsos,201,367.1,233.9,,9c43549b-5070-41b3-89e4-ce906fded79b,1,60
2026-09-24T05:14:41.052,POST,/desembolsos,201,260.4,127.4,,e7a24520-cb0d-468c-ba27-75af2fb1e94e,1,60
2026-09-24T05:14:41.135,POST,/desembolsos,201,266.0,138.8,,4faaec95-a54f-4182-9143-167105281c16,1,60
2026-09-24T05:14:41.254,POST,/desembolsos,201,245.5,113.0,,e17a01fa-2b38-4087-8fce-d2eaca099b21,1,60
2026-09-24T05:14:40.537,POST,/desembolsos,201,1009.8,163.3,,5263327d-e908-4490-b6e2-5632306ddfb0,1,60
2026-09-24T05:14:41.337,POST,/desembolsos,201,295.5,162.0,,a5dc70ae-a508-4986-a561-84bbf295d2ae,1,60
2026-09-24T05:14:41.437,POST,/desembolsos,201,312.2,178.3,,b6fec947-bea8-4e51-beaf-f26d55e726dd,1,60
2026-09-24T05:14:41.537,POST,/desembolsos,201,352.1,166.5,,e20b0407-6e3a-4a54-950e-29cddd5f2741,1,60
2026-09-24T05:14:41.737,POST,/desembolsos,201,277.6,152.4,,73efc7b9-eacc-4e8e-8787-8ba721299134,1,60
2026-09-24T05:14:41.629,POST,/desembolsos,201,382.1,256.8,,712e8b88-f355-4a02-845d-cb3825373ced,1,60
2026-09-24T05:14:41.841,POST,/desembolsos,201,284.0,163.4,,c8303036-0af0-40da-a099-55bddd2da75b,1,60
2026-09-24T05:14:41.953,POST,/desembolsos,201,268.5,135.4,,524edbfb-c0bb-48dc-b12f-1b92ecd63d27,1,60
2026-09-24T05:14:42.044,POST,/desembolsos,201,268.9,116.6,,243d66ee-eb5f-4dd7-beb7-27f3cf4a1cbd,1,60
2026-09-24T05:14:42.123,POST,/desembolsos,201,302.4,112.8,,9316abc3-0fa7-49bc-bd90-4666b48c9eae,1,60
2026-09-24T05:14:42.237,POST,/desembolsos,201,417.5,190.9,,5628210a-456a-47f3-852b-61ea9a103c9c,1,60
2026-09-24T05:14:42.426,POST,/desembolsos,201,410.1,227.5,,40bc3c42-674a-4fc0-9b01-0c240ef69234,1,60
2026-09-24T05:14:42.346,POST,/desembolsos,201,492.1,309.3,,abab2579-29b6-4683-8d5d-8f8659b01d50,1,60
2026-09-24T05:14:42.546,POST,/desembolsos,201,456.8,234.1,,adde7281-a1ae-4f56-9842-812a68998744,1,60
2026-09-24T05:14:42.738,POST,/desembolsos,201,295.7,140.8,,491e57d0-50d3-4698-abdc-ac811777986b,1,60
2026-09-24T05:14:42.654,POST,/desembolsos,201,382.1,175.5,,48e147f3-220e-492c-b703-e63c1dd6e3d2,1,60
2026-09-24T05:14:42.828,POST,/desembolsos,201,321.9,165.5,,da567715-654e-4de3-a31d-abb759c8aed8,1,60
2026-09-24T05:14:42.949,POST,/desembolsos,201,259.6,128.9,,855ff02d-3334-4589-a5f1-1630b5b055e8,1,60
2026-09-24T05:14:43.033,POST,/desembolsos,201,244.8,123.7,,7e4f41bd-127f-45e6-910f-dc6c18eb76ab,1,60
2026-09-24T05:14:43.144,POST,/desembolsos,201,244.3,115.2,,01f0f87c-a437-473d-b643-fef3656ca6e9,1,60
2026-09-24T05:14:43.237,POST,/desembolsos,201,243.9,119.9,,22bef3ad-e281-4696-b747-0341a0fee791,1,60
2026-09-24T05:14:43.337,POST,/desembolsos,201,253.0,118.2,,b7ae521c-34b9-4691-9f77-e43d4bef65c5,1,60
2026-09-24T05:14:43.437,POST,/desembolsos,201,257.2,115.9,,035248bb-161c-44a4-8662-e5cb9d461fd7,1,60
2026-09-24T05:14:43.546,POST,/desembolsos,201,265.3,138.7,,284311d8-5d52-4c79-b941-a505a0292009,1,60
2026-09-24T05:14:43.637,POST,/desembolsos,201,261.6,142.1,,040598c4-3138-481f-a5b5-41f9a96fe8dc,1,60
2026-09-24T05:14:43.736,POST,/desembolsos,201,245.4,121.6,,790a906b-6c37-4caf-a238-f05fa5b56c6b,1,60
2026-09-24T05:14:43.810,POST,/desembolsos,201,235.1,113.1,,30fb209d-c26c-4f42-b6c0-e6b6c9707109,1,60
2026-09-24T05:14:43.942,POST,/desembolsos,201,299.1,113.2,,3f14a1f3-f52e-4d99-ac39-89c1b523391b,1,60
2026-09-24T05:14:44.041,POST,/desembolsos,201,430.6,119.5,,1c54e44d-dc68-4d17-80e5-d11261a569e6,1,60
2026-09-24T05:14:44.238,POST,/desembolsos,201,348.1,223.1,,f7dc295d-6fb9-48ba-841e-9722ce89cb9c,1,60
2026-09-24T05:14:44.137,POST,/desembolsos,201,452.2,327.1,,b74f2d36-36f5-40bc-8462-8cb42daa819f,1,60
2026-09-24T05:14:44.337,POST,/desembolsos,201,269.4,128.5,,6e34ae21-5ca5-4025-8ada-a15be118d351,1,60
2026-09-24T05:14:44.438,POST,/desembolsos,201,237.7,115.2,,b79c0fdd-7242-4011-8514-eeb52ac336d3,1,60
2026-09-24T05:14:44.537,POST,/desembolsos,201,233.6,112.5,,3c2fc256-de06-4657-8898-67bcdece2ee8,1,60
2026-09-24T05:14:44.644,POST,/desembolsos,201,234.0,112.4,,3491e12a-c50b-4d73-b7f7-910a5dbf989b,1,60
2026-09-24T05:14:44.749,POST,/desembolsos,201,237.7,116.9,,190eb715-236f-415a-b956-84bcbe3f0162,1,60
2026-09-24T05:14:44.835,POST,/desembolsos,201,249.3,131.8,,d59dfb8f-6695-4e45-a2b2-4824e582f57b,1,60
2026-09-24T05:14:44.951,POST,/desembolsos,201,242.0,120.0,,4dcd2425-7124-4fed-9600-ee766c3cb805,1,60
2026-09-24T05:14:45.050,POST,/desembolsos,201,244.1,113.1,,d41064d3-4c46-4bad-a941-de23080deb52,1,60
2026-09-24T05:14:45.132,POST,/desembolsos,201,231.6,110.4,,c14b3e52-f7de-42dc-a716-810ab052ec76,1,60
2026-09-24T05:14:45.238,POST,/desembolsos,201,235.3,113.6,,e0d4092f-ef9f-40db-a281-fc16b8e19ea0,1,60
2026-09-24T05:14:45.338,POST,/desembolsos,201,252.8,124.0,,62c49bc5-11f7-4bff-981b-3356b688c695,1,60
2026-09-24T05:14:45.446,POST,/desembolsos,201,248.4,121.3,,9230d6a8-0ed3-488c-985b-ff9123bdbfa1,1,60
2026-09-24T05:14:45.554,POST,/desembolsos,201,238.0,113.9,,69801d44-3c20-461a-af39-1ea0ec9b452e,1,60
2026-09-24T05:14:45.638,POST,/desembolsos,201,235.2,113.1,,1b7c8f42-b272-40ea-9118-3129b79eaed7,1,60
2026-09-24T05:14:45.729,POST,/desembolsos,201,230.1,111.9,,f00f0869-2b77-4be3-9b52-c36499b7f9cb,1,60
2026-09-24T05:14:45.835,POST,/desembolsos,201,234.0,113.9,,18cb6a07-5b80-428b-add6-fad7f44d10a7,1,60
2026-09-24T05:14:45.939,POST,/desembolsos,201,233.7,113.6,,9ccfbf96-0ed3-45f4-bf93-f17bbf2c49af,1,60
2026-09-24T05:14:46.050,POST,/desembolsos,201,233.2,115.0,,50fe573d-ecc3-483c-bf64-1d8406ce01ed,1,60
2026-09-24T05:14:46.147,POST,/desembolsos,201,231.7,112.2,,43a735df-cf07-4f3a-af07-36cab2e81305,1,60
2026-09-24T05:14:46.238,POST,/desembolsos,201,234.8,112.5,,bf51ef3b-c103-4d74-a210-3f48078b330c,1,60
2026-09-24T05:14:46.338,POST,/desembolsos,201,231.9,112.0,,7510fe43-f483-4896-a006-ce1691a8e05a,1,60
2026-09-24T05:14:46.445,POST,/desembolsos,201,234.3,112.4,,9e5f9857-ecd7-4f93-a587-3a199d6ef2ee,1,60
2026-09-24T05:14:46.529,POST,/desembolsos,201,252.8,131.7,,3497de97-5ce7-4050-b1d0-2292853ba054,1,60
2026-09-24T05:14:46.646,POST,/desembolsos,201,237.4,119.9,,10946c77-b949-47cd-8f6f-392539803f7e,1,60
2026-09-24T05:14:46.729,POST,/desembolsos,201,239.2,113.7,,fac9a1d5-ca64-4016-81d0-f6fe83cd3c3d,1,60
2026-09-24T05:14:46.842,POST,/desembolsos,201,238.6,117.5,,3c273388-0972-4751-8142-157ece416d5f,1,60
2026-09-24T05:14:46.939,POST,/desembolsos,201,238.3,116.9,,b054b6f5-9b04-42c2-bb1f-93234b29b809,1,60
2026-09-24T05:14:47.056,POST,/desembolsos,201,235.1,114.0,,0d847578-6cd3-450a-adcd-1d5f06e6bffd,1,60
2026-09-24T05:14:47.137,POST,/desembolsos,201,251.1,118.2,,9bded7d4-a358-4eb3-a6ee-6f5040ef4e62,1,60
2026-09-24T05:14:47.238,POST,/desembolsos,201,269.0,151.1,,12545b9f-06ea-42e4-b1dd-3613e078b6e8,1,60
2026-09-24T05:14:47.329,POST,/desembolsos,201,248.6,125.1,,daca3c71-cda4-4b37-9a65-7eb125b8f92f,1,60
2026-09-24T05:14:47.438,POST,/desembolsos,201,298.5,116.5,,5dc80b76-f78a-4605-bff1-27f6500a9e3c,1,60
2026-09-24T05:14:47.545,POST,/desembolsos,201,335.9,191.5,,d6d7e139-f90f-44c5-a5f0-c9fc7dd7f232,1,60
2026-09-24T05:14:47.638,POST,/desembolsos,201,415.7,177.3,,3239ccf6-5eb5-42b8-bb73-a7da49fdb9ba,1,60
2026-09-24T05:14:47.731,POST,/desembolsos,201,317.3,145.4,,d6456470-d7f1-4180-ad6f-80ea1f5b4246,1,60
2026-09-24T05:14:47.837,POST,/desembolsos,201,334.4,216.6,,bb538d9b-1211-484a-a58c-8d2780c1b70e,1,60
2026-09-24T05:14:47.936,POST,/desembolsos,201,256.9,117.8,,463d8db3-affa-490f-8093-de81f9804d34,1,60
2026-09-24T05:14:48.052,POST,/desembolsos,201,237.9,111.7,,4946efb3-650b-40a2-bcef-28892882caa1,1,60
2026-09-24T05:14:48.133,POST,/desembolsos,201,229.1,113.5,,218af867-52d5-4bae-8b4b-c1522cd8cce7,1,60
2026-09-24T05:14:48.238,POST,/desembolsos,201,238.5,118.5,,bc6af2a4-f431-4000-b947-bad437d58012,1,60
2026-09-24T05:14:48.337,POST,/desembolsos,201,236.3,114.3,,6874c7ce-407f-49e8-86d4-f907c2ce76b7,1,60
2026-09-24T05:14:48.447,POST,/desembolsos,201,233.6,112.0,,cf74c210-58d9-4800-a165-c6c8df38ae68,1,60
2026-09-24T05:14:48.529,POST,/desembolsos,201,234.3,113.2,,bb561b15-623c-4924-ba15-bff2802dafa3,1,60
2026-09-24T05:14:48.638,POST,/desembolsos,201,267.4,114.4,,ca68fb32-3afa-42a0-92f7-4555311d840b,1,60
2026-09-24T05:14:48.730,POST,/desembolsos,201,230.1,110.9,,d8df0cdb-ed1b-490e-80f4-815f523b12a7,1,60
2026-09-24T05:14:48.828,POST,/desembolsos,201,240.5,114.6,,3859f3dc-17fc-42f2-9715-c627195f03e2,1,60
2026-09-24T05:14:48.937,POST,/desembolsos,201,245.1,114.5,,fae62a1b-410e-4442-869c-45167bbc9834,1,60
2026-09-24T05:14:49.051,POST,/desembolsos,201,254.1,131.2,,3826fb73-bb03-49a3-b691-393ad9446ae6,1,60
2026-09-24T05:14:49.132,POST,/desembolsos,201,231.2,112.5,,aa770853-106a-4dab-bc92-658ab914f585,1,60
2026-09-24T05:14:49.238,POST,/desembolsos,201,235.5,112.4,,4a5b8042-7b64-4b2c-9c6a-2def63a11434,1,60
2026-09-24T05:14:49.338,POST,/desembolsos,201,238.8,115.8,,2fa5ae7e-e569-4400-bde3-8d59e11f9cc4,1,60
2026-09-24T05:14:49.451,POST,/desembolsos,201,235.5,112.6,,f45c7af4-a900-4046-b0cf-41b13e5f65c1,1,60
2026-09-24T05:14:49.546,POST,/desembolsos,201,230.4,110.0,,19711378-4d80-4abf-b73d-b818d31d8f2d,1,60
2026-09-24T05:14:49.630,POST,/desembolsos,201,238.4,114.4,,c02366f3-3c06-47f5-bcb0-8d43a2b36e20,1,60
2026-09-24T05:14:49.739,POST,/desembolsos,201,243.7,116.4,,13865425-b056-4f58-9630-6a0c6f2276cc,1,60
2026-09-24T05:14:49.837,POST,/desembolsos,201,227.3,111.5,,33b4eb63-e2ff-4ebc-8f60-ae6fba31da36,1,60
2026-09-24T05:14:49.934,POST,/desembolsos,201,235.2,113.8,,25fbe9cb-eed0-418e-89d7-f0e3177063f8,1,60
2026-09-24T05:14:50.045,POST,/desembolsos,201,236.6,113.5,,898a2ecc-9aea-4b05-9ce4-b7663ab35c16,1,60
2026-09-24T05:14:50.144,POST,/desembolsos,201,253.0,119.8,,195c8d1b-32e2-49b0-a790-2ea4f618e5fd,1,60
2026-09-24T05:14:50.263,POST,/desembolsos,201,253.6,134.0,,b15005ac-b0e4-4007-ac94-2db6ed4bc621,1,60
2026-09-24T05:14:50.346,POST,/desembolsos,201,283.5,155.5,,bcadede4-6cee-4d61-9940-b595960bd6b7,1,60
2026-09-24T05:14:50.429,POST,/desembolsos,201,229.2,111.5,,d9438464-4815-4d41-81f8-10f2e642ba38,1,60
2026-09-24T05:14:50.537,POST,/desembolsos,201,235.8,112.6,,a126ab8c-7598-4896-93dd-d92be6ea2b3e,1,60
2026-09-24T05:14:50.629,POST,/desembolsos,201,233.3,117.2,,1c1bc364-159a-464d-8cff-ddb3d9d534be,1,60
2026-09-24T05:14:50.738,POST,/desembolsos,201,241.2,124.9,,4b930f95-3ff3-4bb8-89e2-9b7fc0be5ab8,1,60
2026-09-24T05:14:50.852,POST,/desembolsos,201,237.9,116.6,,a0d21e09-dc22-450f-9d20-706e89dab304,1,60
2026-09-24T05:14:50.950,POST,/desembolsos,201,246.3,127.5,,185202d0-9ff9-409d-9e59-cb7c4f0f11bf,1,60
2026-09-24T05:14:51.046,POST,/desembolsos,201,241.6,116.8,,612c7915-cea6-44cf-833d-f82be7dbef15,1,60
2026-09-24T05:14:51.144,POST,/desembolsos,201,232.0,113.1,,10668fd2-30f6-4397-80c1-904c40086f1b,1,60
2026-09-24T05:14:51.246,POST,/desembolsos,201,236.6,113.4,,5f86824d-fff8-4196-a610-fc501d314d47,1,60
2026-09-24T05:14:51.338,POST,/desembolsos,201,245.4,129.8,,7be11963-9136-407a-b230-1c1c81c30bb5,1,60
2026-09-24T05:14:51.446,POST,/desembolsos,201,251.9,129.8,,707e6ed2-bb23-4df8-afe3-6e9d077b1765,1,60
2026-09-24T05:14:51.546,POST,/desembolsos,201,240.6,114.5,,ce249301-6efc-4aa7-a2a0-abbd29e55d6b,1,60
2026-09-24T05:14:51.646,POST,/desembolsos,201,252.5,132.8,,ecb87d5a-12f7-4c6b-8ea7-a265e202b32e,1,60
2026-09-24T05:14:51.737,POST,/desembolsos,201,242.7,120.3,,0886d3b7-879f-446a-a865-874c3609171a,1,60
2026-09-24T05:14:51.845,POST,/desembolsos,201,240.8,113.1,,d834a138-c109-4d8d-b2f4-e8db52f92ff1,1,60
2026-09-24T05:14:51.953,POST,/desembolsos,201,239.5,112.9,,55c6e0d1-385d-4645-a1ad-568a0efd6cd7,1,60
2026-09-24T05:14:52.048,POST,/desembolsos,201,235.6,115.0,,1e163376-cb80-4c05-afae-5fdbc669ac2b,1,60
2026-09-24T05:14:52.143,POST,/desembolsos,201,243.4,120.3,,26c94f26-46b4-4ff7-b6d0-e436c7d47285,1,60
2026-09-24T05:14:52.246,POST,/desembolsos,201,239.6,116.0,,6ba1b14f-cb04-45e6-94ec-6a8b18e731c5,1,60
2026-09-24T05:14:52.336,POST,/desembolsos,201,240.8,117.6,,6b512d38-da40-4d8a-b962-9d80a997f70b,1,60
2026-09-24T05:14:52.438,POST,/desembolsos,201,259.9,116.5,,45c64fd9-5ab7-4d74-96a5-f88fd5c1040f,1,60
2026-09-24T05:14:52.537,POST,/desembolsos,201,272.6,115.7,,233f374f-1fff-4937-9acb-becb71a2c968,1,60
2026-09-24T05:14:52.646,POST,/desembolsos,201,263.1,118.1,,a12fbd6d-8099-4b0e-97ce-bd716ea7e243,1,60
2026-09-24T05:14:52.721,POST,/desembolsos,201,235.2,113.4,,9bd3dd77-4044-4b8a-8e79-9e3126f17fcc,1,60
2026-09-24T05:14:52.834,POST,/desembolsos,201,232.5,116.1,,159fb51c-4887-421c-84e4-4c06f1c3d0b5,1,60
2026-09-24T05:14:52.933,POST,/desembolsos,201,244.9,113.8,,c1b80484-a641-45b1-98f5-85d33c9694e6,1,60
2026-09-24T05:14:53.031,POST,/desembolsos,201,262.7,122.8,,c7407462-75d0-483b-a14b-c50dd7982ad5,1,60
2026-09-24T05:14:53.154,POST,/desembolsos,201,279.6,126.8,,82fb4df4-7993-4993-922f-fe301ef86d8c,1,60
2026-09-24T05:14:53.238,POST,/desembolsos,201,300.4,179.7,,915e8f85-4940-4356-b9cc-5c501f18e2a9,1,60
2026-09-24T05:14:53.338,POST,/desembolsos,201,263.7,115.7,,f929b7a7-0784-4cab-bb9f-433c5a644172,1,60
2026-09-24T05:14:53.413,POST,/desembolsos,201,231.2,113.5,,706c3f73-7c25-439e-b71b-1fcdc7a84120,1,60
2026-09-24T05:14:53.529,POST,/desembolsos,201,249.2,116.2,,6636076a-0cbc-444b-9a50-1b5883467adc,1,60
2026-09-24T05:14:53.639,POST,/desembolsos,201,235.5,113.3,,eab245e9-4028-4bae-9cfa-b39d249eca95,1,60
2026-09-24T05:14:53.738,POST,/desembolsos,201,273.8,133.9,,98d11d3a-f466-47f6-821c-ba1ee04607f3,1,60
2026-09-24T05:14:53.836,POST,/desembolsos,201,268.1,145.4,,09501796-247f-40d3-805e-5db9fbdf4d1f,1,60
2026-09-24T05:14:53.930,POST,/desembolsos,201,233.0,113.3,,08b462a6-b701-4d97-8548-1914c01492d6,1,60
2026-09-24T05:14:54.029,POST,/desembolsos,201,230.3,111.2,,bc901d10-f6ef-42c8-927d-bed02a5dc7ac,1,60
2026-09-24T05:14:54.127,POST,/desembolsos,201,236.9,114.8,,aaed0b3d-db22-4df9-b956-29afd82929ae,1,60
2026-09-24T05:14:54.241,POST,/desembolsos,201,243.1,114.6,,43a9ae8d-c6e2-4424-9ed8-32992ba6e667,1,60
2026-09-24T05:14:54.338,POST,/desembolsos,201,245.1,121.3,,31f8b1aa-5aea-4dd8-8685-72682c7601bf,1,60
2026-09-24T05:14:54.446,POST,/desembolsos,201,247.2,121.7,,391abb88-8ae1-45d8-ac09-5b26f6c1fb47,1,60
2026-09-24T05:14:54.538,POST,/desembolsos,201,243.0,112.5,,acc78b71-5c20-4cd8-a774-18e8ae50f4ed,1,60
2026-09-24T05:14:54.635,POST,/desembolsos,201,228.8,109.8,,51efba71-4bd3-4a6a-b7a5-0fa8c2ff504f,1,60
2026-09-24T05:14:54.730,POST,/desembolsos,201,242.0,114.2,,e01e68f6-b6ab-4bb9-95ed-026c8a7fc8fc,1,60
2026-09-24T05:14:54.838,POST,/desembolsos,201,262.7,128.6,,3feda5ac-cd0a-42dc-b1de-311996246d8d,1,60
2026-09-24T05:14:55.049,POST,/desembolsos,201,439.5,165.1,,a3af50fb-4443-4fb5-8cfb-30cb97342835,1,60
2026-09-24T05:14:54.955,POST,/desembolsos,201,533.6,133.9,,3bc22c7e-e64b-414c-9969-f7294531e198,1,60
2026-09-24T05:14:55.235,POST,/desembolsos,201,395.5,253.9,,a9c6e952-3fb8-42ef-bf48-3cd23ad870e4,1,60
2026-09-24T05:14:55.137,POST,/desembolsos,201,493.9,352.5,,a2723ed3-5999-416a-bc33-e0c57b0037ec,1,60
2026-09-24T05:14:55.345,POST,/desembolsos,201,286.1,144.2,,2fafaa00-6fb4-460a-a099-fc547e0def54,1,60
2026-09-24T05:14:55.441,POST,/desembolsos,201,308.4,189.7,,6be7ab88-85d5-450e-b4fa-29aac00a9ab1,1,60
2026-09-24T05:14:55.537,POST,/desembolsos,201,231.3,114.5,,bacd1db6-d831-410c-9c9c-5fff00c3c3d9,1,60
2026-09-24T05:14:55.620,POST,/desembolsos,201,246.3,118.0,,ba2b42fd-362c-43e3-8bd5-994f369d4513,1,60
2026-09-24T05:14:55.730,POST,/desembolsos,201,241.4,119.1,,50f9e06d-3e2f-42b2-888f-2c0088589041,1,60
2026-09-24T05:14:55.842,POST,/desembolsos,201,235.1,113.4,,3483c425-f4c2-4dfa-89aa-6e07b7f3d4d0,1,60
2026-09-24T05:14:55.940,POST,/desembolsos,201,258.7,113.9,,c258444b-ed2e-4eff-a1ae-4de4fa82e400,1,60
2026-09-24T05:14:56.038,POST,/desembolsos,201,235.8,114.0,,163fb4f6-90db-4f67-a040-37ef42fda215,1,60
2026-09-24T05:14:56.148,POST,/desembolsos,201,227.6,110.8,,86d3dbd6-730b-4d2c-a33e-a12b454a3022,1,60
2026-09-24T05:14:56.235,POST,/desembolsos,201,251.7,114.8,,d0042228-efb6-4389-85c3-321f21ba5541,1,60
2026-09-24T05:14:56.348,POST,/desembolsos,201,250.1,127.8,,b2be90d8-c41e-4b8e-a275-12cf4002ada1,1,60
2026-09-24T05:14:56.444,POST,/desembolsos,201,241.7,112.3,,9f8610a8-a9cb-41f9-888d-22c396c24670,1,60
2026-09-24T05:14:56.542,POST,/desembolsos,201,258.8,137.6,,5d5f8ecc-1530-430c-ad9e-32203222bca4,1,60
2026-09-24T05:14:56.640,POST,/desembolsos,201,257.1,128.1,,e6205a45-6be9-4b1c-b9e0-d061b86f755b,1,60
2026-09-24T05:14:56.732,POST,/desembolsos,201,288.5,165.3,,9687cb5e-9b85-420b-89ad-539a45c97eea,1,60
2026-09-24T05:14:56.835,POST,/desembolsos,201,247.9,127.5,,ef663909-2519-42b1-a01d-e9264e2b9ebd,1,60
2026-09-24T05:14:56.929,POST,/desembolsos,201,242.3,115.3,,ca8fc5fd-163e-4167-9a11-a36ad611e9c5,1,60
2026-09-24T05:14:57.044,POST,/desembolsos,201,238.0,117.5,,223db4b0-1bb8-4ef7-9d30-57edb4d427c8,1,60
2026-09-24T05:14:57.143,POST,/desembolsos,201,271.6,126.1,,e79c596d-760e-4ba1-be96-7fa8067588ea,1,60
2026-09-24T05:14:57.260,POST,/desembolsos,201,237.1,112.5,,bf6e8074-5750-4fb4-bb64-fa15a8ba8327,1,60
2026-09-24T05:14:57.342,POST,/desembolsos,201,249.9,129.2,,cb1d08c8-4087-46ff-bcbb-b84d8cc6e747,1,60
2026-09-24T05:14:57.454,POST,/desembolsos,201,231.2,113.0,,9ad73fd0-d35f-421f-86a6-b9b365e81fdd,1,60
2026-09-24T05:14:57.537,POST,/desembolsos,201,243.1,113.9,,13f3001c-0782-472c-925a-02ab1e028f1b,1,60
2026-09-24T05:14:57.633,POST,/desembolsos,201,233.2,111.5,,81e68fad-0535-4ccc-aacf-4be18bdef87d,1,60
2026-09-24T05:14:57.739,POST,/desembolsos,201,234.4,113.0,,0f2c9a40-c171-45e6-9364-5a024c895cb1,1,60
2026-09-24T05:14:57.845,POST,/desembolsos,201,249.5,124.5,,6c0d5b69-b1a1-47bd-8bf9-6cda3537005c,1,60
2026-09-24T05:14:57.938,POST,/desembolsos,201,238.9,118.1,,9107dfa7-6fc7-4ff1-9cb3-203e4c1254b4,1,60
2026-09-24T05:14:58.051,POST,/desembolsos,201,244.2,113.5,,5232e311-503d-428e-95e2-d93371a9c021,1,60
2026-09-24T05:14:58.151,POST,/desembolsos,201,249.6,113.3,,e36b8c37-3808-4185-b162-f3fc8d298f12,1,60
2026-09-24T05:14:58.233,POST,/desembolsos,201,230.9,110.0,,fccc1c33-c545-4947-a6a2-c24d40455df4,1,60
2026-09-24T05:14:58.331,POST,/desembolsos,201,240.5,114.0,,87df57cf-74d4-4182-882f-21314d7aee7d,1,60
2026-09-24T05:14:58.445,POST,/desembolsos,201,241.8,112.8,,d85a7c91-2fc9-428a-92a1-55be91586b7b,1,60
2026-09-24T05:14:58.537,POST,/desembolsos,201,298.0,137.6,,a78dba8c-c6c4-41f1-a56c-ce6c1dab1bed,1,60
2026-09-24T05:14:58.632,POST,/desembolsos,201,327.3,201.5,,1e71f2f1-760d-4527-b3a4-82bb6833c251,1,60
2026-09-24T05:14:58.729,POST,/desembolsos,201,238.1,113.3,,5d7518a5-e760-4af6-8e10-626d31ca6367,1,60
2026-09-24T05:14:58.834,POST,/desembolsos,201,244.9,112.6,,e5235ec7-7d3e-44f3-bdd3-27cd9211d537,1,60
2026-09-24T05:14:58.932,POST,/desembolsos,201,234.7,114.9,,2095b66e-005e-4cb3-b0f8-e2a7b8636fea,1,60
2026-09-24T05:14:59.046,POST,/desembolsos,201,236.8,117.9,,402ce80a-b19b-4ff4-af51-38d864ca0f5f,1,60
2026-09-24T05:14:59.238,POST,/desembolsos,201,244.5,122.7,,4c386d7b-238b-439d-9e99-f9a82ad373d1,1,60
2026-09-24T05:14:59.153,POST,/desembolsos,201,331.1,207.5,,718bdc6e-9e09-45d7-92e1-682e7fef6ba0,1,60
2026-09-24T05:14:59.339,POST,/desembolsos,201,236.4,111.7,,aa7473d3-0168-47fc-8815-157664439a5e,1,60
2026-09-24T05:14:59.447,POST,/desembolsos,201,231.2,112.3,,8fdf2996-2087-4295-860b-b3f06752be71,1,60
2026-09-24T05:14:59.539,POST,/desembolsos,201,232.8,113.5,,696672cc-a68d-4706-b0e5-dcf58b9d9c23,1,60
2026-09-24T05:14:59.631,POST,/desembolsos,201,245.8,123.2,,46b98446-7530-45a7-aec0-62abae3ea954,1,60
2026-09-24T05:14:59.741,POST,/desembolsos,201,230.8,111.7,,bfd26e01-0f3b-48df-8e5e-b91927deac13,1,60
2026-09-24T05:14:59.845,POST,/desembolsos,201,235.3,116.1,,56e44e02-dcc8-444d-951f-7cdd9ccae092,1,60
2026-09-24T05:14:59.960,POST,/desembolsos,201,243.0,111.6,,1690ca74-e1ed-4414-9238-3a1f70487ab0,1,60
2026-09-24T05:15:00.042,POST,/desembolsos,201,252.4,125.5,,43b4e202-8a68-4c88-b4c4-27fd750631d6,1,60
2026-09-24T05:15:00.138,POST,/desembolsos,201,251.1,118.5,,089b5820-0db6-4404-8278-e3e56831df13,1,60
2026-09-24T05:15:00.239,POST,/desembolsos,201,245.9,127.8,,02b359d5-be70-40bd-a174-5992254e7313,1,60
2026-09-24T05:15:00.355,POST,/desembolsos,201,250.4,115.6,,da96f432-b7f5-4f61-9323-8e021d9c0f4f,1,60
2026-09-24T05:15:00.446,POST,/desembolsos,201,235.6,115.6,,bb77a09c-a7fc-4845-8a45-b37f262af949,1,60
2026-09-24T05:15:00.538,POST,/desembolsos,201,265.8,124.1,,f87822cf-4df5-461d-849e-a3c6c8d5ad4c,1,60
2026-09-24T05:15:00.638,POST,/desembolsos,201,279.4,155.2,,f86f056a-34ba-4480-bbcd-4b6d6ff7971e,1,60
2026-09-24T05:15:00.741,POST,/desembolsos,201,244.3,117.3,,767deaeb-2e18-4a47-8bcf-91c34dc77c33,1,60
2026-09-24T05:15:00.852,POST,/desembolsos,201,238.2,114.7,,e0d197ce-2f90-45b8-8d5c-6a924340068d,1,60
2026-09-24T05:15:00.917,POST,/desembolsos,201,258.6,118.2,,c0c977f9-6cfd-4464-9a3f-b46dbda1006c,1,60
2026-09-24T05:15:01.022,POST,/desembolsos,201,291.8,141.4,,d1d8c241-df46-4eae-9c56-ed1cbaeb550f,1,60
2026-09-24T05:15:01.138,POST,/desembolsos,201,337.2,151.6,,2bc8602c-ae93-4ae6-9e05-bfc1f6dbb42c,1,60
2026-09-24T05:15:01.238,POST,/desembolsos,201,237.7,117.0,,aaceb589-6c92-4fdb-946f-7d6c71c4ba1a,1,60
2026-09-24T05:15:01.319,POST,/desembolsos,201,272.6,144.3,,ec76bc35-fbe1-4ba7-8d36-a4c414dc30ad,1,60
2026-09-24T05:15:01.446,POST,/desembolsos,201,252.6,122.6,,1d7df347-59ab-4d3e-a4ad-dbfaf77a02c6,1,60
2026-09-24T05:15:01.541,POST,/desembolsos,201,235.7,116.9,,7c52bc35-f2d8-447f-96c0-36699a2f888b,1,60
2026-09-24T05:15:01.636,POST,/desembolsos,201,249.0,117.0,,47b19efe-4ca7-4c14-9007-1b56efdedfdc,1,60
2026-09-24T05:15:01.752,POST,/desembolsos,201,255.0,133.8,,1ec78cb0-f498-48aa-86ff-a084dce5459a,1,60
2026-09-24T05:15:01.855,POST,/desembolsos,201,260.7,141.6,,7d4bf1b0-6e9f-4bbd-b915-91769a6aa66f,1,60
2026-09-24T05:15:01.953,POST,/desembolsos,201,231.1,112.7,,8b14d3e0-3595-44b3-b2bd-e191332cfa29,1,60
2026-09-24T05:15:02.032,POST,/desembolsos,201,237.7,111.8,,e50233f2-ba30-47e6-868e-1bc7b2ce886b,1,60
2026-09-24T05:15:02.143,POST,/desembolsos,201,237.4,118.5,,bcc2f264-a756-4b62-91d6-afce934c44ce,1,60
2026-09-24T05:15:02.238,POST,/desembolsos,201,243.4,114.3,,3415ed9c-fcf9-4889-9bb6-4d8a6789e378,1,60
2026-09-24T05:15:02.330,POST,/desembolsos,201,262.8,122.0,,df9c8b8a-5daf-4b72-8ecb-49252c47f446,1,60
2026-09-24T05:15:02.431,POST,/desembolsos,201,242.3,122.0,,05d79944-7a77-4680-ab8b-d3d5e9e94e12,1,60
2026-09-24T05:15:02.539,POST,/desembolsos,201,233.8,114.3,,1552740a-aedc-4ee1-bcde-1d50b9f41412,1,60
2026-09-24T05:15:02.646,POST,/desembolsos,201,229.9,112.9,,f0f58450-551e-412d-89e5-dd2619dcc638,1,60
2026-09-24T05:15:02.739,POST,/desembolsos,201,244.5,118.7,,e5ea77a7-3491-49c4-b605-29bb18582067,1,60
2026-09-24T05:15:02.835,POST,/desembolsos,201,244.5,114.9,,580c4682-7457-4195-bb06-642c7a8b86ac,1,60
2026-09-24T05:15:02.921,POST,/desembolsos,201,271.7,122.2,,15671dca-ce73-4d2a-88c2-5b77db9f6573,1,60
2026-09-24T05:15:03.042,POST,/desembolsos,201,266.0,137.5,,7b1b2753-9ecd-4d37-b5ec-cda368506d9a,1,60
2026-09-24T05:15:03.143,POST,/desembolsos,201,248.2,123.6,,64bc4fd6-f5fd-4307-b11f-05644bb3b576,1,60
2026-09-24T05:15:03.222,POST,/desembolsos,201,251.8,123.5,,5ebae4da-5f25-4e73-a0e7-9e7af95afd65,1,60
2026-09-24T05:15:03.339,POST,/desembolsos,201,232.1,113.8,,1a34b837-d6ff-44a5-a035-320518b2d991,1,60
2026-09-24T05:15:03.439,POST,/desembolsos,201,236.7,118.7,,7e34f60f-af27-418b-97f1-76a2429c1173,1,60
2026-09-24T05:15:03.546,POST,/desembolsos,201,238.4,112.4,,270b3685-38d3-4237-b899-71ccca2d90b9,1,60
2026-09-24T05:15:03.631,POST,/desembolsos,201,252.5,116.5,,a34a2b86-91a9-48a6-9744-bbe40ae03f07,1,60
2026-09-24T05:15:03.740,POST,/desembolsos,201,237.5,113.8,,c8251dbc-2178-43ef-a0ed-a243b798874b,1,60
2026-09-24T05:15:03.836,POST,/desembolsos,201,245.0,119.0,,dadeee8b-5209-454d-92d5-5d9e0c9d5b85,1,60
2026-09-24T05:15:03.935,POST,/desembolsos,201,236.1,116.2,,692f42c8-c380-47a7-aca9-f76b5fad05d7,1,60
2026-09-24T05:15:04.050,POST,/desembolsos,201,234.4,114.0,,0988785f-bd3c-4b2c-b2e6-4c48dddbf1e0,1,60
2026-09-24T05:15:04.163,POST,/desembolsos,201,235.7,114.8,,cdb34f3a-002e-481f-9f13-4470ea54beaa,1,60
2026-09-24T05:15:04.246,POST,/desembolsos,201,235.5,114.9,,24546db4-0495-4063-bbd3-4a90d63c27da,1,60
2026-09-24T05:15:04.354,POST,/desembolsos,201,235.8,114.7,,f58336bc-e0b4-4e2e-b90f-fa119b9875ac,1,60
2026-09-24T05:15:04.439,POST,/desembolsos,201,261.7,114.6,,cb30450e-25e5-4ca2-b3bf-a808e31589ec,1,60
2026-09-24T05:15:04.546,POST,/desembolsos,201,303.0,110.4,,0dccd945-4bb7-4f71-adf3-c5dc82a90ac4,1,60
2026-09-24T05:15:04.745,POST,/desembolsos,201,248.0,124.9,,29473b05-1eca-46b7-8712-78ae1352e56b,1,60
2026-09-24T05:15:04.654,POST,/desembolsos,201,343.9,193.3,,6be1b15d-245c-4b4a-9766-6bac47580afd,1,60
2026-09-24T05:15:04.844,POST,/desembolsos,201,246.1,111.5,,fae6968b-ab5a-4699-80a2-251814ce2eaa,1,60
2026-09-24T05:15:04.947,POST,/desembolsos,201,256.8,119.7,,7cc41b16-00e5-4a9d-9520-539cbbbaf0d3,1,60
2026-09-24T05:15:05.038,POST,/desembolsos,201,258.7,127.7,,75237093-33cf-425f-b686-c88cd64f13e2,1,60
2026-09-24T05:15:05.146,POST,/desembolsos,201,252.3,127.6,,a48f01b2-cfed-434a-8abb-7740db6055d1,1,60
2026-09-24T05:15:05.230,POST,/desembolsos,201,259.0,114.7,,e90bedad-8f78-45e9-897c-fa22c0c744d9,1,60
2026-09-24T05:15:05.339,POST,/desembolsos,201,255.3,130.1,,a86dee6c-04ed-4d31-9802-6ecb2e95813a,1,60
2026-09-24T05:15:05.439,POST,/desembolsos,201,302.7,112.1,,37623a5a-f91c-4803-951c-d31aa24f6086,1,60
2026-09-24T05:15:05.539,POST,/desembolsos,201,269.9,129.4,,b7f1a0df-0e4a-4d9a-a625-55b40c62851a,1,60
2026-09-24T05:15:05.599,POST,/desembolsos,201,292.7,142.4,,bf64f215-5d37-4847-b624-f08be3af5084,1,60
2026-09-24T05:15:05.730,POST,/desembolsos,201,269.0,141.8,,cb9cbee0-87a1-408f-8006-de20a87db775,1,60
2026-09-24T05:15:05.847,POST,/desembolsos,201,249.5,122.3,,c807e881-8488-4bc0-aef6-eb4ebb5095a9,1,60
2026-09-24T05:15:05.947,POST,/desembolsos,201,260.8,118.2,,49901c4d-cf3a-4111-b993-2f94f0d5400d,1,60
2026-09-24T05:15:06.045,POST,/desembolsos,201,290.9,132.9,,dab9aeff-38af-469b-89a2-7705ffe0bc3f,1,60
2026-09-24T05:15:06.144,POST,/desembolsos,201,245.9,119.8,,dea1b03f-1b4e-46ab-835b-cc53f167bb7d,1,60
2026-09-24T05:15:06.243,POST,/desembolsos,201,252.9,112.7,,66b62071-36eb-4016-8392-0972f080da69,1,60
2026-09-24T05:15:06.330,POST,/desembolsos,201,240.6,111.2,,240a3353-6482-495b-a70f-7ebb0aa885f4,1,60
2026-09-24T05:15:06.447,POST,/desembolsos,201,252.8,130.3,,9e97118b-46af-4b83-99c5-bcc63d567e09,1,60
2026-09-24T05:15:06.522,POST,/desembolsos,201,247.4,117.8,,9622d20e-cead-450f-8d8a-531a2d0221a0,1,60
2026-09-24T05:15:06.639,POST,/desembolsos,201,241.3,120.7,,e7e6df03-24f3-42a9-b7f4-89c9f5a20df1,1,60
2026-09-24T05:15:06.738,POST,/desembolsos,201,240.4,116.3,,e70d8332-3904-49f4-9963-ebf4983f3a24,1,60
2026-09-24T05:15:06.849,POST,/desembolsos,201,238.8,113.1,,a464e95e-9338-4337-a77c-4fab9c38f146,1,60
2026-09-24T05:15:06.928,POST,/desembolsos,201,229.3,113.3,,3a87f26d-959c-4893-a592-6e6d576d4765,1,60
2026-09-24T05:15:07.038,POST,/desembolsos,201,242.9,119.7,,6bb14179-254b-4d11-b248-e743cc07e80d,1,60
2026-09-24T05:15:07.137,POST,/desembolsos,201,237.2,116.3,,055b2629-b62d-4fbb-a843-868df8979792,1,60
2026-09-24T05:15:07.231,POST,/desembolsos,201,246.0,124.9,,ee6362da-b647-43fb-9f08-144fcabdfdee,1,60
2026-09-24T05:15:07.339,POST,/desembolsos,201,239.3,116.4,,30db9cdf-7c0c-43a9-979c-6d49bb4e48e9,1,60
2026-09-24T05:15:07.431,POST,/desembolsos,201,267.4,112.8,,7dbdfdb3-1bd9-4aed-9846-d266b667a510,1,60
2026-09-24T05:15:07.529,POST,/desembolsos,201,269.5,148.4,,b4db3e54-1972-4dfb-945d-c001cbd23223,1,60
2026-09-24T05:15:07.629,POST,/desembolsos,201,231.4,113.1,,bdbdfdb1-06a5-4f7e-8c3e-84057727c2a4,1,60
2026-09-24T05:15:07.739,POST,/desembolsos,201,234.0,113.4,,1ce3cbaa-ce06-4905-b63b-8572a54d7306,1,60
2026-09-24T05:15:07.837,POST,/desembolsos,201,228.6,111.6,,59100ed7-7158-4f08-ba7d-7b4fae3b4259,1,60
2026-09-24T05:15:07.932,POST,/desembolsos,201,240.2,114.4,,ac41edbd-46fb-46d9-8999-6e08523283f5,1,60
2026-09-24T05:15:08.046,POST,/desembolsos,201,291.8,126.9,,67429d22-b3cf-464f-82ab-cf667efff270,1,60
2026-09-24T05:15:08.155,POST,/desembolsos,201,272.6,150.5,,caf5af7a-8329-4322-a344-f895f8fb9f30,1,60
2026-09-24T05:15:08.247,POST,/desembolsos,201,234.2,112.3,,b3488636-4277-4903-8443-1e25c78efd1b,1,60
2026-09-24T05:15:08.330,POST,/desembolsos,201,230.7,113.2,,dc1716f3-ad5a-43db-8e69-576147c0f839,1,60
2026-09-24T05:15:08.423,POST,/desembolsos,201,244.5,114.1,,6ae49c8e-e8dd-4dd9-860e-d82ae17b9f22,1,60
2026-09-24T05:15:08.539,POST,/desembolsos,201,242.0,116.9,,733b968f-d41d-4ed6-b354-e4504756454b,1,60
2026-09-24T05:15:08.647,POST,/desembolsos,201,259.1,137.0,,acddf320-f469-48a9-a1b0-a877e7b65b2a,1,60
2026-09-24T05:15:08.731,POST,/desembolsos,201,243.7,116.2,,caa63d87-b9ce-4555-bf67-9e32a11fd4f2,1,60
2026-09-24T05:15:08.835,POST,/desembolsos,201,248.1,125.1,,d2ddcf4e-75ee-435a-afa8-de84c2c1f2a7,1,60
2026-09-24T05:15:08.946,POST,/desembolsos,201,242.0,117.5,,fd488748-5fb7-47f2-a6df-5161c7adf5e3,1,60
2026-09-24T05:15:09.045,POST,/desembolsos,201,229.9,111.6,,786cd374-2dbd-41e3-b96e-806247450708,1,60
2026-09-24T05:15:09.143,POST,/desembolsos,201,233.8,115.2,,9ee83b49-a0aa-43e1-914d-14d0565b20d8,1,60
2026-09-24T05:15:09.239,POST,/desembolsos,201,233.6,111.8,,8c94f13e-760a-417c-83b9-d5facbca7018,1,60
2026-09-24T05:15:09.339,POST,/desembolsos,201,232.8,112.1,,1e67fd1e-73c0-4f33-8a6a-529fda4e010b,1,60
2026-09-24T05:15:09.438,POST,/desembolsos,201,238.4,118.5,,73bc1440-bddc-477f-acce-48dba6184b35,1,60
2026-09-24T05:15:09.539,POST,/desembolsos,201,246.9,119.4,,bfc45a45-6de4-490d-9f1a-4a5bcbd7610a,1,60
2026-09-24T05:15:09.631,POST,/desembolsos,201,233.1,111.9,,f0c816db-39cb-4e6d-9221-8e9226a34a03,1,60
2026-09-24T05:15:09.731,POST,/desembolsos,201,242.5,116.7,,994084c1-ccdc-466e-b736-4abd75ab8675,1,60
2026-09-24T05:15:09.825,POST,/desembolsos,201,253.9,115.1,,cc252d25-b489-4c5b-a24d-2c2c022a5845,1,60
2026-09-24T05:15:09.933,POST,/desembolsos,201,251.2,134.3,,68bcb2d4-0d30-4c8e-92bb-4ee534126581,1,60
2026-09-24T05:15:10.050,POST,/desembolsos,201,261.6,139.8,,94fa7478-812a-443f-83a2-da160d6c48b8,1,60
2026-09-24T05:15:10.153,POST,/desembolsos,201,248.3,118.4,,b5714a8e-f977-4e4c-ad27-dbf2df727113,1,60
2026-09-24T05:15:10.253,POST,/desembolsos,201,234.5,112.0,,c35cdeaa-96dd-4696-99fa-2e361505e64b,1,60
2026-09-24T05:15:10.339,POST,/desembolsos,201,237.5,114.6,,f43d8052-6415-490a-afc2-e27afb7f8a86,1,60
2026-09-24T05:15:10.440,POST,/desembolsos,201,237.5,116.0,,0afa62c6-66b7-45f3-b20d-2fbdfb65c929,1,60
2026-09-24T05:15:10.544,POST,/desembolsos,201,246.8,128.2,,d402bda9-ffce-4e68-aac1-de5304cb405a,1,60
2026-09-24T05:15:10.630,POST,/desembolsos,201,265.1,144.8,,438b26fa-4d95-4acc-812f-d158bcbc00ce,1,60
2026-09-24T05:15:10.749,POST,/desembolsos,201,254.8,120.6,,5c702f94-2b71-47e6-8218-eace065796e6,1,60
2026-09-24T05:15:10.821,POST,/desembolsos,201,251.7,119.7,,8364cac4-b427-48fe-8dab-0dfc1979f870,1,60
2026-09-24T05:15:10.939,POST,/desembolsos,201,235.5,114.4,,b6ae9530-4a23-4d45-8d6a-adbb7f2fc202,1,60
2026-09-24T05:15:11.032,POST,/desembolsos,201,244.2,116.3,,ccbc086e-78fb-49fa-bd59-dfd0e6868664,1,60
2026-09-24T05:15:11.141,POST,/desembolsos,201,241.7,115.8,,db7a9e23-6537-4807-9032-c3b4ec6a8df0,1,60
2026-09-24T05:15:11.238,POST,/desembolsos,201,271.0,142.3,,77aabcf0-0d96-46b0-aa28-716d148b2eec,1,60
2026-09-24T05:15:11.348,POST,/desembolsos,201,260.5,140.9,,ee228214-29d3-47f9-b87d-1727b1c9bc1f,1,60
2026-09-24T05:15:11.447,POST,/desembolsos,201,231.3,112.5,,738318d4-015d-46ce-ac1a-8c6cd2d5d401,1,60
2026-09-24T05:15:11.505,POST,/desembolsos,201,235.1,115.4,,797c1297-3826-4ab2-9a73-9e52dce9f8a7,1,60
2026-09-24T05:15:11.623,POST,/desembolsos,201,232.0,113.2,,b0db2989-6c89-40fb-8359-eea778972949,1,60
2026-09-24T05:15:11.731,POST,/desembolsos,201,231.3,112.1,,65fe1fe7-7904-4a1f-b891-94171bc900af,1,60
2026-09-24T05:15:11.837,POST,/desembolsos,201,241.0,113.6,,0bda43cd-fbc0-4186-ba73-d73a82bd4845,1,60
2026-09-24T05:15:11.937,POST,/desembolsos,201,245.3,114.9,,1d6d8ad9-a5c3-473c-a888-b6c487aade3b,1,60
2026-09-24T05:15:12.037,POST,/desembolsos,201,230.4,113.3,,ff5cbfe3-25ea-4176-908c-16808fe72e0a,1,60
2026-09-24T05:15:12.132,POST,/desembolsos,201,233.5,112.6,,7b105ab4-2650-4292-93dc-8035578b6b19,1,60
2026-09-24T05:15:12.238,POST,/desembolsos,201,268.3,113.1,,0409ee3e-e4fb-4c53-aec4-56413210d4d5,1,60
2026-09-24T05:15:12.338,POST,/desembolsos,201,230.9,109.9,,9c484553-ef0b-4978-bd3e-87db619c9e42,1,60
2026-09-24T05:15:12.447,POST,/desembolsos,201,232.7,114.0,,3bbcd96d-165c-40b0-82f6-8d7c1c830cae,1,60
2026-09-24T05:15:12.531,POST,/desembolsos,201,235.5,114.2,,2f199f2b-40c5-4701-98ab-9ddfc2991d45,1,60
2026-09-24T05:15:12.640,POST,/desembolsos,201,228.3,110.3,,377f0230-0acf-4129-8f3d-4abcd7392af6,1,60
2026-09-24T05:15:12.739,POST,/desembolsos,201,234.7,114.6,,e319fa46-d09a-4653-b6d3-ea8e1ae1b2c3,1,60
2026-09-24T05:15:12.844,POST,/desembolsos,201,231.5,113.4,,08dbbfb7-402e-4468-bec2-d3d67f668d69,1,60
2026-09-24T05:15:12.940,POST,/desembolsos,201,233.9,114.8,,922e9c1c-6157-48a7-b0ec-1f98736218b1,1,60
2026-09-24T05:15:13.031,POST,/desembolsos,201,234.0,114.4,,8323030c-5469-4180-b813-3f35e7701c29,1,60
2026-09-24T05:15:13.136,POST,/desembolsos,201,233.8,112.4,,3db6b9b5-6dde-4581-894b-72cbf5aaa14a,1,60
2026-09-24T05:15:13.239,POST,/desembolsos,201,227.3,110.1,,044ff0d4-cf12-48ba-b07d-9ae8f03aa0f2,1,60
2026-09-24T05:15:13.338,POST,/desembolsos,201,233.9,112.4,,cf7ab7ba-5d48-4d5d-ac35-42ae902520f2,1,60
2026-09-24T05:15:13.448,POST,/desembolsos,201,236.7,114.8,,f4408413-2e22-494d-bb76-53a42ab9d5e7,1,60
2026-09-24T05:15:13.539,POST,/desembolsos,201,229.6,110.0,,af1fdcd3-84e2-4bc8-9166-6276b90aada8,1,60
2026-09-24T05:15:13.639,POST,/desembolsos,201,276.2,118.5,,cc263535-8ea5-42f4-afc4-0aaaffe401fc,1,60
2026-09-24T05:15:13.731,POST,/desembolsos,201,247.4,114.8,,4074e1c5-467f-4603-bc93-f69f09fcb586,1,60
2026-09-24T05:15:13.845,POST,/desembolsos,201,242.6,126.2,,09fce862-f2e6-4c1e-a8ec-6de7ed9da362,1,60
2026-09-24T05:15:13.915,POST,/desembolsos,201,240.9,111.9,,d18881f5-fdc3-4967-a295-f267174482a4,1,60
2026-09-24T05:15:14.022,POST,/desembolsos,201,236.6,115.2,,974fa82b-0e4c-4907-a466-5ae5619c0bcc,1,60
2026-09-24T05:15:14.137,POST,/desembolsos,201,240.8,113.3,,63584989-7bfb-465a-8b28-a031a4ac2e5b,1,60
2026-09-24T05:15:14.247,POST,/desembolsos,201,281.6,124.5,,f6b6ba6a-764a-4397-be15-559543652630,1,60
2026-09-24T05:15:14.323,POST,/desembolsos,201,238.2,112.4,,945b3f2d-1050-4cca-a0f4-f5c67d660790,1,60
2026-09-24T05:15:14.432,POST,/desembolsos,201,236.2,116.1,,fbf0bec4-f127-4660-998e-aa7d95a762e1,1,60
2026-09-24T05:15:14.525,POST,/desembolsos,201,252.4,117.1,,8f06a1ee-cbec-4824-8227-003da73a1522,1,60
2026-09-24T05:15:14.645,POST,/desembolsos,201,253.7,128.3,,02c46eca-5b90-4c26-a910-09ac4404969b,1,60
2026-09-24T05:15:14.739,POST,/desembolsos,201,252.2,119.7,,d86f88dd-fd7c-40c6-a624-81a6c80e6000,1,60
2026-09-24T05:15:14.844,POST,/desembolsos,201,240.6,115.9,,df804c64-10bb-425a-82cf-19fc061f88ee,1,60
2026-09-24T05:15:14.939,POST,/desembolsos,201,242.0,121.7,,7776aa07-3a38-4ab9-9b6a-5bbfd1630522,1,60
2026-09-24T05:15:15.052,POST,/desembolsos,201,231.7,114.8,,19b9c545-2855-462a-918e-7e48d82ea2d1,1,60
2026-09-24T05:15:15.147,POST,/desembolsos,201,248.6,125.4,,d1729c60-3048-4e85-80d7-78d3ec5e45d6,1,60
2026-09-24T05:15:15.231,POST,/desembolsos,201,234.1,115.5,,3698f048-c84c-4ee4-8508-69bee0ff9354,1,60
2026-09-24T05:15:15.341,POST,/desembolsos,201,230.4,111.3,,123082bf-ac37-4e2a-935e-99a8eff565b6,1,60
2026-09-24T05:15:15.431,POST,/desembolsos,201,241.7,116.3,,b9003242-8b25-4c5b-8c4b-08ee8ef74ca8,1,60
2026-09-24T05:15:15.531,POST,/desembolsos,201,246.5,112.6,,3d19d477-ef0b-47e1-ad12-f8100a0b363e,1,60
2026-09-24T05:15:15.631,POST,/desembolsos,201,228.2,109.5,,01d3dda6-1428-4ec9-bcc4-eeacfe073fdd,1,60
2026-09-24T05:15:15.739,POST,/desembolsos,502,226.1,113.2,http_502,9f6a988b-dfdf-4b10-9662-22dce3e32692,1,60
2026-09-24T05:15:15.835,POST,/desembolsos,502,227.3,113.0,http_502,3d210171-ac33-42e1-a82f-0563fca1aa3f,1,60
2026-09-24T05:15:16.046,POST,/desembolsos,201,257.7,112.7,,034f6f9f-cc84-4b84-bf8f-99f6052fbdbe,1,60
2026-09-24T05:15:16.155,POST,/desembolsos,201,235.7,114.5,,46aaf1c7-f7fa-4073-aba6-7c5c85589f83,1,60
2026-09-24T05:15:16.439,POST,/desembolsos,201,237.2,112.4,,d9ba36a2-7a60-4c6b-9963-79f37899d0b7,1,60
2026-09-24T05:15:16.548,POST,/desembolsos,201,234.4,116.8,,5dfa2b40-a769-475a-a529-93a9ad4c4e70,1,60
2026-09-24T05:15:16.655,POST,/desembolsos,201,233.9,112.2,,6e068a7c-7710-47ae-b40a-39a25f482aad,1,60
2026-09-24T05:15:16.739,POST,/desembolsos,201,233.8,112.3,,a10807fc-f0b7-487d-b499-b722fbaea4f0,1,60
2026-09-24T05:15:16.830,POST,/desembolsos,201,229.1,112.4,,a2ce950e-7321-4f2c-a443-674fa7114d13,1,60
2026-09-24T05:15:16.927,POST,/desembolsos,201,241.3,119.4,,80180fee-9490-42aa-8275-13c7aca565c8,1,60
2026-09-24T05:15:17.042,POST,/desembolsos,201,234.7,115.2,,3d210171-ac33-42e1-a82f-0563fca1aa3f,2,60
2026-09-24T05:15:17.141,POST,/desembolsos,201,233.8,116.1,,56a0ef10-ff06-4042-89c2-68d8bd91bd38,1,60
2026-09-24T05:15:17.248,POST,/desembolsos,201,231.9,111.1,,125ab9df-67c0-4d30-9da4-4fbcb7b844fb,1,60
2026-09-24T05:15:17.548,POST,/desembolsos,201,233.1,115.5,,d432a1d4-7a07-4054-9fe6-dfb08bb8363e,1,60
2026-09-24T05:15:17.648,POST,/desembolsos,201,244.4,122.6,,26713a40-62c1-43c8-a84f-cdd0c99cd836,1,60
2026-09-24T05:15:17.723,POST,/desembolsos,201,241.7,119.2,,cebac273-748b-42fb-8bf1-6e7156ead311,1,60
2026-09-24T05:15:17.834,POST,/desembolsos,201,230.7,114.1,,bd343978-98f3-4337-8ff7-1b59e5dd789c,1,60
2026-09-24T05:15:17.948,POST,/desembolsos,201,238.4,113.8,,34b600c3-d667-44cc-94a4-6397f7e8a6a6,1,60
2026-09-24T05:15:18.046,POST,/desembolsos,201,243.2,117.2,,bf016f00-ecaf-4aaf-826e-a336de89e38c,1,60
2026-09-24T05:15:18.248,POST,/desembolsos,201,253.2,115.6,,6f9fd8b0-20d8-4d76-a3a0-f2428e93d6e9,1,60
2026-09-24T05:15:18.331,POST,/desembolsos,201,244.6,125.1,,53f984e6-da1d-4ab5-929d-270bd7085773,1,60
2026-09-24T05:15:18.439,POST,/desembolsos,201,243.5,116.8,,b61a9477-df99-4992-9777-9980a01a828c,1,60
2026-09-24T05:15:18.747,POST,/desembolsos,201,251.9,115.8,,45e31a69-7516-4f0a-a822-57b012f4375f,1,60
2026-09-24T05:15:18.844,POST,/desembolsos,201,271.2,115.6,,7d2d519f-1b2c-4cc0-8f6d-6e90f7544f47,1,60
2026-09-24T05:15:18.939,POST,/desembolsos,201,238.9,117.0,,5e0fc284-9d72-4064-aca1-8afe08022912,1,60
2026-09-24T05:15:19.135,POST,/desembolsos,201,271.7,120.2,,d865a81e-c792-4828-a039-18457dc6f1e6,1,60
2026-09-24T05:15:19.340,POST,/desembolsos,201,268.4,109.9,,bb25cdef-fca6-40ec-802a-ddb5a621adf6,1,60
2026-09-24T05:15:19.448,POST,/desembolsos,201,284.4,160.3,,62349a80-4b11-4565-a5d2-66e73ebf3b88,1,60
2026-09-24T05:15:19.648,POST,/desembolsos,201,239.6,113.9,,e03e6349-3472-409f-95d8-dc93e833c2ce,1,60
2026-09-24T05:15:19.933,POST,/desembolsos,201,231.6,113.7,,1399894e-6108-4667-bf51-5ec817daf35c,1,60
2026-09-24T05:15:20.038,POST,/desembolsos,201,227.6,110.7,,c23b3fc0-e576-4947-8804-fec24d3905f3,1,60
2026-09-24T05:15:20.132,POST,/desembolsos,201,249.8,124.0,,c5e6aba9-8dfd-4792-b2c0-fd6dc3d2c076,1,60
2026-09-24T05:15:20.240,POST,/desembolsos,201,233.7,112.7,,33bdb176-9659-4257-9d7c-7570dbed64de,1,60
2026-09-24T05:15:20.432,POST,/desembolsos,201,269.6,149.7,,801e7ebd-64a9-4a19-b654-f782450fd113,1,60
2026-09-24T05:15:20.640,POST,/desembolsos,201,227.3,110.6,,b407b42a-7113-4e4b-9ebd-aa7be6e600f1,1,60
2026-09-24T05:15:20.732,POST,/desembolsos,201,239.4,117.1,,c3bf9706-cdd7-45f8-92ed-7a9143a88acc,1,60
2026-09-24T05:15:20.839,POST,/desembolsos,201,237.7,116.9,,37917099-db9d-4f1f-8f69-2b05028af0f6,1,60
2026-09-24T05:15:20.947,POST,/desembolsos,201,232.0,111.8,,678be89e-89ec-4046-82ca-d1d481630ea4,1,60
2026-09-24T05:15:21.142,POST,/desembolsos,201,247.6,122.7,,558acd08-f635-40f8-a24d-eee444bdac08,1,60
2026-09-24T05:15:21.248,POST,/desembolsos,201,228.1,110.5,,85a8b976-0e79-4bb9-b9af-c3d9c56c7876,1,60
2026-09-24T05:15:16.348,POST,/desembolsos,0,5158.1,149.1,timeout,6976a43e-aaa4-41c8-ab4b-be1da94cea24,1,60
2026-09-24T05:15:15.933,POST,/desembolsos,0,5573.5,116.6,timeout,5d337757-12e5-4e26-972f-935ac9019251,1,60
2026-09-24T05:15:16.239,POST,/desembolsos,0,5266.6,148.1,timeout,7c9d58c5-b369-4cc2-bf88-5476180a759a,1,60
2026-09-24T05:15:21.340,POST,/desembolsos,201,236.0,114.4,,e3ff70a1-1eae-4e46-be91-79078abeea61,1,60
2026-09-24T05:15:21.640,POST,/desembolsos,201,243.4,124.7,,4137ca1f-1db6-4834-be52-4e64a917ad04,1,60
2026-09-24T05:15:21.742,POST,/desembolsos,201,235.4,114.2,,b7722f43-fb97-4602-a61e-ae47f021d172,1,60
2026-09-24T05:15:21.847,POST,/desembolsos,201,228.3,111.6,,2bacfe49-3f9c-4726-a370-30e2f559410c,1,60
2026-09-24T05:15:21.929,POST,/desembolsos,201,235.4,115.2,,a651e42c-89be-4b2c-8913-d90bc2620ad3,1,60
2026-09-24T05:15:22.031,POST,/desembolsos,201,235.0,114.9,,78d88685-a2d9-4d93-a60a-5bbfbad23b84,1,60
2026-09-24T05:15:17.331,POST,/desembolsos,0,5193.6,125.1,timeout,85d99354-6eca-4f29-9a83-b3d0e7071406,1,60
2026-09-24T05:15:17.042,POST,/desembolsos,0,5482.4,112.8,timeout,d4f025db-53bd-4692-8e76-da58d68c368b,1,60
2026-09-24T05:15:16.960,POST,/desembolsos,0,5565.2,113.9,timeout,9f6a988b-dfdf-4b10-9662-22dce3e32692,2,60
2026-09-24T05:15:17.456,POST,/desembolsos,0,5069.2,112.1,timeout,17d74363-0f1a-44ea-8bd4-73b31b083793,1,60
2026-09-24T05:15:22.423,POST,/desembolsos,201,245.5,126.6,,76405884-0532-4010-807a-879d642432a2,1,60
2026-09-24T05:15:22.523,POST,/desembolsos,201,244.8,130.1,,7c9d58c5-b369-4cc2-bf88-5476180a759a,2,60
2026-09-24T05:15:22.523,POST,/desembolsos,201,253.1,132.9,,5d337757-12e5-4e26-972f-935ac9019251,2,60
2026-09-24T05:15:22.523,POST,/desembolsos,201,254.5,137.1,,6976a43e-aaa4-41c8-ab4b-be1da94cea24,2,60
2026-09-24T05:15:22.723,POST,/desembolsos,201,238.2,117.4,,d7aa69c2-766f-4fd0-843c-3a9288da0919,1,60
2026-09-24T05:15:22.832,POST,/desembolsos,201,234.4,111.7,,80bbdd80-716c-4b87-a27d-d9b235939e0d,1,60
2026-09-24T05:15:22.943,POST,/desembolsos,201,237.3,114.3,,ad640d82-9656-4d18-b7a7-c88167c1faae,1,60
2026-09-24T05:15:23.039,POST,/desembolsos,201,233.5,114.1,,c02c10bb-86eb-4514-adba-f116a0b5bbd4,1,60
2026-09-24T05:15:23.137,POST,/desembolsos,201,261.8,136.0,,ac37d180-6e78-4545-8990-05b645889c46,1,60
2026-09-24T05:15:18.144,POST,/desembolsos,0,5369.7,110.0,timeout,2e87396c-d908-4390-bea2-da752da10b81,1,60
2026-09-24T05:15:23.254,POST,/desembolsos,201,266.3,145.7,,54d8e130-1fa0-428d-87f3-36f5171f303e,1,60
2026-09-24T05:15:23.431,POST,/desembolsos,201,236.2,115.7,,899b0428-ea34-4961-bd65-d0d4c36527dd,1,60
2026-09-24T05:15:23.514,POST,/desembolsos,201,235.1,113.0,,9f6a988b-dfdf-4b10-9662-22dce3e32692,3,60
2026-09-24T05:15:23.546,POST,/desembolsos,201,232.8,113.6,,d3233519-d8c1-4c8c-9b73-61906fa5d632,1,60
2026-09-24T05:15:23.645,POST,/desembolsos,201,238.0,116.2,,af86097b-d6b5-40a5-a296-b570f8954101,1,60
2026-09-24T05:15:23.748,POST,/desembolsos,201,249.1,113.0,,ba434d4d-18e4-49e5-be0c-0286b806b7df,1,60
2026-09-24T05:15:23.830,POST,/desembolsos,201,231.0,110.0,,cdf0c2b3-80c2-447b-9b2d-3af5c6064d46,1,60
2026-09-24T05:15:24.046,POST,/desembolsos,201,241.1,123.0,,602e8445-7f47-494c-b9e3-4079707c0c39,1,60
2026-09-24T05:15:24.141,POST,/desembolsos,201,248.5,123.7,,b0e1636b-c075-4142-b537-a432771eb508,1,60
2026-09-24T05:15:24.248,POST,/desembolsos,201,243.2,125.1,,9430b286-7479-43cb-b48c-f6bcea2eec95,1,60
2026-09-24T05:15:19.240,POST,/desembolsos,0,5275.2,112.6,timeout,ce096d60-b4a4-4311-bbc8-98c78f312a79,1,60
2026-09-24T05:15:19.038,POST,/desembolsos,0,5477.0,110.3,timeout,fdfb9e0e-ac99-4723-bde0-1a5aa8a8edfe,1,60
2026-09-24T05:15:18.640,POST,/desembolsos,0,5875.2,112.6,timeout,e8e77811-3706-471b-a742-3f34bd8c05e5,1,60
2026-09-24T05:15:18.540,POST,/desembolsos,0,5975.5,113.5,timeout,5c7ddafb-220d-4852-bcd4-aaea072f2f1b,1,60
2026-09-24T05:15:24.347,POST,/desembolsos,201,242.0,113.5,,fc851763-b5e8-4837-979c-39264c1e55c0,1,60
2026-09-24T05:15:24.448,POST,/desembolsos,201,276.7,124.9,,cb0e582f-fd21-43fa-beff-4310410f635b,1,60
2026-09-24T05:15:24.725,POST,/desembolsos,201,241.8,119.4,,a37719a9-1d7a-409d-a54b-7920296d0a07,1,60
2026-09-24T05:15:24.841,POST,/desembolsos,201,244.6,113.2,,1b44ced5-948d-4e80-8985-f47abd944b47,1,60
2026-09-24T05:15:25.049,POST,/desembolsos,201,269.4,122.5,,047bf9eb-f003-4867-b9bf-92e7e13a5c0a,1,60
2026-09-24T05:15:25.232,POST,/desembolsos,201,243.3,112.0,,b1ecc0a3-b6cf-48ad-8839-b6560b07423a,1,60
2026-09-24T05:15:19.732,POST,/desembolsos,0,5774.5,110.9,timeout,a9fd8b13-b055-4af1-ac5e-7b7e09a9e7d4,1,60
2026-09-24T05:15:19.842,POST,/desembolsos,0,5664.5,113.6,timeout,5cdd1a7a-03ca-4fbf-834b-453353468fb8,1,60
2026-09-24T05:15:20.339,POST,/desembolsos,0,5167.8,134.2,timeout,f30c58c1-4d30-478a-bf1a-841ae8661906,1,60
2026-09-24T05:15:19.540,POST,/desembolsos,0,5967.6,113.1,timeout,d6fca396-d075-449d-8bd3-e32e2c333674,1,60
2026-09-24T05:15:25.343,POST,/desembolsos,201,265.3,117.2,,a513b14b-eed2-4e5c-b627-c4b383fa065e,1,60
2026-09-24T05:15:25.448,POST,/desembolsos,201,277.4,157.0,,46b5fd48-aba9-4362-816d-09f23e3a9ad8,1,60
2026-09-24T05:15:25.506,POST,/desembolsos,201,228.1,110.9,,ce096d60-b4a4-4311-bbc8-98c78f312a79,2,60
2026-09-24T05:15:25.507,POST,/desembolsos,201,231.8,112.3,,e8e77811-3706-471b-a742-3f34bd8c05e5,2,60
2026-09-24T05:15:25.507,POST,/desembolsos,201,239.0,112.3,,fdfb9e0e-ac99-4723-bde0-1a5aa8a8edfe,2,60
2026-09-24T05:15:25.718,POST,/desembolsos,201,229.7,110.9,,c9f07b4c-0103-45cf-8411-7d7cf6352215,1,60
2026-09-24T05:15:25.823,POST,/desembolsos,201,229.8,111.1,,3f675d7c-481b-43ca-8a48-f8351f2517ac,1,60
2026-09-24T05:15:25.938,POST,/desembolsos,201,234.3,113.8,,a3ac9190-a855-45fa-9da9-2fc4876bf345,1,60
2026-09-24T05:15:26.054,POST,/desembolsos,201,232.0,111.5,,6b31e543-a44d-485b-8576-a1c288ba983f,1,60
2026-09-24T05:15:26.135,POST,/desembolsos,201,232.2,114.0,,10763149-c698-4c6c-b6dc-1f66fd19612f,1,60
2026-09-24T05:15:26.232,POST,/desembolsos,201,236.3,115.2,,4175a575-94a0-4181-9bc6-38067dc2c41c,1,60
2026-09-24T05:15:21.439,POST,/desembolsos,0,5076.1,114.8,timeout,9cc5e83c-044b-432c-a0e7-caf761fed4dc,1,60
2026-09-24T05:15:20.531,POST,/desembolsos,0,5983.9,113.3,timeout,6c8063c6-3968-4d06-804e-5f29f28d071b,1,60
2026-09-24T05:15:21.046,POST,/desembolsos,0,5469.4,119.4,timeout,cdf14d2d-657e-4a63-bff9-98705dfbde7a,1,60
2026-09-24T05:15:26.346,POST,/desembolsos,201,231.6,111.6,,5fb637b8-b87a-403d-97a4-2167a1e88f9f,1,60
2026-09-24T05:15:26.515,POST,/desembolsos,201,258.8,141.2,,f30c58c1-4d30-478a-bf1a-841ae8661906,2,60
2026-09-24T05:15:26.515,POST,/desembolsos,201,263.3,143.4,,5cdd1a7a-03ca-4fbf-834b-453353468fb8,2,60
2026-09-24T05:15:26.515,POST,/desembolsos,201,263.7,143.7,,d6fca396-d075-449d-8bd3-e32e2c333674,2,60
2026-09-24T05:15:26.639,POST,/desembolsos,201,235.8,115.3,,59fbd3ac-4e4c-4d15-b289-27ad749328a7,1,60
2026-09-24T05:15:26.732,POST,/desembolsos,201,232.7,115.1,,5d971a79-ae33-4a85-a721-466b8acfd2e9,1,60
2026-09-24T05:15:27.140,POST,/desembolsos,201,229.5,110.2,,2ba75397-c662-4e4b-9875-9f95e127aec9,1,60
2026-09-24T05:15:21.531,POST,/desembolsos,0,5983.9,124.9,timeout,6c1f3d6e-e66e-4eab-9d0d-b396f5879e81,1,60
2026-09-24T05:15:22.340,POST,/desembolsos,0,5172.0,112.5,timeout,f0d372eb-3889-4b3d-ad3d-4e8add2fb3fe,1,60
2026-09-24T05:15:22.147,POST,/desembolsos,0,5368.4,111.3,timeout,0d2f6e74-2e3c-477f-a418-ce92ed9dde06,1,60
2026-09-24T05:15:22.231,POST,/desembolsos,0,5284.8,113.4,timeout,03c813c0-b8b6-459f-8054-eeb2ea3e6e77,1,60
2026-09-24T05:15:27.340,POST,/desembolsos,201,248.1,123.8,,602787d3-61d9-49f8-a71e-d676cd579bf1,1,60
2026-09-24T05:15:27.440,POST,/desembolsos,201,231.7,111.5,,a70439ee-4664-4111-a870-f65f22d915ea,1,60
2026-09-24T05:15:27.515,POST,/desembolsos,201,235.1,112.7,,9cc5e83c-044b-432c-a0e7-caf761fed4dc,2,60
2026-09-24T05:15:27.515,POST,/desembolsos,201,237.2,112.7,,cdf14d2d-657e-4a63-bff9-98705dfbde7a,2,60
2026-09-24T05:15:27.548,POST,/desembolsos,201,236.7,117.6,,3aea2d01-26bb-40f2-90ac-1e58480da235,1,60
2026-09-24T05:15:27.731,POST,/desembolsos,201,240.2,117.3,,110a35ed-33ad-49d5-b0b3-a0aaf433362f,1,60
2026-09-24T05:15:27.952,POST,/desembolsos,201,251.0,126.1,,dd7d0688-dec1-4aa7-884a-1dea7f7952cf,1,60
2026-09-24T05:15:28.046,POST,/desembolsos,201,258.6,114.3,,9f5da468-cd95-4481-aa10-c8398d689691,1,60
2026-09-24T05:15:28.160,POST,/desembolsos,201,265.9,145.2,,5793d1a2-1245-4828-b028-d8f4852684f1,1,60
2026-09-24T05:15:28.240,POST,/desembolsos,201,240.7,112.9,,a05588e0-dc81-4f56-8485-fa06b5f87264,1,60
2026-09-24T05:15:23.351,POST,/desembolsos,0,5171.5,120.9,timeout,a85c323b-fb0c-4647-9341-22f49842a488,1,60
2026-09-24T05:15:23.514,POST,/desembolsos,0,5008.2,112.9,timeout,d4f025db-53bd-4692-8e76-da58d68c368b,2,60
2026-09-24T05:15:23.514,POST,/desembolsos,0,5008.4,112.7,timeout,85d99354-6eca-4f29-9a83-b3d0e7071406,2,60
2026-09-24T05:15:22.523,POST,/desembolsos,0,5997.9,131.4,timeout,c1eee114-6ee9-47a7-9193-b9a8f23cad1b,1,60
2026-09-24T05:15:23.514,POST,/desembolsos,0,5008.7,113.2,timeout,17d74363-0f1a-44ea-8bd4-73b31b083793,2,60
2026-09-24T05:15:22.648,POST,/desembolsos,0,5875.2,115.7,timeout,540830a2-2b02-49a1-af6b-6ddff0d46d56,1,60
2026-09-24T05:15:28.348,POST,/desembolsos,201,228.8,113.6,,e9821c60-f976-4560-8683-63dbbc27b3d7,1,60
2026-09-24T05:15:28.423,POST,/desembolsos,201,230.2,112.7,,afd8d316-80bc-4fa0-9797-623b2c9b5206,1,60
2026-09-24T05:15:28.523,POST,/desembolsos,201,271.1,111.8,,0d2f6e74-2e3c-477f-a418-ce92ed9dde06,2,60
2026-09-24T05:15:28.523,POST,/desembolsos,201,270.8,112.4,,f0d372eb-3889-4b3d-ad3d-4e8add2fb3fe,2,60
2026-09-24T05:15:28.523,POST,/desembolsos,201,271.0,112.6,,6c1f3d6e-e66e-4eab-9d0d-b396f5879e81,2,60
2026-09-24T05:15:28.633,POST,/desembolsos,201,284.9,160.5,,61931db4-ad31-4844-a0a8-cd3221374ffb,1,60
2026-09-24T05:15:28.838,POST,/desembolsos,201,267.2,148.1,,2bf62841-253e-4b42-a0bb-077b466021dd,1,60
2026-09-24T05:15:29.055,POST,/desembolsos,201,239.7,113.2,,85ad2167-4d40-4736-bd64-7696e21815f2,1,60
2026-09-24T05:15:24.515,POST,/desembolsos,0,4991.2,115.9,timeout,2e87396c-d908-4390-bea2-da752da10b81,2,60
2026-09-24T05:15:23.930,POST,/desembolsos,0,5576.6,119.4,timeout,c1e79e2f-11a4-4f32-a32c-d33c262fe01f,1,60
2026-09-24T05:15:29.331,POST,/desembolsos,201,265.0,142.0,,28d260a3-6866-4744-a83e-a41c3d4f700f,1,60
2026-09-24T05:15:29.424,POST,/desembolsos,201,267.0,148.0,,b158c09e-d5bb-4f66-aaf8-6ca796d46b09,1,60
2026-09-24T05:15:29.506,POST,/desembolsos,201,237.9,112.3,,540830a2-2b02-49a1-af6b-6ddff0d46d56,2,60
2026-09-24T05:15:29.506,POST,/desembolsos,201,237.8,113.3,,17d74363-0f1a-44ea-8bd4-73b31b083793,3,60
2026-09-24T05:15:29.506,POST,/desembolsos,201,237.8,113.2,,c1eee114-6ee9-47a7-9193-b9a8f23cad1b,2,60
2026-09-24T05:15:29.506,POST,/desembolsos,201,237.9,113.5,,85d99354-6eca-4f29-9a83-b3d0e7071406,3,60
2026-09-24T05:15:29.506,POST,/desembolsos,201,237.8,113.0,,d4f025db-53bd-4692-8e76-da58d68c368b,3,60
2026-09-24T05:15:29.540,POST,/desembolsos,201,228.1,109.8,,dfef1de7-1ca2-4cd3-a30e-e666afc00efe,1,60
2026-09-24T05:15:29.615,POST,/desembolsos,201,242.4,114.9,,1b13db78-2c8e-4fc4-a607-1556cd9f038b,1,60
2026-09-24T05:15:29.847,POST,/desembolsos,201,229.2,110.8,,4bc3ea0a-225f-472b-ac75-ea56ccd33030,1,60
2026-09-24T05:15:29.940,POST,/desembolsos,201,245.4,125.2,,28fe8f05-c8b2-43e6-93d5-b28596dc7b4c,1,60
2026-09-24T05:15:30.136,POST,/desembolsos,201,227.0,111.5,,70f1fb53-1c73-4dce-a04e-7c1a322fc0c7,1,60
2026-09-24T05:15:30.240,POST,/desembolsos,201,230.2,110.7,,c5f19b40-4f41-4f71-b01a-5c90bea5f253,1,60
2026-09-24T05:15:25.507,POST,/desembolsos,0,4999.8,111.9,timeout,5c7ddafb-220d-4852-bcd4-aaea072f2f1b,2,60
2026-09-24T05:15:24.548,POST,/desembolsos,0,5959.0,133.3,timeout,92832c9d-0e28-4eca-bf5d-a6a9a580639a,1,60
2026-09-24T05:15:25.132,POST,/desembolsos,0,5375.2,133.3,timeout,84e88b4e-e57e-43a8-acdf-e0a9428731b6,1,60
2026-09-24T05:15:24.950,POST,/desembolsos,0,5557.4,111.5,timeout,16fa5504-0fbb-475b-a886-18eedcae05a0,1,60
2026-09-24T05:15:24.630,POST,/desembolsos,0,5876.9,123.3,timeout,ad6dd743-3828-49aa-a523-4081c82be33d,1,60
2026-09-24T05:15:30.347,POST,/desembolsos,201,235.7,114.1,,d017a39a-91c3-4af0-8c0e-53b4f66cf56c,1,60
2026-09-24T05:15:30.433,POST,/desembolsos,201,237.1,113.0,,bf8b160c-f890-4814-a3dc-79084995a76e,1,60
2026-09-24T05:15:30.507,POST,/desembolsos,201,235.9,116.0,,c1e79e2f-11a4-4f32-a32c-d33c262fe01f,2,60
2026-09-24T05:15:30.507,POST,/desembolsos,201,236.5,120.6,,2e87396c-d908-4390-bea2-da752da10b81,3,60
2026-09-24T05:15:30.531,POST,/desembolsos,201,257.0,138.4,,474fb2df-081c-4dd4-8e88-c6b99e076610,1,60
2026-09-24T05:15:30.622,POST,/desembolsos,201,234.0,113.4,,34d4a7a9-d150-46f4-bbc1-e4bfdf7cae4b,1,60
2026-09-24T05:15:30.732,POST,/desembolsos,201,234.7,113.3,,f4d35a41-34b4-40a7-9151-21578e74ea3d,1,60
2026-09-24T05:15:30.836,POST,/desembolsos,201,230.1,111.3,,7d4a13a2-6ed5-410e-9f5d-4b1f95ee9364,1,60
2026-09-24T05:15:30.933,POST,/desembolsos,201,238.0,114.4,,6e5a3bda-687f-4a7d-91da-2ebeed5e3836,1,60
2026-09-24T05:15:31.032,POST,/desembolsos,201,261.6,113.2,,737c6daa-eb2c-4175-ae97-26d6e49f2326,1,60
2026-09-24T05:15:31.146,POST,/desembolsos,201,233.6,112.0,,996d8c1f-5f60-4e89-bcdb-f8ec18d50003,1,60
2026-09-24T05:15:31.232,POST,/desembolsos,201,234.4,114.6,,c497dc79-fdfe-45d1-ac81-373a2149683d,1,60
2026-09-24T05:15:26.515,POST,/desembolsos,0,4999.1,143.2,timeout,a9fd8b13-b055-4af1-ac5e-7b7e09a9e7d4,2,60
2026-09-24T05:15:26.440,POST,/desembolsos,0,5074.8,116.9,timeout,7bfc6fc9-7f50-40fb-a893-687bfeff0d41,1,60
2026-09-24T05:15:25.640,POST,/desembolsos,0,5874.9,115.6,timeout,6087b896-d408-4fa1-8fd0-8078b1b3b952,1,60
2026-09-24T05:15:25.532,POST,/desembolsos,0,5984.1,189.0,timeout,d2b587a1-add7-45cc-aaa2-30820107f38a,1,60
2026-09-24T05:15:31.340,POST,/desembolsos,201,243.1,119.3,,4b9c212e-85c2-465c-b15c-f3d35a6b92aa,1,60
2026-09-24T05:15:31.440,POST,/desembolsos,201,226.8,111.3,,01fa51e4-0bbb-4145-b501-5fbb7824b922,1,60
2026-09-24T05:15:31.515,POST,/desembolsos,201,232.0,112.9,,84e88b4e-e57e-43a8-acdf-e0a9428731b6,2,60
2026-09-24T05:15:31.515,POST,/desembolsos,201,232.4,113.3,,5c7ddafb-220d-4852-bcd4-aaea072f2f1b,3,60
2026-09-24T05:15:31.515,POST,/desembolsos,201,232.7,113.5,,ad6dd743-3828-49aa-a523-4081c82be33d,2,60
2026-09-24T05:15:31.515,POST,/desembolsos,201,232.3,113.3,,16fa5504-0fbb-475b-a886-18eedcae05a0,2,60
2026-09-24T05:15:31.515,POST,/desembolsos,201,232.3,113.5,,92832c9d-0e28-4eca-bf5d-a6a9a580639a,2,60
2026-09-24T05:15:31.540,POST,/desembolsos,201,236.6,116.6,,afd1e0fd-7bbe-48a7-b851-dba7e4f4f4a1,1,60
2026-09-24T05:15:31.649,POST,/desembolsos,201,232.2,112.9,,3f8e3e2f-7f6f-4a3f-9f68-0585747cca1f,1,60
2026-09-24T05:15:31.741,POST,/desembolsos,201,233.1,114.6,,71e07873-86fd-4658-b805-37d3ca3642e8,1,60
2026-09-24T05:15:31.838,POST,/desembolsos,201,250.6,132.8,,cb7d6b37-3e5d-49f0-91dc-f458f0bcfca7,1,60
2026-09-24T05:15:31.936,POST,/desembolsos,201,266.6,144.7,,48f2f7ce-4814-4b96-a064-ad84e3463d78,1,60
2026-09-24T05:15:32.048,POST,/desembolsos,201,238.0,115.4,,c052db6c-3a61-401a-9345-8fc79b99971f,1,60
2026-09-24T05:15:32.146,POST,/desembolsos,201,238.7,119.4,,055b012a-705c-4fa4-9664-504632fd7afd,1,60
2026-09-24T05:15:32.238,POST,/desembolsos,201,242.8,112.6,,186d03d8-2eec-4023-88b8-6453b6db0149,1,60
2026-09-24T05:15:26.943,POST,/desembolsos,0,5569.6,119.2,timeout,2c44e543-730e-42e5-8732-24b797c72311,1,60
2026-09-24T05:15:26.548,POST,/desembolsos,0,5977.6,110.4,timeout,39cb7244-a1ee-473e-9e5a-478723169ce1,1,60
2026-09-24T05:15:26.845,POST,/desembolsos,0,5681.1,111.7,timeout,1ba76a4c-42eb-4d83-b610-ddc0beb722e6,1,60
2026-09-24T05:15:27.515,POST,/desembolsos,0,5010.7,111.6,timeout,6c8063c6-3968-4d06-804e-5f29f28d071b,2,60
2026-09-24T05:15:27.026,POST,/desembolsos,0,5500.8,117.8,timeout,3a4ab9b3-98e0-4aa0-ab79-bc7efd30813f,1,60
2026-09-24T05:15:27.240,POST,/desembolsos,0,5286.5,117.9,timeout,cb88cd53-548b-47d3-9f59-0ceccd2092b0,1,60
2026-09-24T05:15:32.336,POST,/desembolsos,201,237.4,112.6,,4857d57d-d230-4529-a723-a39a027d7eb5,1,60
2026-09-24T05:15:32.447,POST,/desembolsos,201,242.3,119.2,,6f5a59aa-78a9-4c37-bff3-129acec2f3d3,1,60
2026-09-24T05:15:32.526,POST,/desembolsos,201,251.7,125.0,,7bfc6fc9-7f50-40fb-a893-687bfeff0d41,2,60
2026-09-24T05:15:32.526,POST,/desembolsos,201,251.7,135.0,,23b265f5-2dd4-412b-a1cb-91503520a938,1,60
2026-09-24T05:15:32.526,POST,/desembolsos,201,253.4,134.8,,a9fd8b13-b055-4af1-ac5e-7b7e09a9e7d4,3,60
2026-09-24T05:15:32.526,POST,/desembolsos,201,254.1,135.4,,d2b587a1-add7-45cc-aaa2-30820107f38a,2,60
2026-09-24T05:15:32.526,POST,/desembolsos,201,253.8,130.5,,6087b896-d408-4fa1-8fd0-8078b1b3b952,2,60
2026-09-24T05:15:32.637,POST,/desembolsos,201,244.0,120.7,,674dbf31-32a0-4492-a1b0-426ec8e16c39,1,60
2026-09-24T05:15:32.747,POST,/desembolsos,201,234.3,114.5,,55ee37d8-f341-4395-b36c-5acf1fe5b04d,1,60
2026-09-24T05:15:32.857,POST,/desembolsos,201,247.4,120.7,,5c2154bb-5e7e-43be-9cce-cd85583fcf83,1,60
2026-09-24T05:15:32.939,POST,/desembolsos,201,239.4,111.5,,d0449519-f49d-4813-a5b7-b0a3390fb109,1,60
2026-09-24T05:15:33.038,POST,/desembolsos,201,273.6,140.8,,0d97d847-92d1-4507-833d-832c2e3228c8,1,60
2026-09-24T05:15:33.147,POST,/desembolsos,201,277.5,157.8,,84c8c7d9-2409-4917-9617-0f8157926f77,1,60
2026-09-24T05:15:33.231,POST,/desembolsos,201,227.8,110.5,,f3d24bb2-897f-4331-8473-b8e5757f5524,1,60
2026-09-24T05:15:27.848,POST,/desembolsos,0,5659.2,114.8,timeout,fefecc10-452c-415a-9d40-12ab88feca64,1,60
2026-09-24T05:15:27.624,POST,/desembolsos,0,5880.5,111.2,timeout,bb5db2a5-668a-497f-94c5-30f1c4b2dd01,1,60
2026-09-24T05:15:33.332,POST,/desembolsos,201,240.2,123.0,,2152c9a6-bc39-4acf-b6c8-f0332f50bc29,1,60
2026-09-24T05:15:33.449,POST,/desembolsos,201,237.2,113.5,,671919d5-5073-4e1b-a5c1-0074c0b805bd,1,60
2026-09-24T05:15:33.507,POST,/desembolsos,201,231.1,112.4,,39cb7244-a1ee-473e-9e5a-478723169ce1,2,60
2026-09-24T05:15:33.507,POST,/desembolsos,201,260.8,112.6,,1ba76a4c-42eb-4d83-b610-ddc0beb722e6,2,60
2026-09-24T05:15:33.507,POST,/desembolsos,201,260.9,113.2,,3a4ab9b3-98e0-4aa0-ab79-bc7efd30813f,2,60
2026-09-24T05:15:33.507,POST,/desembolsos,201,260.8,113.5,,6c8063c6-3968-4d06-804e-5f29f28d071b,3,60
2026-09-24T05:15:33.507,POST,/desembolsos,201,260.6,113.1,,cb88cd53-548b-47d3-9f59-0ceccd2092b0,2,60
2026-09-24T05:15:33.532,POST,/desembolsos,201,236.1,110.6,,c379ca3d-1854-4aec-88a1-b7bbc160b27d,1,60
2026-09-24T05:15:33.507,POST,/desembolsos,201,260.8,113.4,,2c44e543-730e-42e5-8732-24b797c72311,2,60
2026-09-24T05:15:33.616,POST,/desembolsos,201,268.4,116.7,,faeddbf8-6d4f-43e7-bf64-3234df777a6d,1,60
2026-09-24T05:15:33.732,POST,/desembolsos,201,266.6,144.0,,655792f3-0d53-4d7c-b091-1d66602991d0,1,60
2026-09-24T05:15:33.854,POST,/desembolsos,201,284.5,113.1,,5ed79908-7b86-4cb5-9f66-df61df40a2e8,1,60
2026-09-24T05:15:33.952,POST,/desembolsos,201,233.3,114.0,,c2781ada-f320-4ce3-85b8-80288c1313d3,1,60
2026-09-24T05:15:34.051,POST,/desembolsos,201,236.7,113.8,,6b4a472a-66ed-4300-944b-841dc1c58250,1,60
2026-09-24T05:15:34.135,POST,/desembolsos,201,233.5,115.5,,6d379299-e64a-48e0-a271-7315d3c2b6b5,1,60
2026-09-24T05:15:34.232,POST,/desembolsos,201,235.0,116.1,,4895eb3a-cb32-451a-a2a5-de4db61bff51,1,60
2026-09-24T05:15:29.136,POST,/desembolsos,0,5378.6,120.6,timeout,e8c57bee-099d-458f-b426-955634cd312f,1,60
2026-09-24T05:15:28.751,POST,/desembolsos,0,5764.0,129.9,timeout,572c2c1b-3413-4dac-9165-c52b922fa1ba,1,60
2026-09-24T05:15:28.522,POST,/desembolsos,0,5993.1,112.9,timeout,03c813c0-b8b6-459f-8054-eeb2ea3e6e77,2,60
2026-09-24T05:15:28.536,POST,/desembolsos,0,5977.3,110.2,timeout,06f5f4cc-5b67-4c33-986d-58fefa137b30,1,60
2026-09-24T05:15:29.240,POST,/desembolsos,0,5274.8,113.3,timeout,b8a190e3-44ca-48f0-9df0-c7da8144ca88,1,60
2026-09-24T05:15:29.506,POST,/desembolsos,0,5008.8,111.9,timeout,a85c323b-fb0c-4647-9341-22f49842a488,2,60
2026-09-24T05:15:28.944,POST,/desembolsos,0,5571.3,112.4,timeout,df7289e3-6e94-4559-a6c3-14199d65c5b4,1,60
2026-09-24T05:15:34.341,POST,/desembolsos,201,235.7,113.1,,d8a7033b-3e2b-4507-9382-c1bbb739e5be,1,60
2026-09-24T05:15:34.441,POST,/desembolsos,201,229.9,112.1,,72b1f588-181f-45e2-8292-082113c52435,1,60
2026-09-24T05:15:34.515,POST,/desembolsos,201,231.4,112.4,,fefecc10-452c-415a-9d40-12ab88feca64,2,60
2026-09-24T05:15:34.515,POST,/desembolsos,201,231.9,112.8,,bb5db2a5-668a-497f-94c5-30f1c4b2dd01,2,60
2026-09-24T05:15:34.541,POST,/desembolsos,201,232.8,117.2,,9c2dc381-aa3f-4eb9-bc33-923f0f41b14c,1,60
2026-09-24T05:15:34.648,POST,/desembolsos,201,238.1,112.3,,4055a4b9-3549-44aa-8a6c-5f45f0d030c7,1,60
2026-09-24T05:15:34.740,POST,/desembolsos,201,256.0,137.7,,c25daf7e-7a98-43c6-9a07-f55a5e341068,1,60
2026-09-24T05:15:34.837,POST,/desembolsos,201,236.9,112.0,,5bb6f674-c624-4272-bb83-9f39bf039ab4,1,60
2026-09-24T05:15:34.936,POST,/desembolsos,201,240.8,117.8,,c6abfa63-739b-469f-ae66-d496928c2096,1,60
2026-09-24T05:15:35.049,POST,/desembolsos,201,239.1,114.6,,ca16ae9e-d267-43b6-ad09-83d69253f9bf,1,60
2026-09-24T05:15:35.147,POST,/desembolsos,201,242.5,110.1,,fc9f831d-0098-4ea5-8f09-2b3eb7fe7563,1,60
2026-09-24T05:15:35.241,POST,/desembolsos,201,264.6,142.9,,47f0199d-f947-4303-83a3-5a96aa71be82,1,60
2026-09-24T05:15:29.732,POST,/desembolsos,0,5774.0,119.4,timeout,f155a5ff-93b4-4105-af4c-69ec6fd47879,1,60
2026-09-24T05:15:30.053,POST,/desembolsos,0,5452.8,113.7,timeout,aaaf2cff-de7b-4691-a819-9abe50059100,1,60
2026-09-24T05:15:35.349,POST,/desembolsos,201,276.3,125.1,,983402a3-7be8-4299-b05a-d21915dedd81,1,60
2026-09-24T05:15:35.449,POST,/desembolsos,201,225.8,110.3,,f66d8be2-8417-4b50-8b0a-8bb98995458f,1,60
2026-09-24T05:15:35.505,POST,/desembolsos,201,245.5,120.6,,572c2c1b-3413-4dac-9165-c52b922fa1ba,2,60
2026-09-24T05:15:35.505,POST,/desembolsos,201,245.9,120.7,,b8a190e3-44ca-48f0-9df0-c7da8144ca88,2,60
2026-09-24T05:15:35.505,POST,/desembolsos,201,246.2,120.7,,06f5f4cc-5b67-4c33-986d-58fefa137b30,2,60
2026-09-24T05:15:35.505,POST,/desembolsos,201,245.5,120.1,,df7289e3-6e94-4559-a6c3-14199d65c5b4,2,60
2026-09-24T05:15:35.505,POST,/desembolsos,201,246.6,120.2,,a85c323b-fb0c-4647-9341-22f49842a488,3,60
2026-09-24T05:15:35.505,POST,/desembolsos,201,249.6,120.1,,e8c57bee-099d-458f-b426-955634cd312f,2,60
2026-09-24T05:15:35.505,POST,/desembolsos,201,250.0,120.5,,03c813c0-b8b6-459f-8054-eeb2ea3e6e77,3,60
2026-09-24T05:15:35.541,POST,/desembolsos,201,235.9,113.3,,072b72c0-fb62-4bff-b941-45afc81254e9,1,60
2026-09-24T05:15:35.624,POST,/desembolsos,201,238.7,115.8,,f53ce4ac-38f7-46b4-adf6-3e4924ae908a,1,60
2026-09-24T05:15:35.732,POST,/desembolsos,201,237.4,118.9,,b918d13d-6df2-4e65-80f3-7e4c81523484,1,60
2026-09-24T05:15:35.844,POST,/desembolsos,201,239.1,115.3,,2c66bc12-4b89-4269-81fe-71e410ebe5ce,1,60
2026-09-24T05:15:35.942,POST,/desembolsos,201,273.1,125.4,,14f7eea0-c363-47bf-89b7-c026bd4d862c,1,60
2026-09-24T05:15:36.042,POST,/desembolsos,201,235.3,113.7,,2d9f4725-5552-417c-9ca5-6467c28e0cef,1,60
2026-09-24T05:15:36.142,POST,/desembolsos,201,237.6,115.9,,a8b8afd6-dfaa-405f-8a67-12ab85421e99,1,60
2026-09-24T05:15:36.241,POST,/desembolsos,201,236.2,116.4,,a7874914-e0ad-49fa-a126-a3d74779cc97,1,60
2026-09-24T05:15:36.332,POST,/desembolsos,201,234.0,113.0,,7285daad-4ccf-4ca4-8c79-87c23899d97e,1,60
2026-09-24T05:15:36.441,POST,/desembolsos,201,230.8,113.4,,92db399e-9525-4b43-9015-bfa28bd865ec,1,60
2026-09-24T05:15:36.507,POST,/desembolsos,201,227.4,112.6,,aaaf2cff-de7b-4691-a819-9abe50059100,2,60
2026-09-24T05:15:36.507,POST,/desembolsos,201,253.1,125.1,,f155a5ff-93b4-4105-af4c-69ec6fd47879,2,60
2026-09-24T05:15:36.532,POST,/desembolsos,201,241.7,116.5,,32ee940c-2fdf-41c6-af9b-77ea206241c1,1,60
2026-09-24T05:15:36.616,POST,/desembolsos,201,249.9,111.0,,46c0ba26-1c2c-4fa1-8f0f-8d91e5f03507,1,60
2026-09-24T05:15:36.730,POST,/desembolsos,201,263.2,139.7,,f32a8538-d3da-4b1f-b612-715f13d24fe3,1,60
2026-09-24T05:15:36.848,POST,/desembolsos,201,263.6,134.7,,30d5bc0e-70fb-46ca-af3c-10eabf6b36b0,1,60
2026-09-24T05:15:36.930,POST,/desembolsos,201,242.9,112.0,,b734aa36-bf5d-4299-8d70-d7f72df8e79c,1,60
2026-09-24T05:15:37.041,POST,/desembolsos,201,253.6,131.8,,498a28bb-5335-4bda-91b0-bcfb171c4067,1,60
2026-09-24T05:15:37.143,POST,/desembolsos,201,238.8,115.0,,c8ffecfc-5502-4345-93da-b54af7344239,1,60
2026-09-24T05:15:37.258,POST,/desembolsos,201,240.8,117.5,,a2873629-492e-4b5f-98ec-7e7298184738,1,60
2026-09-24T05:15:37.332,POST,/desembolsos,201,233.7,113.0,,19abb233-67ec-4599-ae77-64b0277d555e,1,60
2026-09-24T05:15:37.432,POST,/desembolsos,201,233.7,113.2,,3e331f03-9968-4567-831e-7b0e31389ea6,1,60
2026-09-24T05:15:37.541,POST,/desembolsos,201,238.8,121.3,,21a3ff64-282c-4e98-9e37-cc0771596b43,1,60
2026-09-24T05:15:37.649,POST,/desembolsos,201,234.8,112.7,,fc44c58b-ce1a-4c87-990e-4f22ed3f9cb3,1,60
2026-09-24T05:15:37.743,POST,/desembolsos,201,239.6,113.7,,96b69600-7d40-42b0-8fd1-277d517b7b4f,1,60
2026-09-24T05:15:37.847,POST,/desembolsos,201,232.7,114.2,,1dc4faeb-b248-48ce-af09-71d4a893439b,1,60
2026-09-24T05:15:37.931,POST,/desembolsos,201,233.4,113.1,,1ed98753-0e56-474b-92a9-4cdab0c7e49a,1,60
2026-09-24T05:15:38.044,POST,/desembolsos,201,231.1,112.6,,bd56e2fc-1e5f-4ff9-be46-ee56cccce34a,1,60
2026-09-24T05:15:38.139,POST,/desembolsos,201,226.9,110.2,,8f473f2f-45f0-4156-a7c0-d78eda6f684d,1,60
2026-09-24T05:15:38.240,POST,/desembolsos,201,232.7,114.2,,74b3cf3a-c9b6-45be-a99f-1c2ee0d6a7cf,1,60
2026-09-24T05:15:38.332,POST,/desembolsos,201,232.7,111.8,,83f944e1-989a-4181-abc1-59be72ac57aa,1,60
2026-09-24T05:15:38.432,POST,/desembolsos,201,233.4,111.2,,167c8fcc-320d-4a37-9e4a-11873501903a,1,60
2026-09-24T05:15:38.541,POST,/desembolsos,201,231.4,112.5,,5db57148-e666-4232-a6c2-3e4fa489e95a,1,60
2026-09-24T05:15:38.641,POST,/desembolsos,201,233.5,112.4,,dcae3738-eb71-49cf-9bb2-1c6759b2e47a,1,60
2026-09-24T05:15:38.735,POST,/desembolsos,201,239.8,119.0,,fcd2f5e2-58ff-4816-b223-7d30f26dbac0,1,60
2026-09-24T05:15:38.835,POST,/desembolsos,201,244.1,114.1,,a1cd965c-ca2e-432d-b89f-150c636f9576,1,60
2026-09-24T05:15:38.932,POST,/desembolsos,201,235.6,115.0,,a419b687-4932-4a87-a14d-7403483ceb78,1,60
2026-09-24T05:15:39.045,POST,/desembolsos,201,232.8,111.8,,b1feaf0e-06c2-41c5-92f0-f99eb2ff49aa,1,60
2026-09-24T05:15:39.137,POST,/desembolsos,201,255.5,112.7,,4312616e-1b4f-4e27-b5fb-50a50b8b3dae,1,60
2026-09-24T05:15:39.241,POST,/desembolsos,201,269.3,112.3,,ad1d92a0-2cf0-40b2-99cf-d4a47ed2001a,1,60
2026-09-24T05:15:39.341,POST,/desembolsos,201,227.8,110.7,,62d372dd-2546-4a26-a858-17b5aa82f124,1,60
2026-09-24T05:15:39.450,POST,/desembolsos,201,233.8,111.7,,587dcee0-3af2-4afa-9281-071bbc2b41f1,1,60
2026-09-24T05:15:39.541,POST,/desembolsos,201,230.4,111.4,,7d8235fe-6f8e-4791-aedb-d777162cbb93,1,60
2026-09-24T05:15:39.649,POST,/desembolsos,201,232.5,112.5,,8bac00e2-3a79-46db-a0da-33a07b402e1e,1,60
2026-09-24T05:15:39.740,POST,/desembolsos,201,233.8,113.5,,3eb37e09-5df3-4a91-a5f5-44f668d56b8d,1,60
2026-09-24T05:15:39.821,POST,/desembolsos,201,238.2,111.9,,de31b5fc-fbdd-4a41-91be-b655ef09bca7,1,60
2026-09-24T05:15:39.919,POST,/desembolsos,201,232.8,111.6,,9c0853d5-5a0b-4676-92f4-d3b55e2a0d6a,1,60
2026-09-24T05:15:40.031,POST,/desembolsos,201,240.7,120.5,,bfbaf319-aa88-4d5d-9309-5fc81aae6a11,1,60
2026-09-24T05:15:40.147,POST,/desembolsos,201,233.8,111.0,,83ba2e16-58a0-4334-a47e-c5bf00a67c70,1,60
2026-09-24T05:15:40.232,POST,/desembolsos,201,235.0,114.1,,fad03562-991f-4aec-8095-a25aff705165,1,60
2026-09-24T05:15:40.341,POST,/desembolsos,201,237.6,115.2,,fce4289e-f21a-4ef2-92c5-336745bc517b,1,60
2026-09-24T05:15:40.441,POST,/desembolsos,201,226.7,110.5,,37e12942-c9bc-4ed1-8ced-2e8121151694,1,60
2026-09-24T05:15:40.533,POST,/desembolsos,201,241.6,113.3,,70f80521-890c-4389-be32-9a9853fca120,1,60
2026-09-24T05:15:40.633,POST,/desembolsos,201,236.8,115.1,,9b3f205f-bbbe-4e70-a23c-51424d89863a,1,60
2026-09-24T05:15:40.733,POST,/desembolsos,201,234.6,116.7,,efba893a-f1f0-426f-a802-3e8a1ac20844,1,60
2026-09-24T05:15:40.847,POST,/desembolsos,201,233.0,113.4,,78c3c984-7524-4520-b55b-f5872c568362,1,60
2026-09-24T05:15:40.928,POST,/desembolsos,201,230.4,113.8,,319ff5da-599c-4b96-87d3-7ebf71e69c55,1,60
2026-09-24T05:15:41.041,POST,/desembolsos,201,233.6,111.4,,085a6d63-143a-41e1-b8b8-4dedc27ba8b5,1,60
2026-09-24T05:15:41.139,POST,/desembolsos,201,235.3,114.1,,a5e168af-ca08-4000-ac6b-4f9fedc137e5,1,60
2026-09-24T05:15:41.249,POST,/desembolsos,201,233.6,113.7,,9b6d7fba-024b-479d-a3a5-13198aa6861a,1,60
2026-09-24T05:15:41.432,POST,/desembolsos,201,256.1,137.0,,f50ce600-f180-4dee-a5ce-00bc589a7229,1,60
2026-09-24T05:15:41.541,POST,/desembolsos,201,258.2,136.6,,800badff-ab40-4c09-a1f6-438ac3d66383,1,60
2026-09-24T05:15:41.340,POST,/desembolsos,201,492.6,372.2,,31991801-cb40-4ffd-aecd-fe85964103d8,1,60
2026-09-24T05:15:41.624,POST,/desembolsos,201,230.7,112.4,,8c3e2cca-bdbd-4164-8793-5f0509fdf5bd,1,60
2026-09-24T05:15:41.733,POST,/desembolsos,201,232.2,113.0,,4a811e42-e5a2-4a04-8acd-07f1fda08b83,1,60
2026-09-24T05:15:41.826,POST,/desembolsos,201,235.0,114.6,,4ae28e13-ab52-45b5-af32-dd6b9255e0b1,1,60
2026-09-24T05:15:41.936,POST,/desembolsos,201,231.7,111.7,,0653aad9-91bf-487c-86a9-5ff7d4a0be6c,1,60
2026-09-24T05:15:42.035,POST,/desembolsos,201,241.5,115.7,,e88d3056-128b-4508-9c35-a2703ab2b100,1,60
2026-09-24T05:15:42.132,POST,/desembolsos,201,247.0,124.1,,937c9af4-7adc-4b59-a7ea-e9cd9940c84f,1,60
2026-09-24T05:15:42.233,POST,/desembolsos,201,227.4,109.5,,28007747-dc63-46ac-aba9-ad94a768a3a0,1,60
2026-09-24T05:15:42.341,POST,/desembolsos,201,232.5,111.5,,daae2a4c-1a12-4967-8a05-9dce62a66ff9,1,60
2026-09-24T05:15:42.449,POST,/desembolsos,201,237.6,114.1,,8a7402ab-97d9-4417-ae8b-19b889ed9114,1,60
2026-09-24T05:15:42.541,POST,/desembolsos,201,231.3,109.1,,38e3f54c-31f0-4374-b0cd-1d16143acfd7,1,60
2026-09-24T05:15:42.641,POST,/desembolsos,201,250.2,131.4,,a0c643d6-81c9-4cee-bca2-0de34ceb7d6c,1,60
2026-09-24T05:15:42.735,POST,/desembolsos,201,233.4,114.4,,3e248e33-298c-4780-adfe-1e9986d559c0,1,60
2026-09-24T05:15:42.836,POST,/desembolsos,201,235.1,114.9,,845c675e-8c93-4551-a443-46188ca8e190,1,60
2026-09-24T05:15:42.918,POST,/desembolsos,201,239.7,120.0,,84ba375d-06b3-4459-a825-1c4f805afc78,1,60
2026-09-24T05:15:43.035,POST,/desembolsos,201,233.3,111.2,,c8c9c3d6-eccc-4350-af8b-90e907b7a8d1,1,60
2026-09-24T05:15:43.147,POST,/desembolsos,201,239.8,117.8,,021f034a-b939-4e16-b696-b5ef8204003e,1,60
2026-09-24T05:15:43.241,POST,/desembolsos,201,231.7,113.8,,8e48fff7-f606-4e2e-8fae-c95d5a144147,1,60
2026-09-24T05:15:43.341,POST,/desembolsos,201,244.5,125.1,,622d0a63-68c9-409a-a657-95c81851d922,1,60
2026-09-24T05:15:43.440,POST,/desembolsos,201,248.8,130.4,,de8cdba7-2654-47ea-834e-931fb6de04eb,1,60
2026-09-24T05:15:43.541,POST,/desembolsos,201,259.9,138.7,,7d14e7e3-0155-450d-883a-52c875e3c89d,1,60
2026-09-24T05:15:43.641,POST,/desembolsos,201,237.5,119.2,,ea6f58dd-9221-4dc6-84a9-1d13225b8c26,1,60
2026-09-24T05:15:43.741,POST,/desembolsos,201,245.8,122.6,,5b92e51f-a424-4806-a07c-a4e9691bfb8d,1,60
2026-09-24T05:15:43.840,POST,/desembolsos,201,267.1,147.5,,debed48b-858a-4966-8efc-201b4aeb1331,1,60
2026-09-24T05:15:43.938,POST,/desembolsos,201,238.8,114.6,,fa1456cd-2652-48f2-b8c3-3b105bb9688b,1,60
2026-09-24T05:15:44.051,POST,/desembolsos,201,235.2,111.6,,1284c7ae-a542-49ac-a14e-ad4085718481,1,60
2026-09-24T05:15:44.149,POST,/desembolsos,201,258.8,137.8,,63e9dea3-25b7-4db6-9463-9f54d044fdd6,1,60
2026-09-24T05:15:44.233,POST,/desembolsos,201,249.0,117.7,,48b244e2-666f-43af-9028-a8a2e42ec550,1,60
2026-09-24T05:15:44.324,POST,/desembolsos,201,233.2,112.9,,1626e185-c7d5-45ac-820a-e707d922184f,1,60
2026-09-24T05:15:44.435,POST,/desembolsos,201,243.5,117.6,,0ecb42fd-d9bf-4676-bfe0-c1bab4fe85e7,1,60
2026-09-24T05:15:44.550,POST,/desembolsos,201,235.6,114.7,,32e86bd3-5ebb-4669-8885-1ddfe3047659,1,60
2026-09-24T05:15:44.641,POST,/desembolsos,201,233.9,114.3,,b2bd8b26-9775-4f6e-a51e-c0e9db79bb29,1,60
2026-09-24T05:15:44.735,POST,/desembolsos,201,237.2,114.8,,cc2fa0d2-e4e5-4eec-abbc-b5418c255841,1,60
2026-09-24T05:15:44.849,POST,/desembolsos,201,231.5,113.4,,ae5d694d-99d1-4c37-95cb-e764e8d4eabd,1,60
2026-09-24T05:15:44.937,POST,/desembolsos,201,241.0,124.2,,c8be2a21-fed5-4181-897d-453960b5436d,1,60
2026-09-24T05:15:45.052,POST,/desembolsos,201,242.0,114.5,,6d338d85-06fe-4d75-870c-2d69c4378a96,1,60
2026-09-24T05:15:45.134,POST,/desembolsos,201,247.1,117.0,,c6c7a8a0-8964-47b8-858d-6afef449c4a3,1,60
2026-09-24T05:15:45.241,POST,/desembolsos,201,247.9,125.8,,91e9de02-0bf7-4ff2-8e82-3b25dbb1bf6d,1,60
2026-09-24T05:15:45.333,POST,/desembolsos,201,266.0,117.4,,a48a5b86-f9d2-4c3f-8ef0-043f6cc01153,1,60
2026-09-24T05:15:45.449,POST,/desembolsos,201,262.3,114.9,,8ffdd90f-ee63-492c-a1c2-575df012ea5e,1,60
2026-09-24T05:15:45.533,POST,/desembolsos,201,243.2,112.9,,526d4ee4-a783-4b60-82b9-0a8264b6f323,1,60
2026-09-24T05:15:45.625,POST,/desembolsos,201,236.4,115.7,,68305327-571c-442c-8911-b49d965400a0,1,60
2026-09-24T05:15:45.739,POST,/desembolsos,201,237.9,112.9,,7cdd46fe-d05a-4b1f-8e4a-04cb52b19cbc,1,60
2026-09-24T05:15:45.839,POST,/desembolsos,201,262.6,111.3,,11ba3bb9-ba7c-4e1a-9cef-d3c36a30fc35,1,60
2026-09-24T05:15:45.940,POST,/desembolsos,201,268.1,114.4,,e0964d27-5150-496b-8ca2-a82dca0350b3,1,60
2026-09-24T05:15:46.036,POST,/desembolsos,201,232.6,114.5,,eea91f85-c22e-4840-acfb-1c09775b2815,1,60
2026-09-24T05:15:46.133,POST,/desembolsos,201,230.9,113.8,,44e34b22-2bf2-491b-8772-5d44c946d25b,1,60
2026-09-24T05:15:46.241,POST,/desembolsos,201,232.2,113.9,,d0974cd4-7a96-481c-a3a7-18e3509b0771,1,60
2026-09-24T05:15:46.353,POST,/desembolsos,201,257.9,112.5,,80b7bb15-5ed9-46b1-87b8-b0320432eb96,1,60
2026-09-24T05:15:46.450,POST,/desembolsos,201,227.9,110.5,,a1512bec-742e-4c33-a1f2-046c0445c6bf,1,60
2026-09-24T05:15:46.533,POST,/desembolsos,201,250.1,115.0,,7c187c86-5fb5-4c07-a08a-8c5fdb67b070,1,60
2026-09-24T05:15:46.641,POST,/desembolsos,201,263.4,136.0,,f5fb46d1-f8e6-4008-bcbd-0baf70e0e29c,1,60
2026-09-24T05:15:46.752,POST,/desembolsos,201,263.4,139.4,,1c1f56dc-8134-4e80-8be4-1afd3b83a7e9,1,60
2026-09-24T05:15:46.853,POST,/desembolsos,201,243.8,123.1,,1208c534-544f-419a-b732-92cc93b29772,1,60
2026-09-24T05:15:46.945,POST,/desembolsos,201,236.2,118.5,,0b365d9f-8641-4420-ae78-53374ada85ba,1,60
2026-09-24T05:15:47.057,POST,/desembolsos,201,230.6,111.8,,f496db61-ebe7-4543-bf7b-09f0c8af974d,1,60
2026-09-24T05:15:47.156,POST,/desembolsos,201,230.6,112.5,,734a6db9-2cc7-42f3-afc6-a52c4bc42511,1,60
2026-09-24T05:15:47.241,POST,/desembolsos,201,246.9,125.0,,d97b3c87-dbb5-4e79-9345-f512535a79d4,1,60
2026-09-24T05:15:47.341,POST,/desembolsos,201,234.8,117.0,,f20ef715-4ea2-4ba3-b943-aa95169c802d,1,60
2026-09-24T05:15:47.433,POST,/desembolsos,201,250.0,129.1,,07e61234-da56-45a0-8a5a-f299e4259196,1,60
2026-09-24T05:15:47.533,POST,/desembolsos,201,234.2,116.4,,870368b8-989a-4abf-990b-66e7bea758a0,1,60
2026-09-24T05:15:47.641,POST,/desembolsos,201,232.2,112.7,,d3b5d876-6f1d-4b33-9566-dc9d7a19cea3,1,60
2026-09-24T05:15:47.725,POST,/desembolsos,201,271.2,124.2,,30f18d73-d801-4919-b356-7ec14751b3ab,1,60
2026-09-24T05:15:47.848,POST,/desembolsos,201,255.1,112.3,,03717d9d-4d06-4635-b5c3-82a97eb03478,1,60
2026-09-24T05:15:47.943,POST,/desembolsos,201,234.1,117.2,,56f36381-3dd9-47aa-98c9-26572d2fcd34,1,60
2026-09-24T05:15:48.027,POST,/desembolsos,201,231.9,113.1,,d8be59dc-dc46-46b0-abd8-6a9f56ac498f,1,60
2026-09-24T05:15:48.125,POST,/desembolsos,201,238.8,117.8,,aaa479c2-83b6-4f36-9447-2bcf4d8bebf5,1,60
2026-09-24T05:15:48.249,POST,/desembolsos,201,236.5,117.0,,6f86f19f-d2ee-4412-99c7-ba65585649f7,1,60
2026-09-24T05:15:48.325,POST,/desembolsos,201,236.9,116.0,,bf14ee15-dab5-41ad-b6ae-68d1742c8acb,1,60
2026-09-24T05:15:48.433,POST,/desembolsos,201,233.5,113.4,,477819ba-24db-43f0-bd49-8b9cd8c4a6d1,1,60
2026-09-24T05:15:48.550,POST,/desembolsos,201,229.0,112.9,,619b37d3-1695-4ce9-bfa2-8b3b4300eb5f,1,60
2026-09-24T05:15:48.641,POST,/desembolsos,201,239.9,117.9,,8a29b4fd-90ce-4e7f-a553-1d6dac9d566d,1,60
2026-09-24T05:15:48.744,POST,/desembolsos,201,239.2,114.7,,8418fe36-bbb5-4771-ba5f-9bfbe28318bd,1,60
2026-09-24T05:15:48.846,POST,/desembolsos,201,236.8,110.4,,223ac0de-cea5-4964-ae3a-1ae8f3a5f275,1,60
2026-09-24T05:15:48.942,POST,/desembolsos,201,252.3,130.6,,21a8de41-7d1b-4d5d-b82f-b776d9df4f66,1,60
2026-09-24T05:15:49.040,POST,/desembolsos,201,236.8,116.4,,3d7ec772-72c8-409e-9053-b4ebfa967b23,1,60
2026-09-24T05:15:49.138,POST,/desembolsos,201,240.9,120.8,,0dd00cff-d8ac-433f-a975-55468a99a9a6,1,60
2026-09-24T05:15:49.341,POST,/desembolsos,201,239.3,117.1,,e06216db-d311-4a23-a22a-b206d5d8bb2e,1,60
2026-09-24T05:15:49.441,POST,/desembolsos,201,234.3,111.1,,e86a2913-4c5e-4c27-aca8-5097526e4d11,1,60
2026-09-24T05:15:49.233,POST,/desembolsos,201,462.1,336.9,,95c49b03-26da-4cfa-bf4d-9243abaaf149,1,60
2026-09-24T05:15:49.525,POST,/desembolsos,201,234.4,113.2,,da512795-0f6c-4168-a756-f419f50e58fa,1,60
2026-09-24T05:15:49.633,POST,/desembolsos,201,239.5,119.6,,3b1a90d9-fd83-428f-861b-d60b35e1ac3c,1,60
2026-09-24T05:15:49.734,POST,/desembolsos,201,238.4,116.6,,2933ca23-830d-4844-91bc-b1e3a6d5f2d5,1,60
2026-09-24T05:15:49.839,POST,/desembolsos,201,236.3,114.5,,f95483ea-af12-4daa-a306-f6c100f6ab46,1,60
2026-09-24T05:15:49.936,POST,/desembolsos,201,230.5,111.9,,b6c5ad0e-55a6-4422-81d9-b9759cc274f4,1,60
2026-09-24T05:15:50.047,POST,/desembolsos,201,232.5,111.5,,1987382b-7e7e-4092-a42c-b54aa68cd54d,1,60
2026-09-24T05:15:50.149,POST,/desembolsos,201,259.6,114.7,,fe8ca8cf-d873-4222-9c76-4dd2fcdef886,1,60
2026-09-24T05:15:50.233,POST,/desembolsos,201,227.8,110.0,,e8b07a95-e433-44e8-b8f1-e3400a1dc325,1,60
2026-09-24T05:15:50.341,POST,/desembolsos,201,232.9,110.9,,4803c0af-e32f-4e53-a0c6-22ec5c0cddbb,1,60
2026-09-24T05:15:50.450,POST,/desembolsos,201,242.7,121.3,,9507b607-c760-4934-8ca9-707cf3bfcde3,1,60
2026-09-24T05:15:50.525,POST,/desembolsos,201,231.3,113.3,,2699af9e-601c-434f-9111-76cc484a6383,1,60
2026-09-24T05:15:50.633,POST,/desembolsos,201,240.5,112.5,,e5ff742b-9875-4506-8c0f-b42a6d9ec0f1,1,60
2026-09-24T05:15:50.744,POST,/desembolsos,201,232.7,113.7,,30ff3d5d-d925-491e-8511-7ff96dbf84fa,1,60
2026-09-24T05:15:50.831,POST,/desembolsos,201,230.6,113.9,,7d0802de-a78f-4e3e-bfc6-74296170baf2,1,60
2026-09-24T05:15:50.935,POST,/desembolsos,201,231.2,111.5,,7c94634f-0a69-498d-82f7-54f49bc4f3c5,1,60
2026-09-24T05:15:51.043,POST,/desembolsos,201,235.4,114.7,,9c9f034e-a8de-4494-8de3-d18c4878d4fa,1,60
2026-09-24T05:15:51.139,POST,/desembolsos,201,231.6,112.7,,5043af1c-a4aa-4bd3-bb3b-5a76e269f543,1,60
2026-09-24T05:15:51.242,POST,/desembolsos,201,236.2,114.9,,ccfce590-c65f-4077-8cba-9c5cc26faa26,1,60
2026-09-24T05:15:51.350,POST,/desembolsos,201,232.7,114.5,,b62e4dca-84e4-4b35-b7ae-810c46a03a20,1,60
2026-09-24T05:15:51.525,POST,/desembolsos,201,251.2,130.3,,43f900dd-f543-4530-b993-38a86d732ba9,1,60
2026-09-24T05:15:51.625,POST,/desembolsos,201,258.9,137.3,,b397bb40-76b4-4e84-b1f5-e9680841752b,1,60
2026-09-24T05:15:51.725,POST,/desembolsos,201,233.1,116.2,,c1a2d03a-14cf-4a55-b188-20f92db8e117,1,60
2026-09-24T05:15:51.442,POST,/desembolsos,201,612.3,111.2,,239ddf6b-b973-4df5-a005-d67e9a87543f,1,60
2026-09-24T05:15:51.837,POST,/desembolsos,201,228.8,110.2,,e73bcdc9-c6bd-46f5-b809-eaa36a9b5011,1,60
2026-09-24T05:15:51.933,POST,/desembolsos,201,231.7,114.5,,1d9eb624-5e30-4bbc-be56-c7b3a4c8fa74,1,60
2026-09-24T05:15:52.033,POST,/desembolsos,201,237.0,116.3,,40978aea-5103-4717-9bcf-fdbc19d02a91,1,60
2026-09-24T05:15:52.145,POST,/desembolsos,201,246.0,124.6,,a5cf33da-2016-47dd-a9a7-61fa7796ae92,1,60
2026-09-24T05:15:52.225,POST,/desembolsos,201,276.6,154.7,,d61c6e2e-63fb-4b4c-9116-3cac841b28c2,1,60
2026-09-24T05:15:52.341,POST,/desembolsos,201,243.2,125.6,,4a39ba61-257e-412a-a437-563edade557e,1,60
2026-09-24T05:15:52.433,POST,/desembolsos,201,231.2,112.1,,7a103097-e260-4955-b0fd-1480e8e7a2c2,1,60
2026-09-24T05:15:52.542,POST,/desembolsos,201,234.2,112.2,,9233ff3f-c2f8-4c88-aa9a-a58fa577c334,1,60
2026-09-24T05:15:52.625,POST,/desembolsos,201,252.1,112.9,,3b3ba1c2-5080-48c2-a47b-c31f78927ae5,1,60
2026-09-24T05:15:52.733,POST,/desembolsos,201,254.8,132.5,,d6d23dbe-6012-4e03-a5cf-61b54c7213d2,1,60
2026-09-24T05:15:52.846,POST,/desembolsos,201,235.8,117.1,,c2e03e0f-6085-4f87-abbe-0013635a8aee,1,60
2026-09-24T05:15:52.944,POST,/desembolsos,201,227.9,112.0,,821e8a54-2e47-46c7-b6e6-292ee8406a2d,1,60
2026-09-24T05:15:53.027,POST,/desembolsos,201,236.2,113.7,,f7961ad2-a5d4-4e9d-9bb3-f2253487b894,1,60
2026-09-24T05:15:53.140,POST,/desembolsos,201,238.5,118.0,,02a7fcd4-3645-4b0d-bea8-738924948c68,1,60
2026-09-24T05:15:53.242,POST,/desembolsos,201,227.2,111.4,,6b212d21-0c22-4ec2-a188-2bb5631ed563,1,60
2026-09-24T05:15:53.342,POST,/desembolsos,201,233.3,112.7,,670ee031-b1ae-466f-87d2-0a228c258c97,1,60
2026-09-24T05:15:53.450,POST,/desembolsos,201,243.2,112.9,,caaf078e-6139-4647-9aa3-8f7279d3f1ea,1,60
2026-09-24T05:15:53.541,POST,/desembolsos,201,235.7,111.1,,112b7ff9-2401-46f7-aa8f-9a24e53ac259,1,60
2026-09-24T05:15:53.642,POST,/desembolsos,201,255.2,127.9,,017af840-108c-45f7-b5ff-ba1e60b458f9,1,60
2026-09-24T05:15:53.734,POST,/desembolsos,201,254.6,114.7,,989396fa-286b-49c0-9e0a-d02912c05b51,1,60
2026-09-24T05:15:53.847,POST,/desembolsos,201,252.9,127.6,,a9376e54-08b8-4075-a276-865d8cc18c1c,1,60
2026-09-24T05:15:53.929,POST,/desembolsos,201,253.0,113.5,,7ee16d89-8110-4ff7-bdff-cb0c51a31cad,1,60
2026-09-24T05:15:54.028,POST,/desembolsos,201,259.9,133.4,,8f7710e5-2acf-4832-82a1-418076f8cc5e,1,60
2026-09-24T05:15:54.145,POST,/desembolsos,201,247.3,130.5,,390b71a3-d1cd-4f61-b4c6-143f55217802,1,60
2026-09-24T05:15:54.233,POST,/desembolsos,201,236.5,113.4,,c740d91e-1834-4f33-b8f0-47d9f7a4aad9,1,60
2026-09-24T05:15:54.341,POST,/desembolsos,201,233.4,113.4,,74a9a9b5-99a2-435c-8fa3-17c0f878dd09,1,60
2026-09-24T05:15:54.441,POST,/desembolsos,201,235.0,117.1,,b61fa7ed-0d6c-4405-ab31-4bd3eaa6731a,1,60
2026-09-24T05:15:54.524,POST,/desembolsos,201,239.7,117.1,,4ab266cf-a70c-4d6c-a70e-a8cb3c2f90de,1,60
2026-09-24T05:15:54.633,POST,/desembolsos,201,273.0,112.6,,98396d3a-6b65-48b4-97a3-9a86fc5ff3af,1,60
2026-09-24T05:15:54.739,POST,/desembolsos,201,238.4,110.4,,70b09197-538f-47a1-8caa-15fad818635b,1,60
2026-09-24T05:15:54.843,POST,/desembolsos,201,248.1,112.2,,92314bfa-ba49-4cc9-9d1d-d757e004e78a,1,60
2026-09-24T05:15:54.952,POST,/desembolsos,201,263.6,138.8,,3bb2fac3-f4a9-4a56-ab46-1c8b9b62e869,1,60
2026-09-24T05:15:55.048,POST,/desembolsos,201,252.5,119.3,,f1266a7f-9f8f-48d0-bc04-d39a9393fc83,1,60
2026-09-24T05:15:55.130,POST,/desembolsos,201,237.2,118.1,,2ea1c387-9077-4014-9c21-4122f49ba37f,1,60
2026-09-24T05:15:55.248,POST,/desembolsos,201,250.1,112.9,,a2bd8725-ad7b-4214-9947-d408442148b5,1,60
2026-09-24T05:15:55.341,POST,/desembolsos,201,273.4,111.7,,58cfc6c9-e382-48c3-8b47-c8240cd9a628,1,60
2026-09-24T05:15:55.439,POST,/desembolsos,201,237.7,114.5,,ce219d9c-505d-4dc3-b742-a2530ccb834b,1,60
2026-09-24T05:15:55.550,POST,/desembolsos,201,232.4,114.0,,701efcd2-5773-4f6b-ba20-bca62cf4259d,1,60
2026-09-24T05:15:55.631,POST,/desembolsos,201,229.6,111.0,,399e17c4-7f74-4578-aa7c-9316d5a58b30,1,60
2026-09-24T05:15:55.734,POST,/desembolsos,201,239.0,116.9,,677d6102-4dc2-43d0-a927-d64eebf7c487,1,60
2026-09-24T05:15:55.840,POST,/desembolsos,201,238.1,112.7,,f2455dc9-a59f-4ab7-bbbc-2fdc3c902144,1,60
2026-09-24T05:15:55.947,POST,/desembolsos,201,233.5,111.1,,4998c0cc-6748-438a-b516-d451a761983e,1,60
2026-09-24T05:15:56.046,POST,/desembolsos,201,255.6,135.7,,4505cb65-0e01-4a95-8d41-549c3892a07e,1,60
2026-09-24T05:15:56.144,POST,/desembolsos,201,229.8,112.0,,1bed74fe-1767-4f45-8127-6302edd872d7,1,60
2026-09-24T05:15:56.242,POST,/desembolsos,201,238.5,117.5,,5704ec6a-0775-454f-afe9-032ad9aa1963,1,60
2026-09-24T05:15:56.350,POST,/desembolsos,201,234.3,112.2,,5271402d-5954-4b3d-a541-ab1af07c134a,1,60
2026-09-24T05:15:56.433,POST,/desembolsos,201,243.1,118.6,,4ca94af5-bd4d-487a-a567-2801bf212fc3,1,60
2026-09-24T05:15:56.542,POST,/desembolsos,201,225.0,109.2,,90801a05-1eff-4d74-9ea0-f1b1915d5696,1,60
2026-09-24T05:15:56.625,POST,/desembolsos,201,236.8,113.7,,ff11fc1a-066c-476c-a498-48663197b1e4,1,60
2026-09-24T05:15:56.733,POST,/desembolsos,201,276.1,123.9,,46f09efc-db9d-4b6e-8a38-12ebf5bb684d,1,60
2026-09-24T05:15:56.846,POST,/desembolsos,201,249.4,127.8,,692e4d20-b594-47f9-ab98-20a11be14f64,1,60
2026-09-24T05:15:56.942,POST,/desembolsos,201,232.8,114.7,,38a96eed-07aa-4941-bb18-11c6146ace5f,1,60
2026-09-24T05:15:57.039,POST,/desembolsos,201,235.3,115.4,,a2a277ce-13cb-4689-845f-b212b6ceaff5,1,60
2026-09-24T05:15:57.138,POST,/desembolsos,201,231.3,111.7,,e19dbc70-0de4-4d11-8ca3-8bd531de7fb8,1,60
2026-09-24T05:15:57.250,POST,/desembolsos,201,245.8,125.7,,444335ab-e576-4e5c-a929-fd006b96eafb,1,60
2026-09-24T05:15:57.350,POST,/desembolsos,201,248.8,112.5,,770a3b3c-d5ff-4454-bba3-45c8744b024f,1,60
2026-09-24T05:15:57.442,POST,/desembolsos,201,233.9,111.8,,e83b1a95-16ad-4e2f-9d90-bf294b078a3f,1,60
2026-09-24T05:15:57.542,POST,/desembolsos,201,255.8,112.6,,d441893f-be02-4637-87bc-6a6be95ba606,1,60
2026-09-24T05:15:57.650,POST,/desembolsos,201,262.2,141.2,,e346b953-db34-48a4-8d9b-05421a9bbd62,1,60
2026-09-24T05:15:57.742,POST,/desembolsos,201,249.7,129.8,,bf9d46bc-dbef-4f62-a180-756392589321,1,60
2026-09-24T05:15:57.841,POST,/desembolsos,201,248.4,120.7,,10798de7-4e55-4f74-bad0-6dbf1c3b954a,1,60
2026-09-24T05:15:57.955,POST,/desembolsos,201,232.3,114.1,,0cb39824-2482-4085-85ae-864cbfcd0e6b,1,60
2026-09-24T05:15:58.033,POST,/desembolsos,201,255.2,135.9,,83b416bc-3e74-433f-9873-3e8685b1446b,1,60
2026-09-24T05:15:58.148,POST,/desembolsos,201,257.5,135.2,,876c0fb1-b9e3-4845-8493-72b981afccb2,1,60
2026-09-24T05:15:58.247,POST,/desembolsos,201,240.1,112.8,,20dacebc-8c24-4440-8a60-5afc34f42d79,1,60
2026-09-24T05:15:58.343,POST,/desembolsos,201,240.7,121.4,,11459c04-d6eb-4920-b8ec-80a172e7a5d0,1,60
2026-09-24T05:15:58.440,POST,/desembolsos,201,248.4,124.4,,cbf334bb-f0cf-4fbf-9c00-41547316f33c,1,60
2026-09-24T05:15:58.541,POST,/desembolsos,201,256.3,117.0,,7eebaa52-01ef-4c03-8a64-75e45996084e,1,60
2026-09-24T05:15:58.652,POST,/desembolsos,201,262.7,145.1,,13dc2739-8eea-4b5c-8ccd-378379ea578f,1,60
2026-09-24T05:15:58.733,POST,/desembolsos,201,235.1,112.5,,d8bd2994-98ce-4e6b-9dd3-6cf5bc46a2e1,1,60
2026-09-24T05:15:58.842,POST,/desembolsos,201,246.3,113.0,,d6f03c5e-5ac5-445a-89ab-1febba1650c2,1,60
2026-09-24T05:15:58.940,POST,/desembolsos,201,230.8,111.2,,49d23abd-8c9c-4e0a-a8da-5d7e931073ed,1,60
2026-09-24T05:15:59.037,POST,/desembolsos,201,248.7,117.3,,7ba4d149-331c-45c9-88a3-acb7c573ff57,1,60
2026-09-24T05:15:59.142,POST,/desembolsos,201,238.9,112.3,,63393acd-7880-415f-b696-4ef144661f07,1,60
2026-09-24T05:15:59.242,POST,/desembolsos,201,257.9,119.1,,d003cf1b-aee0-491f-83e3-d5d86f34a77b,1,60
2026-09-24T05:15:59.334,POST,/desembolsos,201,235.9,116.5,,8372aedc-8fab-48e9-a5c6-13b7cdecf79e,1,60
2026-09-24T05:15:59.441,POST,/desembolsos,201,230.2,112.8,,2cf40288-b38d-41a1-909f-312f810457d0,1,60
2026-09-24T05:15:59.538,POST,/desembolsos,201,232.4,113.0,,3c49dff0-fdda-470b-860d-f0423e3b6fed,1,60
2026-09-24T05:15:59.729,POST,/desembolsos,201,257.7,134.3,,21c3d62f-5496-4f26-bc13-9c55e62a014f,1,60
2026-09-24T05:15:59.649,POST,/desembolsos,201,337.0,213.5,,ce2b613b-a547-42ae-bcee-d60d32c778a8,1,60
2026-09-24T05:15:59.825,POST,/desembolsos,201,227.8,111.2,,571913b9-bb7e-48ed-a66e-75a847265745,1,60
2026-09-24T05:15:59.935,POST,/desembolsos,201,236.0,113.1,,00c0c5fc-da1e-48ea-84ee-166230049fb3,1,60
2026-09-24T05:16:00.040,POST,/desembolsos,201,230.7,112.5,,6169505e-2ead-4bfb-a3f1-1511d1b751b2,1,60
2026-09-24T05:16:00.152,POST,/desembolsos,201,226.8,112.0,,49fb843d-2255-4669-885f-517eb6d6921a,1,60
2026-09-24T05:16:00.243,POST,/desembolsos,201,235.1,113.3,,f51e209d-4f8c-46ff-9c69-4f835a392d2b,1,60
2026-09-24T05:16:00.342,POST,/desembolsos,201,233.3,112.2,,02e272f9-afc2-4404-9f91-bbdac73eab68,1,60
2026-09-24T05:16:00.450,POST,/desembolsos,201,230.4,110.9,,4b9393bd-1338-4ea1-a467-907a5ce974f9,1,60
2026-09-24T05:16:00.533,POST,/desembolsos,201,264.4,145.2,,4280bfc3-1062-45dd-a3a2-580326f0f2c9,1,60
2026-09-24T05:16:00.637,POST,/desembolsos,201,263.8,145.4,,183d3fc4-deb2-4eea-989d-ccf094900924,1,60
2026-09-24T05:16:00.733,POST,/desembolsos,201,233.7,114.3,,f00d26f4-7169-4d12-aa22-3a9b58015283,1,60
2026-09-24T05:16:00.835,POST,/desembolsos,201,235.6,111.5,,6f38419d-9a5a-45b7-bce4-678ea206db6f,1,60
2026-09-24T05:16:00.940,POST,/desembolsos,201,237.4,113.4,,352b3441-2a41-428c-84b6-ac868891e867,1,60
2026-09-24T05:16:01.030,POST,/desembolsos,201,244.3,118.0,,28ea12d0-3bd9-466e-addd-d4819d3c2b1f,1,60
2026-09-24T05:16:01.141,POST,/desembolsos,201,275.2,125.1,,af359576-ba05-4e86-bd5d-b6ffacbb5584,1,60
2026-09-24T05:16:01.242,POST,/desembolsos,201,230.6,114.2,,882ddcdf-7afa-4ff2-ba40-196c7b39bfc4,1,60
2026-09-24T05:16:01.341,POST,/desembolsos,201,226.9,110.8,,5fc04d1c-3b0b-423b-b3eb-c4372f35cc2f,1,60
2026-09-24T05:16:01.421,POST,/desembolsos,201,232.9,115.0,,cc476a07-98f8-4edf-abe6-93be2a62f2f8,1,60
2026-09-24T05:16:01.538,POST,/desembolsos,201,235.4,113.4,,90c1860e-3aaf-4637-a417-00147cf96a26,1,60
2026-09-24T05:16:01.639,POST,/desembolsos,201,227.1,111.4,,a02bb620-ce90-4323-817a-a42eacf20516,1,60
2026-09-24T05:16:01.740,POST,/desembolsos,201,252.8,124.7,,5097d29b-d95a-444b-917c-a460345756cf,1,60
2026-09-24T05:16:01.849,POST,/desembolsos,201,272.7,143.7,,cd6667a2-5d9a-4ebb-8da8-863841e67560,1,60
2026-09-24T05:16:01.947,POST,/desembolsos,201,231.9,110.4,,fdb88f54-984c-4b97-a56f-f91de161a309,1,60
2026-09-24T05:16:02.028,POST,/desembolsos,201,272.6,114.3,,9cc3f44b-09ab-496d-8eb5-2ce0aa7e4e67,1,60
2026-09-24T05:16:02.141,POST,/desembolsos,201,280.3,159.4,,b2722bde-5100-4564-bf0c-4a1de54e44ee,1,60
2026-09-24T05:16:02.251,POST,/desembolsos,201,256.4,138.8,,25f75937-b647-44af-9c8f-a42eac7366f2,1,60
2026-09-24T05:16:02.359,POST,/desembolsos,201,232.5,113.6,,cfde7037-2e45-4654-899a-aebe1c68cbf3,1,60
2026-09-24T05:16:02.417,POST,/desembolsos,201,260.5,123.4,,d2b437d1-afd9-4779-ab67-156a7740ab97,1,60
2026-09-24T05:16:02.533,POST,/desembolsos,201,265.3,148.9,,20df2faa-278a-45c9-a7e0-e3eb531132e2,1,60
2026-09-24T05:16:02.633,POST,/desembolsos,201,279.8,158.2,,2994ac19-7166-4019-9a5e-cac0e6a38ff1,1,60
2026-09-24T05:16:02.750,POST,/desembolsos,201,250.6,125.5,,43228713-e1fe-490f-8af3-38b950c24661,1,60
2026-09-24T05:16:02.847,POST,/desembolsos,201,238.7,116.0,,1350b289-bb36-4467-b81c-39901a7d92b2,1,60
2026-09-24T05:16:02.942,POST,/desembolsos,201,246.9,120.3,,80e9d4c7-324d-4fc9-92b8-1ea7ff0addc2,1,60
2026-09-24T05:16:03.055,POST,/desembolsos,201,258.3,132.1,,6fbf5330-77b4-4030-8547-b85d8cfa4c2d,1,60
2026-09-24T05:16:03.141,POST,/desembolsos,201,240.1,120.5,,43fc4f0e-3f50-48a2-819e-0dbdf0a19672,1,60
2026-09-24T05:16:03.258,POST,/desembolsos,201,245.9,117.1,,3e1d701f-8795-4862-98be-63a301fa87bc,1,60
2026-09-24T05:16:03.341,POST,/desembolsos,201,236.3,112.2,,6ec07abc-a830-4e0e-a1ce-8f8f6b701f05,1,60
2026-09-24T05:16:03.442,POST,/desembolsos,201,228.5,111.1,,dce0266f-81b3-4332-9d18-adab9fddcb2c,1,60
2026-09-24T05:16:03.550,POST,/desembolsos,201,285.6,115.9,,9c11a299-7345-48d2-9328-e9bce5f1b0df,1,60
2026-09-24T05:16:03.634,POST,/desembolsos,201,276.4,117.5,,becd1d47-45e3-4af9-be01-c1dd550be070,1,60
2026-09-24T05:16:03.745,POST,/desembolsos,201,252.2,112.5,,5b0a9365-bd82-4fa5-9946-ee35803228b3,1,60
2026-09-24T05:16:03.826,POST,/desembolsos,201,285.7,113.4,,6f3b8f29-5b95-47cb-801f-b837eac11af3,1,60
2026-09-24T05:16:03.939,POST,/desembolsos,201,239.6,118.2,,9d15398e-b2ee-4dce-88ec-7ae5c91b998b,1,60
2026-09-24T05:16:04.054,POST,/desembolsos,201,231.5,112.1,,88ef8875-6f0d-4239-a7db-2925e0881a18,1,60
2026-09-24T05:16:04.119,POST,/desembolsos,201,237.6,114.8,,287d5f71-d086-4d27-b0af-8dc2fa9a2f39,1,60
2026-09-24T05:16:04.227,POST,/desembolsos,201,236.1,116.4,,5e3d7814-aa01-4697-a2b6-c7702d6e2828,1,60
2026-09-24T05:16:04.340,POST,/desembolsos,201,231.3,111.0,,95d84833-88a9-4f5c-a6ca-685fadcd460b,1,60
2026-09-24T05:16:04.435,POST,/desembolsos,201,236.8,113.7,,b2421a10-63e0-4b6b-9f5f-62490da60b07,1,60
2026-09-24T05:16:04.546,POST,/desembolsos,201,233.5,114.0,,f6f196b9-e901-4f3e-92ee-530a44318ae5,1,60
2026-09-24T05:16:04.650,POST,/desembolsos,201,232.5,111.0,,656855d6-5004-4a0f-b8df-5e9725f82e9e,1,60
2026-09-24T05:16:04.731,POST,/desembolsos,201,240.3,116.8,,0699cc67-ebd9-4a4d-ae49-f4db19afbfdc,1,60
2026-09-24T05:16:04.847,POST,/desembolsos,201,232.3,113.8,,17f3fa53-d02e-4edc-b86b-c45fdd7cb502,1,60
2026-09-24T05:16:04.939,POST,/desembolsos,201,230.9,113.3,,3e8f3a13-8cdc-43fd-bef0-57691e4eec37,1,60
2026-09-24T05:16:05.051,POST,/desembolsos,201,240.6,114.5,,667cb075-3560-4a3c-9c17-c7a8448927ca,1,60
2026-09-24T05:16:05.148,POST,/desembolsos,201,248.7,117.8,,0e0f26e5-e6e6-45e7-8e97-fe2b1cfd9468,1,60
2026-09-24T05:16:05.235,POST,/desembolsos,201,270.9,138.5,,00c9081f-cdba-4cec-97b7-97004844130e,1,60
2026-09-24T05:16:05.334,POST,/desembolsos,201,244.1,117.4,,e7dad28d-51e8-4b01-9602-20d0316dc42d,1,60
2026-09-24T05:16:05.451,POST,/desembolsos,201,263.9,113.3,,a329ec1f-ce01-4f43-aabc-594fe3ef4b70,1,60
2026-09-24T05:16:05.540,POST,/desembolsos,201,241.2,115.7,,369892e8-380e-4cf7-b4ff-0160dccc274b,1,60
2026-09-24T05:16:05.639,POST,/desembolsos,201,249.4,114.2,,b8e5a36e-e6d0-423c-b95e-efe746ada919,1,60
2026-09-24T05:16:05.732,POST,/desembolsos,201,255.2,137.7,,2f4bc3ec-decb-47af-8ea0-a0d506855af3,1,60
2026-09-24T05:16:05.849,POST,/desembolsos,201,231.2,110.6,,2a58f534-cce3-4fd0-8621-66ec4dc03516,1,60
2026-09-24T05:16:05.930,POST,/desembolsos,201,243.8,114.4,,304fc67b-13dd-4ffc-96a8-543e13a8a18c,1,60
2026-09-24T05:16:06.041,POST,/desembolsos,201,241.7,114.6,,ffaa453f-b69d-4556-ab42-9fb41a138114,1,60
2026-09-24T05:16:06.141,POST,/desembolsos,201,229.6,110.9,,f10708ff-25d1-4367-925e-bd8388b985b1,1,60
2026-09-24T05:16:06.251,POST,/desembolsos,201,238.3,116.8,,1f903143-698a-4b50-a761-27cccc0d9dbf,1,60
2026-09-24T05:16:06.351,POST,/desembolsos,201,260.3,125.1,,02e881d1-e1a5-43af-a67a-550354ce336b,1,60
2026-09-24T05:16:06.442,POST,/desembolsos,201,257.9,141.7,,a6161a66-f101-4ce7-a02b-3dbaee2bcb44,1,60
2026-09-24T05:16:06.526,POST,/desembolsos,201,248.2,119.7,,a53ac88c-1005-4392-998b-04b490f82559,1,60
2026-09-24T05:16:06.642,POST,/desembolsos,201,244.0,112.9,,0221fc84-4de4-4891-88fb-a96f6d62fea2,1,60
2026-09-24T05:16:06.748,POST,/desembolsos,201,247.3,127.9,,4505d2fc-5fdc-43fb-9496-a4a97a64225e,1,60
2026-09-24T05:16:06.831,POST,/desembolsos,201,252.2,116.6,,2d40df50-abd0-4ab1-aa87-42f36d3c7a6f,1,60
2026-09-24T05:16:06.945,POST,/desembolsos,201,258.3,136.5,,22281864-a562-4f0d-bbd9-5f4b76f2232d,1,60
2026-09-24T05:16:07.042,POST,/desembolsos,201,304.5,147.8,,ff880033-2d30-4ddf-93bc-b16a754c6e75,1,60
2026-09-24T05:16:07.141,POST,/desembolsos,201,246.6,126.1,,cdf04126-8cfd-4bd5-9320-f18525db30a8,1,60
2026-09-24T05:16:07.243,POST,/desembolsos,201,239.0,117.4,,9be8ea75-814e-40a5-bc4b-5f6decb0eee6,1,60
2026-09-24T05:16:07.343,POST,/desembolsos,201,232.0,116.4,,e4887d6c-074f-4267-b75d-59f5fa4c572e,1,60
2026-09-24T05:16:07.434,POST,/desembolsos,201,239.1,114.8,,4a8e6c76-2fc7-4102-b7ff-db23b7ef95c4,1,60
2026-09-24T05:16:07.525,POST,/desembolsos,201,243.4,120.8,,1863a030-7303-4556-bea8-3b26617819af,1,60
2026-09-24T05:16:07.643,POST,/desembolsos,201,245.2,126.3,,3dfcaa50-9836-40f1-b7bc-a32238899773,1,60
2026-09-24T05:16:07.743,POST,/desembolsos,201,238.0,113.3,,d20ead28-a9a4-4eb6-88c7-542d0287401e,1,60
2026-09-24T05:16:07.840,POST,/desembolsos,201,236.0,113.2,,05994d25-44c7-410c-baf8-9c2e587e4189,1,60
2026-09-24T05:16:07.937,POST,/desembolsos,201,228.0,111.0,,f77816ec-1d7e-4094-8ce3-fcae1fb7d25f,1,60
2026-09-24T05:16:08.034,POST,/desembolsos,201,245.3,111.8,,abae6e56-096e-49eb-937d-fc69ad57386d,1,60
2026-09-24T05:16:08.132,POST,/desembolsos,201,238.6,112.9,,ba1d7d6e-7b9c-45ee-a15b-b489af4f7c2a,1,60
2026-09-24T05:16:08.242,POST,/desembolsos,201,231.4,110.6,,d8027edb-7520-4ade-97d8-fd6faf2abf18,1,60
2026-09-24T05:16:08.342,POST,/desembolsos,201,232.0,113.1,,9922448a-573a-48a1-be55-bc4c7868ea46,1,60
2026-09-24T05:16:08.425,POST,/desembolsos,201,251.9,130.9,,007e9f4c-da07-494e-a37f-5954b8e8db30,1,60
2026-09-24T05:16:08.534,POST,/desembolsos,201,227.3,110.8,,3ee6034f-59b5-4144-9c1d-3252e4758a37,1,60
2026-09-24T05:16:08.627,POST,/desembolsos,201,233.1,113.8,,e4372326-f8ec-4cb4-ab7d-369df134af2d,1,60
2026-09-24T05:16:08.729,POST,/desembolsos,201,248.3,114.4,,23b1b426-8085-47c9-8465-60da76fb2667,1,60
2026-09-24T05:16:08.842,POST,/desembolsos,201,254.3,134.6,,aed93100-31d6-4300-abdd-59f90e16d76f,1,60
2026-09-24T05:16:08.932,POST,/desembolsos,201,235.7,114.2,,17768a92-b567-4e3c-b780-aadcfcff2f48,1,60
2026-09-24T05:16:09.030,POST,/desembolsos,201,241.7,122.4,,0f401edb-f826-4806-8cc7-9570224977aa,1,60
2026-09-24T05:16:09.142,POST,/desembolsos,201,226.9,110.1,,f9799ab6-9633-4f4c-955f-7281e7814fdd,1,60
2026-09-24T05:16:09.234,POST,/desembolsos,201,233.5,113.0,,1c7fb93b-690e-44b3-b2b0-3e24d5e418ca,1,60
2026-09-24T05:16:09.342,POST,/desembolsos,201,234.2,112.5,,57407d45-c770-4f67-bfba-7f854a490811,1,60
2026-09-24T05:16:09.434,POST,/desembolsos,201,233.9,116.5,,1141d22b-5afb-424f-9a09-b8f8c36b66a6,1,60
2026-09-24T05:16:09.534,POST,/desembolsos,201,254.5,134.1,,b6bc294a-00e7-4ca4-8914-be5aed158474,1,60
2026-09-24T05:16:09.634,POST,/desembolsos,201,264.4,140.4,,3c568070-3cdc-488b-af49-14a67455191f,1,60
2026-09-24T05:16:09.743,POST,/desembolsos,201,235.5,112.2,,092d75d7-678e-4908-b88e-29019c2d96ee,1,60
2026-09-24T05:16:09.844,POST,/desembolsos,201,247.2,123.9,,4101308d-5e19-471f-8b33-4285057ba305,1,60
2026-09-24T05:16:09.939,POST,/desembolsos,201,234.4,116.1,,d288302b-5850-4eee-a07f-22575fcdace6,1,60
2026-09-24T05:16:10.038,POST,/desembolsos,201,268.9,123.5,,b1b65e8c-bf62-4313-818d-0e85cf0d1a62,1,60
2026-09-24T05:16:10.136,POST,/desembolsos,201,232.3,113.6,,c44df28f-c154-4d13-aff6-bfcd15f3f9c4,1,60
2026-09-24T05:16:10.244,POST,/desembolsos,201,240.7,117.7,,80edcac9-2d41-4461-8448-8ee1176f463d,1,60
2026-09-24T05:16:10.325,POST,/desembolsos,201,234.3,110.1,,fdfed32a-d5b5-4b88-9179-b33eacf0051e,1,60
2026-09-24T05:16:10.434,POST,/desembolsos,201,233.0,111.8,,8b0e0c5e-6c8f-40d1-9a7f-40aa0cc462f3,1,60
2026-09-24T05:16:10.542,POST,/desembolsos,201,235.1,116.7,,65512af0-2d2d-4e47-9472-73fb10eee6d4,1,60
2026-09-24T05:16:10.651,POST,/desembolsos,201,233.8,117.1,,0fafe398-f94c-44dc-851e-04641af8f586,1,60
2026-09-24T05:16:10.738,POST,/desembolsos,201,233.4,113.8,,cfcda9bf-6ecf-4cb0-8628-708f5a8a723c,1,60
2026-09-24T05:16:10.843,POST,/desembolsos,201,237.7,115.8,,ee1d2622-93e8-4c90-8040-e0c78737f5d0,1,60
2026-09-24T05:16:10.956,POST,/desembolsos,201,236.7,115.8,,50904af0-13e3-4d7e-b29f-8fe29424e162,1,60
2026-09-24T05:16:11.039,POST,/desembolsos,201,237.4,114.3,,b4cf6952-1ca9-4a21-afc0-aa3154a12770,1,60
2026-09-24T05:16:11.137,POST,/desembolsos,201,233.7,112.8,,56ef6269-3a31-4ca7-b4c2-38aa3f3e911f,1,60
2026-09-24T05:16:11.243,POST,/desembolsos,201,242.7,111.8,,20ee5e71-15bd-45d7-b5e8-1ae5627d6850,1,60
2026-09-24T05:16:11.334,POST,/desembolsos,201,285.8,155.9,,e7d28bc8-786f-40ba-b6d1-e7c3650d7306,1,60
2026-09-24T05:16:11.443,POST,/desembolsos,201,232.5,112.5,,4ac9826a-c545-4831-8224-d5b2c19d1045,1,60
2026-09-24T05:16:11.534,POST,/desembolsos,201,234.3,115.7,,559dc33f-83f1-4873-b600-42d1c481079e,1,60
2026-09-24T05:16:11.618,POST,/desembolsos,201,239.1,115.9,,ec04d1d0-6dc4-45bc-bb0e-59a01813e3e2,1,60
2026-09-24T05:16:11.726,POST,/desembolsos,201,254.1,123.5,,7c73aeef-24d0-4997-a0da-3d4e42a7136b,1,60
2026-09-24T05:16:11.849,POST,/desembolsos,201,236.1,119.5,,3f22b7b1-8f7e-4474-a1a4-028b9878f871,1,60
2026-09-24T05:16:11.932,POST,/desembolsos,201,269.2,114.1,,4e465c1e-fc64-4f78-b063-c5ad5090e36a,1,60
2026-09-24T05:16:12.045,POST,/desembolsos,201,270.2,114.9,,8e63671d-60f5-4b73-9505-bafdae7dbf18,1,60
2026-09-24T05:16:12.159,POST,/desembolsos,201,263.8,145.3,,9d405da0-cc99-4001-88a7-af50674f166f,1,60
2026-09-24T05:16:12.225,POST,/desembolsos,201,235.8,115.2,,1b51aa01-3983-4797-972e-3400de88b078,1,60
2026-09-24T05:16:12.334,POST,/desembolsos,201,230.6,113.0,,49655406-e0a2-45e2-a6ee-282531258dcd,1,60
2026-09-24T05:16:12.443,POST,/desembolsos,201,232.7,112.4,,b2cb6c40-5ed7-4ea2-bb0a-bed3af756e72,1,60
2026-09-24T05:16:12.542,POST,/desembolsos,201,241.7,115.3,,44ca75fa-2092-4c17-9935-46cc975d748b,1,60
2026-09-24T05:16:12.634,POST,/desembolsos,201,255.9,135.4,,ed48b2f3-dec5-480b-b7c2-e05afaa08436,1,60
2026-09-24T05:16:12.743,POST,/desembolsos,201,249.9,133.5,,10ec1bb9-d9a3-4f6e-a0a0-3bb36fa381f1,1,60
2026-09-24T05:16:12.836,POST,/desembolsos,201,230.1,112.5,,5c6421c4-986e-4321-ab48-10bb28220e2e,1,60
2026-09-24T05:16:12.924,POST,/desembolsos,201,232.3,112.3,,1c950ce5-88b2-4111-93b8-3dd5dc7c702b,1,60
2026-09-24T05:16:13.035,POST,/desembolsos,201,228.5,112.5,,f70af62c-7edc-4d73-b6ba-3f71bb63f1c1,1,60
2026-09-24T05:16:13.147,POST,/desembolsos,201,229.7,111.7,,126c998c-93f2-4b56-8a42-ccf0c71e80a5,1,60
2026-09-24T05:16:13.245,POST,/desembolsos,201,245.5,112.6,,6951d7ca-5fa9-4e8b-8569-4ec3af884977,1,60
2026-09-24T05:16:13.343,POST,/desembolsos,201,229.5,110.4,,ea11d163-82e3-4f83-8545-885190beec1c,1,60
2026-09-24T05:16:13.443,POST,/desembolsos,201,280.9,112.2,,19c82a87-b1b6-4f2a-9233-9755f5ee7cf3,1,60
2026-09-24T05:16:13.543,POST,/desembolsos,201,305.1,179.9,,47788d06-471b-401b-b7c8-9f8214133e3a,1,60
2026-09-24T05:16:13.635,POST,/desembolsos,201,229.6,110.0,,832b5794-90c4-4239-b12f-befe7436e54b,1,60
2026-09-24T05:16:13.718,POST,/desembolsos,201,233.8,115.3,,dcd391d0-c11a-4ad3-8513-3996d4b43d5e,1,60
2026-09-24T05:16:13.834,POST,/desembolsos,201,234.4,113.0,,956336e9-3f58-4a6a-aa4d-19b995c569a0,1,60
2026-09-24T05:16:13.926,POST,/desembolsos,201,233.6,113.9,,dcebd892-8bba-45d2-8f88-2cb7dca77b27,1,60
2026-09-24T05:16:14.034,POST,/desembolsos,201,233.9,114.2,,151ec628-53a5-427f-96e8-f5bf4e1876ea,1,60
2026-09-24T05:16:14.151,POST,/desembolsos,201,234.2,114.4,,1ef5fd59-f19b-4080-95ef-3e78f4ff100b,1,60
2026-09-24T05:16:14.250,POST,/desembolsos,201,231.3,111.4,,acdde011-e564-4850-a8c3-b774e1e7604a,1,60
2026-09-24T05:16:14.335,POST,/desembolsos,201,250.3,123.7,,28633700-204d-4f5f-852c-4ed73499e758,1,60
2026-09-24T05:16:14.435,POST,/desembolsos,201,240.3,112.8,,cac6703e-228b-4e5e-b610-1b0a4c3bd91c,1,60
2026-09-24T05:16:14.543,POST,/desembolsos,201,239.9,125.0,,405a3d52-0d85-45e0-a45b-a3954476a682,1,60
2026-09-24T05:16:14.641,POST,/desembolsos,201,254.7,134.7,,caff930e-3a98-4215-9d17-3c56e6e616d4,1,60
2026-09-24T05:16:14.750,POST,/desembolsos,201,236.5,115.0,,9ceeefde-d55d-4702-9956-bf13784378ad,1,60
2026-09-24T05:16:14.844,POST,/desembolsos,201,241.8,120.6,,126acd1f-8fff-4f99-935f-85981f6a8028,1,60
2026-09-24T05:16:14.948,POST,/desembolsos,201,250.2,128.7,,7acabf3b-7831-4606-81f8-269a192c0fd0,1,60
2026-09-24T05:16:15.042,POST,/desembolsos,201,242.5,115.4,,9d493c35-68a3-456f-8d3a-e00ea7e1c579,1,60
2026-09-24T05:16:15.157,POST,/desembolsos,201,231.8,114.6,,600a7a78-9bb1-4cda-b030-005a1fe9371a,1,60
2026-09-24T05:16:15.256,POST,/desembolsos,201,232.7,113.7,,f68ac5a9-3517-45ed-a9c9-f41c85a84b8e,1,60
2026-09-24T05:16:15.340,POST,/desembolsos,201,231.7,113.6,,0b13612a-7686-4cb2-90c4-55d146118405,1,60
2026-09-24T05:16:15.444,POST,/desembolsos,201,231.0,110.1,,6fb81655-f9f5-4d25-90d1-5c85fb724f59,1,60
2026-09-24T05:16:15.550,POST,/desembolsos,201,230.8,113.6,,4d92db8c-c5df-44dc-9ef1-f030a9a40aae,1,60
2026-09-24T05:16:15.630,POST,/desembolsos,201,238.2,113.3,,f815c2a8-e9bf-4307-ad3e-ad7dde6b1ae6,1,60
2026-09-24T05:16:15.724,POST,/desembolsos,201,226.8,110.1,,6705e027-1af0-4e34-90b0-4deead676526,1,60
2026-09-24T05:16:15.826,POST,/desembolsos,201,246.1,122.3,,a601281b-263e-4ec5-ac41-8b8ebbc9dd27,1,60
2026-09-24T05:16:15.933,POST,/desembolsos,201,240.4,121.7,,c79c2a23-603d-4f5e-a210-f56e502e94e4,1,60
2026-09-24T05:16:16.048,POST,/desembolsos,201,230.2,113.4,,266dbada-7061-4b41-ad27-35851222f397,1,60
2026-09-24T05:16:16.159,POST,/desembolsos,201,240.0,112.4,,e17ca97f-bed6-4aa9-9628-8642055a440e,1,60
2026-09-24T05:16:16.258,POST,/desembolsos,201,237.1,117.4,,9b5556f8-6b03-40aa-a0fc-6336f888f9a1,1,60
2026-09-24T05:16:16.343,POST,/desembolsos,201,264.5,142.4,,32b28583-be9e-4525-8084-1fe760a91d46,1,60
2026-09-24T05:16:16.451,POST,/desembolsos,201,261.7,141.6,,bada502c-faf4-4af8-99a1-42810728adfa,1,60
2026-09-24T05:16:16.543,POST,/desembolsos,201,235.6,112.9,,bd7b1ad9-55ca-40bd-9e87-1df647d658dd,1,60
2026-09-24T05:16:16.626,POST,/desembolsos,201,235.7,116.8,,662c5027-038b-4b6e-95e2-b432c989da1f,1,60
2026-09-24T05:16:16.734,POST,/desembolsos,201,242.3,118.6,,b9168df2-7506-4da9-89aa-3f97a8c71abe,1,60
2026-09-24T05:16:16.834,POST,/desembolsos,201,239.0,119.9,,b4577fae-fcbf-4c92-a45d-7fea1f69d0f4,1,60
2026-09-24T05:16:16.932,POST,/desembolsos,201,225.8,111.0,,1c4d17a7-1c54-442a-bc91-38e49e11011f,1,60
2026-09-24T05:16:17.031,POST,/desembolsos,201,231.0,111.7,,de8dbe44-0924-4684-9b98-43ffaf5f673f,1,60
2026-09-24T05:16:17.153,POST,/desembolsos,201,233.7,114.0,,40dd34c2-e4b4-4fbf-88f7-84eaa63cde29,1,60
2026-09-24T05:16:17.242,POST,/desembolsos,201,234.3,117.6,,7e71da27-1961-4913-a2d3-a952fac11f83,1,60
2026-09-24T05:16:17.351,POST,/desembolsos,201,237.6,116.2,,e86b89cb-ee74-42f2-94ea-833e8117482d,1,60
2026-09-24T05:16:17.435,POST,/desembolsos,201,230.5,112.3,,b768ebc7-3d81-4fd2-a2a6-2a7cc8eaaa8a,1,60
2026-09-24T05:16:17.535,POST,/desembolsos,201,229.1,110.1,,57381893-e8bc-44f8-b5cc-dc1662378aa1,1,60
2026-09-24T05:16:17.635,POST,/desembolsos,201,242.1,113.6,,324b9c45-87d6-443a-a7be-b0ec42c7e991,1,60
2026-09-24T05:16:17.743,POST,/desembolsos,201,253.7,129.5,,8236c89b-5092-4bc8-bd09-90d0e7d10e51,1,60
2026-09-24T05:16:17.842,POST,/desembolsos,201,234.1,111.9,,f3270849-2bce-4eaa-877f-0d8f1e209bdf,1,60
2026-09-24T05:16:17.952,POST,/desembolsos,201,235.4,111.9,,446c8e65-f965-4443-91b7-cd1bd8a2a1c4,1,60
2026-09-24T05:16:18.053,POST,/desembolsos,201,234.4,113.6,,2a4012cd-ab63-4c93-947f-dd9dc04d2988,1,60
2026-09-24T05:16:18.136,POST,/desembolsos,201,229.3,112.8,,a7d72b5b-418d-429c-9bac-4a8c8234273d,1,60
2026-09-24T05:16:18.237,POST,/desembolsos,201,228.0,111.6,,99c91fd7-8d56-4e17-8d80-844e1314df6c,1,60
2026-09-24T05:16:18.352,POST,/desembolsos,201,230.5,112.3,,00ba374e-4b38-43e6-b025-daccf9fed64a,1,60
2026-09-24T05:16:18.426,POST,/desembolsos,201,243.8,122.5,,096295d9-5058-4590-96e0-1297f381f4fd,1,60
2026-09-24T05:16:18.534,POST,/desembolsos,201,241.8,121.0,,a3843628-96d8-4ec1-a97d-536085f9d3a8,1,60
2026-09-24T05:16:18.634,POST,/desembolsos,201,258.6,136.6,,f15de9be-3215-4f48-b225-c660bc5701fb,1,60
2026-09-24T05:16:18.743,POST,/desembolsos,201,240.7,116.1,,b4c79ce8-d28c-4a4f-9762-c5730ca57f74,1,60
2026-09-24T05:16:18.850,POST,/desembolsos,201,237.4,115.0,,2aa2c30f-60c3-4ea2-949d-d192fcc4fbf1,1,60
2026-09-24T05:16:18.933,POST,/desembolsos,201,233.4,116.4,,d368377f-5b33-4000-9183-7d0fc27e3093,1,60
2026-09-24T05:16:19.048,POST,/desembolsos,201,228.3,113.3,,c9900096-6405-4ab4-876e-92179f1ce24a,1,60
2026-09-24T05:16:19.146,POST,/desembolsos,201,252.6,130.6,,e5d74dbe-14b8-4988-a140-0fa12cfc8a26,1,60
2026-09-24T05:16:19.228,POST,/desembolsos,201,237.5,114.8,,18cb76f6-7eb1-4cdb-afc7-48e5ee2071f1,1,60
2026-09-24T05:16:19.335,POST,/desembolsos,201,234.0,113.0,,6951f3e1-0a45-4eb5-86aa-1018d688e271,1,60
2026-09-24T05:16:19.451,POST,/desembolsos,201,270.7,115.1,,65ee694a-1d5e-45d9-a464-d7e882390cb5,1,60
2026-09-24T05:16:19.527,POST,/desembolsos,201,309.1,189.0,,b47f1b8f-9f27-4f4b-9722-d0ad4710dc58,1,60
2026-09-24T05:16:19.635,POST,/desembolsos,201,232.4,110.9,,50291856-2025-4bb5-a99f-afbeb1f08a22,1,60
2026-09-24T05:16:19.735,POST,/desembolsos,201,240.3,114.7,,3c0b61e9-cba8-45a5-a15b-5462a1a1ee29,1,60
2026-09-24T05:16:19.835,POST,/desembolsos,201,246.4,126.3,,1b28cfea-a64c-4b86-bc08-14f7b1947bb5,1,60
2026-09-24T05:16:19.941,POST,/desembolsos,201,253.9,128.8,,cdb34871-3d97-45d0-b91a-9265e5ce5f84,1,60
2026-09-24T05:16:20.040,POST,/desembolsos,201,234.3,115.5,,a43a8b98-e370-4df3-87b8-f81b4cc37350,1,60
2026-09-24T05:16:20.155,POST,/desembolsos,201,231.0,110.6,,db317168-66bb-4f43-8ce5-82e4ab383e77,1,60
2026-09-24T05:16:20.254,POST,/desembolsos,201,251.4,130.8,,517b5a41-aa23-4147-a330-c0f6dff6db16,1,60
2026-09-24T05:16:20.352,POST,/desembolsos,201,238.1,116.6,,b7d9062f-8e09-479a-9aab-07dc80b703a4,1,60
2026-09-24T05:16:20.435,POST,/desembolsos,201,256.6,135.6,,a9e4c20d-d14e-49b8-a60f-65c126fc3520,1,60
2026-09-24T05:16:20.543,POST,/desembolsos,201,255.1,134.4,,884677cd-fbaa-4817-9385-cd0a37887687,1,60
2026-09-24T05:16:20.643,POST,/desembolsos,201,246.5,118.0,,cbd64301-3ce6-4650-8f8d-36e2ba8450ed,1,60
2026-09-24T05:16:20.735,POST,/desembolsos,201,257.0,119.1,,c2084ccc-69af-49fe-89eb-1f834a38149a,1,60
2026-09-24T05:16:20.836,POST,/desembolsos,201,247.5,120.9,,cb658bdd-739c-432b-85dd-5438692c7ea6,1,60
2026-09-24T05:16:20.924,POST,/desembolsos,201,240.0,114.4,,4bf7379b-ecb1-4756-9a21-f36127914ab5,1,60
2026-09-24T05:16:21.023,POST,/desembolsos,201,238.8,110.9,,0616870e-4710-4294-a22b-c4f37699623b,1,60
2026-09-24T05:16:21.138,POST,/desembolsos,201,238.2,114.5,,2c948f12-5472-49a5-9c0a-5b1e93289120,1,60
2026-09-24T05:16:21.237,POST,/desembolsos,201,246.1,113.4,,a6cfd877-2400-44dc-bd24-08b40ef36aba,1,60
2026-09-24T05:16:21.344,POST,/desembolsos,201,226.7,110.6,,985e7184-e0d4-4867-8028-c74bf8ccd413,1,60
2026-09-24T05:16:21.443,POST,/desembolsos,201,234.1,114.2,,b2ef7438-8079-4c19-a7bf-957caa2fc2df,1,60
2026-09-24T05:16:21.535,POST,/desembolsos,201,236.9,112.1,,2bb1b7fd-d3d5-4b7e-ad44-aee9b605f491,1,60
2026-09-24T05:16:21.643,POST,/desembolsos,201,250.1,128.7,,8e64f8b3-ec40-41e5-ab3a-1922c19746e0,1,60
2026-09-24T05:16:21.735,POST,/desembolsos,201,235.4,112.7,,882692fc-1acb-46a6-92f2-f2f624e38806,1,60
2026-09-24T05:16:21.829,POST,/desembolsos,201,231.2,113.2,,b9e6bc26-7ea7-44e4-94be-376535895e50,1,60
2026-09-24T05:16:21.926,POST,/desembolsos,201,243.7,114.2,,09f76bd6-d2f6-4eaa-982e-c987259c2c2f,1,60
2026-09-24T05:16:22.040,POST,/desembolsos,201,231.2,111.3,,e881265c-b5d7-4aa1-bdca-35cf6f9b27b6,1,60
2026-09-24T05:16:22.135,POST,/desembolsos,201,248.9,127.9,,ee99b2b4-27ec-44d8-bab9-eaee179d2511,1,60
2026-09-24T05:16:22.247,POST,/desembolsos,201,231.2,110.5,,a71c8adf-b6ad-4b4f-bba1-a6051e6f1193,1,60
2026-09-24T05:16:22.343,POST,/desembolsos,201,246.5,124.7,,b522b94f-a1d9-4a73-9398-d9d3f3d061d8,1,60
2026-09-24T05:16:22.452,POST,/desembolsos,201,236.7,112.7,,c67d28d9-4cd1-47ea-a168-1ef851e8c7cb,1,60
2026-09-24T05:16:22.535,POST,/desembolsos,201,268.8,153.6,,40717a49-f5bf-45b4-ab47-807d33c10800,1,60
2026-09-24T05:16:22.627,POST,/desembolsos,201,328.5,169.0,,fc6f96fd-8af9-46f9-ba92-452b8284e28f,1,60
2026-09-24T05:16:22.735,POST,/desembolsos,201,417.0,220.3,,21d79bc8-7580-4022-be84-a96521e6f7b4,1,60
2026-09-24T05:16:22.802,POST,/desembolsos,201,432.5,245.1,,38d885fe-fd18-42f2-adb8-414311539b9b,1,60
2026-09-24T05:16:22.933,POST,/desembolsos,201,387.0,138.0,,da59a9a2-a8bd-44a2-8a85-cc98e2313f93,1,60
2026-09-24T05:16:23.035,POST,/desembolsos,201,371.8,201.6,,1dded132-b7b0-4ad8-a897-9acd031148b6,1,60
2026-09-24T05:16:23.147,POST,/desembolsos,201,354.3,173.4,,ee9a9d46-af05-4eb2-b782-da9356bb8807,1,60
2026-09-24T05:16:23.226,POST,/desembolsos,201,355.4,171.2,,2108fc0d-3cbc-47d3-b2c1-29d83d9da84c,1,60
2026-09-24T05:16:23.318,POST,/desembolsos,201,369.3,181.8,,96ceea78-255a-4e45-a1f4-58f74cd2b5a9,1,60
2026-09-24T05:16:23.427,POST,/desembolsos,201,340.2,180.6,,35fb550c-37a8-4940-a2c1-2c5aa1fccabf,1,60
2026-09-24T05:16:23.544,POST,/desembolsos,201,316.9,154.1,,2c0d16fc-5da5-4fe0-87cc-18925dec7bc2,1,60
2026-09-24T05:16:23.635,POST,/desembolsos,201,345.2,225.4,,da315521-953e-47bf-8447-f6eeb7b8890a,1,60
2026-09-24T05:16:23.719,POST,/desembolsos,201,344.9,158.2,,1d224fe0-9249-4258-9459-71e3d0bb3be1,1,60
2026-09-24T05:16:23.853,POST,/desembolsos,201,307.3,122.1,,6ab69d56-d2d0-46a4-ae71-9db9613f2c0c,1,60
2026-09-24T05:16:23.942,POST,/desembolsos,201,410.0,126.6,,67e6d38a-5547-4b93-96e2-11882b5be994,1,60
2026-09-24T05:16:24.036,POST,/desembolsos,201,405.8,210.7,,0c652aad-b8b3-4105-96c8-85c74b98883d,1,60
2026-09-24T05:16:24.151,POST,/desembolsos,201,464.2,200.9,,0c28acfc-b686-4f8d-9ad9-ba88c59eeb72,1,60
2026-09-24T05:16:24.233,POST,/desembolsos,201,386.4,195.9,,9f728ba1-2c38-42fe-a0d8-4ff1fc82a068,1,60
2026-09-24T05:16:24.334,POST,/desembolsos,201,301.8,185.8,,0a0d220a-391a-465d-88b7-7fa3e74f78de,1,60
2026-09-24T05:16:24.435,POST,/desembolsos,201,366.5,192.9,,6b9c9114-f371-496b-9cb6-39c8e2849792,1,60
2026-09-24T05:16:24.616,POST,/desembolsos,201,375.3,186.3,,807066e8-8729-4891-8402-b788b775498a,1,60
2026-09-24T05:16:24.743,POST,/desembolsos,201,362.9,197.1,,93946985-4be7-450d-8fe5-d7428537afe4,1,60
2026-09-24T05:16:24.825,POST,/desembolsos,201,442.7,178.4,,fa6b1829-5585-4790-bf33-5a2bbcf4b9a0,1,60
2026-09-24T05:16:24.939,POST,/desembolsos,201,352.9,155.8,,90404a7d-f8bb-4fe2-9466-9793208511b9,1,60
2026-09-24T05:16:25.054,POST,/desembolsos,201,399.6,214.1,,c9381897-a4bc-4513-9e5b-9f23fb338215,1,60
2026-09-24T05:16:25.134,POST,/desembolsos,201,319.4,145.5,,c37e4c58-0232-4ecb-b97d-c04ef0351acb,1,60
2026-09-24T05:16:25.249,POST,/desembolsos,201,299.3,124.1,,a10ecca6-6342-431a-9fa5-99057f7fa86e,1,60
2026-09-24T05:16:25.349,POST,/desembolsos,201,391.2,200.1,,e08574cf-4b02-4b6e-a063-7fe38641e24f,1,60
2026-09-24T05:16:25.446,POST,/desembolsos,201,295.4,114.9,,bd608aa3-94f3-4528-9a81-8268773ee9e8,1,60
2026-09-24T05:16:24.552,POST,/desembolsos,201,1286.4,170.9,,f154ff35-d033-43e8-a6da-592548a6164f,1,60
2026-09-24T05:16:25.541,POST,/desembolsos,201,303.3,112.2,,5c9ab14e-23fb-4dd8-911d-749fd2d6c494,1,60
2026-09-24T05:16:25.633,POST,/desembolsos,201,298.7,119.9,,fed20165-aca1-42b3-97c8-ebc96776c2f6,1,60
2026-09-24T05:16:25.729,POST,/desembolsos,201,372.7,142.4,,3bbaddeb-b1c3-4b3d-a6a2-786983cac26c,1,60
2026-09-24T05:16:25.835,POST,/desembolsos,201,281.1,111.4,,d178561e-7b9e-40b3-871c-d0e5832655e0,1,60
2026-09-24T05:16:25.918,POST,/desembolsos,201,375.8,184.6,,c1a0e3f6-3aed-4a13-87ce-3f087a706ed2,1,60
2026-09-24T05:16:26.031,POST,/desembolsos,201,364.2,175.9,,1fed1a33-74b7-48e2-a2f5-39cb321c17eb,1,60
2026-09-24T05:16:26.160,POST,/desembolsos,201,335.2,152.5,,d64d6a50-0e11-4a23-985b-ecb9101e6b1d,1,60
2026-09-24T05:16:26.242,POST,/desembolsos,201,435.9,176.6,,b84f8a00-e933-4813-bea6-bb3c0647546c,1,60
2026-09-24T05:16:26.344,POST,/desembolsos,201,334.9,159.3,,0be36ab9-710e-4f79-98de-dfe454cb26ba,1,60
2026-09-24T05:16:26.419,POST,/desembolsos,201,377.1,209.3,,f9ad2ca8-fde2-42aa-96d6-00ab56b14510,1,60
2026-09-24T05:16:26.543,POST,/desembolsos,201,416.7,228.5,,62bcfd82-c11e-48e1-a447-38b142bef19e,1,60
2026-09-24T05:16:26.627,POST,/desembolsos,201,352.1,161.9,,fb3d4503-09dd-46f9-b000-8bdbed4f0383,1,60
2026-09-24T05:16:26.743,POST,/desembolsos,201,331.1,133.9,,0a4605e2-389d-4edb-a174-365118f38029,1,60
2026-09-24T05:16:26.842,POST,/desembolsos,201,331.3,132.0,,7032af06-301e-42e9-ad32-f7c11a3aa532,1,60
2026-09-24T05:16:26.941,POST,/desembolsos,201,395.3,133.7,,25af30e7-9ef1-4acc-aff1-918692e7d733,1,60
2026-09-24T05:16:27.039,POST,/desembolsos,201,477.8,134.6,,a7a58d97-f0e7-4d18-86ec-2661382eedab,1,60
2026-09-24T05:16:27.137,POST,/desembolsos,201,379.9,126.1,,f1a3457e-1ea3-494a-b3ae-2cd9aba50203,1,60
2026-09-24T05:16:27.335,POST,/desembolsos,201,302.8,180.9,,ae766632-84e7-4f3b-9208-4e50100eb96e,1,60
2026-09-24T05:16:27.251,POST,/desembolsos,201,388.0,266.0,,414bddce-ba61-4e61-9fd4-0b468b31d017,1,60
2026-09-24T05:16:27.444,POST,/desembolsos,201,302.5,180.1,,ecf4c94c-6ad4-4f5e-8f56-11bc14c10617,1,60
2026-09-24T05:16:27.551,POST,/desembolsos,201,231.8,113.3,,b4d862d4-c9c7-4c3f-91bd-7c069a0570a7,1,60
2026-09-24T05:16:27.623,POST,/desembolsos,201,242.3,119.0,,9f2986a4-2926-494f-81c2-43bb8a299b35,1,60
2026-09-24T05:16:27.735,POST,/desembolsos,201,240.5,118.0,,97120297-8361-4dbc-9d13-d40c518b747f,1,60
2026-09-24T05:16:27.837,POST,/desembolsos,201,248.8,116.3,,ff287a88-950a-4e45-adaf-abdc9c748e5e,1,60
2026-09-24T05:16:27.943,POST,/desembolsos,201,235.4,119.0,,f21f103a-5cf8-4f72-9be3-0fdddbcc9dbe,1,60
2026-09-24T05:16:28.039,POST,/desembolsos,201,244.9,118.2,,494b3957-fdb4-4b87-b139-b4a8678a9442,1,60
2026-09-24T05:16:28.135,POST,/desembolsos,201,241.8,116.1,,fe0bf425-22dc-416f-8117-42f1964c3aee,1,60
2026-09-24T05:16:28.250,POST,/desembolsos,201,244.4,127.0,,5def7980-5a2c-472a-af33-bf26798c2118,1,60
2026-09-24T05:16:28.344,POST,/desembolsos,201,237.0,114.6,,b0b5a451-bfc5-461d-952a-e00e04f14549,1,60
2026-09-24T05:16:28.443,POST,/desembolsos,201,256.0,114.6,,454c6b90-fb70-4d31-84e2-30de91278c7f,1,60
2026-09-24T05:16:28.543,POST,/desembolsos,201,227.5,110.5,,fa51cbfe-68e0-42c6-b808-71830180db20,1,60
2026-09-24T05:16:28.644,POST,/desembolsos,201,238.9,117.4,,ba08ec17-cbfa-49f0-967f-7dea65f8a21a,1,60
2026-09-24T05:16:28.743,POST,/desembolsos,201,238.5,113.8,,2b999c34-79de-450d-914d-0ff48a1165c6,1,60
2026-09-24T05:16:28.850,POST,/desembolsos,201,259.3,132.2,,1bd23975-62af-49e1-be4a-dc5bec9a6881,1,60
2026-09-24T05:16:28.949,POST,/desembolsos,201,242.0,119.8,,de4dd621-5f66-46de-ada6-ebda48ebff46,1,60
2026-09-24T05:16:29.048,POST,/desembolsos,201,237.1,116.7,,9f8f1488-6894-4d84-9a6c-1090afe3c2ef,1,60
2026-09-24T05:16:29.145,POST,/desembolsos,201,229.8,110.8,,bb522a02-6c4e-499d-978e-6847282e6798,1,60
2026-09-24T05:16:29.243,POST,/desembolsos,201,245.4,123.1,,e1007c77-c711-43ce-9aa4-d31e137accb1,1,60
2026-09-24T05:16:29.344,POST,/desembolsos,201,247.8,125.6,,5d4b831a-d9d2-4b53-a6e0-4cc927062221,1,60
2026-09-24T05:16:29.435,POST,/desembolsos,201,246.4,124.8,,58535c8c-5416-4520-945f-8017898fec39,1,60
2026-09-24T05:16:29.544,POST,/desembolsos,201,234.4,113.3,,a7f15ec9-d03d-4ab4-a8a2-cf5cc0eec4d6,1,60
2026-09-24T05:16:29.635,POST,/desembolsos,201,242.7,113.2,,80d963cd-2faf-4318-8af1-c4a1f5dfed54,1,60
2026-09-24T05:16:29.736,POST,/desembolsos,201,261.7,110.9,,36847d4c-e8be-489a-87a6-568d82b7d662,1,60
2026-09-24T05:16:29.846,POST,/desembolsos,201,278.1,151.8,,d0a6240d-b36e-46c1-a5c2-7ff9f095747b,1,60
2026-09-24T05:16:29.951,POST,/desembolsos,201,281.9,156.3,,24fd7df7-8c03-4ec6-bef7-8a115e2e053d,1,60
2026-09-24T05:16:30.049,POST,/desembolsos,201,234.9,114.2,,4ab3b2b0-c290-4560-b1af-96dedcbea4c7,1,60
2026-09-24T05:16:30.147,POST,/desembolsos,201,231.1,111.7,,8b07be25-967d-454e-bfb4-52424604d769,1,60
2026-09-24T05:16:30.229,POST,/desembolsos,201,232.8,111.7,,26cadd1c-5fba-465e-afb0-0a10742aca60,1,60
2026-09-24T05:16:30.344,POST,/desembolsos,201,233.7,114.7,,b40e5536-dd9c-4936-af71-0d8c7b0cddd0,1,60
2026-09-24T05:16:30.452,POST,/desembolsos,201,254.3,119.0,,17f193fe-d000-40a1-84de-8c4696ed04b2,1,60
2026-09-24T05:16:30.527,POST,/desembolsos,201,231.9,113.2,,f6acee9b-7910-4cf1-b2d6-d7f3b54a0568,1,60
2026-09-24T05:16:30.636,POST,/desembolsos,201,231.2,113.0,,df5be562-1107-4ac5-aa6f-4aac2a151bcd,1,60
2026-09-24T05:16:30.744,POST,/desembolsos,201,227.3,111.2,,33b9db27-38e0-4aca-af45-0af483d80c02,1,60
2026-09-24T05:16:30.845,POST,/desembolsos,201,236.2,117.5,,b13a5b60-562c-4036-a5b8-a20b19f123a9,1,60
2026-09-24T05:16:30.943,POST,/desembolsos,201,234.8,114.0,,0e5346df-322a-456f-917f-a56e6567d7b3,1,60
2026-09-24T05:16:31.042,POST,/desembolsos,201,232.0,112.0,,6cfda564-040f-4cd9-a28b-d1d999e0278d,1,60
2026-09-24T05:16:31.142,POST,/desembolsos,201,235.3,115.6,,a2ba14f6-c737-4748-9e5f-b48b1f7ec48d,1,60
2026-09-24T05:16:31.241,POST,/desembolsos,201,238.6,114.9,,4df21444-5523-40d2-9d0f-cea321ab8317,1,60
2026-09-24T05:16:31.327,POST,/desembolsos,201,230.8,111.7,,3866e0a4-52fe-4131-b368-6c681de09465,1,60
2026-09-24T05:16:31.436,POST,/desembolsos,201,230.6,112.6,,1b7a214d-019d-4ba6-aa83-887ba73aa369,1,60
2026-09-24T05:16:31.544,POST,/desembolsos,201,235.2,114.4,,b2e31fca-3bb2-4603-86a8-a47b19bb0378,1,60
2026-09-24T05:16:31.619,POST,/desembolsos,201,244.1,127.1,,e461cdc7-d18d-43f3-b9b1-d927d714828c,1,60
2026-09-24T05:16:31.735,POST,/desembolsos,201,237.7,118.2,,e91c0f17-a316-48c1-8591-64563117c95b,1,60
2026-09-24T05:16:31.837,POST,/desembolsos,201,237.6,116.7,,86d5b0d3-acd4-4008-9320-0c54ed4e9ff4,1,60
2026-09-24T05:16:31.952,POST,/desembolsos,201,229.7,112.7,,14e1206b-8f4a-403a-864d-a62abce11982,1,60
2026-09-24T05:16:32.037,POST,/desembolsos,201,235.7,114.1,,ab54bf44-8bb8-4ee1-820c-6df2028ffc26,1,60
2026-09-24T05:16:32.135,POST,/desembolsos,201,239.4,113.5,,bc7caacc-901e-4758-af23-be21c1e3e973,1,60
2026-09-24T05:16:32.248,POST,/desembolsos,201,239.5,114.3,,39b1d4dc-881f-4a53-9821-43583a465ef2,1,60
2026-09-24T05:16:32.348,POST,/desembolsos,201,236.5,118.6,,067f9de7-86bd-4bf8-8acf-c08f6756c1b4,1,60
2026-09-24T05:16:32.444,POST,/desembolsos,201,232.8,115.4,,29bbdf87-4a43-4e7c-a090-f500b8de0097,1,60
2026-09-24T05:16:32.542,POST,/desembolsos,201,234.3,115.1,,6f219540-3368-4222-9ab7-30575d7e6190,1,60
2026-09-24T05:16:32.657,POST,/desembolsos,201,233.0,113.2,,73bfe4e1-5546-4570-91c8-7e9b232ff82b,1,60
2026-09-24T05:16:32.757,POST,/desembolsos,201,237.1,115.2,,8af9bc1f-7d00-4536-ba8c-704c9bb29887,1,60
2026-09-24T05:16:32.836,POST,/desembolsos,201,254.6,119.3,,ebc2d6d7-c12c-4234-a7f0-e5b3d0dd5743,1,60
2026-09-24T05:16:32.945,POST,/desembolsos,201,259.1,136.1,,a0f0e4c7-6054-4bc2-a381-24f2535a458a,1,60
2026-09-24T05:16:33.035,POST,/desembolsos,201,238.6,119.1,,093d7883-b02c-48fe-9d28-9be6a9722976,1,60
2026-09-24T05:16:33.134,POST,/desembolsos,201,265.6,117.6,,ab9a5333-ab3d-4d5c-8b5c-41fbb97ab4df,1,60
2026-09-24T05:16:33.244,POST,/desembolsos,201,258.6,127.1,,d0e88870-adee-48b6-a3d5-4bd9c8a1499f,1,60
2026-09-24T05:16:33.335,POST,/desembolsos,201,273.2,135.1,,cebc5611-8f44-45f2-9a0f-3d56d9eb25f3,1,60
2026-09-24T05:16:33.436,POST,/desembolsos,201,250.6,126.7,,7745bd68-2359-494e-80c3-43c7ab7e911d,1,60
2026-09-24T05:16:33.544,POST,/desembolsos,201,249.7,125.8,,eac5f6d5-395e-4acd-92b7-8e4287c80316,1,60
2026-09-24T05:16:33.636,POST,/desembolsos,201,249.9,112.6,,eaf140b7-d7fd-490b-bb31-a407b9de47fa,1,60
2026-09-24T05:16:33.744,POST,/desembolsos,201,236.9,112.3,,f4635443-b6df-4a40-8523-3877e27ed5c6,1,60
2026-09-24T05:16:33.836,POST,/desembolsos,201,277.1,118.3,,d59b3bbc-d770-4c08-b23b-3783f04b0722,1,60
2026-09-24T05:16:33.942,POST,/desembolsos,201,246.3,121.0,,eda30743-81d3-4cbd-8710-50ed39c14c7b,1,60
2026-09-24T05:16:34.041,POST,/desembolsos,201,247.5,110.3,,8edb1f1e-dfc8-465a-a8a0-6a67952022c7,1,60
2026-09-24T05:16:34.150,POST,/desembolsos,201,250.3,126.0,,33545983-428b-478d-9a65-06a43ed6c91d,1,60
2026-09-24T05:16:34.248,POST,/desembolsos,201,238.0,112.7,,c0184fd8-4733-42cf-9760-6fd2ddde5674,1,60
2026-09-24T05:16:34.344,POST,/desembolsos,201,226.3,109.9,,e0d6de7b-1225-4200-a972-ef6c1e0a4de7,1,60
2026-09-24T05:16:34.444,POST,/desembolsos,201,239.6,112.9,,9edb230d-773c-4e38-825b-8a00731fd41b,1,60
2026-09-24T05:16:34.536,POST,/desembolsos,201,231.8,112.5,,14bba307-7671-42f6-858a-db1f0e042ccb,1,60
2026-09-24T05:16:34.626,POST,/desembolsos,201,237.9,110.7,,9191c0cb-ede4-4227-a144-b484a58da59f,1,60
2026-09-24T05:16:34.735,POST,/desembolsos,201,252.7,127.9,,faa3dd14-a4a9-4be2-985c-260097d82408,1,60
2026-09-24T05:16:34.847,POST,/desembolsos,201,235.3,114.0,,f6384dc0-b85d-4ff7-a9ec-9ab8fa662fed,1,60
2026-09-24T05:16:34.951,POST,/desembolsos,201,233.4,110.2,,86caec96-8eb8-42d2-a70f-6600f735ef89,1,60
2026-09-24T05:16:35.050,POST,/desembolsos,201,273.4,134.6,,92888f8b-2946-40b4-af08-0d0087e36859,1,60
2026-09-24T05:16:35.143,POST,/desembolsos,201,271.1,147.6,,4a7a1606-6858-4426-a08b-e39e5dc5fd25,1,60
2026-09-24T05:16:35.226,POST,/desembolsos,201,228.0,111.5,,e691e919-ed6b-49b7-8fdf-52a24a1b7deb,1,60
2026-09-24T05:16:35.326,POST,/desembolsos,201,232.7,112.9,,344d5fa3-24a1-4451-8c77-c1d80bb5da86,1,60
2026-09-24T05:16:35.439,POST,/desembolsos,201,234.8,114.3,,f6667866-90a8-4502-b57b-31098361fa77,1,60
2026-09-24T05:16:35.549,POST,/desembolsos,201,230.2,112.7,,0dc4a14e-6c55-4947-94f1-8e57ecc4eb1c,1,60
2026-09-24T05:16:35.641,POST,/desembolsos,201,269.4,112.6,,7704d65b-5516-432e-9615-5f241b405b47,1,60
2026-09-24T05:16:35.728,POST,/desembolsos,201,248.1,126.1,,946efec0-cc69-41c9-92a1-adb613fa8bb9,1,60
2026-09-24T05:16:35.844,POST,/desembolsos,201,235.6,116.0,,f6657274-6a36-4274-a9fa-f1dfd47f06a1,1,60
2026-09-24T05:16:35.959,POST,/desembolsos,201,232.0,111.8,,9402aca0-000c-4e02-99b4-c137a7d9deca,1,60
2026-09-24T05:16:36.041,POST,/desembolsos,201,236.6,118.3,,e74401d6-8a5c-4fa6-a281-b69a7ec6f3f8,1,60
2026-09-24T05:16:36.139,POST,/desembolsos,201,239.4,116.8,,1f1fc5a3-98a7-46ee-9da6-463d2f450281,1,60
2026-09-24T05:16:36.252,POST,/desembolsos,201,236.0,113.4,,aac8ff10-f1d7-40e9-9686-f301d900ae5f,1,60
2026-09-24T05:16:36.344,POST,/desembolsos,201,238.0,114.7,,69a7b4e0-c03b-4137-b7b1-c0056306df44,1,60
2026-09-24T05:16:36.444,POST,/desembolsos,201,250.1,133.0,,4418aa51-f458-47ee-afc7-f449e477739f,1,60
2026-09-24T05:16:36.553,POST,/desembolsos,201,233.1,113.2,,38361f7a-1577-4ad9-8713-e0f9295ff922,1,60
2026-09-24T05:16:36.644,POST,/desembolsos,201,237.6,117.0,,bf59373f-d37d-4b50-bdb8-5fed5b57cd78,1,60
2026-09-24T05:16:36.735,POST,/desembolsos,201,237.5,115.3,,3580e471-71e0-43ad-a2be-59b1e6629414,1,60
2026-09-24T05:16:36.827,POST,/desembolsos,201,257.2,123.7,,3c92ba87-3f53-4339-b5f5-7971839ad43f,1,60
2026-09-24T05:16:36.941,POST,/desembolsos,201,241.9,118.0,,91147e9f-6576-47c2-94d3-5955d47e5963,1,60
2026-09-24T05:16:37.056,POST,/desembolsos,201,230.0,113.2,,2784538a-cce3-4fdc-b62a-650fcdee955c,1,60
2026-09-24T05:16:37.139,POST,/desembolsos,201,242.9,121.8,,2c07f451-0ea6-44e2-a55e-88e2fb36cbda,1,60
2026-09-24T05:16:37.252,POST,/desembolsos,201,248.6,125.6,,c4fa35e9-3f9c-4176-8d34-f72da506142d,1,60
2026-09-24T05:16:37.352,POST,/desembolsos,201,252.8,112.6,,bee3332a-1148-4465-b05a-9538e3af420b,1,60
2026-09-24T05:16:37.444,POST,/desembolsos,201,274.9,153.8,,df6a6712-5e13-4d1a-99b7-05224da78d3e,1,60
2026-09-24T05:16:37.536,POST,/desembolsos,201,258.6,132.6,,02105ee2-4dfa-4f11-b29e-e5ea2be021ca,1,60
2026-09-24T05:16:37.628,POST,/desembolsos,201,254.5,117.3,,742684ff-b57a-49fc-9880-1506675053b1,1,60
2026-09-24T05:16:37.719,POST,/desembolsos,201,235.1,115.4,,2272639c-ad73-43f5-83d5-9398b542b79a,1,60
2026-09-24T05:16:37.828,POST,/desembolsos,201,237.6,112.8,,fa7d0d2f-4dd6-4bf8-893d-835a345d8dfe,1,60
2026-09-24T05:16:37.942,POST,/desembolsos,201,288.4,114.6,,6aa3efa0-fe09-4423-b6ed-afaac3b637a9,1,60
2026-09-24T05:16:38.025,POST,/desembolsos,201,241.0,113.9,,16897825-44bc-42ee-a00c-eecb4d86d9fa,1,60
2026-09-24T05:16:38.138,POST,/desembolsos,201,249.3,116.6,,94bf8aba-b7a1-499f-9adc-13024885e392,1,60
2026-09-24T05:16:38.223,POST,/desembolsos,201,234.1,112.8,,09cfbb15-b9be-4803-9fc4-cc62d8f2a7bf,1,60
2026-09-24T05:16:38.335,POST,/desembolsos,201,258.6,113.0,,f06d8119-518e-4ec4-96d7-5327cc401531,1,60
2026-09-24T05:16:38.436,POST,/desembolsos,201,234.5,113.1,,50c0fabc-a8cd-4add-bdfc-fa4d4f3d9034,1,60
2026-09-24T05:16:38.536,POST,/desembolsos,201,227.8,111.7,,488ef3de-b0fb-4150-89dc-9ccbfd9fc9ff,1,60
2026-09-24T05:16:38.628,POST,/desembolsos,201,235.1,112.8,,893d8035-0aa9-4bcb-8507-1046c2ee28a8,1,60
2026-09-24T05:16:38.736,POST,/desembolsos,201,238.3,115.7,,49c4a7f4-575c-4657-a2ba-6caf009ab887,1,60
2026-09-24T05:16:38.844,POST,/desembolsos,201,251.0,121.6,,b3b25ee9-eef0-4426-92c8-1dee403506ae,1,60
2026-09-24T05:16:38.959,POST,/desembolsos,201,257.5,115.4,,a1355540-5132-4d30-8f3d-c9042a304d82,1,60
2026-09-24T05:16:39.025,POST,/desembolsos,201,250.1,124.5,,c75cdcf3-b3d7-4f64-9549-fff20fe29941,1,60
2026-09-24T05:16:39.140,POST,/desembolsos,201,229.1,112.0,,f5d9da4e-8863-4ea8-8dc1-01c5de6faa8a,1,60
2026-09-24T05:16:39.238,POST,/desembolsos,201,232.1,113.2,,50ad73ba-a64a-42d0-8664-a1ad0ac912b2,1,60
2026-09-24T05:16:39.336,POST,/desembolsos,201,238.2,111.8,,25f73c41-d614-416b-a8b0-199beb649c16,1,60
2026-09-24T05:16:39.444,POST,/desembolsos,201,242.3,118.9,,f9fa29ff-f1a2-477a-b5dd-2e7446aa35c3,1,60
2026-09-24T05:16:39.545,POST,/desembolsos,201,298.4,125.0,,37130595-7fe9-4e6e-865c-9d8b63e68f72,1,60
2026-09-24T05:16:39.628,POST,/desembolsos,201,241.3,117.0,,07e95da0-4534-4a4f-aaea-31090cab3650,1,60
2026-09-24T05:16:39.744,POST,/desembolsos,201,237.9,112.2,,aa68fb0e-d5b8-4dc2-ac5b-c194b2619393,1,60
2026-09-24T05:16:39.836,POST,/desembolsos,201,235.6,113.9,,b6783e1b-dee9-4566-8fbb-d29df95dfc8a,1,60
2026-09-24T05:16:39.944,POST,/desembolsos,201,237.3,113.6,,59f4da61-9485-4ff9-87b9-e74329ac6c71,1,60
2026-09-24T05:16:40.026,POST,/desembolsos,201,248.9,131.2,,d1863658-21a6-45bd-9e7b-526ef38e8034,1,60
2026-09-24T05:16:40.140,POST,/desembolsos,201,233.1,114.9,,e2ee8dd4-0198-4de8-8294-cd73c224fbe7,1,60
2026-09-24T05:16:40.243,POST,/desembolsos,201,228.6,110.6,,0cbddb24-41f8-4457-8b13-0b5c2212efa2,1,60
2026-09-24T05:16:40.345,POST,/desembolsos,201,250.3,120.0,,445205d9-b3f2-428b-949b-811a7d1cc981,1,60
2026-09-24T05:16:40.445,POST,/desembolsos,201,235.9,114.9,,b513c4c7-250e-470b-9784-7d489d8b217e,1,60
2026-09-24T05:16:40.537,POST,/desembolsos,201,233.4,111.0,,5da4015d-8d2f-4dc7-b7d4-62f21aa66d90,1,60
2026-09-24T05:16:40.636,POST,/desembolsos,201,249.5,125.3,,a7e75f1d-82b8-4103-b193-076f34e8c58d,1,60
2026-09-24T05:16:40.728,POST,/desembolsos,201,243.4,114.2,,b273cde3-1f8e-4e8c-8316-e0be80eb0f6f,1,60
2026-09-24T05:16:40.831,POST,/desembolsos,201,241.5,112.6,,9dba4aa6-3b9a-4eaa-ba59-967f9e1a1372,1,60
2026-09-24T05:16:40.935,POST,/desembolsos,201,288.6,129.7,,9cc005fa-31fe-4ce3-999d-58d2e74fb455,1,60
2026-09-24T05:16:41.038,POST,/desembolsos,201,305.8,149.5,,7ce89008-1dd0-4c6f-ab25-3e0b5ef4bec7,1,60
2026-09-24T05:16:41.136,POST,/desembolsos,201,232.8,111.0,,00c90f4d-b982-40ca-be88-35bf10af1e83,1,60
2026-09-24T05:16:41.246,POST,/desembolsos,201,248.4,122.5,,4e055ed0-7f42-4ef6-969f-cdae814f6b4f,1,60
2026-09-24T05:16:41.328,POST,/desembolsos,201,241.7,114.0,,268afd50-c677-4f99-84f4-e0811a9eba0c,1,60
2026-09-24T05:16:41.436,POST,/desembolsos,201,232.4,112.2,,9fb91736-6b54-40c2-a504-97bc18bb9004,1,60
2026-09-24T05:16:41.536,POST,/desembolsos,201,234.4,113.0,,6c5655fa-11a8-48ec-bfd7-6fafb3613855,1,60
2026-09-24T05:16:41.627,POST,/desembolsos,201,238.9,117.2,,7e9c73ce-899c-40b1-81e1-b4c79b3a436c,1,60
2026-09-24T05:16:41.744,POST,/desembolsos,201,231.3,111.2,,b42f7576-73fc-4620-be63-f8b28c77ca20,1,60
2026-09-24T05:16:41.828,POST,/desembolsos,201,250.2,125.7,,67be3ce0-16be-45e4-bc90-9fec39c32287,1,60
2026-09-24T05:16:41.942,POST,/desembolsos,201,246.8,119.2,,b653174b-619e-404d-b4d1-bfd99cb5724b,1,60
2026-09-24T05:16:42.020,POST,/desembolsos,201,226.7,112.0,,59796c5f-76e5-412d-8cb0-48d25bebcd25,1,60
2026-09-24T05:16:42.116,POST,/desembolsos,201,233.1,112.9,,e6c5c769-4d58-4ff0-bd9a-e62ef82f3cdd,1,60
2026-09-24T05:16:42.236,POST,/desembolsos,201,234.1,112.5,,6dc54491-3e0f-47db-ac19-f51dafedd2de,1,60
2026-09-24T05:16:42.345,POST,/desembolsos,201,252.1,111.2,,5429a01f-1fc0-4210-8fb4-37e89945cb52,1,60
2026-09-24T05:16:42.453,POST,/desembolsos,201,256.2,126.6,,f6ebbd02-f180-4629-ac92-bd19657c913d,1,60
2026-09-24T05:16:42.545,POST,/desembolsos,201,238.7,112.7,,9623b8fe-8a4b-48f8-9ba9-495949e8f4c0,1,60
2026-09-24T05:16:42.636,POST,/desembolsos,201,242.6,124.0,,c26fca1a-329f-4aed-bff1-12fadd0e216d,1,60
2026-09-24T05:16:42.736,POST,/desembolsos,201,238.6,113.4,,0454b4af-f3c3-420a-9237-ee1ec3c266bd,1,60
2026-09-24T05:16:42.844,POST,/desembolsos,201,237.6,112.8,,ab777e34-df14-4890-bbd5-9dfbfd500dee,1,60
2026-09-24T05:16:42.934,POST,/desembolsos,201,245.2,116.1,,c56a2f65-8a78-420f-84a5-8108166f27db,1,60
2026-09-24T05:16:43.050,POST,/desembolsos,201,300.8,129.9,,c0855a5b-9a23-4ce4-8f8b-e1efbee20ba1,1,60
2026-09-24T05:16:43.143,POST,/desembolsos,201,240.8,113.4,,6a2db4ba-e77d-4306-a7bf-b372bc2ca0a3,1,60
2026-09-24T05:16:43.243,POST,/desembolsos,201,225.5,109.5,,0aba6a70-3f81-4d35-9b90-477b1b92605f,1,60
2026-09-24T05:16:43.344,POST,/desembolsos,201,238.1,115.3,,da3d1e85-84e5-4ad6-beda-61dc4f3a9803,1,60
2026-09-24T05:16:43.444,POST,/desembolsos,201,240.3,112.4,,29ac1b58-ce4a-4743-89e3-b110b759ef98,1,60
2026-09-24T05:16:43.545,POST,/desembolsos,201,262.1,130.1,,5d813815-99db-4808-b3f1-d74326d80874,1,60
2026-09-24T05:16:43.636,POST,/desembolsos,201,233.2,113.4,,c6975e4b-e1ab-4b02-9a06-59377e1ad1f9,1,60
2026-09-24T05:16:43.728,POST,/desembolsos,201,232.5,112.4,,0a44e15f-78da-4cf5-8e9f-099d99f3dd0c,1,60
2026-09-24T05:16:43.820,POST,/desembolsos,201,237.1,112.5,,60377536-465d-4f22-ae83-2a09787a17cc,1,60
2026-09-24T05:16:43.932,POST,/desembolsos,201,234.5,115.4,,c7e5a9d5-3932-4d15-85e4-24b5722ec264,1,60
2026-09-24T05:16:44.023,POST,/desembolsos,201,242.6,121.5,,38f89dcb-18aa-418b-8f9b-bf314e40699c,1,60
2026-09-24T05:16:44.138,POST,/desembolsos,201,229.2,112.2,,81d814c0-79c9-4dd4-ad43-024a8cf05910,1,60
2026-09-24T05:16:44.249,POST,/desembolsos,201,235.7,113.0,,b0e2f6af-3e11-4f10-98b4-d92b2a026216,1,60
2026-09-24T05:16:44.334,POST,/desembolsos,201,237.9,119.3,,b396a27a-2289-4b4a-a1ca-98c6a81e4141,1,60
2026-09-24T05:16:44.446,POST,/desembolsos,201,230.0,110.6,,a4de38cb-8531-4eaf-99fe-5845ff7e7c9b,1,60
2026-09-24T05:16:44.541,POST,/desembolsos,201,236.8,116.0,,d97dd0f4-3d49-4255-80fd-588db74e5d75,1,60
2026-09-24T05:16:44.635,POST,/desembolsos,201,242.0,114.4,,ded94503-2d66-4b19-b776-94ff198f3227,1,60
2026-09-24T05:16:44.748,POST,/desembolsos,201,236.3,117.0,,2535241e-815e-4ebe-a538-3bd80e0c225b,1,60
2026-09-24T05:16:44.836,POST,/desembolsos,201,243.5,120.5,,78b146db-182e-4a44-b60d-966afc3b60a9,1,60
2026-09-24T05:16:44.951,POST,/desembolsos,201,238.6,116.2,,c47f0119-b3f1-4e0a-af2a-a1ed07617e75,1,60
2026-09-24T05:16:45.049,POST,/desembolsos,201,249.4,132.3,,744d062c-6cca-4ac8-9431-e1c512132b9d,1,60
2026-09-24T05:16:45.149,POST,/desembolsos,201,268.9,143.6,,625a9fd6-d68a-496a-bece-5ec029d16cf4,1,60
2026-09-24T05:16:45.244,POST,/desembolsos,201,250.8,125.8,,16e52f06-390d-4388-95a9-f0c439190ff4,1,60
2026-09-24T05:16:45.345,POST,/desembolsos,201,228.4,110.3,,ced0843e-d7cd-4daf-a05b-1fa2c9fbbbf5,1,60
2026-09-24T05:16:45.436,POST,/desembolsos,201,237.6,113.8,,149a9855-86c5-450c-8fbf-9954fed3a4f3,1,60
2026-09-24T05:16:45.537,POST,/desembolsos,201,246.5,115.1,,096d5ac2-287e-4e3c-b347-ef306e3ba80f,1,60
2026-09-24T05:16:45.645,POST,/desembolsos,201,239.0,113.6,,6e2155e6-cb67-4a6e-961a-b6f6de5375f5,1,60
2026-09-24T05:16:45.745,POST,/desembolsos,201,242.4,120.6,,201bd892-bdc5-4b8d-afa2-dddc8c100650,1,60
2026-09-24T05:16:45.837,POST,/desembolsos,201,314.9,130.2,,ea1a07c3-21c1-4ef1-a96d-1ffb2a2937ba,1,60
2026-09-24T05:16:45.934,POST,/desembolsos,201,246.2,122.4,,9b3cb1b3-4549-4d84-8b55-1b7dc52fae74,1,60
2026-09-24T05:16:46.050,POST,/desembolsos,201,254.1,130.8,,74de5b83-3dd0-4f58-8427-2cc30f2559a8,1,60
2026-09-24T05:16:46.147,POST,/desembolsos,201,254.2,119.3,,c15532d9-1596-41df-b01c-48a00a203fd1,1,60
2026-09-24T05:16:46.245,POST,/desembolsos,201,239.6,116.3,,1a220fdf-0f5f-4631-9222-d3e0a2a6906b,1,60
2026-09-24T05:16:46.336,POST,/desembolsos,201,247.5,127.8,,261cc07c-39f0-4119-9787-4b5582d661f9,1,60
2026-09-24T05:16:46.453,POST,/desembolsos,201,234.7,117.7,,b7ccfe0e-b86b-4ec6-bdec-68c50bebab32,1,60
2026-09-24T05:16:46.537,POST,/desembolsos,201,242.2,120.4,,d02e68ea-b0fd-4f70-aaa8-f78c8e365b5f,1,60
2026-09-24T05:16:46.645,POST,/desembolsos,201,248.3,122.8,,18f31de9-f25c-4dea-add7-d7f342d7dee2,1,60
2026-09-24T05:16:46.736,POST,/desembolsos,201,262.3,132.9,,108a17ac-6c79-4f53-a002-6a019f59f756,1,60
2026-09-24T05:16:46.848,POST,/desembolsos,201,237.4,116.3,,f77181ae-aee9-443d-a8d1-2dc3c99d790a,1,60
2026-09-24T05:16:46.934,POST,/desembolsos,201,234.3,113.6,,9add62d6-da85-40bd-b242-99bf61f670b6,1,60
2026-09-24T05:16:47.039,POST,/desembolsos,201,241.8,121.4,,5ff35b22-c796-4d32-a32f-b725f261f9f4,1,60
2026-09-24T05:16:47.150,POST,/desembolsos,201,245.7,122.9,,78b64727-0a38-47d3-8ae2-fcfd8e461fdb,1,60
2026-09-24T05:16:47.249,POST,/desembolsos,201,258.0,114.7,,086649c1-97cd-4540-a114-1235210acb5e,1,60
2026-09-24T05:16:47.337,POST,/desembolsos,201,230.5,112.6,,6f0e2fbc-8c8c-4234-ab84-352cdee3dc08,1,60
2026-09-24T05:16:47.445,POST,/desembolsos,201,230.6,111.4,,2fd44311-7517-41b1-af46-2148b4517b46,1,60
2026-09-24T05:16:47.545,POST,/desembolsos,201,240.5,112.6,,12b90539-a345-4a05-9da8-f7e1a1f41350,1,60
2026-09-24T05:16:47.636,POST,/desembolsos,201,237.8,112.7,,69ec0b08-e1fe-4593-a696-fc609ad7789e,1,60
2026-09-24T05:16:47.745,POST,/desembolsos,201,227.3,110.3,,b1096a4e-167a-43e2-b449-eada183cbb7c,1,60
2026-09-24T05:16:47.829,POST,/desembolsos,201,239.7,117.7,,d81de6c3-5f68-467c-a30e-7839e31f59f2,1,60
2026-09-24T05:16:47.940,POST,/desembolsos,201,242.5,113.6,,f4b8f1fe-e996-43aa-bcbb-1dbb2f76f05d,1,60
2026-09-24T05:16:48.037,POST,/desembolsos,201,233.6,111.8,,1ff009ba-232d-4025-962f-c41d0f462f5e,1,60
2026-09-24T05:16:48.134,POST,/desembolsos,201,246.4,112.4,,9550dc2b-619c-455d-8d74-719070be9b33,1,60
2026-09-24T05:16:48.248,POST,/desembolsos,201,262.5,116.9,,21ea2096-591e-4d5e-93e1-71c3234a2660,1,60
2026-09-24T05:16:48.336,POST,/desembolsos,201,238.9,117.1,,16ccb940-3816-42e9-81e1-3c5c87a649f1,1,60
2026-09-24T05:16:48.434,POST,/desembolsos,201,244.1,116.8,,0461bf38-424c-4958-8410-bec36852735f,1,60
2026-09-24T05:16:48.545,POST,/desembolsos,201,232.9,112.4,,772865e9-250f-47e8-878d-ec16bc10019e,1,60
2026-09-24T05:16:48.641,POST,/desembolsos,201,229.5,113.5,,e6c5d959-4ace-4e51-8a1c-fea367a9ea8a,1,60
2026-09-24T05:16:48.735,POST,/desembolsos,201,262.2,112.4,,2aa037a4-50a9-4282-9a6b-f6b07be4aeb7,1,60
2026-09-24T05:16:48.843,POST,/desembolsos,201,271.5,114.5,,e8993766-6e40-47e0-97da-9b66bb9115d7,1,60
2026-09-24T05:16:48.951,POST,/desembolsos,201,228.3,111.6,,dbac62ea-9493-4a43-b5fe-0074e39c8e11,1,60
2026-09-24T05:16:49.033,POST,/desembolsos,201,253.0,132.0,,1bf1ab21-5acc-4c6a-9115-34517abc32e1,1,60
2026-09-24T05:16:49.114,POST,/desembolsos,201,240.0,114.6,,f5daa6db-ba64-44b5-a4c5-e05244c7038e,1,60
2026-09-24T05:16:49.227,POST,/desembolsos,201,241.4,112.1,,f604f8eb-859b-4438-a38d-479f7a68af9e,1,60
2026-09-24T05:16:49.337,POST,/desembolsos,201,238.6,115.4,,bca10fd7-9ebc-4559-a6ba-4bdaa8b0b02f,1,60
2026-09-24T05:16:49.437,POST,/desembolsos,201,238.5,115.8,,037ea6fe-f74b-4750-b9f9-1a0ec00c68e7,1,60
2026-09-24T05:16:49.545,POST,/desembolsos,201,231.5,112.2,,c5f18a78-6290-40d1-a67f-a683d4f261ce,1,60
2026-09-24T05:16:49.645,POST,/desembolsos,201,252.8,121.5,,4ea1000c-13d1-4c88-abfa-08c13b186342,1,60
2026-09-24T05:16:49.753,POST,/desembolsos,201,237.1,112.9,,cfda0b91-d010-4635-9b58-690e790bff9b,1,60
2026-09-24T05:16:49.852,POST,/desembolsos,201,246.8,112.1,,216aabb7-982b-4218-b505-305b656aca67,1,60
2026-09-24T05:16:49.933,POST,/desembolsos,201,235.4,113.7,,837f7be2-a20a-47a9-8d29-86b8a085bd6a,1,60
2026-09-24T05:16:50.043,POST,/desembolsos,201,237.4,114.0,,1ef7a11b-7774-451e-994f-695a3d67c86b,1,60
2026-09-24T05:16:50.156,POST,/desembolsos,201,237.4,114.5,,fe8d7a94-e186-4328-a464-f25d7c4239d0,1,60
2026-09-24T05:16:50.241,POST,/desembolsos,201,237.1,113.8,,0e8bd703-770c-48af-be44-400fa50e85c1,1,60
2026-09-24T05:16:50.328,POST,/desembolsos,201,246.5,117.7,,33e24717-7f83-4ed2-86fb-9676f24da5fa,1,60
2026-09-24T05:16:50.445,POST,/desembolsos,201,248.9,124.6,,abb7a348-9088-479b-b9c6-f28dfd6e4b72,1,60
2026-09-24T05:16:50.537,POST,/desembolsos,201,235.8,115.7,,4b56270f-5ef0-4b28-995d-382138109d32,1,60
2026-09-24T05:16:50.637,POST,/desembolsos,201,259.0,133.8,,7bb8ea32-97ee-4438-b4c7-6e73cbd5ad96,1,60
2026-09-24T05:16:50.737,POST,/desembolsos,201,273.2,135.4,,12333615-22a7-4bc3-9694-d65c623fa575,1,60
2026-09-24T05:16:50.812,POST,/desembolsos,201,243.9,124.3,,8a2fdbe3-c2ad-4482-95a6-cc0fe1e2dd19,1,60
2026-09-24T05:16:50.936,POST,/desembolsos,201,241.6,114.4,,9e19d8cb-3068-474f-ad3e-3c1242c53772,1,60
2026-09-24T05:16:51.047,POST,/desembolsos,201,238.6,116.6,,a56d2bfd-d869-48a8-b5d0-531b38fc620a,1,60
2026-09-24T05:16:51.138,POST,/desembolsos,201,233.7,110.8,,59f2cb9c-c551-43d3-8e9c-f7459c086b89,1,60
2026-09-24T05:16:51.247,POST,/desembolsos,201,274.9,120.1,,35a899f5-3782-4c56-9b60-9687134e318b,1,60
2026-09-24T05:16:51.337,POST,/desembolsos,201,245.4,113.2,,9330e2cf-67e6-482b-bbb8-97d22eb711ec,1,60
2026-09-24T05:16:51.437,POST,/desembolsos,201,234.1,110.1,,8531b783-42df-49e0-b101-33903d500292,1,60
2026-09-24T05:16:51.520,POST,/desembolsos,201,236.1,115.0,,419a09bb-65f5-4f01-a1a5-0054420b02d8,1,60
2026-09-24T05:16:51.638,POST,/desembolsos,201,240.7,114.9,,78c1aca4-a92f-4b2b-8f46-37a07fd4848b,1,60
2026-09-24T05:16:51.736,POST,/desembolsos,201,237.7,111.4,,b7bca832-b09c-4e95-bfc4-6912475e2972,1,60
2026-09-24T05:16:51.837,POST,/desembolsos,201,234.8,113.4,,1fa5c453-48b8-41e2-85bf-a75a16752aa2,1,60
2026-09-24T05:16:51.946,POST,/desembolsos,201,255.5,113.3,,cef29aaa-d9c5-4be0-b54e-7eeedd34f231,1,60
2026-09-24T05:16:52.053,POST,/desembolsos,201,248.5,111.5,,dfe85544-18f0-4854-973f-deec61ee69f1,1,60
2026-09-24T05:16:52.128,POST,/desembolsos,201,233.4,113.7,,64183dcf-92a8-4987-87ae-7c358acaada5,1,60
2026-09-24T05:16:52.226,POST,/desembolsos,201,237.1,112.4,,1689c886-fd14-48bd-b903-9f6e9ae8ea16,1,60
2026-09-24T05:16:52.336,POST,/desembolsos,201,236.0,115.6,,494c992b-c3ee-491d-b46d-574ad7097f2e,1,60
2026-09-24T05:16:52.445,POST,/desembolsos,201,251.3,118.3,,2e455b83-e5ed-4c0b-aa6b-375878d60b53,1,60
2026-09-24T05:16:52.537,POST,/desembolsos,201,234.0,113.8,,915445f3-33dd-4e53-8426-114e8fd35fbf,1,60
2026-09-24T05:16:52.629,POST,/desembolsos,201,239.9,120.8,,55d8a010-258a-4c32-a4c8-ce19d1e01f99,1,60
2026-09-24T05:16:52.720,POST,/desembolsos,201,244.6,125.8,,0dc93472-ce18-4e48-9377-92b9227e70a8,1,60
2026-09-24T05:16:52.845,POST,/desembolsos,201,239.6,114.9,,1d9fff77-f3ae-4800-b4d6-56f30929ad5f,1,60
2026-09-24T05:16:52.959,POST,/desembolsos,201,234.6,110.9,,089b8233-a6ed-43e4-8310-9d9b364b284b,1,60
2026-09-24T05:16:53.042,POST,/desembolsos,201,237.8,114.5,,ac3ddecb-df06-46cb-b893-8cf5be911a1e,1,60
2026-09-24T05:16:53.138,POST,/desembolsos,201,259.6,136.9,,07b5c13b-0550-491b-b87f-fa4570e0808c,1,60
2026-09-24T05:16:53.236,POST,/desembolsos,201,274.2,151.9,,20b34ad4-a9e1-44cd-8f14-d2e563115351,1,60
2026-09-24T05:16:53.337,POST,/desembolsos,201,234.3,113.3,,aa3ce44f-1351-4084-896f-54176799a362,1,60
2026-09-24T05:16:53.445,POST,/desembolsos,201,234.2,116.0,,025f5299-9c23-4539-85a4-48a1956bc5af,1,60
2026-09-24T05:16:53.545,POST,/desembolsos,201,231.8,109.8,,5e0c23bf-cf98-4421-9f85-7c6ec330f4b6,1,60
2026-09-24T05:16:53.620,POST,/desembolsos,201,252.0,116.2,,ca06c398-8d1e-4ea3-a62d-7c3f2fb6232f,1,60
2026-09-24T05:16:53.729,POST,/desembolsos,201,252.1,114.7,,a432c97a-98d6-479a-85af-756317797dd3,1,60
2026-09-24T05:16:53.837,POST,/desembolsos,201,248.6,131.3,,3df7f890-cb51-443b-8e2a-330b96c4794c,1,60
2026-09-24T05:16:53.936,POST,/desembolsos,201,237.4,114.7,,4119e3a4-5c6f-4dd9-92f2-4c0f014f5791,1,60
2026-09-24T05:16:54.034,POST,/desembolsos,201,240.4,113.2,,7ba32db9-862c-4664-9e18-2a60ebb0a6df,1,60
2026-09-24T05:16:54.133,POST,/desembolsos,201,237.5,117.0,,83c19507-2f0e-4eb3-aabd-44e890a975e4,1,60
2026-09-24T05:16:54.228,POST,/desembolsos,201,240.2,118.6,,63dd6753-bcbc-4e49-96c5-c762b628c9a7,1,60
2026-09-24T05:16:54.328,POST,/desembolsos,201,285.5,125.1,,68f7a256-393c-4c32-9919-971bb2688073,1,60
2026-09-24T05:16:54.429,POST,/desembolsos,201,236.4,115.3,,db8aad9e-7d7e-4ba2-8741-0035c557c4bb,1,60
2026-09-24T05:16:54.529,POST,/desembolsos,201,237.9,116.9,,3b0bbb79-8c55-4d24-86e8-19710388d7d3,1,60
2026-09-24T05:16:54.645,POST,/desembolsos,201,237.1,113.2,,09374fb2-0060-43f3-b5a9-75972a447ff6,1,60
2026-09-24T05:16:54.719,POST,/desembolsos,201,232.1,109.9,,4e28e7e2-2e43-4aea-a36b-7eafb73e1d10,1,60
2026-09-24T05:16:54.854,POST,/desembolsos,201,240.9,113.4,,b16e4fb7-6078-4359-a081-d225bed193f3,1,60
2026-09-24T05:16:54.926,POST,/desembolsos,201,244.0,115.7,,7bef3ae3-3f1c-4c92-9ada-78b035c63e8b,1,60
2026-09-24T05:16:55.041,POST,/desembolsos,201,241.9,115.5,,f82443ec-6827-4f30-937c-09a739db1f3e,1,60
2026-09-24T05:16:55.155,POST,/desembolsos,201,262.3,127.7,,48770f33-9f16-475d-8785-a564474a5e26,1,60
2026-09-24T05:16:55.239,POST,/desembolsos,201,296.2,168.3,,aef4b27e-e3b8-4c7a-b269-6a4b4b7d03f6,1,60
2026-09-24T05:16:55.345,POST,/desembolsos,201,234.2,116.3,,4069e962-60d1-4e97-a274-f51426b39502,1,60
2026-09-24T05:16:55.412,POST,/desembolsos,201,231.2,111.8,,1765285a-6c8e-47bd-a605-15e33b4fac80,1,60
2026-09-24T05:16:55.529,POST,/desembolsos,201,235.7,115.3,,afedee83-5ebd-4a01-bbd2-d77dcb31afcd,1,60
2026-09-24T05:16:55.637,POST,/desembolsos,201,268.1,115.6,,bd9cd845-457a-460b-ae50-3ca575b07915,1,60
2026-09-24T05:16:55.728,POST,/desembolsos,201,245.0,116.2,,3f30fd4f-bd60-4ac0-85f7-e316d1cd2329,1,60
2026-09-24T05:16:55.837,POST,/desembolsos,201,250.4,118.2,,56381bfc-1697-4d69-a0c4-4d2dc69aa160,1,60
2026-09-24T05:16:55.936,POST,/desembolsos,201,241.8,111.9,,81ad49d6-194c-44b0-8448-ec2092526e5e,1,60
2026-09-24T05:16:56.037,POST,/desembolsos,201,253.9,113.4,,83999a60-a677-4d42-88bc-e77f57c6ef92,1,60
2026-09-24T05:16:56.131,POST,/desembolsos,201,231.2,113.6,,63846da4-7fa1-471e-a2d0-22934c482acb,1,60
2026-09-24T05:16:56.244,POST,/desembolsos,201,229.7,110.2,,3e4d1330-297d-4eef-b376-1a51783c5fa2,1,60
2026-09-24T05:16:56.353,POST,/desembolsos,201,232.5,110.5,,b4c8fb7b-dc93-455b-9ada-177cae77b6d5,1,60
2026-09-24T05:16:56.433,POST,/desembolsos,201,234.1,113.1,,46324f0c-01f6-4bb9-acab-6a1a593b54ef,1,60
2026-09-24T05:16:56.545,POST,/desembolsos,201,235.7,113.8,,3b9b5a0c-de62-47a4-b94e-e79e02fb8449,1,60
2026-09-24T05:16:56.642,POST,/desembolsos,201,245.1,124.3,,8391e01c-0e50-44aa-b34e-dc2a4d25d448,1,60
2026-09-24T05:16:56.724,POST,/desembolsos,201,234.5,113.3,,d9da64e1-0b25-4514-a814-fa0c1de16049,1,60
2026-09-24T05:16:56.837,POST,/desembolsos,201,227.8,110.5,,76a173aa-ecb3-46c5-bd0b-8ae467c49ea7,1,60
2026-09-24T05:16:56.938,POST,/desembolsos,201,244.1,120.5,,633a18b0-16ac-49f6-96de-e5fb6f3f2cce,1,60
2026-09-24T05:16:57.043,POST,/desembolsos,201,235.9,113.5,,c7a3d241-444f-4d02-83dd-fb691bdd17ea,1,60
2026-09-24T05:16:57.141,POST,/desembolsos,201,232.4,111.3,,a8bcf33b-a969-494e-9b8d-8f371ba006a9,1,60
2026-09-24T05:16:57.247,POST,/desembolsos,201,231.9,111.1,,159488a2-715a-4542-a39f-9b8f285ba2d3,1,60
2026-09-24T05:16:57.336,POST,/desembolsos,201,255.6,134.7,,a16a034e-7eb2-4ac0-830e-f503ee84b62a,1,60
2026-09-24T05:16:57.437,POST,/desembolsos,201,227.9,110.3,,ed7cf7cb-79e9-4e7f-a8d4-3c3698e06e26,1,60
2026-09-24T05:16:57.529,POST,/desembolsos,201,238.2,116.6,,1e793ad9-5c67-4b21-90e8-e7cc2fcfda47,1,60
2026-09-24T05:16:57.629,POST,/desembolsos,201,236.7,119.3,,71a6d83f-c461-4c18-9f0a-ca74deb6db05,1,60
2026-09-24T05:16:57.728,POST,/desembolsos,201,248.7,116.4,,b967faa7-d4d4-45ff-aab6-f572cd24a843,1,60
2026-09-24T05:16:57.843,POST,/desembolsos,201,254.1,133.2,,9cfb8940-6cc3-437e-a9c5-2756fdb61076,1,60
2026-09-24T05:16:57.944,POST,/desembolsos,201,262.5,139.4,,8d139bb2-8bcb-4485-939f-94fe54211f40,1,60
2026-09-24T05:16:58.043,POST,/desembolsos,201,239.9,118.3,,65d456ae-bdbb-492b-9ffa-cc73ba6988ab,1,60
2026-09-24T05:16:58.141,POST,/desembolsos,201,242.4,115.1,,7fd70e8e-0bad-4e35-8566-1a1f60f94780,1,60
2026-09-24T05:16:58.256,POST,/desembolsos,201,240.6,118.1,,89b1df9a-babc-4a9b-990b-e4571138bede,1,60
2026-09-24T05:16:58.336,POST,/desembolsos,201,235.5,111.2,,56a033aa-9028-4ace-b991-ad189b50a4fa,1,60
2026-09-24T05:16:58.447,POST,/desembolsos,201,235.2,113.2,,1224aa78-4d9f-4e6e-ac55-24e731c2ea9b,1,60
2026-09-24T05:16:58.546,POST,/desembolsos,201,243.1,116.6,,9f493d2c-765f-4914-b5ff-93e9577eef4a,1,60
2026-09-24T05:16:58.629,POST,/desembolsos,201,238.4,120.2,,8c79cc5d-a4e5-4058-a04d-53ff1c80f4d2,1,60
2026-09-24T05:16:58.737,POST,/desembolsos,201,244.3,121.3,,5bf5cee6-5f86-43b5-8526-e92f2817354c,1,60
2026-09-24T05:16:58.820,POST,/desembolsos,201,238.2,114.0,,92d12e07-0e37-43a9-aa13-e2d45a858396,1,60
2026-09-24T05:16:58.927,POST,/desembolsos,201,277.5,125.0,,c0883496-389d-4d12-bd0b-7bf0d003b787,1,60
2026-09-24T05:16:59.049,POST,/desembolsos,201,282.1,135.6,,31bb8eae-0eb6-4196-91aa-d3a82be3b97b,1,60
2026-09-24T05:16:59.147,POST,/desembolsos,201,282.7,129.8,,7f533969-973c-4dd1-888f-b53f8947f322,1,60
2026-09-24T05:16:59.230,POST,/desembolsos,201,251.1,121.5,,4858543f-8a39-4dcf-b637-c71a0adab0a7,1,60
2026-09-24T05:16:59.347,POST,/desembolsos,201,234.3,112.9,,f482250a-3287-4a19-b802-4e4e62939347,1,60
2026-09-24T05:16:59.430,POST,/desembolsos,201,236.1,114.6,,0efe8eec-fd30-426d-a3d1-e26f77239031,1,60
2026-09-24T05:16:59.537,POST,/desembolsos,201,232.0,112.6,,08e2fcc6-23d6-462a-9e99-0d35e25d5859,1,60
2026-09-24T05:16:59.645,POST,/desembolsos,201,239.8,120.2,,f8918ff0-22ca-4786-8110-0df3bbed8fe2,1,60
2026-09-24T05:16:59.721,POST,/desembolsos,201,241.7,111.9,,37c2effc-1af4-4dcd-99a2-032691485dab,1,60
2026-09-24T05:16:59.849,POST,/desembolsos,201,260.5,142.0,,a47f2c81-3273-4b27-9802-cadfe7c31d2a,1,60
2026-09-24T05:16:59.944,POST,/desembolsos,201,243.4,121.6,,86e52a5c-50f5-43a7-b56c-076c46804c19,1,60
2026-09-24T05:17:00.036,POST,/desembolsos,201,234.0,112.3,,eec4043d-1cc9-486e-9dbe-fa9100944eb9,1,60
2026-09-24T05:17:00.148,POST,/desembolsos,201,374.6,254.8,,92c03fa5-9b4d-49c2-99e0-c081afb6d1a1,1,60
2026-09-24T05:17:00.247,POST,/desembolsos,201,290.9,157.1,,8c14751c-7cf2-4f19-b20b-658101f86b6a,1,60
2026-09-24T05:17:00.329,POST,/desembolsos,201,271.2,115.4,,b800f488-ade3-4698-9bdb-a5e2d1e5c46e,1,60
2026-09-24T05:17:00.437,POST,/desembolsos,201,268.9,147.8,,09d7ca8a-c04c-44cb-b3a4-79192b4de5d2,1,60
2026-09-24T05:17:00.521,POST,/desembolsos,201,232.8,112.2,,f78d1897-408d-40eb-b86d-7d194969e04b,1,60
2026-09-24T05:17:00.654,POST,/desembolsos,201,244.6,113.1,,c9db2576-ae01-40a9-b78e-d54801d01e97,1,60
2026-09-24T05:17:00.737,POST,/desembolsos,201,231.2,110.7,,3c0d5272-0983-457a-986e-0eeb1fb469c9,1,60
2026-09-24T05:17:00.829,POST,/desembolsos,201,263.1,113.8,,b7366385-ce70-4ca8-94e9-dc4d31c7a6a8,1,60
2026-09-24T05:17:00.921,POST,/desembolsos,201,233.4,113.6,,2c5877f7-0d52-45cb-aef7-647c0361d5b1,1,60
2026-09-24T05:17:01.026,POST,/desembolsos,201,237.8,120.4,,b5a61a72-421b-46ae-b39f-710173e480dd,1,60
2026-09-24T05:17:01.153,POST,/desembolsos,201,237.0,112.6,,eefd4b80-0b44-4e09-98bc-872c8214af2c,1,60
2026-09-24T05:17:01.236,POST,/desembolsos,201,232.0,114.2,,f38b1685-815a-499b-af43-a2f5ebc91a60,1,60
2026-09-24T05:17:01.334,POST,/desembolsos,201,230.5,110.4,,1d9acc90-7e58-4806-b746-21c10de74e56,1,60
2026-09-24T05:17:01.449,POST,/desembolsos,201,236.5,113.9,,d203a821-882b-48af-836c-d078fa75976a,1,60
2026-09-24T05:17:01.544,POST,/desembolsos,201,231.1,112.2,,c062fab0-d322-475e-bc78-bc2c026472e9,1,60
2026-09-24T05:17:01.645,POST,/desembolsos,201,234.2,110.7,,510c0901-e30c-42b6-a32b-7e2241fd4691,1,60
2026-09-24T05:17:01.741,POST,/desembolsos,201,237.2,115.9,,6d4ecf7e-e800-408c-b23d-4135e1479ef3,1,60
2026-09-24T05:17:01.846,POST,/desembolsos,201,239.0,114.2,,a2c9fe93-850f-427d-978f-a6e4f5fd4872,1,60
2026-09-24T05:17:01.944,POST,/desembolsos,201,234.7,112.9,,f71e0a56-e538-461f-98e8-f74ae86abd4d,1,60
2026-09-24T05:17:02.043,POST,/desembolsos,201,236.7,113.7,,45b3c4a5-0ef8-4ff7-8a13-6ae75a966ee7,1,60
2026-09-24T05:17:02.126,POST,/desembolsos,201,254.5,128.1,,4de03ce3-aa72-4011-ac4c-a16eb6847e86,1,60
2026-09-24T05:17:02.237,POST,/desembolsos,201,235.3,110.7,,79a4e272-c74d-4006-bbda-9701fe9ef672,1,60
2026-09-24T05:17:02.335,POST,/desembolsos,201,252.6,120.3,,275d0f2e-50cf-4b0b-b809-d82f61d1471a,1,60
2026-09-24T05:17:02.453,POST,/desembolsos,201,246.3,122.4,,85e1be05-565c-4667-b5a5-4ba0a143b4ea,1,60
2026-09-24T05:17:02.551,POST,/desembolsos,201,234.6,114.3,,7b34bfad-8303-4584-b348-5dc5257a0c50,1,60
2026-09-24T05:17:02.646,POST,/desembolsos,201,242.9,119.5,,f0d05211-c48a-4e2f-956c-d81ccb0a63a2,1,60
2026-09-24T05:17:02.742,POST,/desembolsos,201,248.7,128.5,,dad93758-7a4e-4f2a-b6cf-159f82f2d872,1,60
2026-09-24T05:17:02.821,POST,/desembolsos,201,239.9,119.0,,8a991ad6-0e00-4ee5-ade4-af7075a4c2c8,1,60
2026-09-24T05:17:02.930,POST,/desembolsos,201,239.4,114.1,,a6c2bedb-76e5-4843-9c4b-525689730177,1,60
2026-09-24T05:17:03.044,POST,/desembolsos,201,241.3,116.9,,62e69a20-5ccd-4b79-b16e-58b94710502d,1,60
2026-09-24T05:17:03.141,POST,/desembolsos,201,241.0,120.2,,73b469ff-d5de-4c57-913c-38ca5be92c51,1,60
2026-09-24T05:17:03.254,POST,/desembolsos,201,249.3,120.3,,b54c0439-22c4-4907-b699-538ce7bac866,1,60
2026-09-24T05:17:03.336,POST,/desembolsos,201,300.5,134.8,,f32186e8-b0be-49c2-bf2a-bfd7b15e22c9,1,60
2026-09-24T05:17:03.454,POST,/desembolsos,201,230.3,113.8,,b51d22b3-c5d6-4f03-aaa0-ea13e68ccedd,1,60
2026-09-24T05:17:03.546,POST,/desembolsos,201,239.8,112.6,,b8d274e9-4c8f-47a4-bbad-5e1b22a6e2e5,1,60
2026-09-24T05:17:03.629,POST,/desembolsos,201,290.0,141.9,,f5fa25f5-d066-4301-822c-586000e114dc,1,60
2026-09-24T05:17:03.745,POST,/desembolsos,201,277.7,151.9,,ccb35030-c7a8-418c-ab3b-02b2ec4c7d53,1,60
2026-09-24T05:17:03.829,POST,/desembolsos,201,241.2,116.5,,ae3ee998-d5bf-4ea5-b1b8-9ea861b6225a,1,60
2026-09-24T05:17:03.927,POST,/desembolsos,201,241.3,118.1,,36ba7831-37d2-4175-9a7e-e8d1e3cbf769,1,60
2026-09-24T05:17:04.021,POST,/desembolsos,201,233.6,112.3,,18ba48f1-3e45-408c-8bc9-a07ae5aeac9b,1,60
2026-09-24T05:17:04.134,POST,/desembolsos,201,248.8,116.2,,48bbe83c-aec9-416e-b021-ae643fc0d63a,1,60
2026-09-24T05:17:04.345,POST,/desembolsos,201,234.1,113.0,,5fa8ea63-9e93-41b5-aa57-71f1bcabdb4f,1,60
2026-09-24T05:17:04.454,POST,/desembolsos,201,235.3,116.4,,ebff2205-d908-4a23-80ad-fc946e227180,1,60
2026-09-24T05:17:04.554,POST,/desembolsos,201,240.7,115.2,,156ceb50-6a77-44df-9d52-826eb454842f,1,60
2026-09-24T05:17:04.644,POST,/desembolsos,201,231.4,111.3,,63e779a0-85dc-4fd7-bd5b-3b4d927a9828,1,60
2026-09-24T05:17:04.745,POST,/desembolsos,201,239.8,114.2,,5ff7c54e-7b5a-431e-a806-774e98ddbdc4,1,60
2026-09-24T05:17:04.821,POST,/desembolsos,201,236.6,112.7,,8631cc82-3eeb-4dd1-8a9f-781f415e7cb7,1,60
2026-09-24T05:17:04.926,POST,/desembolsos,201,233.3,112.1,,68de822c-802c-4aa8-9a04-ac051a4dcdc6,1,60
2026-09-24T05:17:04.249,POST,/desembolsos,201,917.1,123.7,,49c34380-579b-4f70-a1b4-2fabf24f5758,1,60
2026-09-24T05:17:05.024,POST,/desembolsos,201,276.3,112.1,,277cd82c-eed2-4f18-a82d-c8b491bc6726,1,60
2026-09-24T05:17:05.140,POST,/desembolsos,201,241.7,115.6,,0e654a6a-32ee-4ef7-85cb-ffc672c7de4d,1,60
2026-09-24T05:17:05.254,POST,/desembolsos,201,239.3,111.5,,d1b87259-df47-443c-9b78-3d8ebcb5f6e0,1,60
2026-09-24T05:17:05.336,POST,/desembolsos,201,268.0,118.4,,637e62c8-865b-4dae-8a5e-554627d7d7b7,1,60
2026-09-24T05:17:05.445,POST,/desembolsos,201,234.8,113.6,,9ffe88a1-5781-44f9-ad6b-24bdcba549ac,1,60
2026-09-24T05:17:05.538,POST,/desembolsos,201,238.4,114.3,,425dd7e5-e67e-4854-a370-f66b82003d25,1,60
2026-09-24T05:17:05.646,POST,/desembolsos,201,232.0,112.1,,934f4ac2-1495-4411-9f8b-da10a930f051,1,60
2026-09-24T05:17:05.737,POST,/desembolsos,201,238.1,117.6,,19f8e3ca-1981-4213-b167-0bb396c16ae2,1,60
2026-09-24T05:17:05.821,POST,/desembolsos,201,233.6,111.4,,6010c597-63f2-4c68-9ce2-e4188e8bb6b3,1,60
2026-09-24T05:17:05.930,POST,/desembolsos,201,234.8,114.1,,69347d35-30c4-4bc6-b60c-271012304599,1,60
2026-09-24T05:17:06.028,POST,/desembolsos,201,251.5,117.0,,4c37ad46-be1f-4b37-800c-bcc93058c8ea,1,60
2026-09-24T05:17:06.144,POST,/desembolsos,201,233.6,112.2,,3acaeeb2-cc98-4ebe-9631-5bbae12a81ee,1,60
2026-09-24T05:17:06.243,POST,/desembolsos,201,233.9,114.1,,7f2ff77b-8639-4d2e-a79c-66e5999f64d8,1,60
2026-09-24T05:17:06.341,POST,/desembolsos,201,249.0,128.1,,64edae3c-6ae8-46b9-86bd-eff92365a920,1,60
2026-09-24T05:17:06.460,POST,/desembolsos,201,232.8,114.5,,7b9ba295-12ed-430f-a3db-564e4beb02fe,1,60
2026-09-24T05:17:06.539,POST,/desembolsos,201,234.2,112.3,,740826eb-f0c7-4b89-92ad-6a3a8069d9be,1,60
2026-09-24T05:17:06.650,POST,/desembolsos,201,256.8,111.9,,f55ae5c0-d6e9-497d-bb80-4c3fee38f0ba,1,60
2026-09-24T05:17:06.749,POST,/desembolsos,201,230.8,110.5,,b20551dc-47cd-4e8b-b470-71f00258c153,1,60
2026-09-24T05:17:06.828,POST,/desembolsos,201,239.0,117.9,,dfbf64df-3e0e-4758-a838-2ba6739d7c37,1,60
2026-09-24T05:17:06.945,POST,/desembolsos,201,234.5,113.5,,12e93d32-219f-41f3-8b21-e5307c5ffa98,1,60
2026-09-24T05:17:07.028,POST,/desembolsos,201,247.8,129.3,,37626260-4257-47b8-833a-038614cab6d9,1,60
2026-09-24T05:17:07.144,POST,/desembolsos,201,244.9,123.2,,1376321b-ec59-4914-b22c-f3098eccd171,1,60
2026-09-24T05:17:07.243,POST,/desembolsos,201,240.2,115.2,,8287ad48-ee8f-488d-ae7f-27fcb9fe12c3,1,60
2026-09-24T05:17:07.341,POST,/desembolsos,201,232.7,115.7,,a8eccd9f-7974-41c8-a1fd-05b8c6a7480d,1,60
2026-09-24T05:17:07.438,POST,/desembolsos,201,239.8,116.1,,e5bf501d-4a1e-4bb3-ab75-6f6c331477b7,1,60
2026-09-24T05:17:07.546,POST,/desembolsos,201,235.2,116.4,,19e9be36-cda5-460b-bfee-3fe415d9613c,1,60
2026-09-24T05:17:07.630,POST,/desembolsos,201,241.7,115.7,,d2d78035-2c72-4c85-a9e8-82642700aaef,1,60
2026-09-24T05:17:07.738,POST,/desembolsos,201,247.8,126.6,,b732514f-022b-4f21-a25b-9eebb69e67e5,1,60
2026-09-24T05:17:07.855,POST,/desembolsos,201,246.5,123.4,,9fa56d5d-7cde-4cf3-be53-03a090610ae4,1,60
2026-09-24T05:17:07.929,POST,/desembolsos,201,234.2,114.2,,cc8454f3-bd37-43fa-a293-27de43d41c92,1,60
2026-09-24T05:17:08.033,POST,/desembolsos,201,242.1,119.6,,6af29650-e1e2-402e-b26e-e0e3bc87ceab,1,60
2026-09-24T05:17:08.131,POST,/desembolsos,201,240.1,115.3,,910d78a2-71f8-4808-ba86-64d06bcf8144,1,60
2026-09-24T05:17:08.229,POST,/desembolsos,201,256.4,111.0,,45eefc1e-cf6b-41e9-b00b-806945e4649b,1,60
2026-09-24T05:17:08.345,POST,/desembolsos,201,269.3,140.4,,0c176b76-d41a-4580-8850-6e3b498b1a51,1,60
2026-09-24T05:17:08.446,POST,/desembolsos,201,239.2,120.8,,abc25c39-96fc-4a67-91b5-e1200fb8e7da,1,60
2026-09-24T05:17:08.529,POST,/desembolsos,201,228.1,112.3,,3e147526-1ebe-4059-a526-6c609baac458,1,60
2026-09-24T05:17:08.638,POST,/desembolsos,201,230.1,110.4,,1a2e2372-6509-426d-b6f7-6c0b9074704b,1,60
2026-09-24T05:17:08.730,POST,/desembolsos,201,231.2,112.7,,047b3d99-fa4e-4db6-9ee9-085ad4e34138,1,60
2026-09-24T05:17:08.821,POST,/desembolsos,201,227.2,109.7,,67390bf8-a5a0-4851-83f2-f31e7180f113,1,60
2026-09-24T05:17:08.930,POST,/desembolsos,201,249.7,114.5,,bded9253-75f8-4dab-92f7-01a02af60222,1,60
2026-09-24T05:17:09.043,POST,/desembolsos,201,260.7,135.9,,38736789-c1f8-424b-b2b8-b082a454aea0,1,60
2026-09-24T05:17:09.144,POST,/desembolsos,201,266.4,145.6,,6c28df12-3ea5-4dc4-aec8-0753924a936c,1,60
2026-09-24T05:17:09.227,POST,/desembolsos,201,238.4,114.5,,47540015-b330-4fc3-b2fb-bc7a7195c051,1,60
2026-09-24T05:17:09.302,POST,/desembolsos,201,243.2,115.3,,01e108cf-7919-4670-bfe3-ad61186d1ef4,1,60
2026-09-24T05:17:09.438,POST,/desembolsos,201,230.4,110.1,,d86cd798-a557-4937-8373-28f784fac9ef,1,60
2026-09-24T05:17:09.529,POST,/desembolsos,201,251.3,112.6,,ee8124b7-c76f-4581-8098-059cbb51c888,1,60
2026-09-24T05:17:09.638,POST,/desembolsos,201,259.4,137.9,,ceb8440c-a9fb-4949-ab0b-84c72fea4c0b,1,60
2026-09-24T05:17:09.738,POST,/desembolsos,201,271.4,146.8,,33a9a412-ebcf-41d8-a091-685c4101c79e,1,60
2026-09-24T05:17:09.849,POST,/desembolsos,201,246.8,123.3,,c5e102c9-64ae-49d5-b353-4a36b192b4d4,1,60
2026-09-24T05:17:09.952,POST,/desembolsos,201,244.7,116.5,,b3f7b355-ab36-4f95-b378-e7250701eda4,1,60
2026-09-24T05:17:10.035,POST,/desembolsos,201,230.1,111.1,,f7e81f80-cc01-4b06-b1fb-b934a2221bf6,1,60
2026-09-24T05:17:10.129,POST,/desembolsos,201,264.1,113.5,,05b3b2b8-e38c-4c23-9652-e1fc8941c462,1,60
2026-09-24T05:17:10.229,POST,/desembolsos,201,272.8,151.3,,0283bd16-78b9-4081-add4-1422dfeb97a7,1,60
2026-09-24T05:17:10.343,POST,/desembolsos,201,283.5,162.8,,c97601d1-c9de-4410-9966-561d3d6358fe,1,60
2026-09-24T05:17:10.438,POST,/desembolsos,201,241.5,112.6,,a2695d94-a848-4b7a-8bf5-1550f5c76e98,1,60
2026-09-24T05:17:10.538,POST,/desembolsos,201,236.1,112.6,,201fde91-8dfa-43b5-a3be-9f1649538c51,1,60
2026-09-24T05:17:10.621,POST,/desembolsos,201,236.9,117.9,,aaac230c-d9f0-4e9a-b1fc-f23eaa7c4693,1,60
2026-09-24T05:17:10.737,POST,/desembolsos,201,243.5,113.7,,ba81d2a7-5849-4765-abc6-29edd9593f6c,1,60
2026-09-24T05:17:10.821,POST,/desembolsos,201,247.2,115.3,,08c9a491-557f-494c-9e74-a53dc2d9535a,1,60
2026-09-24T05:17:10.931,POST,/desembolsos,201,231.2,111.5,,e578cf87-83b4-4fb7-b80d-cdb758e0c55c,1,60
2026-09-24T05:17:11.045,POST,/desembolsos,201,235.2,116.2,,61a9d477-64ab-4495-b92f-d3ec77195dc5,1,60
2026-09-24T05:17:11.143,POST,/desembolsos,201,236.1,114.8,,5b425c9e-c8e8-4645-ab74-f4c9daa669d8,1,60
2026-09-24T05:17:11.237,POST,/desembolsos,201,234.4,113.1,,5c5b29ee-71e4-4980-954e-53465dd9ba24,1,60
2026-09-24T05:17:11.346,POST,/desembolsos,201,231.2,113.0,,8e5e3242-cfc2-42e0-8cf6-191fe5b8a2b4,1,60
2026-09-24T05:17:11.455,POST,/desembolsos,201,233.9,112.3,,2a876209-3d3b-49f2-8344-dcb167a686e0,1,60
2026-09-24T05:17:11.546,POST,/desembolsos,201,241.5,119.1,,4de811f5-3094-4dfa-b9db-fc6de64a8ca9,1,60
2026-09-24T05:17:11.638,POST,/desembolsos,201,235.6,113.9,,d4367b19-ac30-460a-b1b2-bbbae15fa24a,1,60
2026-09-24T05:17:11.738,POST,/desembolsos,201,239.8,113.3,,d6221781-cef1-46a0-921b-67879b7e3a31,1,60
2026-09-24T05:17:11.821,POST,/desembolsos,201,236.4,116.9,,3cc46963-51e1-44ff-81a8-520e382e267c,1,60
2026-09-24T05:17:11.937,POST,/desembolsos,201,236.3,113.5,,ba36aec8-ad35-4c2b-aea1-bc1df5bccb7d,1,60
2026-09-24T05:17:12.051,POST,/desembolsos,201,240.5,114.7,,6fafb61f-2951-45b3-bd14-603f72d36942,1,60
2026-09-24T05:17:12.149,POST,/desembolsos,201,259.4,141.9,,b4ee2244-0c3a-493e-8484-31442b951e5d,1,60
2026-09-24T05:17:12.246,POST,/desembolsos,201,236.6,116.0,,8d0bfa7e-8b20-4abd-8dd3-7694a69228ee,1,60
2026-09-24T05:17:12.344,POST,/desembolsos,201,237.2,112.4,,c4f78c9c-2c39-402c-9ba0-998776c6f03e,1,60
2026-09-24T05:17:12.438,POST,/desembolsos,201,232.6,112.9,,12383e65-e8af-47c1-8c71-b872248df046,1,60
2026-09-24T05:17:12.530,POST,/desembolsos,201,231.7,113.8,,c6e59445-7499-41fd-a148-ad54576b1444,1,60
2026-09-24T05:17:12.639,POST,/desembolsos,201,238.1,113.2,,3b5647c5-8c11-4d12-8de6-4a591160bed4,1,60
2026-09-24T05:17:12.746,POST,/desembolsos,201,233.4,113.9,,8ef45be8-e342-4755-af8e-d31287c4c97c,1,60
2026-09-24T05:17:12.821,POST,/desembolsos,201,246.0,115.8,,82b8eabd-f1c3-4372-a830-b525e67e748e,1,60
2026-09-24T05:17:12.936,POST,/desembolsos,201,257.1,125.2,,f8aa8ce4-cdc2-4eb6-ba89-5c0abe8532c5,1,60
2026-09-24T05:17:13.051,POST,/desembolsos,201,244.2,120.1,,bec251de-5799-4fe1-95ac-6ceec703522c,1,60
2026-09-24T05:17:13.133,POST,/desembolsos,201,237.1,113.8,,06a2374d-6fcc-428d-84d3-7127b91d74b2,1,60
2026-09-24T05:17:13.242,POST,/desembolsos,201,242.0,124.1,,e2fca9fc-cc8f-4c56-b92a-fbe8ddf02e16,1,60
2026-09-24T05:17:13.346,POST,/desembolsos,201,240.4,109.8,,f275946c-11d3-4a59-bae2-a470f60010c8,1,60
2026-09-24T05:17:13.430,POST,/desembolsos,201,263.9,114.7,,8a414fe0-01c4-4120-8cb8-364fdc051a67,1,60
2026-09-24T05:17:13.544,POST,/desembolsos,201,272.4,149.9,,de6528e7-9b1b-49ac-b6f2-dea1fd6bc1f4,1,60
2026-09-24T05:17:13.646,POST,/desembolsos,201,268.2,152.3,,523b7044-fc72-4c2c-9669-dfd2ed82b227,1,60
2026-09-24T05:17:13.738,POST,/desembolsos,201,240.2,114.7,,676d9000-c594-4abf-919d-c2d611949013,1,60
2026-09-24T05:17:13.849,POST,/desembolsos,201,236.2,112.9,,fe37d755-829d-4eaf-830e-16705cef9cf1,1,60
2026-09-24T05:17:13.914,POST,/desembolsos,201,235.7,111.3,,3e76163a-0a31-44d0-82d0-6df8990565e9,1,60
2026-09-24T05:17:14.020,POST,/desembolsos,201,247.0,125.1,,76662faf-5d7d-4f67-9c80-2192eff98da3,1,60
2026-09-24T05:17:14.134,POST,/desembolsos,201,235.7,114.4,,75018c8b-568b-40af-acc9-26a73e7d06d0,1,60
2026-09-24T05:17:14.232,POST,/desembolsos,201,231.0,111.3,,de037b01-aab7-42bb-bc56-9f907f0e4f72,1,60
2026-09-24T05:17:14.334,POST,/desembolsos,201,232.3,112.6,,bf35ab6f-1d88-4e6c-8023-1611a7c2f240,1,60
2026-09-24T05:17:14.454,POST,/desembolsos,201,235.6,112.1,,ce606dbf-32c5-4d73-a5b7-efb270871cfe,1,60
2026-09-24T05:17:14.547,POST,/desembolsos,201,229.0,110.9,,2f872641-cf28-46df-b7cd-0a607a741d37,1,60
2026-09-24T05:17:14.638,POST,/desembolsos,201,233.6,112.0,,1493925a-fb04-4bee-a237-777b40eed8ab,1,60
2026-09-24T05:17:14.738,POST,/desembolsos,201,237.6,113.3,,b6707122-2e85-476b-ba60-430f41f51675,1,60
2026-09-24T05:17:14.830,POST,/desembolsos,201,251.4,132.9,,fc07e655-ea57-4541-b830-dd6ea35acd21,1,60
2026-09-24T05:17:14.947,POST,/desembolsos,201,231.3,113.4,,57bfc424-7276-44fb-baea-e2467fef2d08,1,60
2026-09-24T05:17:15.045,POST,/desembolsos,201,234.1,113.3,,a3ac0409-fb05-4c8b-8c81-7fb7312abb8e,1,60
2026-09-24T05:17:15.144,POST,/desembolsos,201,239.2,119.2,,03a3250d-ab6f-4cb5-a601-88f2b2ec7546,1,60
2026-09-24T05:17:15.242,POST,/desembolsos,201,240.7,118.2,,b67918c3-5776-4ae1-905b-8068dd3dd6ba,1,60
2026-09-24T05:17:15.340,POST,/desembolsos,201,238.5,114.0,,bf6ab812-3ef5-4701-a857-39b8fe6af2e3,1,60
2026-09-24T05:17:15.438,POST,/desembolsos,201,283.8,125.0,,f94f3925-d838-4030-ba1b-99364412d919,1,60
2026-09-24T05:17:15.538,POST,/desembolsos,201,234.2,112.3,,b5827bae-b25b-4fe5-9cc7-09361bfd6485,1,60
2026-09-24T05:17:15.647,POST,/desembolsos,201,233.8,113.3,,22f26f1f-5900-44b2-ba93-19439227c242,1,60
2026-09-24T05:17:15.721,POST,/desembolsos,201,234.0,110.1,,9afaacd9-6b5f-4afa-b798-d9101387ca37,1,60
2026-09-24T05:17:15.822,POST,/desembolsos,201,237.7,115.0,,987d1bef-6754-459c-9472-f4a9fe29f365,1,60
2026-09-24T05:17:15.936,POST,/desembolsos,201,237.5,113.9,,b24957d4-4e97-4f29-bba9-4205e12104ce,1,60
2026-09-24T05:17:16.035,POST,/desembolsos,201,234.7,111.4,,a082169f-919e-4414-8152-253a06492a94,1,60
2026-09-24T05:17:16.132,POST,/desembolsos,201,233.3,113.6,,60d037bd-4526-4639-9913-63a79b6727d2,1,60
2026-09-24T05:17:16.245,POST,/desembolsos,201,232.0,112.9,,aa847da5-b793-4f98-902b-75bb492cacbe,1,60
2026-09-24T05:17:16.344,POST,/desembolsos,201,235.9,112.1,,4c4bae3d-73de-4ffd-bdf2-c0ea57988367,1,60
2026-09-24T05:17:16.455,POST,/desembolsos,201,237.4,115.0,,03b87b49-7ecc-446f-9edb-544baafb97b2,1,60
2026-09-24T05:17:16.563,POST,/desembolsos,201,234.1,114.0,,c326107f-d4bc-4e9a-81af-5ea3ac7e8220,1,60
2026-09-24T05:17:16.638,POST,/desembolsos,201,233.5,113.3,,1674648e-df66-4db1-a5ca-ef0975ff4a03,1,60
2026-09-24T05:17:16.746,POST,/desembolsos,201,236.8,114.6,,f42ead6d-0377-4bf8-9f2c-58e62729b227,1,60
2026-09-24T05:17:16.829,POST,/desembolsos,201,236.4,115.1,,760dcc25-cd44-4e3d-b3c4-f6fd353a9d0d,1,60
2026-09-24T05:17:16.943,POST,/desembolsos,201,235.6,111.3,,b77e18a7-6bd1-4d6c-a8e1-ff5548c26aa2,1,60
2026-09-24T05:17:17.029,POST,/desembolsos,201,259.4,131.3,,f51ccc70-b315-468e-bd7a-98124caa57dc,1,60
2026-09-24T05:17:17.144,POST,/desembolsos,201,244.4,117.8,,c937d304-9d4f-4ba9-bdf6-571e0a19752c,1,60
2026-09-24T05:17:17.241,POST,/desembolsos,201,237.1,115.1,,d8788e33-3908-466c-9ee2-0ceeca04183d,1,60
2026-09-24T05:17:17.341,POST,/desembolsos,201,242.7,118.9,,8fcf3aaf-29eb-4b4c-9bee-d4feac13c83d,1,60
2026-09-24T05:17:17.438,POST,/desembolsos,201,240.7,118.9,,5cbb6c14-40f3-4541-b884-c478cb103419,1,60
2026-09-24T05:17:17.547,POST,/desembolsos,201,233.9,115.5,,aa077c0b-d340-4bce-a235-9a0f24bbecdf,1,60
2026-09-24T05:17:17.647,POST,/desembolsos,201,243.0,124.7,,048d950c-c75d-4a72-abd0-5a17b6baf0cc,1,60
2026-09-24T05:17:17.738,POST,/desembolsos,201,259.7,139.3,,8df9d138-fc47-4ca0-9c1d-4b48fef7ef81,1,60
2026-09-24T05:17:17.830,POST,/desembolsos,201,249.8,124.4,,4f7fa117-dc95-418d-8a88-e898000c5581,1,60
2026-09-24T05:17:17.954,POST,/desembolsos,201,237.1,112.4,,92033a46-b620-4d05-89e1-ebb83eabff56,1,60
2026-09-24T05:17:18.034,POST,/desembolsos,201,235.3,114.4,,1799df04-7f3d-4e31-aa12-241360cb7439,1,60
2026-09-24T05:17:18.142,POST,/desembolsos,201,227.3,112.2,,74ebf73f-4e3f-4c25-8544-ed6c195fb3b3,1,60
2026-09-24T05:17:18.253,POST,/desembolsos,201,236.5,112.9,,9cc556d3-18f7-4545-ad8f-3672a35378dd,1,60
2026-09-24T05:17:18.350,POST,/desembolsos,201,237.3,115.6,,2186b040-b994-49b4-9146-b7ef0f77a11b,1,60
2026-09-24T05:17:18.447,POST,/desembolsos,201,227.7,110.8,,ae1ff95c-1b9e-4ae7-b3ce-7d57d4c5a942,1,60
2026-09-24T05:17:18.547,POST,/desembolsos,201,237.6,113.3,,e85b6987-2060-479d-8ff1-9831dddfad95,1,60
