timestamp_iso,metodo,endpoint,status_code,latency_ms,connect_ms,error,siniestro_id,intento,hilos_activos
2026-09-24T05:02:53.269,POST,/desembolsos,201,331.6,207.8,,6d5a822f-ad23-487c-9abf-b80cd49a4c81,1,1
2026-09-24T05:02:53.371,POST,/desembolsos,201,241.4,114.6,,7ced60ae-7213-4a73-9c92-d67908859f89,1,2
2026-09-24T05:02:53.478,POST,/desembolsos,201,252.2,114.0,,dad2ad86-641e-4195-8a42-26ffcea31961,1,3
2026-09-24T05:02:53.593,POST,/desembolsos,201,266.3,141.7,,5db49bbf-4152-474f-85ba-6b0f511c7248,1,4
2026-09-24T05:02:53.689,POST,/desembolsos,201,238.7,113.0,,8e2915a8-0221-494e-8ef8-992278ec77b9,1,5
2026-09-24T05:02:53.784,POST,/desembolsos,201,229.3,110.4,,c2d36290-98ea-4375-9d92-e9a4647c3f29,1,7
2026-09-24T05:02:53.879,POST,/desembolsos,201,238.6,115.4,,3331e939-8c0a-4749-bbf8-893cef716e3e,1,8
2026-09-24T05:02:53.975,POST,/desembolsos,201,239.3,114.8,,9b309e5d-2fc0-46bb-a731-1fee4dcdab18,1,9
2026-09-24T05:02:54.070,POST,/desembolsos,201,233.0,111.4,,19d7fbde-c915-42a7-a867-c0b1ecd2c146,1,10
2026-09-24T05:02:54.181,POST,/desembolsos,201,263.4,114.2,,53af3166-5e58-4efb-962f-7b3c214800fb,1,11
2026-09-24T05:02:54.276,POST,/desembolsos,201,233.5,112.8,,056c92a9-3de4-47f5-9852-d3fbb0816751,1,13
2026-09-24T05:02:54.351,POST,/desembolsos,201,231.6,113.8,,43e46888-7cba-47ba-bda6-fcf48cdbc4d4,1,14
2026-09-24T05:02:54.489,POST,/desembolsos,201,236.2,114.5,,73114c47-f0a6-4990-ae8d-df69488cdfd3,1,15
2026-09-24T05:02:54.583,POST,/desembolsos,201,235.7,112.9,,b8955370-8855-445c-9360-875670388f6e,1,16
2026-09-24T05:02:54.677,POST,/desembolsos,201,231.4,110.6,,ffd6eba0-176f-46b7-9f4d-1b95ae2dc5e1,1,17
2026-09-24T05:02:54.759,POST,/desembolsos,201,247.4,123.6,,b2b8c017-b6b2-44e0-a84e-f40638493793,1,19
2026-09-24T05:02:54.881,POST,/desembolsos,201,236.4,113.7,,c73a9e2e-2dbc-4bdd-8e36-29b014b7c61a,1,20
2026-09-24T05:02:54.970,POST,/desembolsos,201,234.3,109.9,,bc885fa5-bdfd-4822-9d38-686ab181115c,1,21
2026-09-24T05:02:55.077,POST,/desembolsos,201,245.3,120.7,,d64fd64f-9dda-42cb-8fdb-cef52a678d09,1,22
2026-09-24T05:02:55.179,POST,/desembolsos,201,245.6,123.0,,877ee809-2cc2-4971-943a-b37f81acf1f7,1,24
2026-09-24T05:02:55.275,POST,/desembolsos,201,243.0,112.9,,65375488-102c-49fa-b39f-4aed3b3538f3,1,25
2026-09-24T05:02:55.387,POST,/desembolsos,201,241.6,119.9,,02cf7477-696f-44f7-a73a-914dfac8be95,1,26
2026-09-24T05:02:55.494,POST,/desembolsos,201,251.6,133.1,,350fba8c-41fd-49d4-97c2-79eebbe59f52,1,27
2026-09-24T05:02:55.593,POST,/desembolsos,201,251.5,135.3,,4063d547-efc1-480b-aa28-cd62d43b7880,1,28
2026-09-24T05:02:55.695,POST,/desembolsos,201,264.3,141.9,,01f65ae1-6776-4a06-b51f-5b732a72975c,1,30
2026-09-24T05:02:55.786,POST,/desembolsos,201,234.3,111.9,,cd5f982b-622a-4dd1-8702-756baab7ef36,1,31
2026-09-24T05:02:55.887,POST,/desembolsos,201,233.7,111.3,,9384d35d-a551-47ad-8514-5953807d4b40,1,32
2026-09-24T05:02:55.990,POST,/desembolsos,201,235.1,113.1,,6ab578ae-b540-4614-bdbd-e8fc782370be,1,33
2026-09-24T05:02:56.079,POST,/desembolsos,201,239.0,115.8,,c42f141e-a16a-456f-95a4-0945bbb9766b,1,34
2026-09-24T05:02:56.181,POST,/desembolsos,201,233.9,112.1,,98af6afc-3202-4747-8676-7a83f9fc68d9,1,36
2026-09-24T05:02:56.291,POST,/desembolsos,201,236.9,116.0,,f87c71a5-8518-434c-ae4a-ea6d15024626,1,37
2026-09-24T05:02:56.390,POST,/desembolsos,201,233.4,113.5,,f4b0f7ce-c35d-4ab1-b3a1-cab19993a5b0,1,38
2026-09-24T05:02:56.502,POST,/desembolsos,201,232.5,112.9,,83151c41-e485-4395-8893-886543037f70,1,39
2026-09-24T05:02:56.583,POST,/desembolsos,201,231.6,113.0,,37814949-eca9-40aa-aaa1-ac27f394e85d,1,40
2026-09-24T05:02:56.681,POST,/desembolsos,201,239.7,114.8,,0ca9e3fd-9553-4fc8-b30e-51073a26d195,1,41
2026-09-24T05:02:56.762,POST,/desembolsos,201,245.4,124.4,,869ee11c-2c95-4e20-be49-df2c2161bacf,1,43
2026-09-24T05:02:56.883,POST,/desembolsos,201,236.6,114.4,,582f686c-7588-41c9-93c2-a5b0b12c1759,1,44
2026-09-24T05:02:56.991,POST,/desembolsos,201,262.4,114.3,,ca0932cd-6175-4b32-b7ef-7e9a8358e84f,1,45
2026-09-24T05:02:57.090,POST,/desembolsos,201,236.2,111.3,,353cbc94-19ec-4ddf-bb5f-2caeac6890d0,1,46
2026-09-24T05:02:57.186,POST,/desembolsos,201,239.5,116.2,,00ac3284-c9ba-456d-b157-58513556a0f4,1,48
2026-09-24T05:02:57.275,POST,/desembolsos,201,240.1,117.0,,07ae2112-1152-49e9-901c-4ca9607a16ce,1,49
2026-09-24T05:02:57.391,POST,/desembolsos,201,240.2,117.8,,f2d7d434-15d5-4783-8ccf-fb7beec3fa58,1,50
2026-09-24T05:02:57.490,POST,/desembolsos,201,239.8,113.9,,a92c7cff-c3ef-45f3-93b0-eabef1883305,1,51
2026-09-24T05:02:57.589,POST,/desembolsos,201,249.7,118.5,,ee203780-5cf5-45a3-98a0-50ffd3a96577,1,52
2026-09-24T05:02:57.686,POST,/desembolsos,201,262.5,128.3,,e5b58a4c-d83b-4d40-8f2c-733a421f81e9,1,53
2026-09-24T05:02:57.766,POST,/desembolsos,201,235.0,114.8,,aaa32e5f-0dde-4336-b645-57962e8262f7,1,55
2026-09-24T05:02:57.864,POST,/desembolsos,201,232.1,114.1,,0ef7cdd1-6ce8-4ec8-9498-d0fa091ffd97,1,56
2026-09-24T05:02:57.977,POST,/desembolsos,201,229.9,111.9,,d104a4c4-af8f-4abb-99a6-471a59dd0e7e,1,57
2026-09-24T05:02:58.076,POST,/desembolsos,201,244.1,115.2,,223e2105-d003-4ed6-8f4a-0534c209eb81,1,58
2026-09-24T05:02:58.191,POST,/desembolsos,201,245.3,113.7,,09242501-fde9-421e-b1bd-9a06bc9bd8bb,1,59
2026-09-24T05:02:58.286,POST,/desembolsos,201,235.0,114.1,,9d38c42d-2b6b-4336-9938-4662cebbd95f,1,60
2026-09-24T05:02:58.384,POST,/desembolsos,201,236.8,114.2,,8cd9b4f4-3ab2-47d0-ab6c-c0284a53ad2b,1,60
2026-09-24T05:02:58.494,POST,/desembolsos,201,250.2,113.3,,accd8828-1c2d-4b4f-87e3-a7d9feff08ee,1,60
2026-09-24T05:02:58.590,POST,/desembolsos,201,232.0,110.9,,be8e3aaf-c719-4815-8213-360f5abda7b1,1,60
2026-09-24T05:02:58.686,POST,/desembolsos,201,237.5,114.4,,972ec8bf-8bdb-4097-bdd4-4babd737c013,1,60
2026-09-24T05:02:58.783,POST,/desembolsos,201,249.3,113.2,,41e58a20-58da-43f2-8768-8d09b3ac9359,1,60
2026-09-24T05:02:58.878,POST,/desembolsos,201,269.4,109.7,,079b8e9f-af6c-4f9a-abcc-1636ffb70d62,1,60
2026-09-24T05:02:58.986,POST,/desembolsos,201,231.3,112.7,,89d34f1f-52ca-4fa9-a7ae-d5ae658cc1af,1,60
2026-09-24T05:02:59.078,POST,/desembolsos,201,234.1,113.7,,7668ee1b-0b0a-45c6-9199-7508d06d3187,1,60
2026-09-24T05:02:59.189,POST,/desembolsos,201,230.7,110.3,,84a4e214-e3a1-4113-bdd6-457c55e5c5e7,1,60
2026-09-24T05:02:59.287,POST,/desembolsos,201,234.7,113.4,,63a0b308-285a-4a8a-a6fa-b3acf9bb981e,1,60
2026-09-24T05:02:59.388,POST,/desembolsos,201,232.6,113.3,,7130f405-9489-48c5-8d14-511a8cb3040a,1,60
2026-09-24T05:02:59.485,POST,/desembolsos,201,263.6,111.2,,daafd878-e568-4a16-bea2-e6a435ed20d5,1,60
2026-09-24T05:02:59.567,POST,/desembolsos,201,242.1,120.5,,5d12849d-c8eb-429e-92b9-bf803249563d,1,60
2026-09-24T05:02:59.679,POST,/desembolsos,201,238.0,115.2,,415211ef-b9d8-4786-b7fd-c64a47c2a4c2,1,60
2026-09-24T05:02:59.790,POST,/desembolsos,201,229.7,110.5,,11137b5a-0c62-42fc-946a-3f5c41f072f3,1,60
2026-09-24T05:02:59.879,POST,/desembolsos,201,233.7,113.1,,04cd8834-59d0-4a59-9815-8e764e2f1df9,1,60
2026-09-24T05:02:59.961,POST,/desembolsos,201,238.3,113.3,,f3453005-8b88-4092-957c-2b19d66d825f,1,60
2026-09-24T05:03:00.071,POST,/desembolsos,201,230.3,113.2,,dbc7afd7-c96a-4fbb-8119-6edac8df2405,1,60
2026-09-24T05:03:00.187,POST,/desembolsos,201,234.9,113.0,,4411d09f-c9d3-42a9-a249-fc140523c2eb,1,60
2026-09-24T05:03:00.278,POST,/desembolsos,201,237.8,114.5,,14d8ebb5-0468-4291-b390-ca2de2ed4ef5,1,60
2026-09-24T05:03:00.390,POST,/desembolsos,201,231.9,111.1,,f2c9fdf3-7f67-46ac-985d-0b3ef174a158,1,60
2026-09-24T05:03:00.493,POST,/desembolsos,201,236.8,114.3,,f9303c34-00cb-4f1d-81a9-752e7aaf0bbe,1,60
2026-09-24T05:03:00.587,POST,/desembolsos,201,243.0,125.6,,897af841-cc35-4769-be80-ba8fd3d916e5,1,60
2026-09-24T05:03:00.686,POST,/desembolsos,201,235.2,114.4,,2e0858aa-ca57-452f-8100-a3c5c781c0d4,1,60
2026-09-24T05:03:00.785,POST,/desembolsos,201,268.4,119.3,,944070f4-14b5-4a2e-b438-4335ff0f3dfb,1,60
2026-09-24T05:03:00.878,POST,/desembolsos,201,260.9,137.1,,1c69afb1-338e-4e7a-8e27-81bd1aa15afc,1,60
2026-09-24T05:03:00.979,POST,/desembolsos,201,251.0,114.8,,c5e92a61-fc82-4ed0-a9f8-e8956cc684f5,1,60
2026-09-24T05:03:01.053,POST,/desembolsos,201,246.9,120.8,,2b0f4028-d1f4-4412-93ac-f902739f18db,1,60
2026-09-24T05:03:01.195,POST,/desembolsos,201,239.1,116.7,,5a0c1f41-f9a8-40dc-b3dc-5d39ec067de1,1,60
2026-09-24T05:03:01.285,POST,/desembolsos,201,237.6,116.4,,1385fc9a-70f3-4548-b018-5b42f32f60cc,1,60
2026-09-24T05:03:01.387,POST,/desembolsos,201,254.9,112.9,,89bbc410-5958-4704-a197-c2e27acdfd2f,1,60
2026-09-24T05:03:01.485,POST,/desembolsos,201,252.0,129.5,,ba32091c-0d5e-483f-b1bc-88253332b9d0,1,60
2026-09-24T05:03:01.586,POST,/desembolsos,201,260.1,131.6,,e60bb4f2-834a-4ec3-9e8d-90cccbc79c86,1,60
2026-09-24T05:03:01.678,POST,/desembolsos,201,270.3,148.2,,284ac162-d3d4-421c-9da6-5fbfd8d47d1d,1,60
2026-09-24T05:03:01.776,POST,/desembolsos,201,361.2,162.0,,8b203a1c-4942-48c9-b2a0-de857b0ef844,1,60
2026-09-24T05:03:01.888,POST,/desembolsos,201,249.7,117.4,,4962fb86-7a77-4175-b313-056ed973d6a1,1,60
2026-09-24T05:03:01.979,POST,/desembolsos,201,282.8,158.9,,37a93be4-5097-4024-8758-a7716828db9d,1,60
2026-09-24T05:03:02.087,POST,/desembolsos,201,285.8,158.3,,5257940a-fab4-4e61-8f8e-e76520ba63e8,1,60
2026-09-24T05:03:02.178,POST,/desembolsos,201,225.6,111.3,,a641be44-fb69-450d-a00c-4d15f6f16c59,1,60
2026-09-24T05:03:02.262,POST,/desembolsos,201,237.6,114.9,,e47111c4-0ed2-4943-b8c3-76c7e6cbb465,1,60
2026-09-24T05:03:02.373,POST,/desembolsos,201,241.8,116.5,,9daa22f2-fbe6-4cb9-ae77-38ae89aabd63,1,60
2026-09-24T05:03:02.472,POST,/desembolsos,201,236.9,114.4,,e84a1a1f-a9cb-496e-8863-f81a1eb8cebf,1,60
2026-09-24T05:03:02.585,POST,/desembolsos,201,246.5,112.6,,1e14c89c-e404-410d-85bd-109b10cf00d3,1,60
2026-09-24T05:03:02.678,POST,/desembolsos,201,233.4,114.2,,96adefa5-4143-45e0-a591-8d213c98fdf3,1,60
2026-09-24T05:03:02.775,POST,/desembolsos,201,232.0,111.6,,cef662bc-720a-4813-9315-42b30cc097b8,1,60
2026-09-24T05:03:02.871,POST,/desembolsos,201,233.8,112.9,,5dc563b9-a23e-4c1c-b022-1400b20f0472,1,60
2026-09-24T05:03:02.983,POST,/desembolsos,201,249.3,122.0,,aa548b1a-3fed-4516-9c7f-7c376c34e5d6,1,60
2026-09-24T05:03:03.079,POST,/desembolsos,201,231.1,112.8,,47e603ca-4ac6-481e-9131-cdeebf615132,1,60
2026-09-24T05:03:03.177,POST,/desembolsos,201,241.1,116.8,,71ae863a-659d-476f-ae03-242840d80068,1,60
2026-09-24T05:03:03.286,POST,/desembolsos,201,298.0,112.7,,895c7499-6f5a-4609-88d4-765a350a5531,1,60
2026-09-24T05:03:03.377,POST,/desembolsos,201,246.4,129.9,,5e7fac6c-2dcc-44b0-93c1-bd6f8358a5bd,1,60
2026-09-24T05:03:03.469,POST,/desembolsos,201,243.8,116.6,,3862e843-3e9f-44df-aeeb-6e42796ff3bb,1,60
2026-09-24T05:03:03.584,POST,/desembolsos,201,281.0,127.9,,aa04f5ee-a7d7-4a83-becf-20919ea96035,1,60
2026-09-24T05:03:03.683,POST,/desembolsos,201,239.8,112.4,,0496533a-a2b5-4648-896b-5cf2f5015f37,1,60
2026-09-24T05:03:03.781,POST,/desembolsos,201,232.9,113.4,,60b32695-134c-42a1-ba1a-5cf10ee73261,1,60
2026-09-24T05:03:03.879,POST,/desembolsos,201,232.1,116.1,,9ea407c9-7592-4bf5-a815-eab3a9fb1975,1,60
2026-09-24T05:03:03.978,POST,/desembolsos,201,237.5,115.4,,b6b936c0-b9ce-469e-8aed-c42b41ce12dc,1,60
2026-09-24T05:03:04.087,POST,/desembolsos,201,237.4,113.7,,824ee75b-1c7f-44c8-823f-78ab8c495cc0,1,60
2026-09-24T05:03:04.185,POST,/desembolsos,201,251.1,112.3,,0c8509e9-6344-4871-ac91-cac187ff93a9,1,60
2026-09-24T05:03:04.285,POST,/desembolsos,201,234.1,112.5,,7ef8da7b-66ef-411b-90e5-b9e752ee4ed1,1,60
2026-09-24T05:03:04.393,POST,/desembolsos,201,247.7,113.5,,28047a6d-81f8-4390-8776-7659ef2927e6,1,60
2026-09-24T05:03:04.476,POST,/desembolsos,201,240.1,116.1,,85ca23f1-93f6-49fd-93b0-d5ce6d2716db,1,60
2026-09-24T05:03:04.587,POST,/desembolsos,201,227.5,111.4,,4ada2032-1d60-4565-bb25-3ef434198ab2,1,60
2026-09-24T05:03:04.679,POST,/desembolsos,201,236.3,114.6,,f8983518-8ed2-498c-9694-a5804776e247,1,60
2026-09-24T05:03:04.769,POST,/desembolsos,201,234.1,113.9,,d73a7742-dd76-4f20-9778-2ef4ec2e26e6,1,60
2026-09-24T05:03:04.878,POST,/desembolsos,201,237.9,116.1,,6ed30e58-662b-407d-8f42-abadee6e54a9,1,60
2026-09-24T05:03:04.971,POST,/desembolsos,201,234.3,114.3,,521acdbe-233c-4a3c-8bff-0e86319d8a60,1,60
2026-09-24T05:03:05.079,POST,/desembolsos,201,262.7,118.7,,67c110ec-9438-46d3-b6f6-8062f8fcaf2b,1,60
2026-09-24T05:03:05.178,POST,/desembolsos,201,231.4,113.9,,27dd9e42-bb40-4042-bb40-8d90bbac6d08,1,60
2026-09-24T05:03:05.290,POST,/desembolsos,201,233.6,115.1,,45521ef1-726f-4e37-bb4f-da955d52c90d,1,60
2026-09-24T05:03:05.397,POST,/desembolsos,201,251.8,116.7,,ca3ad9c1-bf1b-48e4-86cb-b59db296708c,1,60
2026-09-24T05:03:05.471,POST,/desembolsos,201,250.9,126.0,,4599e338-e562-462e-b984-30898ab86483,1,60
2026-09-24T05:03:05.578,POST,/desembolsos,201,268.6,119.0,,69743ac5-15a0-46a9-b9ab-3d2a480bca60,1,60
2026-09-24T05:03:05.683,POST,/desembolsos,201,238.3,115.8,,e524d125-ae02-43c5-911b-65513744cccd,1,60
2026-09-24T05:03:05.787,POST,/desembolsos,201,234.2,108.9,,ad5b0e87-b7e1-491a-9c0d-0604f25d0d31,1,60
2026-09-24T05:03:05.879,POST,/desembolsos,201,284.3,145.6,,54daac37-8e0d-4474-9884-ecb84413ea91,1,60
2026-09-24T05:03:05.987,POST,/desembolsos,201,259.2,117.9,,62f9e8a2-4411-4e68-a26b-fd94094d98e1,1,60
2026-09-24T05:03:06.087,POST,/desembolsos,201,247.3,124.0,,1e2a5b70-6085-44b3-a2b1-3065c28be960,1,60
2026-09-24T05:03:06.178,POST,/desembolsos,201,236.2,112.4,,21156a3a-208a-457e-b3ae-530c294d1528,1,60
2026-09-24T05:03:06.285,POST,/desembolsos,201,255.4,122.2,,d973b2bb-749c-408d-8f68-f2e3c305e653,1,60
2026-09-24T05:03:06.394,POST,/desembolsos,201,266.5,146.8,,41c625b5-ebfa-4785-8e3d-ed431c37a4cf,1,60
2026-09-24T05:03:06.469,POST,/desembolsos,201,255.5,131.1,,ce5711a2-0a6d-4059-8492-7f3b47ba21fe,1,60
2026-09-24T05:03:06.583,POST,/desembolsos,201,256.7,125.4,,ecba6180-a9d3-4265-a14f-1739bb5f218b,1,60
2026-09-24T05:03:06.679,POST,/desembolsos,201,225.7,111.4,,e2280b41-95a4-40ce-a60a-3887593e50b8,1,60
2026-09-24T05:03:06.779,POST,/desembolsos,201,238.2,115.0,,51066f36-4daa-4282-9106-1b849eacd4ec,1,60
2026-09-24T05:03:06.879,POST,/desembolsos,201,229.3,112.3,,5fcaee26-33c1-46af-a53c-7eff9687f907,1,60
2026-09-24T05:03:06.987,POST,/desembolsos,201,255.2,114.5,,917a14ab-56ba-4711-a39b-a26e7a9b9f59,1,60
2026-09-24T05:03:07.079,POST,/desembolsos,201,235.2,112.6,,d68db8cc-3286-465e-bcf1-7f68ab0a08ab,1,60
2026-09-24T05:03:07.187,POST,/desembolsos,201,234.7,112.4,,897f9b51-454e-49c5-ae18-9825ffb94ab3,1,60
2026-09-24T05:03:07.279,POST,/desembolsos,201,224.1,108.8,,f41140a1-09d0-4477-b581-837157f3c3db,1,60
2026-09-24T05:03:07.379,POST,/desembolsos,201,233.7,115.8,,7400af7f-6edb-4d8c-a04b-64abc3cc82f7,1,60
2026-09-24T05:03:07.479,POST,/desembolsos,201,238.4,117.6,,026308c5-02f9-4e0b-9271-543def382708,1,60
2026-09-24T05:03:07.578,POST,/desembolsos,201,233.1,112.4,,655ca9b8-423c-4353-848b-b7103364bae9,1,60
2026-09-24T05:03:07.686,POST,/desembolsos,201,245.7,121.4,,a130da2b-527a-4ac9-918b-34a4caaae89e,1,60
2026-09-24T05:03:07.795,POST,/desembolsos,201,250.5,122.7,,877db7f6-6462-4746-81b4-b51d282c4b81,1,60
2026-09-24T05:03:07.888,POST,/desembolsos,201,233.0,112.2,,68872879-a3d3-486b-a875-bf2d5becb2de,1,60
2026-09-24T05:03:07.979,POST,/desembolsos,201,245.3,124.5,,afa9e6d4-d44b-4c37-8199-3c002d6665b8,1,60
2026-09-24T05:03:08.095,POST,/desembolsos,201,244.0,118.6,,d991fa4a-319b-4833-a13b-dd823122c869,1,60
2026-09-24T05:03:08.179,POST,/desembolsos,201,231.4,110.2,,e15d4c20-4fec-482e-8529-8c4992db2343,1,60
2026-09-24T05:03:08.287,POST,/desembolsos,201,241.0,115.4,,2df90709-f2ea-4a70-b0e1-842cf41f8157,1,60
2026-09-24T05:03:08.381,POST,/desembolsos,201,268.1,113.5,,0fd6bd7d-70e2-49a3-9ea0-6df16e3b244b,1,60
2026-09-24T05:03:08.485,POST,/desembolsos,201,271.3,140.6,,67284263-5aed-42bd-bee4-ff781fd684d2,1,60
2026-09-24T05:03:08.567,POST,/desembolsos,201,233.7,115.3,,7484ea77-d2d4-41a8-a624-5819a549f0de,1,60
2026-09-24T05:03:08.681,POST,/desembolsos,201,233.4,112.7,,d4ee33db-c538-4989-87fe-41e17d54e42e,1,60
2026-09-24T05:03:08.764,POST,/desembolsos,201,233.1,110.4,,74227ee2-5280-4c1e-96ad-6ea9c213d7ef,1,60
2026-09-24T05:03:08.871,POST,/desembolsos,201,264.9,117.7,,81557cb9-178a-44d9-b480-f45775cfcc13,1,60
2026-09-24T05:03:08.979,POST,/desembolsos,201,284.9,160.4,,9724071a-a20d-4201-849a-4b2c7f6695d3,1,60
2026-09-24T05:03:09.079,POST,/desembolsos,201,239.2,119.9,,0438a5ef-1c3f-4e19-839f-4848c915ded6,1,60
2026-09-24T05:03:09.188,POST,/desembolsos,201,242.0,115.9,,2c675672-0877-48cb-9897-0c7a4d0494d7,1,60
2026-09-24T05:03:09.287,POST,/desembolsos,201,244.7,124.1,,10097b3b-97dc-4b43-8018-4ff516ba43d3,1,60
2026-09-24T05:03:09.389,POST,/desembolsos,201,238.4,122.3,,a4ec94f0-6642-45fa-85ad-2010fef6d03a,1,60
2026-09-24T05:03:09.460,POST,/desembolsos,201,239.4,117.5,,29220534-620d-4e44-ae38-e80129236e53,1,60
2026-09-24T05:03:09.577,POST,/desembolsos,201,264.3,114.6,,27f754c3-ec45-41a2-b750-877426a59dc2,1,60
2026-09-24T05:03:09.675,POST,/desembolsos,201,266.8,114.6,,a6eb9374-0095-4a7c-8627-30f86d5b964d,1,60
2026-09-24T05:03:09.789,POST,/desembolsos,201,239.6,119.1,,4f1c8a60-c029-471a-b641-e6c0d9f3e0d7,1,60
2026-09-24T05:03:09.871,POST,/desembolsos,201,237.8,117.4,,e9a30223-a679-4e1d-8899-a9a446e5a4a6,1,60
2026-09-24T05:03:09.988,POST,/desembolsos,201,230.6,109.9,,10a6090b-8e26-4a5c-bf54-2bafb0636845,1,60
2026-09-24T05:03:10.088,POST,/desembolsos,201,239.3,112.9,,3d08884b-944c-4bb2-8ce7-10fd5cb0fb8b,1,60
2026-09-24T05:03:10.179,POST,/desembolsos,201,281.3,121.3,,7235bf0f-7ea3-48db-8a5a-aa726d46cdf1,1,60
2026-09-24T05:03:10.271,POST,/desembolsos,201,258.8,123.7,,7a69aba4-47b2-4c0c-9f42-3aa744bcc53e,1,60
2026-09-24T05:03:10.373,POST,/desembolsos,201,239.0,114.6,,3ed594ab-b235-41f9-b17d-5ee1bb886dfb,1,60
2026-09-24T05:03:10.477,POST,/desembolsos,201,237.6,114.3,,e3f558e6-f434-47b4-af79-3289f9189d1b,1,60
2026-09-24T05:03:10.576,POST,/desembolsos,201,236.9,112.5,,772cd344-6871-4cb6-8b9a-ba2fd8218324,1,60
2026-09-24T05:03:10.674,POST,/desembolsos,201,236.3,113.9,,257e76c6-a244-4e23-85d6-fc90417ee417,1,60
2026-09-24T05:03:10.773,POST,/desembolsos,201,289.4,114.3,,a533dd22-2698-4666-af24-a481f902d7ff,1,60
2026-09-24T05:03:10.879,POST,/desembolsos,201,242.7,111.9,,ba097985-e9f4-426b-b75b-a4413065de94,1,60
2026-09-24T05:03:10.979,POST,/desembolsos,201,242.2,114.6,,c194c57a-2a0d-4f2d-bf9b-a523c01dc99c,1,60
2026-09-24T05:03:11.062,POST,/desembolsos,201,243.4,113.7,,f93b91ce-2f22-4bf5-a44a-126f5d315da9,1,60
2026-09-24T05:03:11.171,POST,/desembolsos,201,233.8,113.1,,85850376-8348-438a-a5e4-5472893b216c,1,60
2026-09-24T05:03:11.288,POST,/desembolsos,201,237.3,113.8,,10944f10-a64f-4965-b976-df5cbdbe1474,1,60
2026-09-24T05:03:11.365,POST,/desembolsos,201,232.7,112.0,,e1db7a0d-5b32-43ee-8999-6130956fde4e,1,60
2026-09-24T05:03:11.474,POST,/desembolsos,201,232.7,110.9,,40e55bbb-c435-4b64-bb5f-db40df1108b2,1,60
2026-09-24T05:03:11.572,POST,/desembolsos,201,250.2,128.9,,8362c34b-6c17-456f-8c23-6585c1edbd49,1,60
2026-09-24T05:03:11.685,POST,/desembolsos,201,236.9,112.9,,ba6d6280-5eb7-4d53-bc21-7bbb26e86239,1,60
2026-09-24T05:03:11.782,POST,/desembolsos,201,231.1,110.3,,f12fee20-5aef-4e58-a380-58dba8005d46,1,60
2026-09-24T05:03:11.871,POST,/desembolsos,201,242.1,122.6,,74c14767-b78f-4017-bb84-ea0a68bc9763,1,60
2026-09-24T05:03:11.988,POST,/desembolsos,201,241.7,113.7,,395b7297-1037-409f-97f9-78018ae7fd03,1,60
2026-09-24T05:03:12.071,POST,/desembolsos,201,227.3,110.8,,8f914956-e3e1-4512-946d-f7b052944262,1,60
2026-09-24T05:03:12.179,POST,/desembolsos,201,237.2,114.8,,f6f3ad7a-8057-4e7d-9db1-9508f7e26880,1,60
2026-09-24T05:03:12.287,POST,/desembolsos,201,233.0,113.1,,542f3362-b328-498f-9702-f3eee82c77d5,1,60
2026-09-24T05:03:12.378,POST,/desembolsos,201,236.9,112.9,,1526c4b4-261b-4cd6-8b25-e7f3aec5d9e3,1,60
2026-09-24T05:03:12.477,POST,/desembolsos,201,239.7,113.9,,a858cb7d-41c1-4479-85e6-1d422b7e8e25,1,60
2026-09-24T05:03:12.583,POST,/desembolsos,201,242.3,111.7,,96f659a4-154d-4a0e-866d-78db4c9d590c,1,60
2026-09-24T05:03:12.678,POST,/desembolsos,201,279.5,112.6,,3d2da92e-3453-4c02-bfb4-7c3aaaf4ba0e,1,60
2026-09-24T05:03:12.776,POST,/desembolsos,201,308.6,163.8,,a46d3636-8187-42cc-8b61-3f8fee5adb12,1,60
2026-09-24T05:03:12.888,POST,/desembolsos,201,316.8,188.1,,a1116eb7-2d01-42cb-bed8-c726e2e4a39d,1,60
2026-09-24T05:03:12.979,POST,/desembolsos,201,228.8,110.7,,aaa25bff-9a28-4363-b6d2-17a580e6f99d,1,60
2026-09-24T05:03:13.071,POST,/desembolsos,201,252.2,119.3,,a197d5d7-b821-4264-a081-086138f45230,1,60
2026-09-24T05:03:13.179,POST,/desembolsos,201,310.1,147.9,,3cbd4323-bb92-4ee4-ac23-985cc59c834b,1,60
2026-09-24T05:03:13.279,POST,/desembolsos,201,236.6,116.5,,80397fa9-0c3c-4c2b-9dc6-2f050a3920c8,1,60
2026-09-24T05:03:13.371,POST,/desembolsos,201,239.2,114.5,,ac91cb48-a69e-4fb2-b5f8-a7ff136d6b99,1,60
2026-09-24T05:03:13.485,POST,/desembolsos,201,242.4,122.0,,3d9c8cbd-3d77-41e9-851d-64e598922051,1,60
2026-09-24T05:03:13.596,POST,/desembolsos,201,229.3,112.1,,00ed9874-c8af-45f5-b7f6-6ad2f4522dd4,1,60
2026-09-24T05:03:13.677,POST,/desembolsos,201,230.1,110.7,,a299ae6f-9950-4902-b81d-bfeeba508789,1,60
2026-09-24T05:03:13.774,POST,/desembolsos,201,237.3,115.7,,1547f79a-dd73-4909-956b-77b24016454e,1,60
2026-09-24T05:03:13.879,POST,/desembolsos,201,236.8,112.2,,548a91a2-5107-4b5d-8f03-0265803a18b0,1,60
2026-09-24T05:03:13.979,POST,/desembolsos,201,230.4,110.1,,9dc85622-20e4-475d-87db-dda0c38870a2,1,60
2026-09-24T05:03:14.079,POST,/desembolsos,201,247.3,130.2,,496507cc-2c83-4840-ab14-a4cb064fef55,1,60
2026-09-24T05:03:14.186,POST,/desembolsos,201,240.4,118.1,,d35df911-838c-47e8-9e94-a2ac669ec5b1,1,60
2026-09-24T05:03:14.279,POST,/desembolsos,201,238.2,119.6,,f75272fd-97a9-4dfd-bee4-013cc6113d8c,1,60
2026-09-24T05:03:14.395,POST,/desembolsos,201,243.5,113.0,,bc097944-5f81-4760-93f9-d4a8d33c482d,1,60
2026-09-24T05:03:14.493,POST,/desembolsos,201,250.0,120.1,,e524d53e-32cd-42e3-9b36-7ab275e23d26,1,60
2026-09-24T05:03:14.574,POST,/desembolsos,201,239.1,115.1,,df048d50-dc95-409d-bfc8-d550c45502f3,1,60
2026-09-24T05:03:14.686,POST,/desembolsos,201,240.6,115.1,,e2817fba-784b-4aec-ab95-9f9f6f397e04,1,60
2026-09-24T05:03:14.783,POST,/desembolsos,201,244.9,116.7,,93a0d97b-e601-4e31-b754-bda469725478,1,60
2026-09-24T05:03:14.870,POST,/desembolsos,201,236.2,112.2,,1e4fe716-4fb6-4638-aea8-af10461cc374,1,60
2026-09-24T05:03:14.980,POST,/desembolsos,201,247.2,122.0,,2acc0d8d-050d-464d-83de-a1ea2a07f50e,1,60
2026-09-24T05:03:15.079,POST,/desembolsos,201,239.2,115.7,,52a5af2e-3e98-4493-b89b-6460710838f2,1,60
2026-09-24T05:03:15.188,POST,/desembolsos,201,239.7,115.0,,c3e40f6d-6cfd-43c7-bb1b-5e100c7751ae,1,60
2026-09-24T05:03:15.279,POST,/desembolsos,201,236.8,112.9,,c293310a-43fb-445f-a137-d75caf9e8c6f,1,60
2026-09-24T05:03:15.374,POST,/desembolsos,201,236.4,113.2,,c80e01e4-4930-4fc0-a08a-a1cc44a807be,1,60
2026-09-24T05:03:15.460,POST,/desembolsos,201,230.6,112.4,,efa3c2d2-6572-4906-90dc-14dd26a20d11,1,60
2026-09-24T05:03:15.571,POST,/desembolsos,201,230.1,111.8,,3735b144-c294-45a7-a7b8-1c2ce83b7696,1,60
2026-09-24T05:03:15.683,POST,/desembolsos,201,233.9,113.1,,75521683-e475-4aff-b439-fb2a9d3d77ae,1,60
2026-09-24T05:03:15.785,POST,/desembolsos,201,230.8,115.3,,09dfe946-2e47-4fc7-9a52-f18003c542bb,1,60
2026-09-24T05:03:15.871,POST,/desembolsos,201,231.7,113.7,,2b6e368c-3a33-4fd7-abeb-91d6d436129e,1,60
2026-09-24T05:03:15.979,POST,/desembolsos,201,233.7,113.0,,1f52d12f-496a-445f-bffa-0c796cde186b,1,60
2026-09-24T05:03:16.080,POST,/desembolsos,201,230.9,110.4,,99d6a9f0-0117-4898-987d-f7ca27575d32,1,60
2026-09-24T05:03:16.179,POST,/desembolsos,201,240.4,112.5,,a2b42137-7b7c-4107-9f81-a10e19da8fe0,1,60
2026-09-24T05:03:16.279,POST,/desembolsos,201,284.1,140.9,,0f5324f3-43cb-451d-8f13-5195fee4aa55,1,60
2026-09-24T05:03:16.380,POST,/desembolsos,201,267.8,131.1,,6bccd1ee-d902-4fc8-8db3-db524e1d5adb,1,60
2026-09-24T05:03:16.485,POST,/desembolsos,201,233.8,112.1,,7e8ed648-7f8f-461a-b53c-d000742c5cb5,1,60
2026-09-24T05:03:16.583,POST,/desembolsos,201,252.3,126.7,,f162eff5-2a17-47e2-821d-040e228abee2,1,60
2026-09-24T05:03:16.681,POST,/desembolsos,201,234.6,114.8,,b437a1bf-0fa7-4fd8-bfc9-ee54374d59ee,1,60
2026-09-24T05:03:16.779,POST,/desembolsos,201,244.7,115.4,,6d0e0377-41a0-4b19-83e3-0bd63379a53f,1,60
2026-09-24T05:03:16.880,POST,/desembolsos,201,234.1,112.6,,0d36c2ec-d2be-4eed-a86f-1ed19c3f046a,1,60
2026-09-24T05:03:16.971,POST,/desembolsos,201,245.4,124.0,,6a11e5af-880b-49a4-b8ec-e4ef2c98d4eb,1,60
2026-09-24T05:03:17.080,POST,/desembolsos,201,232.4,112.3,,5f2f8a4a-555c-4a4d-b963-411fa8ac750f,1,60
2026-09-24T05:03:17.180,POST,/desembolsos,201,231.8,112.7,,f7111feb-93a2-413e-a00f-b32b6a981106,1,60
2026-09-24T05:03:17.280,POST,/desembolsos,201,232.1,110.6,,1fc91e50-3c57-4360-9a5d-4b167e22f83e,1,60
2026-09-24T05:03:17.374,POST,/desembolsos,201,238.9,121.3,,d75a77a0-f83f-44e2-82d8-b15033efd2c8,1,60
2026-09-24T05:03:17.479,POST,/desembolsos,201,257.0,134.3,,629e15e6-4008-4277-ad87-67725e00cc6f,1,60
2026-09-24T05:03:17.594,POST,/desembolsos,201,239.9,123.7,,c2810ce5-8ac7-457d-a51c-cc674cfeb622,1,60
2026-09-24T05:03:17.692,POST,/desembolsos,201,236.1,113.2,,835741b3-a40a-4f89-9f29-d07399b0a352,1,60
2026-09-24T05:03:17.790,POST,/desembolsos,201,233.5,114.8,,8363aa95-b584-4422-bb3c-77cf6e30c03b,1,60
2026-09-24T05:03:17.880,POST,/desembolsos,201,244.3,115.8,,6d91e282-3de1-4579-8af0-ff0cb42ff392,1,60
2026-09-24T05:03:17.980,POST,/desembolsos,201,240.2,115.0,,3f4df9c0-4fb4-4e36-a68a-02cf362dba85,1,60
2026-09-24T05:03:18.071,POST,/desembolsos,201,261.3,112.7,,5a7680e9-2f97-4c89-be5c-3fb5ac6a4534,1,60
2026-09-24T05:03:18.180,POST,/desembolsos,201,265.1,142.9,,d8dd7b45-30f0-4701-9b3d-5d7f4a5e82fa,1,60
2026-09-24T05:03:18.271,POST,/desembolsos,201,258.7,116.1,,d4bc208c-ba31-4ea7-9c2f-c2b723f99454,1,60
2026-09-24T05:03:18.387,POST,/desembolsos,201,259.1,126.4,,6f33c101-5b85-4c0b-8fbd-c0e0594e6e97,1,60
2026-09-24T05:03:18.485,POST,/desembolsos,201,238.6,114.6,,58dbfa09-d7a3-4cd8-a38c-763492d84705,1,60
2026-09-24T05:03:18.584,POST,/desembolsos,201,246.8,121.6,,2a980b49-f069-4d7e-89a6-487f8e558468,1,60
2026-09-24T05:03:18.682,POST,/desembolsos,201,256.8,132.9,,1edda75d-bcda-4fea-9871-2b997edce7ca,1,60
2026-09-24T05:03:18.779,POST,/desembolsos,201,269.1,145.9,,9c8ac6c3-8b12-4046-bbd4-52a52a1b83ec,1,60
2026-09-24T05:03:18.879,POST,/desembolsos,201,235.3,115.8,,eedfd136-9d99-4855-82b7-bd740e5e5e34,1,60
2026-09-24T05:03:18.980,POST,/desembolsos,201,236.3,117.4,,e3ae3df7-f430-404c-98a5-5003f8d60c42,1,60
2026-09-24T05:03:19.079,POST,/desembolsos,201,239.3,118.8,,7a9dc354-0c0b-41e6-a87e-c93d3f14cd43,1,60
2026-09-24T05:03:19.180,POST,/desembolsos,201,254.2,132.5,,e32bb1d1-6697-47e9-b5b1-696f112bec19,1,60
2026-09-24T05:03:19.263,POST,/desembolsos,201,235.4,113.2,,7a3a4e07-c77a-4d61-add5-3fafdaad1771,1,60
2026-09-24T05:03:19.375,POST,/desembolsos,201,231.1,110.5,,479d17bd-8dbc-43f4-bece-400e4822a41f,1,60
2026-09-24T05:03:19.476,POST,/desembolsos,201,236.5,110.9,,38c90984-e10a-4ca8-a5fb-f7c054947886,1,60
2026-09-24T05:03:19.586,POST,/desembolsos,201,248.7,125.6,,796924bc-7b79-41f2-ba82-ddcaf07d4d44,1,60
2026-09-24T05:03:19.681,POST,/desembolsos,201,231.8,111.5,,564b6b01-fe16-42d8-94a4-b5900dda9a0d,1,60
2026-09-24T05:03:19.777,POST,/desembolsos,201,250.3,115.4,,e4c61f87-01f2-4cff-8e7b-44fd739d4483,1,60
2026-09-24T05:03:19.879,POST,/desembolsos,201,230.6,112.2,,01445656-8809-4cb4-8206-50a32f8b8776,1,60
2026-09-24T05:03:19.988,POST,/desembolsos,201,233.9,111.8,,45001776-b370-460e-8c80-540e742b6e45,1,60
2026-09-24T05:03:20.071,POST,/desembolsos,201,240.0,112.8,,56c1efba-a91a-469b-a9d4-1ca893c673e7,1,60
2026-09-24T05:03:20.179,POST,/desembolsos,201,231.6,112.2,,8b840461-72e0-4901-ba04-ad937c122277,1,60
2026-09-24T05:03:20.287,POST,/desembolsos,201,229.8,109.9,,b9d5d2cd-2b14-4878-87a4-071c254ade13,1,60
2026-09-24T05:03:20.379,POST,/desembolsos,201,264.9,115.4,,0e70bf28-ca9b-462c-b195-c69d966ae9cc,1,60
2026-09-24T05:03:20.486,POST,/desembolsos,201,234.6,113.2,,71b09a1c-3de4-4237-8f48-4deed49a7093,1,60
2026-09-24T05:03:20.580,POST,/desembolsos,201,239.9,111.0,,238ad598-cc58-4a85-8817-ddf1d83f03fd,1,60
2026-09-24T05:03:20.690,POST,/desembolsos,201,252.6,130.6,,e8e5aaec-4aa0-49d9-a931-f5e1b7fbe357,1,60
2026-09-24T05:03:20.785,POST,/desembolsos,201,243.4,118.5,,673280c9-f91b-4d43-9494-a69aaf2a801d,1,60
2026-09-24T05:03:20.877,POST,/desembolsos,201,240.2,110.5,,0411eed4-8c52-4871-8be5-f1ade6724fa5,1,60
2026-09-24T05:03:20.987,POST,/desembolsos,201,265.0,111.1,,d4a3b292-0583-4acb-a42a-bde7825972c0,1,60
2026-09-24T05:03:21.094,POST,/desembolsos,201,279.3,112.6,,61515930-f494-4af7-ac79-28f91657fc5e,1,60
2026-09-24T05:03:21.195,POST,/desembolsos,201,232.9,112.0,,0f760c51-bc6d-47dd-abf6-53f03ed7dacf,1,60
2026-09-24T05:03:21.277,POST,/desembolsos,201,237.0,113.8,,18309b0d-3d7f-4774-bf8a-6ee923c1adfa,1,60
2026-09-24T05:03:21.373,POST,/desembolsos,201,246.4,126.4,,48ea76fb-7122-41ef-ab5b-16421f3822c2,1,60
2026-09-24T05:03:21.483,POST,/desembolsos,201,229.7,110.2,,4af4aa4e-7c85-48c5-b05b-00d0768950ce,1,60
2026-09-24T05:03:21.592,POST,/desembolsos,201,235.7,114.6,,0cf6966c-97e6-4241-992f-60db027f1d0f,1,60
2026-09-24T05:03:21.688,POST,/desembolsos,201,233.8,112.1,,1948d141-6f0a-400b-a483-0b1a4c42f418,1,60
2026-09-24T05:03:21.783,POST,/desembolsos,201,226.6,110.7,,fb37c454-6630-4cd0-aac3-513e631f47e7,1,60
2026-09-24T05:03:21.871,POST,/desembolsos,201,249.2,127.2,,a253ebac-9ef8-4eaa-8705-0db13bb7de6c,1,60
2026-09-24T05:03:21.988,POST,/desembolsos,201,237.7,116.2,,034d5173-9630-4ba8-ad20-a7504870a990,1,60
2026-09-24T05:03:22.071,POST,/desembolsos,201,322.0,112.9,,8fda8a5a-c998-4194-95bd-67e813b05b53,1,60
2026-09-24T05:03:22.182,POST,/desembolsos,201,318.8,184.6,,b3d1b5cc-39be-4c7d-b50c-d2972303f7c4,1,60
2026-09-24T05:03:22.280,POST,/desembolsos,201,234.7,114.0,,79ae1460-69b7-4a9b-a47f-7f1faaa2c2e0,1,60
2026-09-24T05:03:22.391,POST,/desembolsos,201,234.8,111.1,,aa86ac69-29cb-4d62-8d40-9be620b1f37b,1,60
2026-09-24T05:03:22.492,POST,/desembolsos,201,237.2,118.1,,1d909502-b32a-4259-8a6c-34b479fcf39b,1,60
2026-09-24T05:03:22.571,POST,/desembolsos,201,243.3,115.4,,6ebc9a6b-600b-4655-b6ec-b5c0e540c35f,1,60
2026-09-24T05:03:22.686,POST,/desembolsos,201,239.2,109.7,,bb5d107c-fc5c-4878-b030-70652e2809b8,1,60
2026-09-24T05:03:22.791,POST,/desembolsos,201,238.1,116.7,,da91fda4-49a0-422e-a491-7848b762f2ab,1,60
2026-09-24T05:03:22.880,POST,/desembolsos,201,260.1,130.3,,7e59f7eb-6dc3-4b29-bdfc-b1de6448c293,1,60
2026-09-24T05:03:22.988,POST,/desembolsos,201,271.5,151.8,,c5fe6361-eda4-4962-a2fb-ff9a3046c743,1,60
2026-09-24T05:03:23.080,POST,/desembolsos,201,263.0,141.9,,9b3214f8-624d-4e24-8b75-6f4dab9c8125,1,60
2026-09-24T05:03:23.171,POST,/desembolsos,201,248.4,117.7,,346a45f4-31b6-40ed-bec3-161453d10ea5,1,60
2026-09-24T05:03:23.288,POST,/desembolsos,201,250.8,111.2,,126fc78c-0288-48cc-b91d-82b1defee3cf,1,60
2026-09-24T05:03:23.374,POST,/desembolsos,201,251.0,116.1,,df0502c4-15ee-4114-a6e6-d19ff4f0714c,1,60
2026-09-24T05:03:23.475,POST,/desembolsos,201,244.5,125.7,,8f0465d6-7f5e-4dd2-aed4-01011e7cb05e,1,60
2026-09-24T05:03:23.570,POST,/desembolsos,201,244.8,118.6,,e67ffac2-2b73-4969-8197-06dbed8fcd9a,1,60
2026-09-24T05:03:23.687,POST,/desembolsos,201,236.2,116.4,,75581c56-4945-425d-9c7e-8def7ccfdea9,1,60
2026-09-24T05:03:23.788,POST,/desembolsos,201,235.2,114.6,,7e7ebdc4-6ff3-48b9-aa94-75f295a3cb75,1,60
2026-09-24T05:03:23.888,POST,/desembolsos,201,239.0,114.6,,275025a6-4cb3-460b-93dc-c642eacc2dae,1,60
2026-09-24T05:03:23.979,POST,/desembolsos,201,317.9,124.0,,ee1e69bf-0fd3-401a-a465-4f99291fbe2d,1,60
2026-09-24T05:03:24.071,POST,/desembolsos,201,288.6,118.8,,621683de-4c06-4a81-bfc2-0463b61e6695,1,60
2026-09-24T05:03:24.171,POST,/desembolsos,201,245.5,114.7,,36a06f43-4147-405d-8359-62507008c262,1,60
2026-09-24T05:03:24.271,POST,/desembolsos,201,262.4,112.7,,d3c94bac-9fd4-415d-84fd-1de1bb174a1f,1,60
2026-09-24T05:03:24.355,POST,/desembolsos,201,243.3,122.7,,b726cd53-fe54-4e79-9ee5-9dc973758298,1,60
2026-09-24T05:03:24.469,POST,/desembolsos,201,249.6,121.3,,66d48b72-7e71-4bd9-9b91-db6bd63e998d,1,60
2026-09-24T05:03:24.580,POST,/desembolsos,201,235.5,112.6,,87433f09-ad56-4934-ba38-08ce42a0bcd6,1,60
2026-09-24T05:03:24.692,POST,/desembolsos,201,226.4,110.0,,95afdc04-9f40-451a-b8a3-eebdfcfeaf42,1,60
2026-09-24T05:03:24.783,POST,/desembolsos,201,236.4,117.0,,d693dedd-0af7-4c4f-90c0-18b3dff7bc66,1,60
2026-09-24T05:03:24.880,POST,/desembolsos,201,235.9,112.6,,224e6ff4-5cc1-4746-990b-6a9500a71cfc,1,60
2026-09-24T05:03:24.980,POST,/desembolsos,201,265.8,136.1,,cd5e5948-b291-47b3-807b-9e4ec5e59aa1,1,60
2026-09-24T05:03:25.071,POST,/desembolsos,201,280.8,155.6,,b41d67dd-fc9f-4ca9-bdd4-6ee8b8954708,1,60
2026-09-24T05:03:25.180,POST,/desembolsos,201,230.5,113.9,,458e2e22-0f31-4d98-96e6-706f75c4fb3e,1,60
2026-09-24T05:03:25.280,POST,/desembolsos,201,229.7,111.7,,ca9b1021-b5fb-4d71-8c60-976c444bab0d,1,60
2026-09-24T05:03:25.391,POST,/desembolsos,201,235.2,112.5,,eb6e8e6a-e95d-40ce-8574-f2c6f6bdc3e3,1,60
2026-09-24T05:03:25.474,POST,/desembolsos,201,235.3,112.3,,37eeae60-47fd-4c7e-bac1-14854c337d5a,1,60
2026-09-24T05:03:25.569,POST,/desembolsos,201,257.3,140.2,,62be785f-4e46-4733-bab7-e6946a92161b,1,60
2026-09-24T05:03:25.680,POST,/desembolsos,201,260.2,137.9,,a72b78db-4c42-443f-8281-19d32b1d789f,1,60
2026-09-24T05:03:25.788,POST,/desembolsos,201,236.2,114.8,,a8af72c3-4391-4c43-b984-011095e5df4f,1,60
2026-09-24T05:03:25.880,POST,/desembolsos,201,227.7,110.8,,4c9aecef-547c-4587-ade0-f4e1911c669a,1,60
2026-09-24T05:03:25.980,POST,/desembolsos,201,237.9,114.9,,02916bbf-6f03-4b42-839a-807614b3d6db,1,60
2026-09-24T05:03:26.071,POST,/desembolsos,201,237.0,117.0,,a5432f94-63b7-48d6-9f03-21ef4c6819a9,1,60
2026-09-24T05:03:26.180,POST,/desembolsos,201,233.3,111.0,,8336830b-1b38-4271-84e5-7a1e9a25dd05,1,60
2026-09-24T05:03:26.261,POST,/desembolsos,201,265.0,145.2,,9006ee98-a59e-4445-b3d8-7f4939380129,1,60
2026-09-24T05:03:26.372,POST,/desembolsos,201,233.9,114.8,,a22c4da6-3376-4e79-a7fc-15a41f7e1338,1,60
2026-09-24T05:03:26.485,POST,/desembolsos,201,232.6,114.5,,5ad306a7-1500-483c-8b96-9a76e19c392c,1,60
2026-09-24T05:03:26.583,POST,/desembolsos,201,236.5,111.7,,e6046fdf-67d7-4efa-9da8-ab7867199514,1,60
2026-09-24T05:03:26.665,POST,/desembolsos,201,249.4,114.5,,0bb3a129-261e-41d4-b712-552a87487f24,1,60
2026-09-24T05:03:26.767,POST,/desembolsos,201,227.8,111.2,,2a44b3e2-9b0a-4be4-963d-7a758efdc54d,1,60
2026-09-24T05:03:26.889,POST,/desembolsos,201,250.6,115.3,,e4f6dcb9-9cbe-41cf-9456-cf2dab0de702,1,60
2026-09-24T05:03:26.972,POST,/desembolsos,201,244.8,113.6,,9da59b3b-7bcf-49d6-9d74-1ea732a47d39,1,60
2026-09-24T05:03:27.072,POST,/desembolsos,201,237.6,116.1,,c428e73f-a912-4e04-b304-c836d6aa928b,1,60
2026-09-24T05:03:27.180,POST,/desembolsos,201,252.0,121.5,,7394a28f-10ef-43db-b32c-c0897e4e2d55,1,60
2026-09-24T05:03:27.280,POST,/desembolsos,201,237.3,114.5,,72fcea77-3671-4e88-a765-c9590a71f238,1,60
2026-09-24T05:03:27.372,POST,/desembolsos,201,266.6,115.9,,6a6740a4-0479-40b1-9cec-76b65d83fa18,1,60
2026-09-24T05:03:27.469,POST,/desembolsos,201,245.8,123.0,,33ab5cc9-0b55-40cd-a214-ed19c223aafb,1,60
2026-09-24T05:03:27.582,POST,/desembolsos,201,229.9,111.8,,e91ff52c-77f3-438e-a8ae-753358b206ba,1,60
2026-09-24T05:03:27.680,POST,/desembolsos,201,230.6,111.8,,1814fd64-17d4-4532-9bb9-c4b06970e498,1,60
2026-09-24T05:03:27.776,POST,/desembolsos,201,233.4,111.2,,07ccdfa9-4615-450d-8761-a337e8da38c2,1,60
2026-09-24T05:03:27.872,POST,/desembolsos,201,240.4,114.6,,702ee75e-1bb8-44a5-a9b6-211696d78d2a,1,60
2026-09-24T05:03:27.971,POST,/desembolsos,201,234.6,110.4,,38fbae2e-ec87-425c-a7ba-f95799e27c65,1,60
2026-09-24T05:03:28.072,POST,/desembolsos,201,243.3,114.3,,fdff0888-668a-4fd2-b33b-50c474cbb5ef,1,60
2026-09-24T05:03:28.180,POST,/desembolsos,201,251.9,130.3,,349cf789-c5bb-4d42-b4b6-f9eae367ba9c,1,60
2026-09-24T05:03:28.289,POST,/desembolsos,201,242.0,123.5,,a2206b9b-5b27-45a9-98a5-d7a3aea40ad6,1,60
2026-09-24T05:03:28.390,POST,/desembolsos,201,240.3,117.6,,5754deae-5e0d-4de8-a68a-4f1e8e0d3427,1,60
2026-09-24T05:03:28.486,POST,/desembolsos,201,236.1,118.7,,c3437600-ffd0-49cf-9005-6e15ca4bfd80,1,60
2026-09-24T05:03:28.585,POST,/desembolsos,201,247.1,124.5,,d34544fd-5a2c-4eae-85f8-72663889b778,1,60
2026-09-24T05:03:28.684,POST,/desembolsos,201,239.6,118.9,,58554b1f-d70d-4e21-a11d-dbd433bf56ef,1,60
2026-09-24T05:03:28.779,POST,/desembolsos,201,249.3,123.9,,d456de6b-331f-4476-8fbb-2d844ee2f03f,1,60
2026-09-24T05:03:28.889,POST,/desembolsos,201,246.4,121.9,,d0e10f19-f20a-405e-bfed-e6e6e9de1123,1,60
2026-09-24T05:03:28.972,POST,/desembolsos,201,234.8,114.1,,01984b1b-7c95-4c51-8859-dc87e0e1100a,1,60
2026-09-24T05:03:29.080,POST,/desembolsos,201,243.2,118.8,,57fd78ea-7f8f-4c84-839a-07670e66c4f5,1,60
2026-09-24T05:03:29.172,POST,/desembolsos,201,238.2,112.8,,f4c7c58e-4e89-4a4b-b9e7-903dd823a56d,1,60
2026-09-24T05:03:29.280,POST,/desembolsos,201,244.9,114.5,,f4a2054d-dfa6-42c8-ab82-0ab8a1bd6fe4,1,60
2026-09-24T05:03:29.387,POST,/desembolsos,201,249.5,120.3,,dbca6a47-2658-4e03-b7fd-b01a75a243d1,1,60
2026-09-24T05:03:29.480,POST,/desembolsos,201,269.4,133.0,,42b392f7-e17c-47f5-9a8e-c166e2580532,1,60
2026-09-24T05:03:29.577,POST,/desembolsos,201,233.2,113.8,,63e54d2a-8d2a-4d11-8888-d460c4476d24,1,60
2026-09-24T05:03:29.675,POST,/desembolsos,201,234.1,115.0,,e5607cf8-0ce4-43bd-91ab-d912e0b1a138,1,60
2026-09-24T05:03:29.789,POST,/desembolsos,201,230.1,114.0,,80cec93d-fe82-4fba-bd4b-765b4ca0d103,1,60
2026-09-24T05:03:29.871,POST,/desembolsos,201,235.7,115.3,,c05ca9a3-75a6-4d07-9f5b-277ab1cbf140,1,60
2026-09-24T05:03:29.981,POST,/desembolsos,201,234.7,112.8,,9dde1c3d-ef4d-4518-a4bc-4de74a5923f8,1,60
2026-09-24T05:03:30.080,POST,/desembolsos,201,229.1,109.8,,f3725c02-b665-4b77-aa73-eb67ac75ef5b,1,60
2026-09-24T05:03:30.189,POST,/desembolsos,201,234.0,113.5,,fcefc2f9-344d-4507-967d-0af72ea379c3,1,60
2026-09-24T05:03:30.272,POST,/desembolsos,201,236.5,114.0,,5e310871-6fe0-4eb6-be49-f4c0cbf937ee,1,60
2026-09-24T05:03:30.375,POST,/desembolsos,201,233.2,110.4,,191b5aaf-ae22-48b4-aed0-81047f77c9b0,1,60
2026-09-24T05:03:30.461,POST,/desembolsos,201,254.3,122.2,,ac42e03b-e9cc-4fbf-bd2d-c74aa8015559,1,60
2026-09-24T05:03:30.571,POST,/desembolsos,201,233.9,113.9,,6307da6f-c5ce-4eca-9ea9-ca233e7892b0,1,60
2026-09-24T05:03:30.686,POST,/desembolsos,201,245.7,123.0,,201151f3-d8f3-4037-b6af-6659044c8896,1,60
2026-09-24T05:03:30.784,POST,/desembolsos,201,254.7,132.4,,80edd4b7-fc58-4be7-8e8c-617be79baeff,1,60
2026-09-24T05:03:30.897,POST,/desembolsos,201,234.2,116.4,,1772a09b-6172-472a-ab67-926515335dd6,1,60
2026-09-24T05:03:30.981,POST,/desembolsos,201,243.2,120.9,,9ec7a53b-e078-40f1-8b4a-e11cc873d5c8,1,60
2026-09-24T05:03:31.064,POST,/desembolsos,201,243.1,114.1,,49138089-312c-42d8-8879-eb78df7b4c5c,1,60
2026-09-24T05:03:31.172,POST,/desembolsos,201,251.2,120.0,,b247557d-81ac-4cdf-a01f-62fa2de5b463,1,60
2026-09-24T05:03:31.281,POST,/desembolsos,201,248.4,122.2,,1e795915-02fa-474e-ba91-99de6aeb7b30,1,60
2026-09-24T05:03:31.373,POST,/desembolsos,201,265.4,133.3,,76368e39-bdd5-4a97-bb4c-45a8455a660e,1,60
2026-09-24T05:03:31.487,POST,/desembolsos,201,263.7,142.8,,7f6cd7b7-b117-4795-be4d-8b05e4932158,1,60
2026-09-24T05:03:31.597,POST,/desembolsos,201,240.6,113.3,,5e518fba-b644-4d48-a283-d8d679457ab5,1,60
2026-09-24T05:03:31.678,POST,/desembolsos,201,256.2,117.5,,58c1822a-c78d-4e4c-8d41-d5bdcdc2c9ab,1,60
2026-09-24T05:03:31.793,POST,/desembolsos,201,262.6,141.7,,207928be-a4af-4dd6-97cc-6734e133cb07,1,60
2026-09-24T05:03:31.889,POST,/desembolsos,201,229.3,111.2,,71f6750b-db0a-4ee4-a492-05d3cb21c01e,1,60
2026-09-24T05:03:31.981,POST,/desembolsos,201,232.1,112.2,,18a32ff0-dd6d-4cf4-9763-c3069f9413a2,1,60
2026-09-24T05:03:32.081,POST,/desembolsos,201,242.4,114.7,,4a39ef8e-e2e8-4a28-83b6-86fe469337e8,1,60
2026-09-24T05:03:32.172,POST,/desembolsos,201,239.0,113.5,,d33982f9-6e06-4b4f-b36d-5edd5421cc84,1,60
2026-09-24T05:03:32.272,POST,/desembolsos,201,255.6,115.9,,8675abca-7d6b-4e3e-a14d-2dc149b14380,1,60
2026-09-24T05:03:32.380,POST,/desembolsos,201,265.3,138.2,,7ef8fdf6-4dee-4982-b3d9-905288301c18,1,60
2026-09-24T05:03:32.486,POST,/desembolsos,201,229.8,111.5,,8c783c17-cf0a-4561-9b37-7ddbf00080cf,1,60
2026-09-24T05:03:32.585,POST,/desembolsos,201,250.0,125.0,,8c948581-c65c-4d2e-8117-08693542bed8,1,60
2026-09-24T05:03:32.694,POST,/desembolsos,201,245.2,115.9,,7215be52-0a30-4919-9649-592f800278fa,1,60
2026-09-24T05:03:32.790,POST,/desembolsos,201,237.4,118.9,,052cb207-34d9-4f72-a510-a90bdb7a079d,1,60
2026-09-24T05:03:32.889,POST,/desembolsos,201,241.0,120.7,,3a1583cc-b8db-493c-a3ac-6bfc2ad10c5c,1,60
2026-09-24T05:03:32.989,POST,/desembolsos,201,237.2,117.2,,64f6645c-6f52-48d3-9b17-ece39a662f5b,1,60
2026-09-24T05:03:33.081,POST,/desembolsos,201,234.9,110.7,,a61ce77c-c217-40bb-85aa-f89760426738,1,60
2026-09-24T05:03:33.173,POST,/desembolsos,201,248.3,112.9,,c4bb5ec3-d97e-423b-ab27-5c5c2610c58e,1,60
2026-09-24T05:03:33.255,POST,/desembolsos,201,233.9,112.7,,9d33253c-9869-4480-a349-e8d57d292861,1,60
2026-09-24T05:03:33.364,POST,/desembolsos,201,229.8,110.5,,a4f60289-024e-4c2d-bdf9-40783f19c691,1,60
2026-09-24T05:03:33.477,POST,/desembolsos,201,232.9,113.1,,e5b9f929-6a26-47c8-b9f4-4b69716f949e,1,60
2026-09-24T05:03:33.576,POST,/desembolsos,201,232.6,113.1,,98a279ae-5d02-46a9-8556-6a6ea01b1640,1,60
2026-09-24T05:03:33.675,POST,/desembolsos,201,240.3,117.0,,9ff03daf-5ed4-4a53-825c-5de7ded0157f,1,60
2026-09-24T05:03:33.786,POST,/desembolsos,201,239.7,113.3,,371f9499-d747-4d94-a032-9dec0fd562ed,1,60
2026-09-24T05:03:33.872,POST,/desembolsos,201,226.1,110.2,,af80f93a-aae4-4ccf-a225-e52ec9903040,1,60
2026-09-24T05:03:33.972,POST,/desembolsos,201,238.9,119.9,,ffe1a4b9-c228-44d0-92b4-4b9173154543,1,60
2026-09-24T05:03:34.081,POST,/desembolsos,201,240.4,119.0,,0a425130-293d-47d6-9641-fb110133e4b7,1,60
2026-09-24T05:03:34.187,POST,/desembolsos,201,235.1,110.4,,4b82eb53-dcf5-4db7-9c08-63dcf3f8f812,1,60
2026-09-24T05:03:34.365,POST,/desembolsos,201,240.1,116.4,,60087f9d-860d-4e80-abdc-aa7f0c669b91,1,60
2026-09-24T05:03:34.480,POST,/desembolsos,201,229.2,110.6,,c6beb6d7-5696-420c-9405-ae3639aef070,1,60
2026-09-24T05:03:34.586,POST,/desembolsos,201,243.2,123.4,,bef12f70-48c8-4435-baf9-f97048686fbc,1,60
2026-09-24T05:03:34.685,POST,/desembolsos,201,256.2,130.6,,b22be7a9-f7c6-44fd-a9c2-5f2cebe8a597,1,60
2026-09-24T05:03:34.780,POST,/desembolsos,201,252.8,125.3,,fa9a1216-1f19-4e59-bea2-ca3b5a3b0128,1,60
2026-09-24T05:03:34.263,POST,/desembolsos,201,839.0,115.8,,640250b8-86b2-4291-9084-8fa9a8a06fdd,1,60
2026-09-24T05:03:34.889,POST,/desembolsos,201,240.0,116.7,,bacf9331-eefd-4699-9ac4-6f9d208bd8f3,1,60
2026-09-24T05:03:34.981,POST,/desembolsos,201,236.6,113.6,,a5e77121-8c3d-41aa-aa94-5597360a36a7,1,60
2026-09-24T05:03:35.088,POST,/desembolsos,201,237.0,115.7,,e4a3e5f1-2ea9-41a0-a2c7-f9ccc48d1cd3,1,60
2026-09-24T05:03:35.181,POST,/desembolsos,201,252.0,124.7,,8a071699-b5a0-4c8e-ab96-fa8ad991aa51,1,60
2026-09-24T05:03:35.280,POST,/desembolsos,201,275.3,152.5,,9fce8825-f1fb-43b5-9084-400cba77dc03,1,60
2026-09-24T05:03:35.391,POST,/desembolsos,201,266.1,148.3,,6bf41693-0749-4f4c-a8f0-e528549db321,1,60
2026-09-24T05:03:35.477,POST,/desembolsos,201,237.2,115.0,,80a21053-0eb6-4acd-b6e8-7dbab157df8d,1,60
2026-09-24T05:03:35.575,POST,/desembolsos,201,235.7,113.9,,407319c9-23a7-44b3-876d-36425a951489,1,60
2026-09-24T05:03:35.689,POST,/desembolsos,201,234.9,115.0,,b4ca3807-2c76-4f8d-8a7a-73df9fcbf09b,1,60
2026-09-24T05:03:35.771,POST,/desembolsos,201,238.5,118.4,,9565a2bf-0ecc-4ab7-b0ea-0e31e77be299,1,60
2026-09-24T05:03:35.872,POST,/desembolsos,201,256.2,117.7,,6d3cdeb1-e1b6-400a-bd13-5b730d93b117,1,60
2026-09-24T05:03:35.989,POST,/desembolsos,201,258.1,137.6,,49c6df95-deaf-4272-ad34-68d95cfa27dc,1,60
2026-09-24T05:03:36.072,POST,/desembolsos,201,244.2,122.8,,fb5a88fd-95da-4928-bc78-c2ee9292b4d5,1,60
2026-09-24T05:03:36.181,POST,/desembolsos,201,235.6,113.0,,bec3fe4a-c9a9-4ca0-8b01-57ae603184b8,1,60
2026-09-24T05:03:36.272,POST,/desembolsos,201,233.9,113.0,,1c29c7bb-ddd1-4e73-abd6-8bd84d78e06c,1,60
2026-09-24T05:03:36.383,POST,/desembolsos,201,233.1,114.2,,d2620f88-a06c-4ee4-9d4d-681691344abd,1,60
2026-09-24T05:03:36.470,POST,/desembolsos,201,243.0,115.4,,94ea31c8-c8cc-4ffe-90f1-61c2e3a78bf5,1,60
2026-09-24T05:03:36.585,POST,/desembolsos,201,246.1,127.0,,ddf0edc1-99da-4247-8c99-16cfa77687bf,1,60
2026-09-24T05:03:36.682,POST,/desembolsos,201,262.1,133.8,,72a4c0cf-00a3-4989-8ba3-d749ba9617b3,1,60
2026-09-24T05:03:36.799,POST,/desembolsos,201,232.0,113.2,,55e64b85-3bf7-4174-9592-865c8b517c06,1,60
2026-09-24T05:03:36.897,POST,/desembolsos,201,231.0,110.5,,4e9ae79d-6398-439f-ac97-9e50b60d7897,1,60
2026-09-24T05:03:36.981,POST,/desembolsos,201,262.0,125.0,,4e73e3d6-d5c6-4260-a0b8-57dd1cfe06a6,1,60
2026-09-24T05:03:37.089,POST,/desembolsos,201,233.8,115.2,,26e7e033-5ab5-4149-be2f-f889fa9b2d5b,1,60
2026-09-24T05:03:37.181,POST,/desembolsos,201,234.1,111.8,,a0188777-2fba-4e0e-9ac8-71557cc0293c,1,60
2026-09-24T05:03:37.272,POST,/desembolsos,201,234.5,112.9,,5d3e84cf-c886-43a7-bc98-3a690a1fa2c8,1,60
2026-09-24T05:03:37.367,POST,/desembolsos,201,244.5,119.6,,f99003bc-d074-4201-b8b3-0761142b2561,1,60
2026-09-24T05:03:37.480,POST,/desembolsos,201,231.0,111.2,,33378877-2df3-40b5-8db9-ccd00c26c0ae,1,60
2026-09-24T05:03:37.580,POST,/desembolsos,201,241.2,114.5,,c6726783-86b4-4756-912c-716e60b7c68a,1,60
2026-09-24T05:03:37.679,POST,/desembolsos,201,257.1,117.5,,0cbaefc8-5c08-4e03-8737-61c48782c8c8,1,60
2026-09-24T05:03:37.792,POST,/desembolsos,201,264.4,144.3,,48f674a5-343d-47fb-a8c9-79ab6f9d7558,1,60
2026-09-24T05:03:37.881,POST,/desembolsos,201,241.0,113.3,,1ffd7b4b-aebd-4e61-90be-03d6bc987e11,1,60
2026-09-24T05:03:37.964,POST,/desembolsos,201,235.5,113.3,,51e1e0e8-fd6c-445a-bd9a-50aa3984f2b7,1,60
2026-09-24T05:03:38.073,POST,/desembolsos,201,229.5,110.6,,5b4c79e7-fed7-42f7-86a7-92bf8435053e,1,60
2026-09-24T05:03:38.172,POST,/desembolsos,201,234.7,113.2,,7517b0cb-b78e-4578-a174-1d8328747466,1,60
2026-09-24T05:03:38.264,POST,/desembolsos,201,266.2,126.2,,c6213213-241c-4ea3-bafa-e50e3f4686a4,1,60
2026-09-24T05:03:38.375,POST,/desembolsos,201,275.3,110.9,,7ad36a33-e64a-4470-b234-f56818330e84,1,60
2026-09-24T05:03:38.481,POST,/desembolsos,201,290.6,164.6,,97b309cf-e660-4468-9426-02aef1a42528,1,60
2026-09-24T05:03:38.570,POST,/desembolsos,201,237.6,114.1,,a8334a7b-d599-449e-979b-43ad5b405de2,1,60
2026-09-24T05:03:38.684,POST,/desembolsos,201,231.0,111.7,,916688a6-d75d-437a-b954-54c27a342b72,1,60
2026-09-24T05:03:38.782,POST,/desembolsos,201,232.7,113.0,,31e0ce7e-5575-4437-953a-c6cc7308ab80,1,60
2026-09-24T05:03:38.889,POST,/desembolsos,201,234.4,112.3,,8645ec04-c09d-45f3-b548-2d2f703e7224,1,60
2026-09-24T05:03:38.980,POST,/desembolsos,201,232.8,110.1,,4e140a5c-1c86-46ba-9b29-1691712968af,1,60
2026-09-24T05:03:39.080,POST,/desembolsos,201,232.0,112.3,,dacea71c-514e-4f9a-a2bc-8f22e7504d63,1,60
2026-09-24T05:03:39.180,POST,/desembolsos,201,241.0,122.0,,0a75c8cf-3448-4054-afd5-bf08b4dbdb46,1,60
2026-09-24T05:03:39.281,POST,/desembolsos,201,258.5,140.9,,228a0f2e-d78a-47e8-95aa-da6e8bf19280,1,60
2026-09-24T05:03:39.384,POST,/desembolsos,201,236.0,113.3,,1b40369e-9194-4949-9cea-93363a45fa18,1,60
2026-09-24T05:03:39.487,POST,/desembolsos,201,236.4,113.6,,bc4e2f4b-13fe-43d4-a4a6-13258aa957f0,1,60
2026-09-24T05:03:39.588,POST,/desembolsos,201,231.3,110.4,,558e9c98-1ab6-43ad-a1c8-de2a1aead076,1,60
2026-09-24T05:03:39.687,POST,/desembolsos,201,236.8,113.5,,b5e7d84a-44ba-4ed6-b19f-9507383b8857,1,60
2026-09-24T05:03:39.785,POST,/desembolsos,201,235.3,114.4,,be768769-0f4c-4f68-8d42-a9fd32bfc875,1,60
2026-09-24T05:03:39.873,POST,/desembolsos,201,235.8,115.1,,ecb7f93b-af5b-4a2b-aeb8-401a1504569b,1,60
2026-09-24T05:03:39.981,POST,/desembolsos,201,236.6,113.8,,64abef9f-9ff6-4e3c-86af-7323e97db3ba,1,60
2026-09-24T05:03:40.089,POST,/desembolsos,201,241.5,118.2,,07d13ac9-2817-4083-b63f-70679ce45287,1,60
2026-09-24T05:03:40.181,POST,/desembolsos,201,268.1,114.9,,eeb48752-15f3-4b91-a31b-b926cb9be7a9,1,60
2026-09-24T05:03:40.289,POST,/desembolsos,201,276.7,133.7,,d20c8611-d048-4fbc-9da2-3404dc848599,1,60
2026-09-24T05:03:40.404,POST,/desembolsos,201,232.1,113.3,,8966a218-a2f5-4847-88ad-8a804a5b7bc0,1,60
2026-09-24T05:03:40.486,POST,/desembolsos,201,255.3,134.2,,10e3b94c-080a-4606-8080-3dd4d56f4082,1,60
2026-09-24T05:03:40.558,POST,/desembolsos,201,263.8,143.0,,9076f826-5a07-4bc4-adfe-2e9ffdefb838,1,60
2026-09-24T05:03:40.681,POST,/desembolsos,201,239.0,114.7,,e21d623f-d597-47f0-9389-bbb419b3ed91,1,60
2026-09-24T05:03:40.779,POST,/desembolsos,201,246.9,128.5,,0e7f99ae-796e-4716-b75c-b7c66e822db5,1,60
2026-09-24T05:03:40.872,POST,/desembolsos,201,272.6,113.0,,ac8f1807-088d-4670-8cc2-46b3e53d5092,1,60
2026-09-24T05:03:40.973,POST,/desembolsos,201,307.2,172.5,,36ab12c6-2528-4ebb-b9a5-8a10a4da135e,1,60
2026-09-24T05:03:41.081,POST,/desembolsos,201,308.7,188.1,,137e5924-7fdb-4d48-860a-2b8cc889c480,1,60
2026-09-24T05:03:41.182,POST,/desembolsos,201,238.9,116.3,,06e65f60-9101-4cb2-ade3-009ae9f2f121,1,60
2026-09-24T05:03:41.273,POST,/desembolsos,201,243.4,113.0,,a7d430da-210d-4efa-9410-b0a138981727,1,60
2026-09-24T05:03:41.389,POST,/desembolsos,201,246.6,117.2,,ffc4c0de-1cd4-4363-bb94-1c5a4f5a8239,1,60
2026-09-24T05:03:41.480,POST,/desembolsos,201,236.4,113.6,,563d451d-8ac3-4b67-b110-d0b29f97703e,1,60
2026-09-24T05:03:41.579,POST,/desembolsos,201,239.0,112.1,,c3a867fc-0a0d-4d4b-a81b-d37267cef76d,1,60
2026-09-24T05:03:41.688,POST,/desembolsos,201,239.0,111.6,,7ee57156-4b79-4376-a41e-ff6ba348c144,1,60
2026-09-24T05:03:41.787,POST,/desembolsos,201,239.3,112.6,,4bfe7dc9-1920-4379-bc23-0cd835063fdb,1,60
2026-09-24T05:03:41.881,POST,/desembolsos,201,234.7,113.2,,e02cf402-2efe-4c03-b7e3-7599be6d09b4,1,60
2026-09-24T05:03:41.973,POST,/desembolsos,201,228.4,110.3,,b1c14819-2dc8-4639-8a43-5887d1e04038,1,60
2026-09-24T05:03:42.072,POST,/desembolsos,201,235.0,113.2,,f978c0e7-f0d0-447c-a0f0-459b62eb1992,1,60
2026-09-24T05:03:42.164,POST,/desembolsos,201,234.9,112.0,,5f41e424-d5b1-424f-b259-bfca8ecd4e7e,1,60
2026-09-24T05:03:42.273,POST,/desembolsos,201,230.7,110.9,,e8330042-d7a5-46b2-a5eb-78b5508fe197,1,60
2026-09-24T05:03:42.383,POST,/desembolsos,201,245.7,121.0,,32834a0b-eb81-4441-8dfc-1a0c40396b32,1,60
2026-09-24T05:03:42.471,POST,/desembolsos,201,236.1,114.4,,d44453ef-28ba-4d5a-8900-8b444aebf923,1,60
2026-09-24T05:03:42.572,POST,/desembolsos,201,227.9,110.6,,f74a360a-2dd2-4476-accf-fcb870f50c22,1,60
2026-09-24T05:03:42.683,POST,/desembolsos,201,260.8,112.9,,21b6a137-c490-48fd-951e-e953a7a491bb,1,60
2026-09-24T05:03:42.789,POST,/desembolsos,201,260.1,111.9,,99dc2d63-14fb-419c-a7ff-1b6aa3b001f8,1,60
2026-09-24T05:03:42.872,POST,/desembolsos,201,231.5,109.9,,d9be75ac-a360-40f6-a8be-4736b3366ab1,1,60
2026-09-24T05:03:42.964,POST,/desembolsos,201,237.8,119.3,,e349c8d9-5506-4786-8ae2-9471cfbc5801,1,60
2026-09-24T05:03:43.081,POST,/desembolsos,201,236.4,112.9,,61b0480c-2f6f-4140-b563-f6d83a6d5023,1,60
2026-09-24T05:03:43.180,POST,/desembolsos,201,229.8,110.1,,bf5b3bb2-7043-464f-afab-962de99883e5,1,60
2026-09-24T05:03:43.272,POST,/desembolsos,201,238.0,113.8,,c692a1ea-3e65-4114-a524-7f13e2a923c1,1,60
2026-09-24T05:03:43.375,POST,/desembolsos,201,239.1,116.5,,77c0d568-cbab-47a2-87b5-f466867f25a1,1,60
2026-09-24T05:03:43.478,POST,/desembolsos,201,231.5,113.6,,eb821dfb-946a-422d-8f55-5383b7abdeca,1,60
2026-09-24T05:03:43.577,POST,/desembolsos,201,236.1,114.6,,12500200-c263-4c72-9fa5-0392cf3001d1,1,60
2026-09-24T05:03:43.692,POST,/desembolsos,201,237.6,113.8,,7d39fba2-9469-4e7f-b68a-5fc5da958f77,1,60
2026-09-24T05:03:43.773,POST,/desembolsos,201,250.0,122.9,,cd044412-bd92-4fab-86ea-cbdaa6a85eab,1,60
2026-09-24T05:03:43.882,POST,/desembolsos,201,244.6,113.7,,3db05491-af50-4162-a896-292f9607146a,1,60
2026-09-24T05:03:43.990,POST,/desembolsos,201,240.3,115.4,,a33823dd-50db-48b9-9cbb-4a6da195df6a,1,60
2026-09-24T05:03:44.081,POST,/desembolsos,201,233.4,113.9,,1346caab-503e-4e65-93c8-6547880ef3bf,1,60
2026-09-24T05:03:44.179,POST,/desembolsos,201,233.3,110.8,,0c93112a-a568-4ecd-adf0-b0a935c2faf1,1,60
2026-09-24T05:03:44.281,POST,/desembolsos,201,237.9,115.9,,48f66bf7-e52b-4fab-a84b-0e56f4014eea,1,60
2026-09-24T05:03:44.383,POST,/desembolsos,201,240.5,115.8,,4a637c06-62ba-4eab-8a73-a9dcdca9bfcf,1,60
2026-09-24T05:03:44.487,POST,/desembolsos,201,238.9,114.1,,f2bb1474-ba20-4935-ab9c-5f3fe0da9c83,1,60
2026-09-24T05:03:44.600,POST,/desembolsos,201,246.8,110.5,,be65200c-bf31-40e6-8be9-6d3b4eb77bda,1,60
2026-09-24T05:03:44.698,POST,/desembolsos,201,233.3,115.3,,e59e15e4-d0dd-4829-a9e7-842dc38ce7c5,1,60
2026-09-24T05:03:44.796,POST,/desembolsos,201,233.9,115.2,,88bf472a-da4d-43e0-b3b8-5084dde50e6d,1,60
2026-09-24T05:03:44.890,POST,/desembolsos,201,251.0,125.1,,9ae89a22-98b7-4783-bb84-bbd180bfe1b8,1,60
2026-09-24T05:03:44.964,POST,/desembolsos,201,244.9,113.6,,ce379b70-ea6f-45a3-8f12-3528b81818cf,1,60
2026-09-24T05:03:45.073,POST,/desembolsos,201,230.3,114.6,,e21a3908-f2b9-4d59-b7e9-4d72f85d55d6,1,60
2026-09-24T05:03:45.181,POST,/desembolsos,201,239.0,114.9,,884fe2e8-849f-416f-813c-6e668f2d2eb2,1,60
2026-09-24T05:03:45.281,POST,/desembolsos,201,236.4,116.5,,3f2ceeb8-4822-4889-a2b4-8e926405067f,1,60
2026-09-24T05:03:45.382,POST,/desembolsos,201,234.8,117.9,,d1fd90bc-0ad8-4299-ac7d-3d6747631b94,1,60
2026-09-24T05:03:45.487,POST,/desembolsos,201,244.2,114.7,,3d789952-cf9a-4a5d-abc8-2b523c030ba3,1,60
2026-09-24T05:03:45.584,POST,/desembolsos,201,248.2,125.2,,fde2afed-9cae-4d90-ad1f-e38fd87526bd,1,60
2026-09-24T05:03:45.682,POST,/desembolsos,201,239.9,112.6,,844a2434-5286-4dd7-86d3-2d7e93e4ad1e,1,60
2026-09-24T05:03:45.780,POST,/desembolsos,201,232.4,111.5,,799b9475-9a8a-483a-87d5-c26d27e50bcf,1,60
2026-09-24T05:03:45.890,POST,/desembolsos,201,245.7,115.9,,e20d2575-530c-4f82-be60-e1b9a4427270,1,60
2026-09-24T05:03:45.972,POST,/desembolsos,201,231.0,110.3,,803d1385-170e-40ae-bea6-f75cf61ef307,1,60
2026-09-24T05:03:46.073,POST,/desembolsos,201,239.7,114.4,,2f983394-b229-4b9e-aaba-146c31779126,1,60
2026-09-24T05:03:46.165,POST,/desembolsos,201,245.3,125.5,,2251cb59-06ed-4230-8464-d99b1908c49e,1,60
2026-09-24T05:03:46.272,POST,/desembolsos,201,290.6,129.7,,b1036bc5-8a96-4dfe-bd56-6d7d6084feef,1,60
2026-09-24T05:03:46.391,POST,/desembolsos,201,294.4,170.3,,0fb1b2c8-4218-4722-96c1-27d342723363,1,60
2026-09-24T05:03:46.464,POST,/desembolsos,201,244.2,112.8,,8dea50f2-6b17-461c-971c-42025d330cf7,1,60
2026-09-24T05:03:46.559,POST,/desembolsos,201,232.5,114.8,,d1555d1d-0694-452e-988c-ebdfb66f8434,1,60
2026-09-24T05:03:46.669,POST,/desembolsos,201,234.7,112.8,,75a974a5-7855-4ea9-b3a4-f8b7084bfe7b,1,60
2026-09-24T05:03:46.780,POST,/desembolsos,201,237.1,112.9,,6065fbcd-39e8-4d99-ab3d-365a2fd927aa,1,60
2026-09-24T05:03:46.881,POST,/desembolsos,201,227.3,110.4,,986437c5-36b8-4f53-b56c-46e6da25c89f,1,60
2026-09-24T05:03:46.981,POST,/desembolsos,201,235.9,113.5,,c630cf94-bad4-4b01-b434-cd9d78b62bd1,1,60
2026-09-24T05:03:47.073,POST,/desembolsos,201,263.6,136.1,,e5878221-a77a-45f5-9853-04aadb04d603,1,60
2026-09-24T05:03:47.181,POST,/desembolsos,201,260.9,116.8,,d1df1d58-7991-4037-a597-bd6b0abd5f6f,1,60
2026-09-24T05:03:47.273,POST,/desembolsos,201,242.1,118.9,,b9518a94-5ea4-430b-8791-a43b8deaa1fe,1,60
2026-09-24T05:03:47.383,POST,/desembolsos,201,242.3,114.0,,ab041266-a0d3-44f9-ba84-05bac02a2881,1,60
2026-09-24T05:03:47.488,POST,/desembolsos,201,260.1,117.5,,b1bfb687-860c-47a5-b4c4-e8379c7cbf64,1,60
2026-09-24T05:03:47.586,POST,/desembolsos,201,248.1,121.8,,46ae1278-b07e-47e0-915b-59dad05cef4d,1,60
2026-09-24T05:03:47.688,POST,/desembolsos,201,233.4,114.9,,2160cfa6-b0d4-4a08-beb4-801dd19101c9,1,60
2026-09-24T05:03:47.797,POST,/desembolsos,201,247.8,111.1,,62b3fd82-97cf-48f5-ad0f-e84709dc13d8,1,60
2026-09-24T05:03:47.898,POST,/desembolsos,201,255.3,112.2,,2d0a9c24-dd5e-43c4-ac3e-194a8fb784aa,1,60
2026-09-24T05:03:47.978,POST,/desembolsos,201,239.8,117.7,,b8f713ef-41e9-4f36-b4a5-ca32d1279346,1,60
2026-09-24T05:03:48.076,POST,/desembolsos,201,234.5,115.3,,83a29486-b989-4e33-9388-69d91965c274,1,60
2026-09-24T05:03:48.147,POST,/desembolsos,201,241.1,115.3,,ac7c2aa4-f6f3-4aa2-a6af-0cc880da2637,1,60
2026-09-24T05:03:48.264,POST,/desembolsos,201,237.3,113.4,,b60ded9a-b4aa-4f81-86f3-e5661da4a65d,1,60
2026-09-24T05:03:48.487,POST,/desembolsos,201,269.0,116.7,,bad2baf3-9938-40e9-9223-89749835b717,1,60
2026-09-24T05:03:48.589,POST,/desembolsos,201,240.9,118.0,,9b10ccd4-6613-4722-98c1-a081b662f514,1,60
2026-09-24T05:03:48.374,POST,/desembolsos,201,504.8,382.4,,945a15b7-4329-4274-9048-4f81a980c489,1,60
2026-09-24T05:03:48.699,POST,/desembolsos,201,230.3,113.7,,3b7eaa33-733b-4750-b2bb-92bdce7dafa8,1,60
2026-09-24T05:03:48.763,POST,/desembolsos,201,238.8,116.8,,39e7ef4c-bb6c-4761-9e83-37b5f48800c5,1,60
2026-09-24T05:03:48.872,POST,/desembolsos,201,233.6,112.7,,76974217-514d-4265-b135-f10e63fb2e9e,1,60
2026-09-24T05:03:48.981,POST,/desembolsos,201,253.6,110.2,,073c23c8-2bf3-4ca7-bc97-25b63793888f,1,60
2026-09-24T05:03:49.090,POST,/desembolsos,201,262.7,144.6,,9358fcfd-7cc3-44c1-9f57-bab0912b1db6,1,60
2026-09-24T05:03:49.173,POST,/desembolsos,201,240.6,116.6,,6f55927a-a967-4fc6-9254-a7ba768ce0f8,1,60
2026-09-24T05:03:49.289,POST,/desembolsos,201,233.3,114.6,,8ca73319-8af5-43d5-ab72-d56206effbce,1,60
2026-09-24T05:03:49.350,POST,/desembolsos,201,252.6,118.2,,848dded5-cc9b-4702-98d4-5fbaa93034b8,1,60
2026-09-24T05:03:49.496,POST,/desembolsos,201,241.8,115.7,,8c6346ce-6acf-49c4-8203-19a4102ede06,1,60
2026-09-24T05:03:49.577,POST,/desembolsos,201,261.5,111.5,,3d0943ae-08d7-4e0d-badb-26123a3da4fd,1,60
2026-09-24T05:03:49.671,POST,/desembolsos,201,280.9,126.7,,93b3a1cb-9777-41bf-a277-14a698d4aaf6,1,60
2026-09-24T05:03:49.786,POST,/desembolsos,201,269.2,148.6,,7d321644-5e2f-4740-9cb6-efcd97ae3d3f,1,60
2026-09-24T05:03:49.873,POST,/desembolsos,201,265.7,113.6,,2aac99c4-3f09-456f-be93-5711816fed96,1,60
2026-09-24T05:03:49.981,POST,/desembolsos,201,288.2,151.0,,d1abdcc4-0142-499d-9e96-7fa402572a01,1,60
2026-09-24T05:03:50.065,POST,/desembolsos,201,241.1,116.1,,87ce9c83-0092-4549-b4e5-6b45fef6e5d9,1,60
2026-09-24T05:03:50.173,POST,/desembolsos,201,254.0,109.4,,5293a6fb-77d5-48dd-aefc-55f5ec2050e3,1,60
2026-09-24T05:03:50.273,POST,/desembolsos,201,283.6,154.0,,fb437242-e440-4f6b-8a5a-94ad8b79032b,1,60
2026-09-24T05:03:50.378,POST,/desembolsos,201,248.7,114.8,,7d184083-e5c6-4e89-9a96-e360783ccd85,1,60
2026-09-24T05:03:50.469,POST,/desembolsos,201,233.6,112.6,,337b9d51-18c8-41b6-b6a9-00c8b88a6052,1,60
2026-09-24T05:03:50.555,POST,/desembolsos,201,234.7,114.3,,30506638-ad79-42fe-9ffe-8a45d33e74d1,1,60
2026-09-24T05:03:50.665,POST,/desembolsos,201,229.9,112.7,,5f353343-9814-441c-98ed-b85ca746c895,1,60
2026-09-24T05:03:50.780,POST,/desembolsos,201,226.4,110.3,,11e4ef18-c162-41fe-bcdb-cd979b563741,1,60
2026-09-24T05:03:50.882,POST,/desembolsos,201,247.1,122.0,,c0c40881-b64e-4ff5-8e66-f03dd37c8f2a,1,60
2026-09-24T05:03:50.990,POST,/desembolsos,201,256.0,121.9,,d9ff6050-dc56-4204-a688-0084eccfd1ba,1,60
2026-09-24T05:03:51.065,POST,/desembolsos,201,236.8,116.7,,8b2c5698-c2b6-449d-abc2-c6fff83e3ea8,1,60
2026-09-24T05:03:51.165,POST,/desembolsos,201,240.9,114.4,,a407f661-3f43-456c-b071-21dd65b3c7b1,1,60
2026-09-24T05:03:51.273,POST,/desembolsos,201,236.2,113.3,,6fd66da5-1aa0-47ca-8570-14055a419a1d,1,60
2026-09-24T05:03:51.381,POST,/desembolsos,201,232.6,111.3,,c4ad226f-dd4c-43ad-8b0d-11ef894763a3,1,60
2026-09-24T05:03:51.478,POST,/desembolsos,201,231.4,112.4,,af0c7f1a-3cd1-4c33-a43f-7f55ffb955f9,1,60
2026-09-24T05:03:51.577,POST,/desembolsos,201,233.6,116.0,,b5b58361-5f97-43e8-8a21-3a1eed866b9d,1,60
2026-09-24T05:03:51.692,POST,/desembolsos,201,232.8,111.4,,6d260af5-470d-49cf-9ac2-475916458663,1,60
2026-09-24T05:03:51.786,POST,/desembolsos,201,238.6,115.4,,4cc840e8-a2aa-4673-8042-8b799a4855a2,1,60
2026-09-24T05:03:51.882,POST,/desembolsos,201,238.0,112.7,,fa483c81-0772-442d-af82-088aa300be14,1,60
2026-09-24T05:03:51.982,POST,/desembolsos,201,231.8,113.0,,255fe42b-8284-4f8e-8d3f-f849113bdab0,1,60
2026-09-24T05:03:52.074,POST,/desembolsos,201,250.2,114.1,,175601cd-636b-4248-a2ec-5dd601bfd117,1,60
2026-09-24T05:03:52.165,POST,/desembolsos,201,240.7,115.6,,990af394-4c48-45f9-ad85-74b99046d0e8,1,60
2026-09-24T05:03:52.273,POST,/desembolsos,201,228.9,109.8,,c9918c37-dda0-4bfe-aff1-ccb8c72d9dfb,1,60
2026-09-24T05:03:52.388,POST,/desembolsos,201,237.7,114.9,,6ee2cfbd-4f05-4b5e-9b5d-7d2e3980d48e,1,60
2026-09-24T05:03:52.489,POST,/desembolsos,201,254.4,132.1,,0944837a-2b62-424f-b75f-66debc723571,1,60
2026-09-24T05:03:52.573,POST,/desembolsos,201,241.9,123.7,,6a2d9d9e-2a46-4cfc-a360-37ddd6434c2c,1,60
2026-09-24T05:03:52.687,POST,/desembolsos,201,236.8,113.6,,ebe790e4-0bec-4b2e-aba1-cdb73777cdb8,1,60
2026-09-24T05:03:52.797,POST,/desembolsos,201,244.3,126.1,,ba42aef4-4be3-4d7c-919c-2e7451030922,1,60
2026-09-24T05:03:52.882,POST,/desembolsos,201,257.5,136.5,,2a2fbced-f2a9-4ef9-a10a-badb1d8a1983,1,60
2026-09-24T05:03:52.990,POST,/desembolsos,201,264.2,125.2,,21a5b5a0-2cb8-4459-b226-28e3bd385b6b,1,60
2026-09-24T05:03:53.065,POST,/desembolsos,201,235.0,115.0,,0acd1896-0e1f-46c9-9300-cb5463ea2914,1,60
2026-09-24T05:03:53.173,POST,/desembolsos,201,257.2,125.8,,7ae7f3c8-1b01-4e94-abf5-5ef1d20d4c7e,1,60
2026-09-24T05:03:53.281,POST,/desembolsos,201,268.3,145.9,,37c27ad0-f54a-4034-a841-6665d0282eb1,1,60
2026-09-24T05:03:53.392,POST,/desembolsos,201,247.7,121.4,,75011e2b-fe9a-44f4-982c-3aee8309e8a6,1,60
2026-09-24T05:03:53.480,POST,/desembolsos,201,266.8,147.1,,aa55d7d2-266a-4b5c-9093-e534b0f9b687,1,60
2026-09-24T05:03:53.578,POST,/desembolsos,201,239.9,120.5,,8e219883-fa70-4d13-8002-c742d6fdb505,1,60
2026-09-24T05:03:53.691,POST,/desembolsos,201,243.8,117.5,,aee0787c-fdf1-4ea2-8f86-a2b4e002c168,1,60
2026-09-24T05:03:53.772,POST,/desembolsos,201,335.0,210.8,,c1ba0f3c-bd99-4373-95a5-d0a42dbb90ab,1,60
2026-09-24T05:03:53.882,POST,/desembolsos,201,232.1,113.1,,8a0aabe6-2fba-47ee-b148-510d0e79790e,1,60
2026-09-24T05:03:53.982,POST,/desembolsos,201,244.4,123.0,,b9a79d0a-c22f-42c1-acf0-29b5591de65d,1,60
2026-09-24T05:03:54.074,POST,/desembolsos,201,252.4,131.4,,4cc416ce-3706-4262-b35f-6b49f1b5756e,1,60
2026-09-24T05:03:54.173,POST,/desembolsos,201,239.5,111.9,,a24bf2e1-aa9b-45a0-8f77-f30276fc5d7d,1,60
2026-09-24T05:03:54.273,POST,/desembolsos,201,242.2,117.6,,84b5b59f-0893-47ba-8762-6c71fa7d1b03,1,60
2026-09-24T05:03:54.374,POST,/desembolsos,201,229.8,109.8,,ca3c7a6d-37e1-487e-a8eb-4e924d38649e,1,60
2026-09-24T05:03:54.470,POST,/desembolsos,201,246.7,113.4,,4d5caec6-57c1-4193-9d35-ed3ed90aa54c,1,60
2026-09-24T05:03:54.582,POST,/desembolsos,201,247.8,121.4,,a1d6e1d7-1ea2-45dc-8357-16add3111391,1,60
2026-09-24T05:03:54.677,POST,/desembolsos,201,250.8,130.9,,f83f79bf-4658-4bfa-b46b-dad214bb9e89,1,60
2026-09-24T05:03:54.776,POST,/desembolsos,201,271.6,139.8,,5272d802-cbae-4912-ac3f-c09af7e60541,1,60
2026-09-24T05:03:54.881,POST,/desembolsos,201,251.1,126.0,,732ced8a-797c-4771-97d1-4e03ef00d634,1,60
2026-09-24T05:03:54.984,POST,/desembolsos,201,247.2,128.7,,ca75a965-267a-4235-95f3-7ab2183eb584,1,60
2026-09-24T05:03:55.090,POST,/desembolsos,201,236.1,114.8,,43acabd3-ce55-4aa1-b4cc-1be6111952eb,1,60
2026-09-24T05:03:55.181,POST,/desembolsos,201,285.7,126.9,,d8bddcc5-5009-4dd1-bad4-00bf6fe409ff,1,60
2026-09-24T05:03:55.273,POST,/desembolsos,201,236.0,110.1,,898020a4-ebaf-4766-b1b1-9a089fe939f9,1,60
2026-09-24T05:03:55.381,POST,/desembolsos,201,243.0,115.0,,218560a3-9afe-4ed6-a29c-91fb4563d335,1,60
2026-09-24T05:03:55.466,POST,/desembolsos,201,235.7,111.7,,e843dfa5-0146-4f97-8b87-36358ab02550,1,60
2026-09-24T05:03:55.573,POST,/desembolsos,201,232.8,111.6,,f7cfb9ec-ec73-4639-b8f7-d5196c3ef54f,1,60
2026-09-24T05:03:55.689,POST,/desembolsos,201,237.1,112.8,,85c9f2b3-05e3-4f42-89ab-544cf23ef6c7,1,60
2026-09-24T05:03:55.785,POST,/desembolsos,201,233.6,113.4,,9788617d-74c5-4233-a445-4f22de7fef47,1,60
2026-09-24T05:03:55.884,POST,/desembolsos,201,232.9,113.6,,0dc80986-fd20-4dbd-a45b-af090daf5c16,1,60
2026-09-24T05:03:55.982,POST,/desembolsos,201,265.0,133.5,,f3da8ec8-448a-4142-81b5-1a2bfb74f9b1,1,60
2026-09-24T05:03:56.096,POST,/desembolsos,201,238.8,114.1,,370c2e1f-b783-44b0-8bcb-f6f96a9c6de8,1,60
2026-09-24T05:03:56.195,POST,/desembolsos,201,255.3,125.9,,40482137-8213-4c4a-bcdb-7ccfba41ff95,1,60
2026-09-24T05:03:56.290,POST,/desembolsos,201,236.2,115.0,,46195455-83bb-46e3-bc83-368efd809043,1,60
2026-09-24T05:03:56.371,POST,/desembolsos,201,235.6,114.6,,3c2fd74d-f4dc-425b-8566-25a5ca9f9003,1,60
2026-09-24T05:03:56.485,POST,/desembolsos,201,241.3,111.0,,9e224ffb-4780-48e7-be90-eb698cad7cae,1,60
2026-09-24T05:03:56.583,POST,/desembolsos,201,265.1,113.0,,9c150fd9-604f-48fc-bf40-b21a96dfc6f9,1,60
2026-09-24T05:03:56.681,POST,/desembolsos,201,243.0,114.5,,cac9bf4c-ce27-403e-924d-dadbe9af4adb,1,60
2026-09-24T05:03:56.781,POST,/desembolsos,201,237.1,110.1,,ac791a18-d241-4a24-8861-2da068bd9186,1,60
2026-09-24T05:03:56.876,POST,/desembolsos,201,256.3,129.2,,2da61a33-8d00-41e4-8da7-0855d70fe8fb,1,60
2026-09-24T05:03:56.988,POST,/desembolsos,201,236.8,111.8,,61cfabff-68f0-4883-b47b-c9403ea25ef6,1,60
2026-09-24T05:03:57.081,POST,/desembolsos,201,244.9,120.5,,fe44600a-570c-4733-839c-7a0f7d0e6066,1,60
2026-09-24T05:03:57.194,POST,/desembolsos,201,242.2,119.1,,61b144d0-036c-42f4-b90a-3a8a369fc5ae,1,60
2026-09-24T05:03:57.273,POST,/desembolsos,201,275.2,147.2,,a767c8de-87ca-4974-aad9-7b23407b27a0,1,60
2026-09-24T05:03:57.376,POST,/desembolsos,201,232.1,110.8,,8332043b-e761-4936-966d-a220beba37da,1,60
2026-09-24T05:03:57.486,POST,/desembolsos,201,239.5,114.5,,efe2edba-73df-48cc-8154-d2fa570d482c,1,60
2026-09-24T05:03:57.597,POST,/desembolsos,201,255.2,113.0,,088314a4-99d6-4d84-9a2c-7ef0c6565fc3,1,60
2026-09-24T05:03:57.682,POST,/desembolsos,201,241.8,118.5,,739d882e-964e-4b82-bb98-b33b01b74c4e,1,60
2026-09-24T05:03:57.782,POST,/desembolsos,201,250.1,113.3,,6f69050f-3c26-4cac-bde2-b93de5faee6b,1,60
2026-09-24T05:03:57.874,POST,/desembolsos,201,281.4,156.4,,fd130cce-eea1-4259-beef-db796f650555,1,60
2026-09-24T05:03:57.974,POST,/desembolsos,201,244.1,117.9,,0502d670-fb67-45a8-b2f9-6ea53a5b9bd7,1,60
2026-09-24T05:03:58.090,POST,/desembolsos,201,246.4,125.6,,67fcb1ea-a22f-4550-91f2-ea6c31ab8873,1,60
2026-09-24T05:03:58.148,POST,/desembolsos,201,233.4,111.7,,16f1d516-9b73-45d4-9f00-4aaf1ab7d88c,1,60
2026-09-24T05:03:58.291,POST,/desembolsos,201,262.8,146.8,,c15cf847-cbc0-4554-89aa-de28b8a4bb30,1,60
2026-09-24T05:03:58.385,POST,/desembolsos,201,247.3,122.8,,cdb20015-d5d4-4cfd-8696-7ba48f8be39d,1,60
2026-09-24T05:03:58.471,POST,/desembolsos,201,252.5,121.2,,64c79968-69a6-47bc-b936-2452936cbefb,1,60
2026-09-24T05:03:58.552,POST,/desembolsos,201,240.4,120.3,,1b1f68e8-bd5a-46c2-80ce-55791a9b47b7,1,60
2026-09-24T05:03:58.672,POST,/desembolsos,201,245.0,114.8,,f585d510-8a69-4744-bbc9-13011664a5c2,1,60
2026-09-24T05:03:58.784,POST,/desembolsos,201,256.1,114.5,,ee72173d-e202-4b31-84ff-41b484c9bd8c,1,60
2026-09-24T05:03:58.874,POST,/desembolsos,201,232.4,112.1,,12f4539c-50dc-446f-97c1-971b86865197,1,60
2026-09-24T05:03:58.971,POST,/desembolsos,201,250.8,120.5,,adbffcd0-1c84-435d-9cff-40109a68b529,1,60
2026-09-24T05:03:59.091,POST,/desembolsos,201,249.6,123.8,,b2bbe58b-b835-48b2-bdaf-fc1349d0f5d5,1,60
2026-09-24T05:03:59.190,POST,/desembolsos,201,232.0,112.4,,2f5ced3f-8f71-4e68-aa41-74aecf6ac780,1,60
2026-09-24T05:03:59.274,POST,/desembolsos,201,239.6,116.1,,d5a79744-7a81-43b7-a47c-ee40b6df035c,1,60
2026-09-24T05:03:59.365,POST,/desembolsos,201,239.0,113.5,,21f48c88-9d24-4b6f-9bf0-9b6adc633c7e,1,60
2026-09-24T05:03:59.475,POST,/desembolsos,201,240.3,112.9,,8fe628aa-8073-4ead-8c48-c6640242d430,1,60
2026-09-24T05:03:59.580,POST,/desembolsos,201,240.5,113.3,,94ed712f-b8ba-4aa3-80ec-0854d0a503d1,1,60
2026-09-24T05:03:59.690,POST,/desembolsos,201,242.1,120.1,,7fee2bfc-bb95-4210-83f5-c24772d986af,1,60
2026-09-24T05:03:59.786,POST,/desembolsos,201,233.1,109.4,,fc54638d-91ef-435e-8200-db689b0c3cef,1,60
2026-09-24T05:03:59.881,POST,/desembolsos,201,248.2,114.8,,8443f008-fce3-4e8f-9f65-195307f8c312,1,60
2026-09-24T05:03:59.986,POST,/desembolsos,201,270.0,143.4,,c993729b-07ca-4a64-9010-116ca18d2248,1,60
2026-09-24T05:04:00.090,POST,/desembolsos,201,283.6,167.1,,956569c8-c393-4135-9de4-7961e170b05a,1,60
2026-09-24T05:04:00.190,POST,/desembolsos,201,264.5,114.3,,dcf118b6-e4a1-43cc-9b84-b3ffb4af65f4,1,60
2026-09-24T05:04:00.257,POST,/desembolsos,201,239.9,114.3,,4461b12b-79e5-4cc0-a9de-ef4d74a7758b,1,60
2026-09-24T05:04:00.357,POST,/desembolsos,201,233.4,112.8,,2ecd8766-f3bd-49fe-a508-5ed8ba3c6b58,1,60
2026-09-24T05:04:00.478,POST,/desembolsos,201,243.0,112.8,,c21b5702-6602-49fe-b508-f5ba03778a5a,1,60
2026-09-24T05:04:00.589,POST,/desembolsos,201,269.3,136.4,,6c957e96-d1df-471d-98bf-ab2e308b319c,1,60
2026-09-24T05:04:00.673,POST,/desembolsos,201,234.5,112.8,,3d796e49-0b15-4d4a-87ff-d417dddd5619,1,60
2026-09-24T05:04:00.773,POST,/desembolsos,201,240.5,116.4,,8ff1303c-f253-4b95-9e51-fcfd01dba270,1,60
2026-09-24T05:04:00.888,POST,/desembolsos,201,240.0,113.9,,995ac817-9ef3-4c16-83c3-5aa22696aa35,1,60
2026-09-24T05:04:00.988,POST,/desembolsos,201,233.9,113.2,,853db69c-3185-4fc7-8c6a-8c5c9e5a40bb,1,60
2026-09-24T05:04:01.086,POST,/desembolsos,201,237.1,113.8,,45726a68-fb27-4a78-ad22-ef96b6c82782,1,60
2026-09-24T05:04:01.185,POST,/desembolsos,201,251.2,113.4,,793d426d-8e91-4cef-8686-af08a1b0692c,1,60
2026-09-24T05:04:01.297,POST,/desembolsos,201,242.3,125.4,,74fe2b31-489e-4202-9248-9fe1cf51720b,1,60
2026-09-24T05:04:01.389,POST,/desembolsos,201,234.7,113.8,,82c20d56-e809-459e-ae4e-d520526e2dd6,1,60
2026-09-24T05:04:01.471,POST,/desembolsos,201,244.0,114.4,,e61ec407-a40a-418c-b549-8733da637e4d,1,60
2026-09-24T05:04:01.561,POST,/desembolsos,201,229.0,110.3,,654721cb-3b0c-4339-85b1-22d52392f5b3,1,60
2026-09-24T05:04:01.670,POST,/desembolsos,201,269.1,114.4,,2064bb9f-d000-4ad7-9343-9a418cdde851,1,60
2026-09-24T05:04:01.773,POST,/desembolsos,201,289.3,114.1,,2ab84dd1-1b53-4129-b586-d145f6d1e0b3,1,60
2026-09-24T05:04:01.869,POST,/desembolsos,201,301.6,180.9,,acbc8ce7-8ed5-48ba-8b86-f7d1e6c8363e,1,60
2026-09-24T05:04:01.999,POST,/desembolsos,201,236.4,113.7,,57267062-e338-4b69-a0f7-a5d5cb36d230,1,60
2026-09-24T05:04:02.090,POST,/desembolsos,201,240.6,113.2,,b734f4d9-95c2-4ba2-a104-00d37b391d69,1,60
2026-09-24T05:04:02.171,POST,/desembolsos,201,229.8,111.2,,77a2d3e5-d7fe-41cf-ba50-8b5d3dc12010,1,60
2026-09-24T05:04:02.273,POST,/desembolsos,201,241.3,114.4,,5974cf75-45ed-4d8c-8990-6182e4d62ed8,1,60
2026-09-24T05:04:02.384,POST,/desembolsos,201,236.2,115.9,,a5c51bd3-0b1e-4e68-9c47-e7c0ff23ead2,1,60
2026-09-24T05:04:02.484,POST,/desembolsos,201,245.5,121.3,,435e6abe-9d50-403d-b189-0ae11478bc6e,1,60
2026-09-24T05:04:02.581,POST,/desembolsos,201,244.2,119.7,,96b1c94f-28be-4bb7-b8a9-588629009697,1,60
2026-09-24T05:04:02.680,POST,/desembolsos,201,242.3,115.6,,d4b1d1f1-fcad-43b5-94ba-8e55c9a69f90,1,60
2026-09-24T05:04:02.772,POST,/desembolsos,201,235.0,113.3,,b9dcb829-7cf1-453d-a45b-6035e0b0d5d4,1,60
2026-09-24T05:04:02.874,POST,/desembolsos,201,236.9,115.7,,0ce18e69-9177-42a4-beb3-496fdf2326fd,1,60
2026-09-24T05:04:02.987,POST,/desembolsos,201,254.8,116.1,,a350fd93-2f91-4b9b-a873-fab5425e12bb,1,60
2026-09-24T05:04:03.074,POST,/desembolsos,201,239.7,114.4,,e77ac653-50ad-42f4-9b06-34cf39a182d7,1,60
2026-09-24T05:04:03.182,POST,/desembolsos,201,246.6,125.2,,a2408a72-5a7b-416a-bc3e-139993211820,1,60
2026-09-24T05:04:03.240,POST,/desembolsos,201,232.8,113.6,,13ffb1d6-a627-45b1-af54-e9c836c07d07,1,60
2026-09-24T05:04:03.382,POST,/desembolsos,201,238.1,114.8,,b247816b-b06c-4408-a742-9e19a591708d,1,60
2026-09-24T05:04:03.491,POST,/desembolsos,201,243.0,120.6,,587d1db0-cf25-4191-a633-59cff9ccd053,1,60
2026-09-24T05:04:03.580,POST,/desembolsos,201,234.6,113.3,,1230a669-08be-4bc1-826c-d620fc0e8092,1,60
2026-09-24T05:04:03.677,POST,/desembolsos,201,240.0,112.8,,a2445a9e-3c69-4901-b0a9-c7d22deebf40,1,60
2026-09-24T05:04:03.773,POST,/desembolsos,201,243.4,118.7,,4d974a3d-c752-4795-adc6-684fbb3befd0,1,60
2026-09-24T05:04:03.883,POST,/desembolsos,201,233.6,113.2,,d7ffa385-790d-4f32-ab57-1ea3dcd6bee2,1,60
2026-09-24T05:04:03.982,POST,/desembolsos,201,239.6,117.5,,1017fba7-14ed-4e47-8235-2f1d643c2d77,1,60
2026-09-24T05:04:04.074,POST,/desembolsos,201,244.8,115.6,,3b5c5cee-d983-4d64-8f2c-a914f16b1936,1,60
2026-09-24T05:04:04.181,POST,/desembolsos,201,251.2,112.1,,c0e0ad81-3f6e-4822-bfe3-84bd5104d967,1,60
2026-09-24T05:04:04.292,POST,/desembolsos,201,265.9,139.7,,fddb6598-ff13-49de-8714-da9b792d8d53,1,60
2026-09-24T05:04:04.382,POST,/desembolsos,201,236.5,114.5,,aea73b14-2c8f-4840-a6da-d1822a3b2c82,1,60
2026-09-24T05:04:04.474,POST,/desembolsos,201,231.1,113.6,,ba03ec7d-f0a6-4c69-b8be-a8968da6c0b6,1,60
2026-09-24T05:04:04.586,POST,/desembolsos,201,244.9,113.5,,441fc9f2-3827-4844-b08c-cdc148aa4377,1,60
2026-09-24T05:04:04.682,POST,/desembolsos,201,232.7,111.1,,4f83d748-67f6-4660-90fb-94632c49dcde,1,60
2026-09-24T05:04:04.790,POST,/desembolsos,201,226.7,110.0,,dba5f170-2b2e-4254-a437-d5337e509658,1,60
2026-09-24T05:04:04.882,POST,/desembolsos,201,238.7,116.1,,c30ed1c7-5d41-42ab-9618-088b77921352,1,60
2026-09-24T05:04:04.966,POST,/desembolsos,201,266.5,141.8,,e6078efe-6085-4def-9530-185b0b40ae94,1,60
2026-09-24T05:04:05.083,POST,/desembolsos,201,251.8,131.3,,69dc1bda-c35a-47a3-a1d9-946f3d362bf3,1,60
2026-09-24T05:04:05.174,POST,/desembolsos,201,231.0,111.8,,2252e2df-79a8-464f-928d-48e251ea2e5d,1,60
2026-09-24T05:04:05.282,POST,/desembolsos,201,233.9,115.5,,a3448dce-568b-4b4f-be8b-0473d2e315bd,1,60
2026-09-24T05:04:05.375,POST,/desembolsos,201,239.0,114.7,,cbd6c2a7-0276-4039-af1c-97c31d2971ef,1,60
2026-09-24T05:04:05.488,POST,/desembolsos,201,233.8,114.1,,60a69dd7-6946-46c8-8a0e-e1ff4c66803a,1,60
2026-09-24T05:04:05.571,POST,/desembolsos,201,238.6,114.3,,920c1716-8391-46b7-86ab-ee6f5f95babb,1,60
2026-09-24T05:04:05.684,POST,/desembolsos,201,237.1,117.0,,963d596d-958b-4d6e-abfe-1cf62772951b,1,60
2026-09-24T05:04:05.782,POST,/desembolsos,201,251.3,128.2,,af2a760a-652f-400a-8dac-9046d8d431a9,1,60
2026-09-24T05:04:05.883,POST,/desembolsos,201,237.7,115.8,,5dc2a4bb-0d4d-4484-831f-ee675e2ab106,1,60
2026-09-24T05:04:05.982,POST,/desembolsos,201,236.8,116.4,,71e24be3-2ca1-48f1-a22d-f12b2d103047,1,60
2026-09-24T05:04:06.083,POST,/desembolsos,201,256.5,132.9,,a228f519-dbbd-4a5c-babf-12135b64b7e6,1,60
2026-09-24T05:04:06.174,POST,/desembolsos,201,242.6,121.2,,aef9c179-7fb9-4d80-a39c-711753efc204,1,60
2026-09-24T05:04:06.265,POST,/desembolsos,201,241.4,115.9,,b79cdec0-b9b9-40af-a827-76952ea2b048,1,60
2026-09-24T05:04:06.377,POST,/desembolsos,201,249.8,117.0,,c54cf5e9-4596-47b8-8b25-2deab8f258db,1,60
2026-09-24T05:04:06.481,POST,/desembolsos,201,266.6,143.3,,4d20dcd5-6746-4f2e-97f0-3f96c19bd083,1,60
2026-09-24T05:04:06.593,POST,/desembolsos,201,242.0,116.0,,9e8f6d1e-29be-4025-9eac-5f3890964ede,1,60
2026-09-24T05:04:06.692,POST,/desembolsos,201,237.7,114.2,,97b8bbab-daa8-498f-ad37-7a9c7b8ae0b4,1,60
2026-09-24T05:04:06.759,POST,/desembolsos,201,233.4,112.1,,c63ec54e-577e-4655-b38a-f75fb79f130e,1,60
2026-09-24T05:04:06.866,POST,/desembolsos,201,237.4,116.9,,343c3aef-9cc7-4c28-a406-a0c5d8fd5317,1,60
2026-09-24T05:04:06.974,POST,/desembolsos,201,230.8,111.8,,29d28754-6746-49cb-bf3f-4d48e3a63a5e,1,60
2026-09-24T05:04:07.083,POST,/desembolsos,201,237.9,113.1,,bec34300-ed2d-4154-9f4e-35525aebe4a5,1,60
2026-09-24T05:04:07.158,POST,/desembolsos,201,230.5,110.5,,13d30d65-8d09-45a7-a5b1-ec21abde1ece,1,60
2026-09-24T05:04:07.291,POST,/desembolsos,201,237.8,112.2,,bd0e1e1d-c551-42ac-8971-67b9b8e0af01,1,60
2026-09-24T05:04:07.384,POST,/desembolsos,201,247.6,123.2,,c53e805c-c5c4-44f0-98c2-1ef2595f031b,1,60
2026-09-24T05:04:07.487,POST,/desembolsos,201,237.2,114.1,,4ecd9bd6-7224-41fb-a97a-9f9b5b19a4fb,1,60
2026-09-24T05:04:07.587,POST,/desembolsos,201,247.8,121.7,,fdaa1493-3cca-4d8d-a3f8-127f6094db90,1,60
2026-09-24T05:04:07.686,POST,/desembolsos,201,232.8,113.2,,a2e6931c-a2ae-496a-b1d6-04403f3b81ab,1,60
2026-09-24T05:04:07.766,POST,/desembolsos,201,227.5,110.8,,90dde21d-87af-4d6c-a30f-5983fdebbf6d,1,60
2026-09-24T05:04:07.874,POST,/desembolsos,201,230.0,112.5,,68c41594-0fa7-428b-8c8e-39652852a52d,1,60
2026-09-24T05:04:07.974,POST,/desembolsos,201,241.4,115.9,,21bdebab-6c01-4d9d-aa31-dd72ff902e15,1,60
2026-09-24T05:04:08.074,POST,/desembolsos,201,259.0,137.4,,a86c33cc-e2b4-44e9-923e-37736bcc05bf,1,60
2026-09-24T05:04:08.166,POST,/desembolsos,201,233.2,112.7,,94fefc72-87c6-4f1b-b575-aa985046ba6e,1,60
2026-09-24T05:04:08.266,POST,/desembolsos,201,233.9,111.9,,b67e6fab-40e8-498d-b95a-684459d5a0f9,1,60
2026-09-24T05:04:08.374,POST,/desembolsos,201,233.1,114.4,,04c10586-e8f8-41f0-abc5-350c521380db,1,60
2026-09-24T05:04:08.481,POST,/desembolsos,201,232.1,113.4,,d99ed551-31e8-4ec3-aef1-bd734f6ac265,1,60
2026-09-24T05:04:08.580,POST,/desembolsos,201,236.6,116.0,,31bca2e4-5f62-4457-b5fd-54d7782c5475,1,60
2026-09-24T05:04:08.680,POST,/desembolsos,201,237.0,117.4,,b48565d2-67e3-4110-b797-8018b93b9d6a,1,60
2026-09-24T05:04:08.794,POST,/desembolsos,201,233.4,112.5,,9c3ee96c-5638-46f5-98b7-7227f4e604e7,1,60
2026-09-24T05:04:08.866,POST,/desembolsos,201,271.7,141.8,,ea003c08-ca46-4d33-be64-355f108e1312,1,60
2026-09-24T05:04:08.983,POST,/desembolsos,201,236.2,109.8,,878812a3-dc3e-46ef-aaee-1b40f5d24987,1,60
2026-09-24T05:04:09.074,POST,/desembolsos,201,231.8,113.5,,4c2fb1df-ab80-4c4e-b17c-91d3a8c60420,1,60
2026-09-24T05:04:09.182,POST,/desembolsos,201,236.3,113.0,,22753d1c-ec32-472a-a607-a30da35aac2a,1,60
2026-09-24T05:04:09.274,POST,/desembolsos,201,229.5,109.8,,9a61e636-8c40-4cc9-8024-d817d5e4776e,1,60
2026-09-24T05:04:09.377,POST,/desembolsos,201,236.9,115.4,,f0410c3a-9756-4d16-a57b-f5087b98bda7,1,60
2026-09-24T05:04:09.473,POST,/desembolsos,201,235.0,114.8,,db9c5402-85d7-466d-85d1-b00ec756c561,1,60
2026-09-24T05:04:09.572,POST,/desembolsos,201,230.1,111.7,,2045398e-c086-4760-9f95-2d1a1835da01,1,60
2026-09-24T05:04:09.682,POST,/desembolsos,201,233.4,111.4,,0db0af1f-b8f8-40ae-921c-02a2377c4a41,1,60
2026-09-24T05:04:09.778,POST,/desembolsos,201,240.3,113.3,,06bfe83e-07dc-45c5-a0ea-f8fe0ba63487,1,60
2026-09-24T05:04:09.883,POST,/desembolsos,201,286.2,117.1,,7795d9fd-c91c-44bd-ac49-4c0178af466d,1,60
2026-09-24T05:04:09.975,POST,/desembolsos,201,245.6,121.9,,a499e302-f130-43f3-8abd-8b6cf12896a5,1,60
2026-09-24T05:04:10.091,POST,/desembolsos,201,244.0,117.8,,82c7d839-544c-43a2-8516-1bc6d2c4c278,1,60
2026-09-24T05:04:10.174,POST,/desembolsos,201,241.1,122.2,,83a8f9b6-8510-4a30-85c7-254970907779,1,60
2026-09-24T05:04:10.283,POST,/desembolsos,201,237.6,116.4,,f2c050b9-7aa5-4117-bacc-629f2d6cf408,1,60
2026-09-24T05:04:10.377,POST,/desembolsos,201,233.7,115.5,,b6f83b02-56be-462f-8421-808508127276,1,60
2026-09-24T05:04:10.481,POST,/desembolsos,201,250.9,111.2,,7360fae7-edd9-4e72-9209-5744eae48377,1,60
2026-09-24T05:04:10.576,POST,/desembolsos,201,274.3,155.6,,13545bf4-ce35-456f-bfb7-f25e0d164143,1,60
2026-09-24T05:04:10.690,POST,/desembolsos,201,271.4,147.6,,3e136d49-3843-4997-8788-77c2bdcf330b,1,60
2026-09-24T05:04:10.788,POST,/desembolsos,201,238.0,122.0,,63e3f7cf-7365-47c3-95b8-1b1d930f78b5,1,60
2026-09-24T05:04:10.875,POST,/desembolsos,201,238.4,115.1,,e250f4f7-16f8-4dd8-a7a0-94e8e0146916,1,60
2026-09-24T05:04:10.958,POST,/desembolsos,201,279.3,116.6,,9bc49148-b21b-40a9-b445-841b2ffd8a75,1,60
2026-09-24T05:04:11.075,POST,/desembolsos,201,230.7,109.9,,3f43a9db-e351-4971-87c7-baab5bf7aeaa,1,60
2026-09-24T05:04:11.183,POST,/desembolsos,201,235.4,116.5,,a66d7476-f2e7-437e-890d-7d3d5047adc4,1,60
2026-09-24T05:04:11.274,POST,/desembolsos,502,237.8,122.0,http_502,b2020584-351b-4d54-a146-232b48e3eac0,1,60
2026-09-24T05:04:11.368,POST,/desembolsos,502,253.3,111.0,http_502,088ddbf2-0922-41c8-9d7c-f9c91868b65f,1,60
2026-09-24T05:04:11.472,POST,/desembolsos,201,253.0,127.1,,43c860a3-eff5-4e99-8c82-e33d73b760b7,1,60
2026-09-24T05:04:11.566,POST,/desembolsos,201,240.5,113.8,,662bfe78-345a-4295-a770-9313e0db2d7e,1,60
2026-09-24T05:04:11.667,POST,/desembolsos,201,235.5,114.1,,53280d4d-2942-4545-8f51-6d310bfbae82,1,60
2026-09-24T05:04:11.896,POST,/desembolsos,201,280.8,159.8,,771ad991-d003-4ac7-884c-fc7d65960b09,1,60
2026-09-24T05:04:11.976,POST,/desembolsos,201,235.8,112.8,,7271c0de-ab15-416f-a8b8-a3fbfb2360aa,1,60
2026-09-24T05:04:12.088,POST,/desembolsos,201,242.3,119.2,,439e39e0-9dcd-43a4-90fc-9b533ab61607,1,60
2026-09-24T05:04:12.173,POST,/desembolsos,201,234.3,112.7,,4352991f-1f72-4caf-8e25-b27dbc3003bf,1,60
2026-09-24T05:04:12.266,POST,/desembolsos,201,241.7,118.4,,c41d10c9-3ec4-41df-8862-da29dc5a4c1b,1,60
2026-09-24T05:04:12.374,POST,/desembolsos,201,238.6,116.0,,6c590e2f-3d66-461c-bb05-74f267f6d7a3,1,60
2026-09-24T05:04:12.490,POST,/desembolsos,201,255.9,117.6,,4ac28667-968c-4772-ab20-ca62eec4d394,1,60
2026-09-24T05:04:12.666,POST,/desembolsos,201,231.2,111.0,,bb5aee66-eefc-4ad8-a283-afe41a979922,1,60
2026-09-24T05:04:12.795,POST,/desembolsos,201,238.8,114.5,,db84f730-92b0-442b-b612-88802ce2c1a8,1,60
2026-09-24T05:04:12.991,POST,/desembolsos,201,226.1,111.1,,a39bc1e2-eb2e-417b-9dac-7834b4772c7f,1,60
2026-09-24T05:04:13.174,POST,/desembolsos,201,243.6,119.0,,b6b9b673-3910-4c5c-b81b-43ef49f0230b,1,60
2026-09-24T05:04:13.283,POST,/desembolsos,201,233.2,114.5,,af1d02bf-18b3-4cab-bed4-a74e4cc7be47,1,60
2026-09-24T05:04:13.369,POST,/desembolsos,201,238.1,114.5,,cd77666d-be77-4918-90d8-a0814825b26c,1,60
2026-09-24T05:04:13.474,POST,/desembolsos,201,233.4,114.7,,6ae58f1d-22a6-4bef-a95e-15c62c1cca02,1,60
2026-09-24T05:04:13.692,POST,/desembolsos,201,232.7,113.4,,f073c55e-c53c-44b2-bc17-ab075e5cc7c8,1,60
2026-09-24T05:04:13.985,POST,/desembolsos,201,233.7,112.8,,953fc4e4-be29-420f-95e1-aa61040f1d6c,1,60
2026-09-24T05:04:14.096,POST,/desembolsos,201,235.2,112.9,,d9f2dd2e-b3c1-4e8f-82c5-55a3951e209e,1,60
2026-09-24T05:04:14.190,POST,/desembolsos,201,234.7,113.0,,621fcaed-207c-4a3b-9b9d-cc2bb1ba7900,1,60
2026-09-24T05:04:14.279,POST,/desembolsos,201,230.7,112.1,,91de9fed-5ced-44a8-8ea4-722c917fb367,1,60
2026-09-24T05:04:14.489,POST,/desembolsos,201,232.6,113.5,,304d8bd5-b6b8-479c-a654-5023b33782e1,1,60
2026-09-24T05:04:14.683,POST,/desembolsos,201,240.3,117.8,,f68e6e24-e3fa-43dd-81de-1b950f1d5e66,1,60
2026-09-24T05:04:14.783,POST,/desembolsos,201,240.7,117.1,,1d1816aa-df77-46ae-8bcc-c4ccd70418f9,1,60
2026-09-24T05:04:14.891,POST,/desembolsos,201,231.6,113.0,,79d6692d-817a-4245-a065-58b192a924ee,1,60
2026-09-24T05:04:14.983,POST,/desembolsos,201,238.0,116.4,,4de98130-eab2-40d8-a68c-7b9c68960c94,1,60
2026-09-24T05:04:15.083,POST,/desembolsos,201,244.2,114.4,,1e30c007-a76d-48b9-932d-547cfbf95751,1,60
2026-09-24T05:04:15.174,POST,/desembolsos,201,237.4,115.0,,5202ab67-3602-445a-ac45-cca65c091127,1,60
2026-09-24T05:04:15.274,POST,/desembolsos,201,241.0,115.5,,5c585fb0-713d-4af1-82df-03f325325ddc,1,60
2026-09-24T05:04:15.474,POST,/desembolsos,201,231.6,112.8,,862b33a2-27f0-43d0-abc7-55319235f932,1,60
2026-09-24T05:04:15.685,POST,/desembolsos,201,236.4,113.8,,5a538760-6e5c-4aa4-bbc0-57781ae6832a,1,60
2026-09-24T05:04:15.867,POST,/desembolsos,201,235.4,112.5,,a46c949c-0336-48de-97c1-872762a0c182,1,60
2026-09-24T05:04:15.975,POST,/desembolsos,201,232.1,111.8,,aef0d299-928a-4b0e-9883-6c6875f5b138,1,60
2026-09-24T05:04:16.083,POST,/desembolsos,201,230.3,111.9,,9894c245-4283-40a7-af94-1f599cfef82a,1,60
2026-09-24T05:04:16.175,POST,/desembolsos,201,236.1,117.9,,157f4714-605e-42b4-af20-56c8c3589d9f,1,60
2026-09-24T05:04:16.377,POST,/desembolsos,201,244.9,121.2,,5f16215c-9a63-4c1e-b8c4-3887cc26e5fb,1,60
2026-09-24T05:04:16.875,POST,/desembolsos,201,241.7,118.2,,ef806067-b247-4be4-9668-c48c69855947,1,60
2026-09-24T05:04:16.992,POST,/desembolsos,201,231.6,110.6,,e8b93427-390f-46b0-ac58-379a737991e9,1,60
2026-09-24T05:04:17.083,POST,/desembolsos,201,267.0,137.3,,256272b4-3b97-46a1-85e1-ee3f9400f96c,1,60
2026-09-24T05:04:17.175,POST,/desembolsos,201,271.5,150.5,,d9456fbf-7a81-4240-83bd-2870e08a98c2,1,60
2026-09-24T05:04:17.267,POST,/desembolsos,201,228.8,109.8,,3794214b-f427-4cf8-8632-67907d18a5c6,1,60
2026-09-24T05:04:11.779,POST,/desembolsos,0,5742.7,119.1,timeout,3d2f9774-b6c5-4e15-bbad-f66edbacc092,1,60
2026-09-24T05:04:12.506,POST,/desembolsos,0,5015.7,112.9,timeout,b2020584-351b-4d54-a146-232b48e3eac0,2,60
2026-09-24T05:04:17.350,POST,/desembolsos,201,232.8,113.5,,c3b31479-186e-4a7f-a1fb-7a84f5f72ea1,1,60
2026-09-24T05:04:17.489,POST,/desembolsos,201,235.5,115.0,,86a63c4d-bffc-4d94-af30-810aa16b3174,1,60
2026-09-24T05:04:17.883,POST,/desembolsos,201,230.7,111.4,,535caad4-cb72-4ea0-a156-0f298c052b45,1,60
2026-09-24T05:04:17.983,POST,/desembolsos,201,237.1,113.0,,07d9d869-179a-42d3-b95c-adcd70a518d6,1,60
2026-09-24T05:04:18.067,POST,/desembolsos,201,235.3,112.7,,e4c88a57-94df-42e8-a0a1-f7e0daa5d8ed,1,60
2026-09-24T05:04:18.158,POST,/desembolsos,201,299.5,118.8,,aabe781d-daec-4b3a-bf43-dc8bcc204463,1,60
2026-09-24T05:04:13.074,POST,/desembolsos,0,5432.8,112.7,timeout,9e2e97da-80ed-4e7b-9f96-2e97bfc6a639,1,60
2026-09-24T05:04:12.616,POST,/desembolsos,0,5888.7,127.4,timeout,088ddbf2-0922-41c8-9d7c-f9c91868b65f,2,60
2026-09-24T05:04:12.588,POST,/desembolsos,0,5919.0,112.9,timeout,5863121e-9b1c-40e8-b3cf-7555b146e08c,1,60
2026-09-24T05:04:12.891,POST,/desembolsos,0,5616.3,112.6,timeout,18f64c36-f54c-414f-81d0-56bc57fe4c54,1,60
2026-09-24T05:04:18.274,POST,/desembolsos,201,328.9,183.7,,caaef440-f836-4c92-a620-b034b9c42245,1,60
2026-09-24T05:04:18.377,POST,/desembolsos,201,233.5,115.3,,9bdb3523-b5b3-4588-8204-bf43e91f5571,1,60
2026-09-24T05:04:18.458,POST,/desembolsos,201,252.6,136.9,,cccb28ea-2252-4783-8117-90ddecefe06a,1,60
2026-09-24T05:04:18.507,POST,/desembolsos,201,232.5,113.5,,3d2f9774-b6c5-4e15-bbad-f66edbacc092,2,60
2026-09-24T05:04:18.689,POST,/desembolsos,201,236.6,115.1,,558cfa10-c770-40cc-b6e3-e71f5efd25b1,1,60
2026-09-24T05:04:18.984,POST,/desembolsos,201,237.5,116.7,,38dac14e-4e48-4e75-97c7-7463969f5c60,1,60
2026-09-24T05:04:19.084,POST,/desembolsos,201,244.3,124.1,,ee535bbb-32e0-4fb4-961e-23d43d968a55,1,60
2026-09-24T05:04:19.175,POST,/desembolsos,201,231.7,110.6,,3812d386-2c8f-427a-87be-b19a88195e48,1,60
2026-09-24T05:04:19.275,POST,/desembolsos,201,231.6,111.8,,98c68a63-77b4-4935-aa19-25e82209c571,1,60
2026-09-24T05:04:13.804,POST,/desembolsos,0,5727.6,112.9,timeout,347e1fed-9e00-4246-a94b-0fe908e2958c,1,60
2026-09-24T05:04:13.594,POST,/desembolsos,0,5935.4,113.4,timeout,13b9caec-3c6d-4e3f-8516-28a8c1e5dee0,1,60
2026-09-24T05:04:14.390,POST,/desembolsos,0,5141.9,113.3,timeout,7f329a55-4f90-42e0-86e9-a908213d513e,1,60
2026-09-24T05:04:13.888,POST,/desembolsos,0,5643.7,133.2,timeout,a5637acf-4d04-48ed-90d4-23039125a23e,1,60
2026-09-24T05:04:19.486,POST,/desembolsos,201,269.7,111.0,,b83e6890-0cd2-424b-b6ae-2b847ac4909c,1,60
2026-09-24T05:04:19.531,POST,/desembolsos,201,234.2,113.4,,088ddbf2-0922-41c8-9d7c-f9c91868b65f,3,60
2026-09-24T05:04:19.531,POST,/desembolsos,201,246.4,113.3,,18f64c36-f54c-414f-81d0-56bc57fe4c54,2,60
2026-09-24T05:04:19.579,POST,/desembolsos,201,234.7,113.0,,54f64d79-7af9-403a-bf29-20b70fa1e45e,1,60
2026-09-24T05:04:19.691,POST,/desembolsos,201,236.0,111.8,,fdf7ee2d-32a3-41af-b86d-211f412957b3,1,60
2026-09-24T05:04:19.531,POST,/desembolsos,201,594.5,110.2,,9e2e97da-80ed-4e7b-9f96-2e97bfc6a639,2,60
2026-09-24T05:04:19.875,POST,/desembolsos,201,251.5,118.6,,78d84809-ef34-4fbd-bf8f-fffbee40a055,1,60
2026-09-24T05:04:20.083,POST,/desembolsos,201,281.6,148.3,,2f36ae39-8616-4428-8763-c6364761dbaa,1,60
2026-09-24T05:04:15.375,POST,/desembolsos,0,5147.3,113.4,timeout,723a3d8c-fabc-47e2-8dd1-56a597fc4c65,1,60
2026-09-24T05:04:14.570,POST,/desembolsos,0,5952.1,114.6,timeout,16bfbb57-d3de-4660-88ab-9a0102ba363a,1,60
2026-09-24T05:04:20.364,POST,/desembolsos,201,233.7,112.5,,4add3f0e-0862-475f-96ed-37a71eb8c70a,1,60
2026-09-24T05:04:20.477,POST,/desembolsos,201,240.7,113.3,,9279f8b2-62ec-4c20-9f62-bb1e362e4aed,1,60
2026-09-24T05:04:20.522,POST,/desembolsos,201,251.3,121.4,,7f329a55-4f90-42e0-86e9-a908213d513e,2,60
2026-09-24T05:04:20.522,POST,/desembolsos,201,251.8,121.3,,a5637acf-4d04-48ed-90d4-23039125a23e,2,60
2026-09-24T05:04:20.522,POST,/desembolsos,201,251.9,122.0,,13b9caec-3c6d-4e3f-8516-28a8c1e5dee0,2,60
2026-09-24T05:04:20.522,POST,/desembolsos,201,258.2,122.2,,347e1fed-9e00-4246-a94b-0fe908e2958c,2,60
2026-09-24T05:04:20.764,POST,/desembolsos,201,232.8,111.5,,82a45933-2d7e-4954-bbc5-0564c902542c,1,60
2026-09-24T05:04:20.867,POST,/desembolsos,201,237.0,114.3,,ebdb3b94-17f1-486f-8a47-8521ecaae966,1,60
2026-09-24T05:04:20.976,POST,/desembolsos,201,236.2,113.9,,d8abf3f0-4868-4d29-8c4b-bf62a2c26926,1,60
2026-09-24T05:04:21.091,POST,/desembolsos,201,234.0,112.0,,d7a6989e-cbdd-4092-a146-35685c41230a,1,60
2026-09-24T05:04:21.183,POST,/desembolsos,201,230.1,112.4,,b5004618-97be-4f2a-ad0d-25ccab885f8d,1,60
2026-09-24T05:04:15.786,POST,/desembolsos,0,5719.5,111.5,timeout,7f3f71d4-9240-4b6c-83fb-71d7a06118c0,1,60
2026-09-24T05:04:16.274,POST,/desembolsos,0,5231.8,114.0,timeout,327ee87a-ad39-44db-990a-8ec7068f48bd,1,60
2026-09-24T05:04:16.464,POST,/desembolsos,0,5041.8,143.3,timeout,64212721-a206-4c3c-8826-36cf70abf9d7,1,60
2026-09-24T05:04:15.572,POST,/desembolsos,0,5933.3,114.3,timeout,15a85889-bc34-4de9-9f6f-f7d69f4a5ba1,1,60
2026-09-24T05:04:21.292,POST,/desembolsos,201,242.5,118.5,,0b8b64df-d063-4a34-a154-6725ea4451a0,1,60
2026-09-24T05:04:21.489,POST,/desembolsos,201,238.6,117.8,,a156d747-5b64-48d1-b023-ff8094f5643d,1,60
2026-09-24T05:04:21.782,POST,/desembolsos,201,230.7,111.1,,65b5303d-9fad-423b-b61b-0a24d10cf3cd,1,60
2026-09-24T05:04:21.975,POST,/desembolsos,201,233.3,112.6,,93155038-cc3d-47c5-8ac8-76fe82343876,1,60
2026-09-24T05:04:22.084,POST,/desembolsos,201,231.2,112.1,,2af026b2-0ce2-4428-8bfb-aee8e30114f9,1,60
2026-09-24T05:04:22.175,POST,/desembolsos,201,237.8,114.2,,6be1a863-89df-4e24-a7ad-b9291aa3c458,1,60
2026-09-24T05:04:22.267,POST,/desembolsos,201,237.7,114.5,,2a53dcbc-f422-48b8-8d25-46b67e10ec94,1,60
2026-09-24T05:04:16.595,POST,/desembolsos,0,5934.2,113.6,timeout,8256d8a3-50c0-4658-b545-d98816bf974f,1,60
2026-09-24T05:04:16.776,POST,/desembolsos,0,5752.8,113.7,timeout,b7ff7c8c-f55b-4c0d-93d8-a1cb5a64a2af,1,60
2026-09-24T05:04:16.695,POST,/desembolsos,0,5834.6,115.4,timeout,db3af902-1857-4c80-b0d9-7bd394afb237,1,60
2026-09-24T05:04:22.482,POST,/desembolsos,201,250.0,113.2,,127a030b-3653-4daf-9320-e4e605570c3f,1,60
2026-09-24T05:04:22.529,POST,/desembolsos,201,240.1,122.1,,327ee87a-ad39-44db-990a-8ec7068f48bd,2,60
2026-09-24T05:04:22.529,POST,/desembolsos,201,243.8,122.5,,15a85889-bc34-4de9-9f6f-f7d69f4a5ba1,2,60
2026-09-24T05:04:22.579,POST,/desembolsos,201,263.1,114.0,,5e3c25fd-f681-4577-a0eb-bfdcc5ea1b6b,1,60
2026-09-24T05:04:22.692,POST,/desembolsos,201,263.2,142.5,,f0bb85a2-2126-4fee-9046-7504106e13a4,1,60
2026-09-24T05:04:22.759,POST,/desembolsos,201,238.7,116.5,,b6ca6ad4-ed7c-4bc1-83fc-10ff67379980,1,60
2026-09-24T05:04:22.875,POST,/desembolsos,201,232.5,112.6,,eb2f284a-56ed-46a9-bcb9-c043401a46aa,1,60
2026-09-24T05:04:22.975,POST,/desembolsos,201,232.3,113.9,,7e909412-48b4-4488-8b9e-67194cfa36a5,1,60
2026-09-24T05:04:23.076,POST,/desembolsos,201,240.3,119.9,,c5bdb1f3-db8d-474f-bef8-472b8960f50e,1,60
2026-09-24T05:04:23.267,POST,/desembolsos,201,238.3,112.9,,ddbc5045-57ee-4c91-a17c-d2385cb6ebdc,1,60
2026-09-24T05:04:17.571,POST,/desembolsos,0,5956.1,111.7,timeout,e2c133bc-e189-4660-be4f-9c4eea52a5e9,1,60
2026-09-24T05:04:18.507,POST,/desembolsos,0,5020.1,113.4,timeout,b2020584-351b-4d54-a146-232b48e3eac0,3,60
2026-09-24T05:04:17.674,POST,/desembolsos,0,5845.1,113.2,timeout,e9e13c2f-90d0-447c-95cb-de27b163f214,1,60
2026-09-24T05:04:17.785,POST,/desembolsos,0,5742.8,116.1,timeout,4155f574-9541-43db-aa70-9b1f491cc3f4,1,60
2026-09-24T05:04:23.496,POST,/desembolsos,201,231.1,112.1,,acbf1a77-2ed5-4786-854b-5e4512c51fec,1,60
2026-09-24T05:04:23.527,POST,/desembolsos,201,224.8,109.9,,8256d8a3-50c0-4658-b545-d98816bf974f,2,60
2026-09-24T05:04:23.527,POST,/desembolsos,201,229.2,112.1,,db3af902-1857-4c80-b0d9-7bd394afb237,2,60
2026-09-24T05:04:23.527,POST,/desembolsos,201,232.5,112.5,,b7ff7c8c-f55b-4c0d-93d8-a1cb5a64a2af,2,60
2026-09-24T05:04:23.575,POST,/desembolsos,201,250.5,128.6,,e418c64d-2204-4fdb-8a1b-e4ecec946c5c,1,60
2026-09-24T05:04:23.688,POST,/desembolsos,201,243.0,117.2,,7d53c3fc-dc3a-4f7b-8cc5-6677442ea89f,1,60
2026-09-24T05:04:23.784,POST,/desembolsos,201,235.0,109.9,,6c758605-3329-4b0f-8cb4-2ceea9998a5e,1,60
2026-09-24T05:04:23.884,POST,/desembolsos,201,243.8,113.7,,67779688-fbfc-4422-ab35-f0969ddc382a,1,60
2026-09-24T05:04:23.975,POST,/desembolsos,201,247.8,120.8,,38b4fb1f-342e-4d9d-8d1d-feb239b16e10,1,60
2026-09-24T05:04:24.075,POST,/desembolsos,201,233.4,112.1,,f3cc958c-5992-4afc-bb24-2c5720411e78,1,60
2026-09-24T05:04:24.182,POST,/desembolsos,201,232.4,112.2,,30f03b17-94d3-4438-907a-921587e1046f,1,60
2026-09-24T05:04:24.289,POST,/desembolsos,201,232.7,113.5,,0dd999da-fa8d-4137-aad7-766959a1429d,1,60
2026-09-24T05:04:18.867,POST,/desembolsos,0,5655.0,123.4,timeout,7b3c72e4-4d3b-465d-99c5-cb0e321c592b,1,60
2026-09-24T05:04:19.384,POST,/desembolsos,0,5137.5,114.7,timeout,639826ec-4c7f-4007-9539-7f883e4ec1bb,1,60
2026-09-24T05:04:18.590,POST,/desembolsos,0,5931.6,110.6,timeout,99a10068-1bf0-4ed2-a476-a641e46e589f,1,60
2026-09-24T05:04:18.770,POST,/desembolsos,0,5751.5,114.8,timeout,c1c5b729-c394-46c0-a218-d91ad3cb0b94,1,60
2026-09-24T05:04:24.378,POST,/desembolsos,201,245.5,114.4,,4c63fef2-c611-438c-bbe8-f301ef544091,1,60
2026-09-24T05:04:24.482,POST,/desembolsos,201,253.1,131.8,,6798e02f-0375-42f0-8b2e-239c15d0222a,1,60
2026-09-24T05:04:24.514,POST,/desembolsos,201,237.2,115.6,,e2c133bc-e189-4660-be4f-9c4eea52a5e9,2,60
2026-09-24T05:04:24.514,POST,/desembolsos,201,237.3,118.2,,e9e13c2f-90d0-447c-95cb-de27b163f214,2,60
2026-09-24T05:04:24.514,POST,/desembolsos,201,242.8,119.9,,4155f574-9541-43db-aa70-9b1f491cc3f4,2,60
2026-09-24T05:04:24.580,POST,/desembolsos,201,238.6,115.2,,c0f910e3-4685-4fd4-ae89-3cd45a124268,1,60
2026-09-24T05:04:24.679,POST,/desembolsos,201,229.7,112.8,,7735cae5-faf8-4aa1-bc93-56eba4161dee,1,60
2026-09-24T05:04:24.761,POST,/desembolsos,201,239.6,118.8,,9506a2b4-b64e-4092-9133-948f78ff31e2,1,60
2026-09-24T05:04:24.868,POST,/desembolsos,201,234.5,114.1,,ed446814-8454-432a-b155-dfd089b77e52,1,60
2026-09-24T05:04:24.975,POST,/desembolsos,201,243.0,110.9,,dc35235a-6f82-42be-9b47-e51f6f83223d,1,60
2026-09-24T05:04:25.084,POST,/desembolsos,201,243.8,117.6,,dae4e8bd-3a49-4e62-89fa-c1ed1e72c888,1,60
2026-09-24T05:04:25.183,POST,/desembolsos,201,243.7,114.2,,96aea45d-7e1a-46fe-ae64-9ffd48d80489,1,60
2026-09-24T05:04:20.183,POST,/desembolsos,0,5338.0,119.1,timeout,dd4808c3-fbec-449d-9012-438ee36cba38,1,60
2026-09-24T05:04:19.976,POST,/desembolsos,0,5545.6,145.5,timeout,a9d6f237-25dc-4462-a449-c51b449f8d47,1,60
2026-09-24T05:04:19.757,POST,/desembolsos,0,5755.2,120.1,timeout,7fc40e16-390e-418e-aa78-a33ecae6a282,1,60
2026-09-24T05:04:19.531,POST,/desembolsos,0,5990.0,114.6,timeout,5863121e-9b1c-40e8-b3cf-7555b146e08c,2,60
2026-09-24T05:04:20.276,POST,/desembolsos,0,5245.7,136.1,timeout,9bd014ee-47d6-4490-98f1-0efee3e35da4,1,60
2026-09-24T05:04:25.275,POST,/desembolsos,201,261.0,132.9,,677a8b0a-f745-48ce-a4da-5e52b6053519,1,60
2026-09-24T05:04:25.385,POST,/desembolsos,201,239.4,116.0,,d4af4633-6859-491c-87d5-45c2e560994a,1,60
2026-09-24T05:04:25.472,POST,/desembolsos,201,238.2,114.4,,bb65c771-c4ef-4343-9d99-24a2e3589f04,1,60
2026-09-24T05:04:25.521,POST,/desembolsos,201,236.4,112.5,,c1c5b729-c394-46c0-a218-d91ad3cb0b94,2,60
2026-09-24T05:04:25.521,POST,/desembolsos,201,236.4,121.0,,99a10068-1bf0-4ed2-a476-a641e46e589f,2,60
2026-09-24T05:04:25.521,POST,/desembolsos,201,236.3,112.5,,7b3c72e4-4d3b-465d-99c5-cb0e321c592b,2,60
2026-09-24T05:04:25.521,POST,/desembolsos,201,239.5,121.4,,639826ec-4c7f-4007-9539-7f883e4ec1bb,2,60
2026-09-24T05:04:25.571,POST,/desembolsos,201,240.3,115.1,,658253dc-175d-48ce-b497-d85a5bd8c1ba,1,60
2026-09-24T05:04:25.685,POST,/desembolsos,201,252.4,118.6,,593832f2-5f6d-4ea1-8ac9-5eddfa1d402d,1,60
2026-09-24T05:04:25.800,POST,/desembolsos,201,252.1,125.5,,4b4964d9-0e7a-4da3-8eea-d8779f57c1f0,1,60
2026-09-24T05:04:25.884,POST,/desembolsos,201,255.1,113.5,,76cd4c2b-093a-4efc-b8f3-09570d4dad63,1,60
2026-09-24T05:04:25.975,POST,/desembolsos,201,238.5,115.5,,5a8c020d-a487-4388-bd87-ec92c3e9a2b1,1,60
2026-09-24T05:04:26.084,POST,/desembolsos,201,230.9,113.6,,b19dc80d-a010-49a0-bc68-1713131ac89e,1,60
2026-09-24T05:04:26.184,POST,/desembolsos,201,258.7,137.4,,53bd2c34-9746-4407-8f6e-426765c051d2,1,60
2026-09-24T05:04:20.681,POST,/desembolsos,0,5834.2,113.4,timeout,4a513afa-df2d-42e4-8232-bf92fd280302,1,60
2026-09-24T05:04:20.572,POST,/desembolsos,0,5942.6,114.5,timeout,6e990dcd-f1a6-4364-87c9-c395caa860b7,1,60
2026-09-24T05:04:21.385,POST,/desembolsos,0,5130.2,140.2,timeout,528c6010-8c74-4961-a19c-6df712f8ee97,1,60
2026-09-24T05:04:21.505,POST,/desembolsos,0,5009.3,126.8,timeout,723a3d8c-fabc-47e2-8dd1-56a597fc4c65,2,60
2026-09-24T05:04:21.505,POST,/desembolsos,0,5009.5,127.2,timeout,16bfbb57-d3de-4660-88ab-9a0102ba363a,2,60
2026-09-24T05:04:26.267,POST,/desembolsos,201,294.7,162.3,,eb16d546-6d6e-4053-b577-2dc4c7383957,1,60
2026-09-24T05:04:26.376,POST,/desembolsos,201,230.9,111.9,,af279dfc-27be-4746-8d4b-0ca15aaef2da,1,60
2026-09-24T05:04:26.482,POST,/desembolsos,201,234.7,115.4,,43ed31a6-e2d4-460b-80c0-f661a1202a29,1,60
2026-09-24T05:04:26.515,POST,/desembolsos,201,230.2,112.8,,9bd014ee-47d6-4490-98f1-0efee3e35da4,2,60
2026-09-24T05:04:26.515,POST,/desembolsos,201,232.5,114.0,,7fc40e16-390e-418e-aa78-a33ecae6a282,2,60
2026-09-24T05:04:26.515,POST,/desembolsos,201,240.3,113.8,,dd4808c3-fbec-449d-9012-438ee36cba38,2,60
2026-09-24T05:04:26.515,POST,/desembolsos,201,240.6,114.2,,a9d6f237-25dc-4462-a449-c51b449f8d47,2,60
2026-09-24T05:04:26.515,POST,/desembolsos,201,240.9,114.4,,5863121e-9b1c-40e8-b3cf-7555b146e08c,3,60
2026-09-24T05:04:26.596,POST,/desembolsos,201,262.5,113.0,,f01931ba-1932-4650-9a94-54ec2d7453cf,1,60
2026-09-24T05:04:26.678,POST,/desembolsos,201,309.7,180.3,,5b1575f1-2c99-49f0-b44c-aab5d62c23e7,1,60
2026-09-24T05:04:26.777,POST,/desembolsos,201,228.9,110.2,,d6a9393b-23aa-4c4c-985b-a843fe1677e3,1,60
2026-09-24T05:04:26.856,POST,/desembolsos,201,245.1,122.2,,054e21ad-e541-4778-9e73-686c5c1f8dcb,1,60
2026-09-24T05:04:26.976,POST,/desembolsos,201,237.2,117.5,,b3b1cd92-88a6-462f-a7c5-cd75c2319058,1,60
2026-09-24T05:04:27.084,POST,/desembolsos,201,234.3,113.1,,5da613fc-abd7-4541-b518-963bf6ad7469,1,60
2026-09-24T05:04:27.167,POST,/desembolsos,201,241.8,121.1,,743bd10f-6961-4b33-b2d2-c9f97c1fbd30,1,60
2026-09-24T05:04:22.378,POST,/desembolsos,0,5130.6,111.1,timeout,89af4a27-47fb-4ce7-91e8-1ba5b3399fac,1,60
2026-09-24T05:04:21.570,POST,/desembolsos,0,5937.7,129.2,timeout,022fd204-96bb-4bf0-b613-00a2bcefc2b3,1,60
2026-09-24T05:04:21.884,POST,/desembolsos,0,5624.7,113.5,timeout,210a904a-c7ea-4471-950a-775b1e348c63,1,60
2026-09-24T05:04:21.683,POST,/desembolsos,0,5825.1,135.0,timeout,adffc817-5355-4cbe-8ebe-2cd7bb10517f,1,60
2026-09-24T05:04:27.276,POST,/desembolsos,201,236.8,118.7,,19d046e3-655f-4d07-ab72-24eacc9f2d81,1,60
2026-09-24T05:04:27.370,POST,/desembolsos,201,243.9,116.1,,1ee49c88-ed09-415d-8e45-87230310b25b,1,60
2026-09-24T05:04:27.475,POST,/desembolsos,201,240.5,121.7,,58f4df78-d154-4cae-adac-e500e6d05bb4,1,60
2026-09-24T05:04:27.508,POST,/desembolsos,201,230.0,112.5,,16bfbb57-d3de-4660-88ab-9a0102ba363a,3,60
2026-09-24T05:04:27.508,POST,/desembolsos,201,230.5,113.0,,723a3d8c-fabc-47e2-8dd1-56a597fc4c65,3,60
2026-09-24T05:04:27.508,POST,/desembolsos,201,230.4,113.6,,4a513afa-df2d-42e4-8232-bf92fd280302,2,60
2026-09-24T05:04:27.508,POST,/desembolsos,201,233.6,113.3,,6e990dcd-f1a6-4364-87c9-c395caa860b7,2,60
2026-09-24T05:04:27.508,POST,/desembolsos,201,233.5,114.0,,528c6010-8c74-4961-a19c-6df712f8ee97,2,60
2026-09-24T05:04:27.590,POST,/desembolsos,201,232.4,114.1,,990d1926-50d9-48e9-a229-0828c6bc9a80,1,60
2026-09-24T05:04:27.672,POST,/desembolsos,201,241.0,113.8,,54e03b47-881c-44f0-8121-a7c4ff8edf3d,1,60
2026-09-24T05:04:27.785,POST,/desembolsos,201,237.1,116.3,,cc3e27af-7485-4157-ba30-70038b524841,1,60
2026-09-24T05:04:27.859,POST,/desembolsos,201,233.9,114.3,,268c0f27-ab2f-4d10-bcdb-9bc203129122,1,60
2026-09-24T05:04:27.972,POST,/desembolsos,201,240.5,114.1,,d5d9cdcb-ed91-49a4-93ae-d79f233d4acc,1,60
2026-09-24T05:04:28.067,POST,/desembolsos,201,232.3,112.3,,15df9bbf-be82-4a41-a305-52d9eb6434f5,1,60
2026-09-24T05:04:28.167,POST,/desembolsos,201,237.7,114.7,,a2ba0706-0147-4f95-a3c5-e1dfc67c4f0f,1,60
2026-09-24T05:04:23.183,POST,/desembolsos,0,5331.8,132.9,timeout,ab36cca2-24f2-4bb6-9f68-5b647193dad8,1,60
2026-09-24T05:04:22.529,POST,/desembolsos,0,5985.2,122.4,timeout,64212721-a206-4c3c-8826-36cf70abf9d7,2,60
2026-09-24T05:04:22.529,POST,/desembolsos,0,5985.2,122.2,timeout,7f3f71d4-9240-4b6c-83fb-71d7a06118c0,2,60
2026-09-24T05:04:23.377,POST,/desembolsos,0,5135.5,116.9,timeout,156ce8b4-7064-4dda-841c-ea29c1a48619,1,60
2026-09-24T05:04:28.276,POST,/desembolsos,201,295.8,113.7,,ed68859b-7ba8-4bc6-a000-9f374f2bf710,1,60
2026-09-24T05:04:28.388,POST,/desembolsos,201,244.4,129.0,,837fc04b-4026-4e4c-aaae-548f6312a870,1,60
2026-09-24T05:04:28.481,POST,/desembolsos,201,235.8,113.9,,eee47a90-9960-4892-bcee-2d3523739d39,1,60
2026-09-24T05:04:28.515,POST,/desembolsos,201,230.8,111.3,,89af4a27-47fb-4ce7-91e8-1ba5b3399fac,2,60
2026-09-24T05:04:28.515,POST,/desembolsos,201,238.6,118.3,,022fd204-96bb-4bf0-b613-00a2bcefc2b3,2,60
2026-09-24T05:04:28.514,POST,/desembolsos,201,243.4,118.7,,adffc817-5355-4cbe-8ebe-2cd7bb10517f,2,60
2026-09-24T05:04:28.515,POST,/desembolsos,201,243.7,118.1,,210a904a-c7ea-4471-950a-775b1e348c63,2,60
2026-09-24T05:04:28.558,POST,/desembolsos,201,246.0,120.7,,91271918-fb90-4e4a-ab4c-c7e580c286c4,1,60
2026-09-24T05:04:28.689,POST,/desembolsos,201,232.9,113.8,,ad277d32-b17b-4cf0-a4ad-d6517131a3fb,1,60
2026-09-24T05:04:28.757,POST,/desembolsos,201,251.0,112.5,,1f6616d4-c8f7-4eb7-b840-c234c7bb12ed,1,60
2026-09-24T05:04:28.868,POST,/desembolsos,201,258.6,139.2,,58a1c9a1-a4cd-4b15-b440-5d53d4fb2561,1,60
2026-09-24T05:04:28.992,POST,/desembolsos,201,235.2,112.9,,ddb7db42-9d23-4a40-ba61-84d4b45e24e7,1,60
2026-09-24T05:04:29.067,POST,/desembolsos,201,261.9,140.7,,82799a5d-089b-40fc-9389-7607ec833c6e,1,60
2026-09-24T05:04:29.184,POST,/desembolsos,201,233.6,110.4,,b16594fd-2bc9-429b-988d-26d1e9a88578,1,60
2026-09-24T05:04:29.267,POST,/desembolsos,201,234.3,114.3,,b134c395-8c7a-401d-8a69-1d4c967dbf1b,1,60
2026-09-24T05:04:29.370,POST,/desembolsos,201,237.8,113.3,,3ef2fe34-36da-44af-adde-5c650e98c0bd,1,60
2026-09-24T05:04:29.475,POST,/desembolsos,201,232.3,110.5,,6bd7a6bc-330d-42b9-a82c-501426b95cca,1,60
2026-09-24T05:04:29.523,POST,/desembolsos,201,231.0,114.0,,7f3f71d4-9240-4b6c-83fb-71d7a06118c0,3,60
2026-09-24T05:04:29.523,POST,/desembolsos,201,231.5,113.7,,64212721-a206-4c3c-8826-36cf70abf9d7,3,60
2026-09-24T05:04:29.523,POST,/desembolsos,201,232.1,116.5,,156ce8b4-7064-4dda-841c-ea29c1a48619,2,60
2026-09-24T05:04:29.523,POST,/desembolsos,201,236.9,116.9,,ab36cca2-24f2-4bb6-9f68-5b647193dad8,2,60
2026-09-24T05:04:29.581,POST,/desembolsos,201,245.5,126.4,,d36c21c5-33d2-4634-94e3-a0fbd0745f83,1,60
2026-09-24T05:04:29.673,POST,/desembolsos,201,256.2,139.5,,36cfd45b-2faa-4e8e-8f4d-76a0f506468d,1,60
2026-09-24T05:04:29.755,POST,/desembolsos,201,237.8,113.5,,466f5f2c-4523-4397-9ef5-1de252810288,1,60
2026-09-24T05:04:29.868,POST,/desembolsos,201,239.7,115.3,,9d0fa94b-7041-47af-8649-5490bf771c7e,1,60
2026-09-24T05:04:29.976,POST,/desembolsos,201,230.2,110.9,,890742ba-7111-414b-9196-aead2cbd9591,1,60
2026-09-24T05:04:30.075,POST,/desembolsos,201,239.2,112.5,,52a88994-ee0d-4c24-844b-602218efe5fa,1,60
2026-09-24T05:04:30.176,POST,/desembolsos,201,257.3,138.6,,d77ced5c-b9f9-4439-821f-3e2302c3c41d,1,60
2026-09-24T05:04:30.285,POST,/desembolsos,201,258.3,138.8,,2f8125cb-16ca-4b5d-b70a-3e5808d8d3cc,1,60
2026-09-24T05:04:30.378,POST,/desembolsos,201,240.6,117.8,,6a8db46c-247f-45c9-a886-77d47eeaf921,1,60
2026-09-24T05:04:30.465,POST,/desembolsos,201,238.3,114.0,,af5cb285-6ec5-47db-a2b3-9f1fa716b95b,1,60
2026-09-24T05:04:30.570,POST,/desembolsos,201,228.9,111.5,,17acbe04-0c84-4aa7-b65e-ae0430dcbcdf,1,60
2026-09-24T05:04:30.676,POST,/desembolsos,201,234.3,113.1,,3d32feec-a3da-44ac-bce7-a8c0caa4db51,1,60
2026-09-24T05:04:30.774,POST,/desembolsos,201,233.9,113.7,,c861f374-5ecf-4a2b-94e8-51b6620f76fd,1,60
2026-09-24T05:04:30.876,POST,/desembolsos,201,232.2,116.6,,5bd46135-aa7a-417c-b5ee-feee861e1c67,1,60
2026-09-24T05:04:30.983,POST,/desembolsos,201,243.5,115.4,,586994d1-d023-4459-81a4-f43d2cbccfb3,1,60
2026-09-24T05:04:31.067,POST,/desembolsos,201,240.7,115.6,,f0be719e-75e6-4325-bb3c-26851de320eb,1,60
2026-09-24T05:04:31.168,POST,/desembolsos,201,282.8,116.2,,20471410-ac37-48e7-9ee0-6aaba197abdd,1,60
2026-09-24T05:04:31.276,POST,/desembolsos,201,246.3,113.8,,0798df9e-585a-43e3-9634-21ae58c4aaf1,1,60
2026-09-24T05:04:31.376,POST,/desembolsos,201,263.7,113.7,,30b3c52e-b9ce-4f1c-8a6c-c9a79712e3d3,1,60
2026-09-24T05:04:31.489,POST,/desembolsos,201,273.9,139.6,,bdc701e9-0b30-434d-b20b-fc19744b77b8,1,60
2026-09-24T05:04:31.587,POST,/desembolsos,201,241.6,113.8,,a1fdeca2-cd6b-4a23-a87c-4a80c3fe2fac,1,60
2026-09-24T05:04:31.686,POST,/desembolsos,201,230.4,111.1,,455b0a3c-032d-452e-a368-d4a84300fa4f,1,60
2026-09-24T05:04:31.790,POST,/desembolsos,201,236.6,111.0,,a9ea8445-cfa3-4af8-b493-9c5db4b522bf,1,60
2026-09-24T05:04:31.884,POST,/desembolsos,201,264.8,113.5,,faf47880-f85b-4235-94c8-0f02fb7e7e6d,1,60
2026-09-24T05:04:31.984,POST,/desembolsos,201,275.0,142.1,,c566e646-a885-48b4-bdea-7341ca4734df,1,60
2026-09-24T05:04:32.084,POST,/desembolsos,201,238.0,116.8,,37b36108-cd60-4a0b-8e71-047bcb37d7df,1,60
2026-09-24T05:04:32.176,POST,/desembolsos,201,260.4,112.5,,551a62b7-1ebf-4c6f-9534-1d653a16e219,1,60
2026-09-24T05:04:32.259,POST,/desembolsos,201,246.2,113.0,,3bada60e-d1f5-4ca0-9387-f1adda05af97,1,60
2026-09-24T05:04:32.371,POST,/desembolsos,201,238.0,117.3,,436ef773-a61a-4004-96a6-12deec028173,1,60
2026-09-24T05:04:32.482,POST,/desembolsos,201,237.1,119.4,,4a5eb982-2278-42df-a39f-cc40f1302966,1,60
2026-09-24T05:04:32.581,POST,/desembolsos,201,246.3,122.9,,ca14c20b-60d0-412a-a9fd-ce05b3e6c2e2,1,60
2026-09-24T05:04:32.680,POST,/desembolsos,201,245.2,129.1,,c6afbf99-b44f-44ad-a72b-3e4c5e766793,1,60
2026-09-24T05:04:32.792,POST,/desembolsos,201,240.1,116.8,,a3546dbd-9eda-4288-9937-e9adced21da0,1,60
2026-09-24T05:04:32.876,POST,/desembolsos,201,242.2,115.0,,60b20ce7-ec43-4801-a189-321f13661e0f,1,60
2026-09-24T05:04:32.984,POST,/desembolsos,201,240.8,111.5,,d9e85ff9-a12e-4089-81b4-d093cca5ef9e,1,60
2026-09-24T05:04:33.084,POST,/desembolsos,201,236.8,114.3,,111e8a75-02e4-4378-8c77-e5a15f9ab910,1,60
2026-09-24T05:04:33.184,POST,/desembolsos,201,242.5,119.8,,9d8e20ae-cee7-4b46-99cd-ad0a3af145c4,1,60
2026-09-24T05:04:33.284,POST,/desembolsos,201,244.5,125.0,,e93af90e-6db8-4ca9-920c-211e5b2e378b,1,60
2026-09-24T05:04:33.375,POST,/desembolsos,201,258.3,115.2,,4e519d3b-4c70-450c-95cd-5e1f3d2307d7,1,60
2026-09-24T05:04:33.465,POST,/desembolsos,201,232.2,113.2,,1b97fd62-db59-40a1-a865-b088847109a9,1,60
2026-09-24T05:04:33.577,POST,/desembolsos,201,227.3,110.5,,e626e0ed-e3dc-4e7d-8080-888cfba3903b,1,60
2026-09-24T05:04:33.687,POST,/desembolsos,201,263.9,117.5,,bc7666b8-220f-41ef-846e-da41a0414a5c,1,60
2026-09-24T05:04:33.765,POST,/desembolsos,201,234.7,112.4,,0526cf3e-1bea-458e-a13f-688b59d5cf56,1,60
2026-09-24T05:04:33.876,POST,/desembolsos,201,286.6,111.7,,f92e9567-96cb-4aa6-a727-b54eb845ce35,1,60
2026-09-24T05:04:33.984,POST,/desembolsos,201,271.8,150.7,,ad1a0aef-c192-447c-b478-0c839300bb9a,1,60
2026-09-24T05:04:34.093,POST,/desembolsos,201,240.3,116.3,,4811f136-5701-4436-82f1-51f858eaa635,1,60
2026-09-24T05:04:34.191,POST,/desembolsos,201,234.6,112.5,,d060a0a1-891f-4f21-905e-1835dd9e2142,1,60
2026-09-24T05:04:34.259,POST,/desembolsos,201,263.2,114.9,,a70e8841-1e9a-4fb4-b100-5988873b0e2c,1,60
2026-09-24T05:04:34.367,POST,/desembolsos,201,260.8,124.1,,e2b9d482-a606-4612-9657-2a09019cec57,1,60
2026-09-24T05:04:34.481,POST,/desembolsos,201,234.6,114.0,,b168231f-f2e2-4a72-9ce9-facbfe78ef15,1,60
2026-09-24T05:04:34.580,POST,/desembolsos,201,239.4,112.7,,455fbfb1-6e04-4c88-8c6c-e8ade598e3a3,1,60
2026-09-24T05:04:34.694,POST,/desembolsos,201,230.2,111.5,,907a7d67-1684-4485-902a-5eeb0f7eb276,1,60
2026-09-24T05:04:34.759,POST,/desembolsos,201,239.4,116.6,,f4944da8-a84c-44a9-b6d0-af30391d4e07,1,60
2026-09-24T05:04:34.868,POST,/desembolsos,201,234.4,114.7,,3ea77859-a41e-4f8c-a18d-5cd9640e397c,1,60
2026-09-24T05:04:35.068,POST,/desembolsos,201,246.0,119.9,,db3777b3-7ca3-4ab6-bd4a-ea29bc0a165f,1,60
2026-09-24T05:04:35.184,POST,/desembolsos,201,237.7,117.2,,bd3a7197-bb06-4271-951c-9f4fafd26be4,1,60
2026-09-24T05:04:34.976,POST,/desembolsos,201,513.0,378.3,,6f631ad2-422e-4c60-8280-a5503e945759,1,60
2026-09-24T05:04:35.292,POST,/desembolsos,201,231.3,112.1,,9f3c489d-ca52-473f-8050-0c030603170f,1,60
2026-09-24T05:04:35.386,POST,/desembolsos,201,239.8,116.9,,de088852-f025-4059-bc2f-af57acb976dd,1,60
2026-09-24T05:04:35.480,POST,/desembolsos,201,233.3,112.4,,5b82c063-945c-4ef8-8add-cbe21fceacae,1,60
2026-09-24T05:04:35.590,POST,/desembolsos,201,235.1,115.3,,a618fdfc-1f4e-40d8-88c0-b7496f06be51,1,60
2026-09-24T05:04:35.671,POST,/desembolsos,201,237.9,113.8,,739c809c-a882-43f6-b497-006c04be76b6,1,60
2026-09-24T05:04:35.772,POST,/desembolsos,201,251.9,124.7,,9edb7a5a-e5bf-4e92-b644-e5de9587edde,1,60
2026-09-24T05:04:35.876,POST,/desembolsos,201,229.0,113.1,,19c6d27b-60a2-4311-a109-92f25fae903a,1,60
2026-09-24T05:04:35.984,POST,/desembolsos,201,234.3,112.2,,18a7836c-469d-453e-8d1f-f5ea747e6958,1,60
2026-09-24T05:04:36.085,POST,/desembolsos,201,235.4,113.9,,26721457-ea3a-4c68-a777-2a7e204df174,1,60
2026-09-24T05:04:36.176,POST,/desembolsos,201,232.6,112.3,,cf844ed0-bfd0-48a0-8466-740b649e8773,1,60
2026-09-24T05:04:36.268,POST,/desembolsos,201,264.6,140.9,,e356832c-b6f8-4db0-bc1d-4d06bc7c7e51,1,60
2026-09-24T05:04:36.385,POST,/desembolsos,201,252.3,117.7,,337bef5a-75ae-49cd-b6cb-948d63d5161f,1,60
2026-09-24T05:04:36.490,POST,/desembolsos,201,270.0,148.0,,90cc53cb-bfb6-4e30-a52e-20ae97322bb5,1,60
2026-09-24T05:04:36.597,POST,/desembolsos,201,270.5,147.6,,2627622c-4fa5-4009-921e-234158b071b6,1,60
2026-09-24T05:04:36.679,POST,/desembolsos,201,238.9,115.6,,1dbd147e-7469-4623-bb5c-d955c8b6c643,1,60
2026-09-24T05:04:36.778,POST,/desembolsos,201,231.0,110.6,,4d79de59-7ae5-487c-9996-c7bcd645c072,1,60
2026-09-24T05:04:36.868,POST,/desembolsos,201,232.7,114.7,,74ccf64d-8516-4c0c-bbfe-cc7251ac9c0c,1,60
2026-09-24T05:04:36.976,POST,/desembolsos,201,237.7,112.6,,ba3d1125-a04d-46a0-b1f2-d3eb4b870a5a,1,60
2026-09-24T05:04:37.068,POST,/desembolsos,201,232.3,113.5,,4afb2eac-db2f-4b18-b807-b8895059f006,1,60
2026-09-24T05:04:37.160,POST,/desembolsos,201,252.0,128.3,,288a3538-9fc1-4aa1-8b51-ad75a144d311,1,60
2026-09-24T05:04:37.287,POST,/desembolsos,201,238.7,115.2,,a839fa22-8b4a-4513-9d10-ecb415061b71,1,60
2026-09-24T05:04:37.385,POST,/desembolsos,201,231.8,112.9,,e39c39b9-24ee-43c4-ac33-a8af63c12013,1,60
2026-09-24T05:04:37.473,POST,/desembolsos,201,246.1,116.9,,1780fb16-f73a-4e84-a320-f56c52689589,1,60
2026-09-24T05:04:37.565,POST,/desembolsos,201,241.7,116.0,,b35679aa-36e2-4b0d-bf8e-4d0d775699d5,1,60
2026-09-24T05:04:37.676,POST,/desembolsos,201,249.0,125.4,,e79c66b2-5b17-4ac9-bdff-f54a56a70c77,1,60
2026-09-24T05:04:37.787,POST,/desembolsos,201,242.6,120.9,,7b3df634-feb2-466c-8b30-c4896d31ea25,1,60
2026-09-24T05:04:37.868,POST,/desembolsos,201,239.4,114.3,,40487b08-d963-4a68-a13e-05eaa9ad5151,1,60
2026-09-24T05:04:37.976,POST,/desembolsos,201,237.3,114.0,,3b8f4fbe-6646-4e48-8427-b64e1aba4d27,1,60
2026-09-24T05:04:38.085,POST,/desembolsos,201,244.3,113.4,,4f6747c0-1a1a-40dc-b4d9-30998ed56594,1,60
2026-09-24T05:04:38.176,POST,/desembolsos,201,263.5,112.6,,70a0378e-86e4-4121-9eca-0d995efefed8,1,60
2026-09-24T05:04:38.276,POST,/desembolsos,201,230.4,113.0,,a6ea7e0a-c04c-4502-874f-3936be79fdf6,1,60
2026-09-24T05:04:38.378,POST,/desembolsos,201,239.6,114.4,,ea5c015a-044d-45b1-86da-825748072e40,1,60
2026-09-24T05:04:38.482,POST,/desembolsos,201,236.5,112.0,,db99c88f-aec9-40dc-b844-824ce371270f,1,60
2026-09-24T05:04:38.581,POST,/desembolsos,201,231.6,110.6,,7dec6584-b4c5-4fad-b507-3fe80d10e5f1,1,60
2026-09-24T05:04:38.674,POST,/desembolsos,201,235.4,114.3,,71ceaf22-b2d2-4b43-9144-6bdb372c2eb0,1,60
2026-09-24T05:04:38.773,POST,/desembolsos,201,235.5,113.1,,8d52e1fd-6116-480e-a2af-7bbe6f64e46e,1,60
2026-09-24T05:04:38.889,POST,/desembolsos,201,259.0,110.0,,ed8acca2-15c0-46b6-967a-c5a6afdfb11b,1,60
2026-09-24T05:04:38.984,POST,/desembolsos,201,230.8,112.4,,95f678b1-19ae-4613-bf94-7a41fa7a6ead,1,60
2026-09-24T05:04:39.080,POST,/desembolsos,201,231.5,112.5,,cb4de3ac-1615-417a-8c9e-5d780735bd6d,1,60
2026-09-24T05:04:39.182,POST,/desembolsos,201,227.6,110.5,,b8e83f15-c096-42af-af69-aa9ed65a41ec,1,60
2026-09-24T05:04:39.279,POST,/desembolsos,201,235.0,115.1,,fd76ba3b-c98d-4f13-a1c9-f221f24a797b,1,60
2026-09-24T05:04:39.386,POST,/desembolsos,201,240.5,113.7,,61948eb3-73ea-45e2-925b-b3cc49e50745,1,60
2026-09-24T05:04:39.500,POST,/desembolsos,201,250.5,112.1,,8e4c2973-966c-490f-af7f-35dcbfc03762,1,60
2026-09-24T05:04:39.580,POST,/desembolsos,201,232.9,113.1,,3f76b7c8-d880-48e7-9d0b-eabb0479607a,1,60
2026-09-24T05:04:39.693,POST,/desembolsos,201,234.4,113.5,,42f7bdb8-6ca2-48e1-aca3-66006c7d15f4,1,60
2026-09-24T05:04:39.774,POST,/desembolsos,201,229.0,110.5,,a3140697-6317-4c8d-b24c-0ac0189cd52d,1,60
2026-09-24T05:04:39.868,POST,/desembolsos,201,238.0,116.5,,7a8bde47-00a1-43c1-819b-a4e300abfa0c,1,60
2026-09-24T05:04:39.976,POST,/desembolsos,201,233.5,112.6,,74adec61-0705-4add-b365-1529b9b59b5f,1,60
2026-09-24T05:04:40.076,POST,/desembolsos,201,231.3,111.4,,25d71624-3565-4fca-a47c-24e53f937c6f,1,60
2026-09-24T05:04:40.176,POST,/desembolsos,201,245.7,122.1,,167e8c5b-ad2b-4491-ad95-a080cb4bcf13,1,60
2026-09-24T05:04:40.276,POST,/desembolsos,201,251.3,130.3,,4fc15b41-36b8-40cb-a2b3-b55438947eea,1,60
2026-09-24T05:04:40.370,POST,/desembolsos,201,235.9,114.0,,2b2ad618-f0b3-4794-9d80-f30667919f81,1,60
2026-09-24T05:04:40.474,POST,/desembolsos,201,237.7,118.7,,016d357c-1dbb-4cfc-86ac-9143b9916f6b,1,60
2026-09-24T05:04:40.571,POST,/desembolsos,201,240.7,118.9,,fdf0b5fb-7e1e-45c8-a73b-38cd0c719413,1,60
2026-09-24T05:04:40.686,POST,/desembolsos,201,241.6,112.2,,7364384d-91ba-4e1b-8b0c-8d48915958d8,1,60
2026-09-24T05:04:40.784,POST,/desembolsos,201,261.9,134.1,,3844f869-09e8-49b0-8b84-eef8edcf34a1,1,60
2026-09-24T05:04:40.885,POST,/desembolsos,201,259.5,141.7,,d9dfa072-6235-41a2-8875-b4217e1a21fa,1,60
2026-09-24T05:04:40.968,POST,/desembolsos,201,247.8,116.4,,278c2d33-8351-48bc-8ad7-ec2aa02b0ad4,1,60
2026-09-24T05:04:41.076,POST,/desembolsos,201,253.9,129.8,,e85d6e8b-344c-4843-b8c3-e48da7844808,1,60
2026-09-24T05:04:41.176,POST,/desembolsos,201,241.4,117.5,,35884e46-972e-4aaa-975a-25381e9c8e59,1,60
2026-09-24T05:04:41.268,POST,/desembolsos,201,237.5,115.2,,7712b8ad-16c1-4067-9d95-9efcb212a463,1,60
2026-09-24T05:04:41.379,POST,/desembolsos,201,248.2,127.1,,300fd205-86b3-43d7-82bb-4d8f02425434,1,60
2026-09-24T05:04:41.483,POST,/desembolsos,201,254.8,131.2,,3fc49c9a-5497-46cf-b88c-8db1d81daa31,1,60
2026-09-24T05:04:41.597,POST,/desembolsos,201,232.3,115.8,,531eeb21-642c-4be2-836c-27556993bc1a,1,60
2026-09-24T05:04:41.677,POST,/desembolsos,201,258.6,124.2,,75578fa8-b0dc-4f3e-8e5c-d288c28f2310,1,60
2026-09-24T05:04:41.781,POST,/desembolsos,201,253.1,134.9,,7a223aa2-18cd-4be8-8621-74a788b9ab5d,1,60
2026-09-24T05:04:41.884,POST,/desembolsos,201,247.2,118.6,,21f5da0f-41e5-4688-a635-6651f60a8f7a,1,60
2026-09-24T05:04:41.977,POST,/desembolsos,201,251.6,113.1,,acb4551d-99c6-4046-acc2-1ddfd534b59f,1,60
2026-09-24T05:04:42.084,POST,/desembolsos,201,242.6,114.7,,db817996-c7dd-423a-a477-50e3c0d8a2b7,1,60
2026-09-24T05:04:42.184,POST,/desembolsos,201,244.6,125.9,,165f653d-89cf-4c7a-b715-dac5d10f1fe3,1,60
2026-09-24T05:04:42.276,POST,/desembolsos,201,241.8,117.4,,f8f434a1-845a-4fe8-a628-3d3fa11cf757,1,60
2026-09-24T05:04:42.386,POST,/desembolsos,201,253.5,132.3,,e16ca6d5-63c6-4fe4-8a81-7cf3571b4a0d,1,60
2026-09-24T05:04:42.475,POST,/desembolsos,201,240.7,121.0,,445cfb39-aedf-4bb4-a9a4-adabea8caabc,1,60
2026-09-24T05:04:42.590,POST,/desembolsos,201,242.9,113.1,,888e4e50-5e09-4730-9b54-f1435c525786,1,60
2026-09-24T05:04:42.687,POST,/desembolsos,201,239.4,114.0,,c19dabb2-9adb-4471-8979-28940074e55e,1,60
2026-09-24T05:04:42.791,POST,/desembolsos,201,252.2,129.8,,00118ff3-5d2f-4901-80bd-d85ef34daa8b,1,60
2026-09-24T05:04:42.893,POST,/desembolsos,201,269.6,137.8,,b298d294-5a8c-4cc6-b571-6d23403ade9f,1,60
2026-09-24T05:04:42.968,POST,/desembolsos,201,259.8,124.7,,12c91fec-6332-47ad-a75c-1d1f7ea02857,1,60
2026-09-24T05:04:43.084,POST,/desembolsos,201,235.8,113.1,,7a9035aa-fa24-431b-9d2d-420328e08d88,1,60
2026-09-24T05:04:43.176,POST,/desembolsos,201,262.7,138.2,,e4989ada-2401-4338-b91a-98b01bd8f14d,1,60
2026-09-24T05:04:43.277,POST,/desembolsos,201,260.8,113.7,,b0679427-423e-4fb9-9e11-9e3751a43785,1,60
2026-09-24T05:04:43.386,POST,/desembolsos,201,232.2,111.1,,ade6f66c-ea42-4cac-960e-60d3bba3de9a,1,60
2026-09-24T05:04:43.474,POST,/desembolsos,201,235.6,113.7,,7d09051a-8a79-4918-b85a-fb89fa47c4f7,1,60
2026-09-24T05:04:43.571,POST,/desembolsos,201,234.3,113.6,,32b02641-75a4-4440-98fa-9249814c5eaa,1,60
2026-09-24T05:04:43.671,POST,/desembolsos,201,229.5,111.2,,bdac49ce-ccd7-4555-9948-a103090573aa,1,60
2026-09-24T05:04:43.781,POST,/desembolsos,201,245.9,113.3,,c1fa67b8-c62f-422f-ae47-fce2798f586f,1,60
2026-09-24T05:04:43.876,POST,/desembolsos,201,233.0,114.2,,d60e85f2-b960-47d0-ad61-6203fc9d5cb8,1,60
2026-09-24T05:04:43.977,POST,/desembolsos,201,243.9,124.9,,7a1809ba-6185-4099-be48-3432e79b1d92,1,60
2026-09-24T05:04:44.076,POST,/desembolsos,201,254.7,133.7,,7b951497-a72f-4ff2-b8de-37483a610f9b,1,60
2026-09-24T05:04:44.191,POST,/desembolsos,201,230.4,111.9,,8a22a39e-91aa-4d6b-a202-30d75c48e2bc,1,60
2026-09-24T05:04:44.283,POST,/desembolsos,201,233.3,112.0,,77b77626-2abc-44a6-9961-bab55c918ee7,1,60
2026-09-24T05:04:44.394,POST,/desembolsos,201,233.9,112.5,,e22785ca-8d77-4af7-a159-77f833f2feee,1,60
2026-09-24T05:04:44.466,POST,/desembolsos,201,231.4,113.0,,a6af757d-57ab-4ab6-b2b2-92c618798071,1,60
2026-09-24T05:04:44.596,POST,/desembolsos,201,242.5,113.1,,6ace2c14-1e89-471e-b31c-47c84ea31d82,1,60
2026-09-24T05:04:44.695,POST,/desembolsos,201,262.5,144.2,,75fce6e8-a5b3-4368-b58e-516da5d653d6,1,60
2026-09-24T05:04:44.793,POST,/desembolsos,201,274.3,154.4,,833514eb-ee7b-4278-88bb-6a4c2b41a9c9,1,60
2026-09-24T05:04:44.867,POST,/desembolsos,201,247.5,113.9,,a250ed41-da7e-48b6-b7d0-585e3fd62a68,1,60
2026-09-24T05:04:44.944,POST,/desembolsos,201,235.6,115.4,,43aece01-fcdd-4983-99ad-fc4a69ec0fd1,1,60
2026-09-24T05:04:45.094,POST,/desembolsos,201,241.8,119.4,,ab9c5ad8-63fd-4bd8-98dc-e53abd5dce1e,1,60
2026-09-24T05:04:45.174,POST,/desembolsos,201,240.4,114.8,,59fa1a19-fb7c-49bc-88e4-4e6fe861da37,1,60
2026-09-24T05:04:45.268,POST,/desembolsos,201,251.6,122.9,,71442382-95bd-406c-9790-9906dee3127f,1,60
2026-09-24T05:04:45.369,POST,/desembolsos,201,251.1,130.8,,6f1ff245-0da8-4af5-97eb-cf0b146454bf,1,60
2026-09-24T05:04:45.474,POST,/desembolsos,201,263.5,142.0,,4df718f5-aafb-440b-a438-be78105b78f3,1,60
2026-09-24T05:04:45.584,POST,/desembolsos,201,252.7,124.5,,e2bb85df-cd6e-4f79-b4a6-6402d948b556,1,60
2026-09-24T05:04:45.669,POST,/desembolsos,201,230.9,115.0,,d23429e9-e59a-498b-84df-94243af1982d,1,60
2026-09-24T05:04:45.781,POST,/desembolsos,201,233.5,112.4,,1d3767d6-998e-4cf2-a4b9-22e137a4291e,1,60
2026-09-24T05:04:45.884,POST,/desembolsos,201,245.0,115.1,,b14d0a60-c98f-48eb-b41e-c60c3687cf60,1,60
2026-09-24T05:04:45.976,POST,/desembolsos,201,252.4,112.2,,89b4a77f-e6ec-41a8-8c33-d6c05c3c0a2a,1,60
2026-09-24T05:04:46.085,POST,/desembolsos,201,262.8,140.9,,6da25da9-aaf9-400d-8542-fb8f691b5f44,1,60
2026-09-24T05:04:46.168,POST,/desembolsos,201,237.3,114.8,,081c703c-7db2-44fa-ac4d-655ad80563d1,1,60
2026-09-24T05:04:46.276,POST,/desembolsos,201,230.1,111.2,,fb957e4d-3b12-4382-a88a-2c5cbcdca7f4,1,60
2026-09-24T05:04:46.377,POST,/desembolsos,201,246.6,116.3,,78c569af-8312-439b-8086-3141bb5ed30e,1,60
2026-09-24T05:04:46.489,POST,/desembolsos,201,240.3,116.5,,c294d977-fd01-4be7-b693-36cff4864ef8,1,60
2026-09-24T05:04:46.554,POST,/desembolsos,201,276.8,119.2,,888070d8-8478-4751-b27c-31df826f9dac,1,60
2026-09-24T05:04:46.698,POST,/desembolsos,201,254.2,133.8,,d94d46a7-c9ad-46ec-992e-53ef94d081aa,1,60
2026-09-24T05:04:46.778,POST,/desembolsos,201,270.9,113.2,,94a729fe-48f5-4c98-a8ad-2b38029c1383,1,60
2026-09-24T05:04:46.885,POST,/desembolsos,201,238.5,114.2,,14cc457e-f418-4882-ac85-312d993fefd6,1,60
2026-09-24T05:04:46.983,POST,/desembolsos,201,252.3,113.9,,e36079c9-4496-463f-b272-a874a5bdc63a,1,60
2026-09-24T05:04:47.079,POST,/desembolsos,201,246.8,119.6,,42dad2b5-2dd3-4613-9ea9-3905556da498,1,60
2026-09-24T05:04:47.185,POST,/desembolsos,201,295.2,126.2,,6f979887-bf7c-42b8-bb47-fcb0f30fec9c,1,60
2026-09-24T05:04:47.275,POST,/desembolsos,201,237.7,113.9,,5d1c75df-2e94-4e6e-8e02-5629bf06a378,1,60
2026-09-24T05:04:47.377,POST,/desembolsos,201,252.7,114.9,,5652753a-a167-4ea0-8341-0b9483211f40,1,60
2026-09-24T05:04:47.476,POST,/desembolsos,201,230.4,110.8,,7fb8e45d-bdfe-4165-b9d3-6b4eae0df4db,1,60
2026-09-24T05:04:47.582,POST,/desembolsos,201,235.9,114.8,,fbb2c750-4837-4c5b-9f9b-b3de342ebce8,1,60
2026-09-24T05:04:47.676,POST,/desembolsos,201,235.1,116.1,,526b21a0-585c-424b-b069-12ff5ef80355,1,60
2026-09-24T05:04:47.783,POST,/desembolsos,201,229.0,112.8,,b670d082-dd56-4df7-8ac5-e5171b734224,1,60
2026-09-24T05:04:47.868,POST,/desembolsos,201,233.0,112.7,,d250f750-0b2e-47d8-99f6-7c49385d38ef,1,60
2026-09-24T05:04:47.979,POST,/desembolsos,201,233.2,112.8,,a83a73c3-3b84-4781-a088-fb64c08a4f67,1,60
2026-09-24T05:04:48.077,POST,/desembolsos,201,250.1,129.9,,f5c27478-d548-41cc-b172-76887c0dac19,1,60
2026-09-24T05:04:48.185,POST,/desembolsos,201,257.6,133.1,,29a2738d-66ce-40dd-93bf-2b63266e17f5,1,60
2026-09-24T05:04:48.271,POST,/desembolsos,201,282.1,113.7,,39876624-3b7d-4174-8c58-bb14d3e203c5,1,60
2026-09-24T05:04:48.384,POST,/desembolsos,201,302.1,170.4,,fbb334f4-fa52-4543-9a73-5c37c66a7cf8,1,60
2026-09-24T05:04:48.476,POST,/desembolsos,201,231.0,112.8,,0bf52e35-c467-4169-ade7-64859b6b52fc,1,60
2026-09-24T05:04:48.554,POST,/desembolsos,201,248.0,126.3,,a44696b0-10b3-4770-a93a-16ebcbf11247,1,60
2026-09-24T05:04:48.686,POST,/desembolsos,201,224.7,108.7,,304bf7a0-47fc-4ec7-b5e3-efb125318dc8,1,60
2026-09-24T05:04:48.794,POST,/desembolsos,201,234.5,112.8,,46473a63-f18d-436d-a29b-78a22417916d,1,60
2026-09-24T05:04:48.868,POST,/desembolsos,201,235.2,115.6,,6ffe3177-f021-4fce-8dbf-c3e621450996,1,60
2026-09-24T05:04:48.977,POST,/desembolsos,201,228.6,112.5,,68b9eac1-5f43-49c8-8ea9-8f4618dacb4c,1,60
2026-09-24T05:04:49.086,POST,/desembolsos,201,235.1,116.0,,760a379b-9b34-4541-8d35-5f57b0d1cd58,1,60
2026-09-24T05:04:49.177,POST,/desembolsos,201,238.2,120.7,,20c740cc-82a9-4fc9-838e-77997e2fff92,1,60
2026-09-24T05:04:49.268,POST,/desembolsos,201,232.9,115.0,,1dd18151-50c2-4bbb-8393-2b55d4641914,1,60
2026-09-24T05:04:49.377,POST,/desembolsos,201,243.9,117.6,,cfe377cf-d0f6-4f6b-81c8-f4bffe4dacc9,1,60
2026-09-24T05:04:49.475,POST,/desembolsos,201,254.9,135.7,,69f06ad6-3501-4f20-ae21-2227dae4e9f6,1,60
2026-09-24T05:04:49.592,POST,/desembolsos,201,242.4,125.0,,1f6c2ab2-1017-455c-87c5-149920e28f84,1,60
2026-09-24T05:04:49.674,POST,/desembolsos,201,236.7,112.2,,f7db3f06-da53-4871-8fb0-7aaec9c11417,1,60
2026-09-24T05:04:49.783,POST,/desembolsos,201,239.1,115.8,,070136fc-b238-4d0f-8d52-7e16ab4086ac,1,60
2026-09-24T05:04:49.883,POST,/desembolsos,201,232.6,110.0,,a6dc7a26-9804-4923-89de-3a7a300c2b07,1,60
2026-09-24T05:04:49.985,POST,/desembolsos,201,239.8,116.5,,3daf8124-0418-480b-96d5-be9085c75068,1,60
2026-09-24T05:04:50.085,POST,/desembolsos,201,236.1,112.2,,d87ae8ae-09fe-4f9e-b1ab-e58be89d145e,1,60
2026-09-24T05:04:50.177,POST,/desembolsos,201,250.1,114.1,,46816728-e23a-4bf9-95bc-1cc082cbb440,1,60
2026-09-24T05:04:50.285,POST,/desembolsos,201,265.3,142.4,,a29a894f-162d-4751-8c6a-9d1b3de40cbb,1,60
2026-09-24T05:04:50.379,POST,/desembolsos,201,270.0,152.2,,802f9791-df68-45ab-ac09-033da992183a,1,60
2026-09-24T05:04:50.478,POST,/desembolsos,201,245.9,113.2,,dd4d416c-b0cc-446a-a869-b52cecc0b235,1,60
2026-09-24T05:04:50.589,POST,/desembolsos,201,233.5,115.1,,d829fd6b-4d0e-470a-846b-3fa00c81aa2e,1,60
2026-09-24T05:04:50.683,POST,/desembolsos,201,234.0,114.4,,e27b1a69-008f-42c4-aef8-3429f035714c,1,60
2026-09-24T05:04:50.781,POST,/desembolsos,201,245.4,113.5,,90653eda-2077-4c54-a97c-f1e759969b29,1,60
2026-09-24T05:04:50.893,POST,/desembolsos,201,258.5,123.6,,e925ceff-e745-4d8f-ba6a-c325949b4ea9,1,60
2026-09-24T05:04:50.968,POST,/desembolsos,201,244.5,116.2,,3a5ffb55-dca3-4afe-af1e-8402cb37d677,1,60
2026-09-24T05:04:51.078,POST,/desembolsos,201,236.1,116.4,,982ba266-45c8-4487-8c65-bd4d8fe94278,1,60
2026-09-24T05:04:51.184,POST,/desembolsos,201,250.5,119.9,,2829d8f7-9de6-4600-8dd4-6e7f13b7000c,1,60
2026-09-24T05:04:51.267,POST,/desembolsos,201,236.9,113.3,,23534eef-df05-460c-bdaa-ea93a86f65a4,1,60
2026-09-24T05:04:51.379,POST,/desembolsos,201,247.0,111.6,,1ad3b268-e1b4-4103-b67b-3d7c6e125b85,1,60
2026-09-24T05:04:51.477,POST,/desembolsos,201,266.0,116.1,,32b50236-7967-4bb2-930a-e8bbdd536016,1,60
2026-09-24T05:04:51.585,POST,/desembolsos,201,274.3,150.8,,6edbe7f5-d1fc-4029-a6f4-7404beaf64d1,1,60
2026-09-24T05:04:51.691,POST,/desembolsos,201,247.4,114.1,,40b5d864-ae3f-4841-98be-fa07e236c350,1,60
2026-09-24T05:04:51.772,POST,/desembolsos,201,240.8,113.7,,12f076e6-3bd3-47bc-a679-6dab113a6e57,1,60
2026-09-24T05:04:51.864,POST,/desembolsos,201,236.2,114.4,,92bfc1b5-79c3-42cb-9ac7-1027e302b35f,1,60
2026-09-24T05:04:51.968,POST,/desembolsos,201,234.7,113.6,,294ee609-22ab-4ced-84cc-81c722afb6bc,1,60
2026-09-24T05:04:52.083,POST,/desembolsos,201,247.0,113.9,,13a563d3-2b33-4da3-9cf4-88dd542d1e02,1,60
2026-09-24T05:04:52.179,POST,/desembolsos,201,231.5,113.8,,cbe28181-bace-454c-88da-562f6dd9bd81,1,60
2026-09-24T05:04:52.292,POST,/desembolsos,201,233.7,112.5,,0f4d7716-a3a2-4f57-9cd1-d21d8c0342dd,1,60
2026-09-24T05:04:52.385,POST,/desembolsos,201,238.4,114.7,,774ab842-c6a6-4f94-a933-0fcd7c6519c5,1,60
2026-09-24T05:04:52.481,POST,/desembolsos,201,242.1,122.5,,dc5f6e1c-4d0a-43f3-9248-9370ea991c72,1,60
2026-09-24T05:04:52.575,POST,/desembolsos,201,228.7,112.9,,0f6d6d5e-9441-43ba-9723-e84a30f2489c,1,60
2026-09-24T05:04:52.673,POST,/desembolsos,201,250.6,114.1,,0e814d33-4117-4f60-be92-0f791cecb7ff,1,60
2026-09-24T05:04:52.900,POST,/desembolsos,201,296.0,162.5,,c334782e-cccd-46ad-8228-b15f2671abc9,1,60
2026-09-24T05:04:52.986,POST,/desembolsos,201,241.5,124.0,,ee85868f-2baf-4458-ad12-3e116513dd4b,1,60
2026-09-24T05:04:53.082,POST,/desembolsos,201,262.0,138.0,,646f6fcc-aad9-428a-b937-fb9499c975e0,1,60
2026-09-24T05:04:53.193,POST,/desembolsos,201,275.2,110.3,,0d5591d3-7221-4b3d-a538-86c57e8dcbfd,1,60
2026-09-24T05:04:53.289,POST,/desembolsos,201,343.3,181.0,,87e0182f-2a42-442a-a2ac-43b486b45f4d,1,60
2026-09-24T05:04:53.468,POST,/desembolsos,201,277.7,157.9,,eba374ec-e545-484f-8ba4-0c372b61e23c,1,60
2026-09-24T05:04:53.392,POST,/desembolsos,201,369.3,236.8,,fb2df6d1-9188-4594-b3d2-ff77f09dc9b2,1,60
2026-09-24T05:04:52.785,POST,/desembolsos,201,1037.8,152.9,,af4905f1-0ffa-4d2c-9afb-a47fac0b7bdc,1,60
2026-09-24T05:04:53.600,POST,/desembolsos,201,257.4,135.6,,9f27ca0c-1ae8-4f02-b448-c71bc69b78f1,1,60
2026-09-24T05:04:53.682,POST,/desembolsos,201,233.3,112.9,,3ef1122e-31ac-4329-9d8a-71ce7677052e,1,60
2026-09-24T05:04:53.777,POST,/desembolsos,201,228.6,110.4,,8bc20053-4aa0-41c9-a549-03c5c3f7ea83,1,60
2026-09-24T05:04:53.885,POST,/desembolsos,201,236.9,113.0,,3599f5b4-9aa9-4c62-a748-d756c8accd15,1,60
2026-09-24T05:04:53.994,POST,/desembolsos,201,234.8,113.8,,00d3354a-537c-45dc-ac4d-11dda8e27cab,1,60
2026-09-24T05:04:54.085,POST,/desembolsos,201,257.8,127.9,,b2a84021-3437-4905-8b04-a12ebc234ccf,1,60
2026-09-24T05:04:54.185,POST,/desembolsos,201,263.0,135.7,,fb445f29-9ff0-491a-b382-929c720d07d8,1,60
2026-09-24T05:04:54.373,POST,/desembolsos,201,232.5,113.3,,069127a9-027f-4910-b5c3-265a28f92015,1,60
2026-09-24T05:04:54.284,POST,/desembolsos,201,323.6,202.7,,7e51018d-a89d-4e4f-8653-b1454f939c3b,1,60
2026-09-24T05:04:54.474,POST,/desembolsos,201,246.8,123.9,,72f21c82-7833-4b5d-b2ef-ede00f9fdd8c,1,60
2026-09-24T05:04:54.591,POST,/desembolsos,201,235.0,115.2,,59298652-1969-41b4-a26f-5c6354e8cde9,1,60
2026-09-24T05:04:54.676,POST,/desembolsos,201,257.9,110.7,,b4503e44-ce4b-4c1d-9297-f1dad2ec16d2,1,60
2026-09-24T05:04:54.785,POST,/desembolsos,201,270.2,149.2,,5d876a39-198d-434e-83d7-e9c9b6a9822b,1,60
2026-09-24T05:04:54.877,POST,/desembolsos,201,239.0,112.4,,e73d55b6-5668-43fb-affb-f3351070ab5f,1,60
2026-09-24T05:04:54.986,POST,/desembolsos,201,235.6,117.8,,5e29d0c9-e2bc-4d7f-b3c9-d6006ed29a28,1,60
2026-09-24T05:04:55.077,POST,/desembolsos,201,246.3,117.1,,1345b2ce-f770-4de1-9a4b-3fa8491ec29b,1,60
2026-09-24T05:04:55.193,POST,/desembolsos,201,239.8,120.0,,0e109ada-385a-478d-9ff4-f97e4a375a87,1,60
2026-09-24T05:04:55.283,POST,/desembolsos,201,230.9,114.6,,049b9894-e145-4577-9e24-4af29074a97d,1,60
2026-09-24T05:04:55.392,POST,/desembolsos,201,236.2,116.8,,8b0e206c-ebd7-48cd-8fff-ab064b029178,1,60
2026-09-24T05:04:55.488,POST,/desembolsos,201,256.0,131.5,,7c3a49cf-f95f-4d1c-b87f-9070bf361482,1,60
2026-09-24T05:04:55.588,POST,/desembolsos,201,230.8,113.2,,d6c2f19f-b509-425f-a293-07a74a10ece5,1,60
2026-09-24T05:04:55.684,POST,/desembolsos,201,239.4,119.4,,c7343551-0eb2-413b-b03d-0f0091df29a0,1,60
2026-09-24T05:04:55.777,POST,/desembolsos,201,240.8,118.3,,48e01a3c-5457-4af9-a3ce-d3e79666cb1f,1,60
2026-09-24T05:04:55.894,POST,/desembolsos,201,234.2,116.6,,97e252cc-f6ca-46dc-a7b5-207096776277,1,60
2026-09-24T05:04:55.977,POST,/desembolsos,201,258.6,136.2,,f0b02b11-d73f-420d-abea-cb93b85a1c77,1,60
2026-09-24T05:04:56.094,POST,/desembolsos,201,250.2,126.2,,e3421c93-9378-4e50-95fb-842c746db96e,1,60
2026-09-24T05:04:56.193,POST,/desembolsos,201,233.6,115.6,,fbfaaeaf-5dfe-4773-826f-8a2537e938cc,1,60
2026-09-24T05:04:56.285,POST,/desembolsos,201,245.6,113.0,,c0d8b8aa-e97f-4a85-aac2-50829ac3e6f5,1,60
2026-09-24T05:04:56.373,POST,/desembolsos,201,243.7,116.2,,97294bba-b4db-402e-b9e9-c624fdf3ab05,1,60
2026-09-24T05:04:56.488,POST,/desembolsos,201,236.3,111.5,,dae2dcd3-01d0-4171-9f4b-60e096cea162,1,60
2026-09-24T05:04:56.570,POST,/desembolsos,201,234.8,114.1,,66491f09-517d-41f8-a63d-1a26755df36e,1,60
2026-09-24T05:04:56.684,POST,/desembolsos,201,236.5,113.4,,37a85e6a-9b62-4008-9fa5-be8ee94d6b56,1,60
2026-09-24T05:04:56.783,POST,/desembolsos,201,239.2,110.8,,7204a547-f3a4-4eff-80f6-61c7f7d3cd6b,1,60
2026-09-24T05:04:56.877,POST,/desembolsos,201,234.1,113.5,,9844ac43-e38e-49c1-8565-e77eb7d3385b,1,60
2026-09-24T05:04:56.986,POST,/desembolsos,201,243.5,124.7,,8ef1b207-9227-40a2-ac4a-f2825a52d0d5,1,60
2026-09-24T05:04:57.077,POST,/desembolsos,201,226.0,109.6,,b14cb71c-79d8-4f04-a193-8f7f95748168,1,60
2026-09-24T05:04:57.186,POST,/desembolsos,201,229.9,111.1,,82b5377e-ad75-4884-8572-eb4d1ffbaa97,1,60
2026-09-24T05:04:57.277,POST,/desembolsos,201,230.2,112.8,,4d068091-4ee8-452e-9465-820123b680e7,1,60
2026-09-24T05:04:57.371,POST,/desembolsos,201,238.5,119.5,,5eb46439-b6d0-4351-95f2-1ecc78574990,1,60
2026-09-24T05:04:57.486,POST,/desembolsos,201,273.0,111.5,,7c4759cc-1313-4c06-9cd1-b566e65419f6,1,60
2026-09-24T05:04:57.589,POST,/desembolsos,201,233.6,112.9,,2feceb7a-3427-4f00-99db-f95a6feab61d,1,60
2026-09-24T05:04:57.685,POST,/desembolsos,201,227.5,110.8,,25697f1c-a6f6-4b2e-bd56-a754f0271483,1,60
2026-09-24T05:04:57.783,POST,/desembolsos,201,246.4,112.3,,d566a233-428d-4d25-a7b8-14c8a21b708c,1,60
2026-09-24T05:04:57.879,POST,/desembolsos,201,271.1,150.1,,ad46ad99-1254-4af5-80c3-cd283cc903d1,1,60
2026-09-24T05:04:57.984,POST,/desembolsos,201,268.6,149.4,,1b215c42-2e75-4d0b-83fc-cdf171c45ed0,1,60
2026-09-24T05:04:58.085,POST,/desembolsos,201,234.6,113.2,,a1dac947-28f7-478f-a14e-6d4c084d17be,1,60
2026-09-24T05:04:58.175,POST,/desembolsos,201,247.2,126.7,,685c1288-83fa-4ae6-be86-9de241eccecc,1,60
2026-09-24T05:04:58.286,POST,/desembolsos,201,232.9,114.9,,014450e3-d87e-4048-b37b-b6f362d66075,1,60
2026-09-24T05:04:58.376,POST,/desembolsos,201,238.6,117.8,,8a6aaca8-d983-4ad4-8285-6931ac45040c,1,60
2026-09-24T05:04:58.474,POST,/desembolsos,201,261.1,111.9,,1bb5cb46-6ebd-4d70-9853-6f428be259b8,1,60
2026-09-24T05:04:58.576,POST,/desembolsos,201,274.6,110.0,,9c1d579a-d5a5-474b-a92e-5eb3f9a33de3,1,60
2026-09-24T05:04:58.684,POST,/desembolsos,201,238.5,112.8,,7bed55b1-4560-4e97-a81f-3db8dbb9a88b,1,60
2026-09-24T05:04:58.795,POST,/desembolsos,201,245.4,114.4,,61537ff7-5d0d-4223-a8c9-a1f888edd361,1,60
2026-09-24T05:04:58.878,POST,/desembolsos,201,232.4,110.5,,6bec1127-2148-4d05-88d9-54a22e575bab,1,60
2026-09-24T05:04:58.976,POST,/desembolsos,201,236.6,112.2,,4d03dc37-94a6-4b97-90f6-af3345c6a5a5,1,60
2026-09-24T05:04:59.085,POST,/desembolsos,201,231.1,112.7,,edb134f6-1047-485b-ac71-3e29425b4a11,1,60
2026-09-24T05:04:59.177,POST,/desembolsos,201,250.2,115.6,,45b37be2-e0b1-4249-a99c-51fc0799ccda,1,60
2026-09-24T05:04:59.285,POST,/desembolsos,201,264.3,142.4,,5f095929-54b4-4369-bc71-369b4d101d32,1,60
2026-09-24T05:04:59.401,POST,/desembolsos,201,288.7,148.2,,534bddf2-204c-4778-ba19-fa69cae0f770,1,60
2026-09-24T05:04:59.477,POST,/desembolsos,201,234.5,115.9,,e141bb14-b252-4f9b-b999-646d2808fddd,1,60
2026-09-24T05:04:59.582,POST,/desembolsos,201,232.0,112.6,,7dc5e28d-7dd9-4bbe-bc0b-d5cfe669f2b0,1,60
2026-09-24T05:04:59.677,POST,/desembolsos,201,233.4,114.1,,489886a4-e9b2-43c0-aa94-75eede434135,1,60
2026-09-24T05:04:59.777,POST,/desembolsos,201,234.8,117.8,,e15dfabe-bca7-4f1b-9d36-44868eb562fe,1,60
2026-09-24T05:04:59.885,POST,/desembolsos,201,234.7,115.2,,b42d5139-022c-4cc7-946d-86e54ef1fc0d,1,60
2026-09-24T05:04:59.983,POST,/desembolsos,201,238.9,118.8,,94d7eed6-d01c-4aa3-9feb-e56d9b2f9b1d,1,60
2026-09-24T05:05:00.079,POST,/desembolsos,201,228.3,109.8,,111e07c9-4ca6-493b-b61e-95bad66b9584,1,60
2026-09-24T05:05:00.185,POST,/desembolsos,201,245.0,118.9,,1d22456a-3813-4c5c-82a4-94299fa3ec44,1,60
2026-09-24T05:05:00.277,POST,/desembolsos,201,236.1,113.7,,631ff63a-1cda-47de-83af-6fb1dbf6e912,1,60
2026-09-24T05:05:00.385,POST,/desembolsos,201,228.8,111.5,,33b230cb-dc94-47a0-87e5-9942aeb86524,1,60
2026-09-24T05:05:00.476,POST,/desembolsos,201,239.4,119.6,,ce8d6227-6d96-4e72-8509-6679070a13f0,1,60
2026-09-24T05:05:00.580,POST,/desembolsos,201,238.6,118.3,,a66aa42d-7248-4c51-a2e2-1879c0a14c9d,1,60
2026-09-24T05:05:00.695,POST,/desembolsos,201,237.1,113.7,,5170c439-5aa1-477f-a7af-d1cbd41a394e,1,60
2026-09-24T05:05:00.786,POST,/desembolsos,201,243.3,113.3,,97c8d24d-7eed-421e-a873-2b9b33db6cd7,1,60
2026-09-24T05:05:00.863,POST,/desembolsos,201,236.1,113.4,,c11db396-187d-4fae-9019-ed6ec522a2bf,1,60
2026-09-24T05:05:00.975,POST,/desembolsos,201,228.9,110.2,,42230f91-bb23-4244-83b0-1052806e73c7,1,60
2026-09-24T05:05:01.069,POST,/desembolsos,201,236.4,112.8,,6f9d5298-0fdd-42c5-b191-8537513561d4,1,60
2026-09-24T05:05:01.178,POST,/desembolsos,201,238.3,119.5,,3b08a813-bc1f-412b-80be-914a8c9d0e8c,1,60
2026-09-24T05:05:01.276,POST,/desembolsos,201,228.2,110.8,,5a29e742-5207-493c-9609-e8eb2eea289a,1,60
2026-09-24T05:05:01.383,POST,/desembolsos,201,232.8,113.6,,532908ce-5553-4912-8c08-45f01e38bf69,1,60
2026-09-24T05:05:01.473,POST,/desembolsos,201,235.1,113.0,,0bde2656-c473-4552-88ac-6b98dbbeadbd,1,60
2026-09-24T05:05:01.578,POST,/desembolsos,201,287.8,113.3,,d084ce75-e04d-44ea-9fde-b7dc6a27affd,1,60
2026-09-24T05:05:01.691,POST,/desembolsos,201,297.6,175.3,,781f201c-962c-4bcf-82a1-cfbe869536ff,1,60
2026-09-24T05:05:01.790,POST,/desembolsos,201,233.4,115.4,,121889d6-7efe-438a-b8f0-4d82fe0f1e7f,1,60
2026-09-24T05:05:01.885,POST,/desembolsos,201,234.1,115.0,,62c46331-99ad-42f5-acf4-ef9ada51e36f,1,60
2026-09-24T05:05:01.985,POST,/desembolsos,201,234.9,114.0,,778f4d25-9c29-406a-9b88-382015ced35a,1,60
2026-09-24T05:05:02.085,POST,/desembolsos,201,237.8,115.3,,6bdf6573-b528-4bcb-898d-a05fb94ca0a4,1,60
2026-09-24T05:05:02.170,POST,/desembolsos,201,241.0,122.0,,b55d2495-316a-4d94-9617-3a19f87a7d1f,1,60
2026-09-24T05:05:02.286,POST,/desembolsos,201,234.4,115.6,,5700b2db-e661-434a-9e24-4efa2641d9fc,1,60
2026-09-24T05:05:02.371,POST,/desembolsos,201,233.6,114.4,,252f3524-8ee6-45ac-8003-14155c3fc025,1,60
2026-09-24T05:05:02.475,POST,/desembolsos,201,242.2,115.8,,09abe395-dbb0-47f1-a152-b9ec337235f8,1,60
2026-09-24T05:05:02.589,POST,/desembolsos,201,252.3,127.0,,960211bf-85ae-4d98-a6a7-0a3590081660,1,60
2026-09-24T05:05:02.685,POST,/desembolsos,201,266.9,147.5,,f5077d9b-6fe5-4b74-a07d-322fd6bf4a9a,1,60
2026-09-24T05:05:02.799,POST,/desembolsos,201,233.3,110.7,,577a0cac-066b-4e46-94a0-19e479746451,1,60
2026-09-24T05:05:02.883,POST,/desembolsos,201,232.4,114.1,,f1a0b2d6-3c4f-4833-be92-652252b430f2,1,60
2026-09-24T05:05:02.979,POST,/desembolsos,201,240.8,116.9,,f6df6fba-4613-45a6-841e-413178f83996,1,60
2026-09-24T05:05:03.089,POST,/desembolsos,201,228.5,111.0,,f5996515-4dcd-4003-93d7-45098725cd60,1,60
2026-09-24T05:05:03.185,POST,/desembolsos,201,237.0,114.2,,097b937f-be0c-48bd-9736-983e30de47f3,1,60
2026-09-24T05:05:03.297,POST,/desembolsos,201,269.6,116.9,,84e1d7f1-bbe6-4c35-95eb-1c89c0e22383,1,60
2026-09-24T05:05:03.369,POST,/desembolsos,201,233.6,116.2,,a615375a-69d4-406f-8264-7c6556c9d6ae,1,60
2026-09-24T05:05:03.469,POST,/desembolsos,201,240.6,118.0,,2d731cf6-95e2-4437-8aeb-481b01f94344,1,60
2026-09-24T05:05:03.583,POST,/desembolsos,201,230.1,112.1,,eda0d4a5-99b4-4c40-945e-63febcc80747,1,60
2026-09-24T05:05:03.681,POST,/desembolsos,201,248.3,113.6,,84715b0e-3fbe-46b9-b468-1984b1eb7e18,1,60
2026-09-24T05:05:03.757,POST,/desembolsos,201,241.6,115.5,,c8808060-c71b-4433-8aac-4a91c0a9b8f6,1,60
2026-09-24T05:05:03.869,POST,/desembolsos,201,246.5,115.4,,933c5d83-4243-4b80-9022-5f8a2e8ddd8e,1,60
2026-09-24T05:05:03.969,POST,/desembolsos,201,240.4,119.7,,7357efc0-0030-4db6-88a1-a87ac37f1e9b,1,60
2026-09-24T05:05:04.086,POST,/desembolsos,201,243.2,124.1,,ce1fd7e0-13d0-4777-9073-7c66b05a322f,1,60
2026-09-24T05:05:04.186,POST,/desembolsos,201,256.6,130.0,,11a300a5-bbf1-4bb2-8a14-ddbb1c691406,1,60
2026-09-24T05:05:04.268,POST,/desembolsos,201,255.4,111.3,,5d677974-8b73-46e5-8a63-99e58551b7e0,1,60
2026-09-24T05:05:04.378,POST,/desembolsos,201,261.9,141.1,,74f53483-5eb5-484b-815b-ec0328945039,1,60
2026-09-24T05:05:04.484,POST,/desembolsos,201,273.4,125.7,,735e3b07-f7e7-4fb0-a65f-409cb3a889db,1,60
2026-09-24T05:05:04.584,POST,/desembolsos,201,243.1,116.5,,e029edea-3d07-4033-b884-3774a461603b,1,60
2026-09-24T05:05:04.682,POST,/desembolsos,201,242.3,113.0,,026efdbe-0094-464f-bf1d-0462168c4526,1,60
2026-09-24T05:05:04.757,POST,/desembolsos,201,234.3,112.5,,6ae22c8e-5a55-4a91-ae1a-9b22a1918c0c,1,60
2026-09-24T05:05:04.869,POST,/desembolsos,201,253.4,114.0,,fc1de321-fa52-4df8-a6d9-e867f1195622,1,60
2026-09-24T05:05:04.978,POST,/desembolsos,201,243.5,121.6,,55ffce32-7c46-4aec-97db-ef493c10901b,1,60
2026-09-24T05:05:05.078,POST,/desembolsos,201,273.9,125.4,,cae2af04-8e84-48b8-9dc2-185b6efb952f,1,60
2026-09-24T05:05:05.178,POST,/desembolsos,201,250.0,112.2,,426fc7be-d4e6-4a8d-9317-40cfca42364a,1,60
2026-09-24T05:05:05.278,POST,/desembolsos,201,244.1,116.4,,70ad7d83-62dc-4076-887e-ba4bf2f6f5df,1,60
2026-09-24T05:05:05.379,POST,/desembolsos,201,251.3,122.0,,6d931c0c-9a2a-414c-9e29-fc7df69038be,1,60
2026-09-24T05:05:05.485,POST,/desembolsos,201,239.8,118.0,,24cbe722-f7cc-43ea-bbc5-7bea29fc2467,1,60
2026-09-24T05:05:05.600,POST,/desembolsos,201,243.8,114.4,,38e812e2-6461-4f1d-8e65-7c73b6fb91d6,1,60
2026-09-24T05:05:05.682,POST,/desembolsos,201,236.5,117.2,,3b63fd12-fe10-413d-90b1-7424bd30ac80,1,60
2026-09-24T05:05:05.781,POST,/desembolsos,201,232.3,114.0,,ffe581b9-3650-47a6-825e-acaaca0bc003,1,60
2026-09-24T05:05:05.886,POST,/desembolsos,201,244.8,116.0,,0d738713-3089-4bbb-ab09-570fb66079c0,1,60
2026-09-24T05:05:05.978,POST,/desembolsos,201,253.3,116.5,,ba63e788-3c64-4834-b1c1-0d75b90b450d,1,60
2026-09-24T05:05:06.070,POST,/desembolsos,201,243.4,129.2,,0ddea6f0-c1e2-445b-a4aa-841a0debf857,1,60
2026-09-24T05:05:06.178,POST,/desembolsos,201,242.8,114.8,,0d267123-923d-4b6e-ba17-fb45e7796d66,1,60
2026-09-24T05:05:06.278,POST,/desembolsos,201,261.0,115.1,,2f975cef-7571-47da-8e42-b6dfc42e7dd2,1,60
2026-09-24T05:05:06.384,POST,/desembolsos,201,235.5,110.4,,743c3fe9-7802-4f01-a655-bf2a994de750,1,60
2026-09-24T05:05:06.474,POST,/desembolsos,201,241.4,117.3,,618944d8-f047-4baa-b400-e42a9bbe4938,1,60
2026-09-24T05:05:06.588,POST,/desembolsos,201,242.8,114.9,,9c6ed471-f612-4f8f-a52d-c259520601c6,1,60
2026-09-24T05:05:06.685,POST,/desembolsos,201,239.3,112.1,,9ee3d6e9-2df0-477f-b24b-32ccf8f7523a,1,60
2026-09-24T05:05:06.783,POST,/desembolsos,201,235.2,114.7,,a17347d2-bd99-4747-ae1a-912b0d562fff,1,60
2026-09-24T05:05:06.894,POST,/desembolsos,201,230.4,112.6,,70590751-703d-44a8-a55a-de717f6b530b,1,60
2026-09-24T05:05:06.978,POST,/desembolsos,201,262.1,112.4,,e29e58b3-87c2-46d0-85ee-a6623a5bca15,1,60
2026-09-24T05:05:07.078,POST,/desembolsos,201,276.8,117.0,,ffca5290-f520-4cec-b0a9-766e82b6073f,1,60
2026-09-24T05:05:07.186,POST,/desembolsos,201,244.2,115.0,,07a6201d-5690-4ad5-96f6-0d5da39f0feb,1,60
2026-09-24T05:05:07.278,POST,/desembolsos,201,234.2,110.5,,a6c0cd4a-24a8-4dfb-9ae3-0d4e6b449c34,1,60
2026-09-24T05:05:07.353,POST,/desembolsos,201,236.2,113.2,,cd4601f9-b7ee-46a3-a3e3-9d5f7595ef0a,1,60
2026-09-24T05:05:07.488,POST,/desembolsos,201,236.1,116.4,,61ad6c41-4f61-4b7f-b9fa-59e35a8faa8e,1,60
2026-09-24T05:05:07.585,POST,/desembolsos,201,238.9,115.6,,cf8865ea-75ea-4fe0-b0fc-f3f6aa6e844c,1,60
2026-09-24T05:05:07.668,POST,/desembolsos,201,272.0,115.8,,489bd3ca-ac00-4d8c-83e7-33ed8d050639,1,60
2026-09-24T05:05:07.782,POST,/desembolsos,201,266.8,146.1,,356a9439-b6a6-41bb-8d55-a4e849d2a804,1,60
2026-09-24T05:05:07.878,POST,/desembolsos,201,268.5,114.5,,020298de-c4f6-40af-8fc8-949dca94549e,1,60
2026-09-24T05:05:07.978,POST,/desembolsos,201,288.5,129.1,,1df13047-2560-4b79-a188-2156521ee17c,1,60
2026-09-24T05:05:08.086,POST,/desembolsos,201,248.8,114.9,,be58ae65-81e6-4bb3-ab06-eec101c1ff50,1,60
2026-09-24T05:05:08.186,POST,/desembolsos,201,260.4,111.3,,434210c4-1380-4219-b79a-4dc2fb84a20f,1,60
2026-09-24T05:05:08.261,POST,/desembolsos,201,252.5,112.5,,e02d3e43-dad7-4f7e-9484-6ef1627d1af0,1,60
2026-09-24T05:05:08.378,POST,/desembolsos,201,259.2,137.5,,403ac5ab-7705-4065-b65a-3ef336a6ade8,1,60
2026-09-24T05:05:08.476,POST,/desembolsos,201,267.7,145.9,,cac5f3fd-25a9-4919-b8f9-65d5457775a0,1,60
2026-09-24T05:05:08.579,POST,/desembolsos,201,247.6,115.7,,4e48f188-14a4-43d1-8256-5f4652ed1d85,1,60
2026-09-24T05:05:08.680,POST,/desembolsos,201,238.9,114.3,,5d33f78a-3b36-43fc-a60b-3a994113ed0a,1,60
2026-09-24T05:05:08.777,POST,/desembolsos,201,237.6,110.5,,9b4a153a-ccfe-4026-881d-50d34ed08456,1,60
2026-09-24T05:05:08.877,POST,/desembolsos,201,243.9,112.8,,3ba25e4b-e45f-4211-9f88-67f1b8b29304,1,60
2026-09-24T05:05:08.978,POST,/desembolsos,201,234.8,111.9,,19a0f2f4-41e8-4bf1-98b1-6b82278d032e,1,60
2026-09-24T05:05:09.086,POST,/desembolsos,201,233.6,111.3,,990eec50-ccaa-418d-ad5c-666f66b8dc45,1,60
2026-09-24T05:05:09.178,POST,/desembolsos,201,234.8,113.3,,248457ac-86a6-4045-8620-808bcd00b098,1,60
2026-09-24T05:05:09.270,POST,/desembolsos,201,238.9,114.2,,928a94a6-f19e-47c2-9d43-bf48b8a017b0,1,60
2026-09-24T05:05:09.383,POST,/desembolsos,201,234.9,112.4,,467ca9e8-0dec-459a-bf1b-98fefbd9ff3e,1,60
2026-09-24T05:05:09.491,POST,/desembolsos,201,249.2,115.0,,63777971-044b-46f5-a374-50afb0d9c068,1,60
2026-09-24T05:05:09.569,POST,/desembolsos,201,239.1,120.2,,d6667c14-cd9f-42d5-9b3d-15c6b1f48b7d,1,60
2026-09-24T05:05:09.682,POST,/desembolsos,201,231.8,112.1,,69ce1f84-e404-4037-8336-e6f04cb4e5ec,1,60
2026-09-24T05:05:09.782,POST,/desembolsos,201,232.1,112.5,,6b6f9766-c085-4e11-800d-7630a6eac65c,1,60
2026-09-24T05:05:09.878,POST,/desembolsos,201,233.5,112.9,,2619f3d3-163b-4726-b6fc-c38a6012f839,1,60
2026-09-24T05:05:09.978,POST,/desembolsos,201,225.9,110.3,,562feb47-8f83-481a-a446-adf36dc8d582,1,60
2026-09-24T05:05:10.078,POST,/desembolsos,201,233.7,113.2,,1e327a41-8fcb-41a7-989c-100fb85eaeae,1,60
2026-09-24T05:05:10.178,POST,/desembolsos,201,237.2,114.4,,2efbaab6-7bdf-46fc-a53a-9ec119576bda,1,60
2026-09-24T05:05:10.286,POST,/desembolsos,201,231.3,111.2,,b1782287-a386-4b3c-a97b-914b5a1b43e7,1,60
2026-09-24T05:05:10.380,POST,/desembolsos,201,236.6,114.5,,349366fc-4223-4db4-b948-b1987b99cdf5,1,60
2026-09-24T05:05:10.484,POST,/desembolsos,201,235.2,114.1,,3f681eb0-b7f4-4ee7-8865-fd345be9e48c,1,60
2026-09-24T05:05:10.583,POST,/desembolsos,201,230.1,112.8,,c66201a1-61b1-4ef9-84e0-354e78968a9c,1,60
2026-09-24T05:05:10.693,POST,/desembolsos,201,236.3,114.0,,3ad97b0a-2359-4600-9dca-2c3be3c85815,1,60
2026-09-24T05:05:10.774,POST,/desembolsos,201,247.3,129.4,,138c531d-5f0c-488b-8ddc-e41731163abf,1,60
2026-09-24T05:05:10.887,POST,/desembolsos,201,230.7,109.8,,eefcd601-1dc3-47ac-9306-b30cd120abbe,1,60
2026-09-24T05:05:10.970,POST,/desembolsos,201,234.3,114.7,,ae6fbd2d-550d-4eef-86e5-316f39111d9c,1,60
2026-09-24T05:05:11.078,POST,/desembolsos,201,235.7,112.9,,548e9fe9-4c6b-4818-b613-4cf0bcd06faa,1,60
2026-09-24T05:05:11.178,POST,/desembolsos,201,235.0,115.1,,00cda478-7008-48e3-8032-b0f47844e56e,1,60
2026-09-24T05:05:11.278,POST,/desembolsos,201,239.1,118.6,,e1471193-20a5-4a7c-be65-f4b8a8f715f0,1,60
2026-09-24T05:05:11.373,POST,/desembolsos,201,263.9,116.6,,98d71fd9-48f4-4a15-9671-d11299b4b61d,1,60
2026-09-24T05:05:11.476,POST,/desembolsos,201,257.5,133.8,,614dff52-499e-4943-b8b3-22345019492a,1,60
2026-09-24T05:05:11.591,POST,/desembolsos,201,235.2,112.0,,f7dcdd53-54c5-4d6f-bf82-bc267364f13d,1,60
2026-09-24T05:05:11.685,POST,/desembolsos,201,234.6,117.4,,2a9fecd8-44d1-4dff-b03f-1f546ce267c0,1,60
2026-09-24T05:05:11.783,POST,/desembolsos,201,232.1,110.9,,ef92a5a3-cf22-4505-940e-fd8825d137a6,1,60
2026-09-24T05:05:11.869,POST,/desembolsos,201,237.7,117.6,,d5cb11ef-95ec-4399-854b-cc13147cde82,1,60
2026-09-24T05:05:11.986,POST,/desembolsos,201,234.2,111.6,,02b9ef9f-259a-4000-82a0-4b400c64f814,1,60
2026-09-24T05:05:12.078,POST,/desembolsos,201,239.1,113.7,,d8e62334-d231-484c-9ec0-c5f1aafcbf7c,1,60
2026-09-24T05:05:12.185,POST,/desembolsos,201,245.7,115.2,,fbbe7751-afd4-4cb9-bf7f-c0cfdc6bab48,1,60
2026-09-24T05:05:12.278,POST,/desembolsos,201,254.0,112.9,,9f0b0acf-0819-4835-8934-20b5f4b47e4b,1,60
2026-09-24T05:05:12.379,POST,/desembolsos,201,232.3,114.9,,28f0dc63-a3ee-4bbf-84a1-7f8c772c87b5,1,60
2026-09-24T05:05:12.469,POST,/desembolsos,201,250.6,116.1,,2b970fd1-c18a-4284-8e72-f608c74aca54,1,60
2026-09-24T05:05:12.583,POST,/desembolsos,201,257.5,136.4,,0ce74856-edf9-4b07-ba23-20a46be8f234,1,60
2026-09-24T05:05:12.682,POST,/desembolsos,201,266.8,145.6,,92e106c5-9a5e-469f-a417-31999bc432ba,1,60
2026-09-24T05:05:12.778,POST,/desembolsos,201,238.5,118.5,,4759c4d4-9180-4419-9711-618bf526a938,1,60
2026-09-24T05:05:12.878,POST,/desembolsos,201,238.3,115.8,,e271c6d1-9d0d-4687-b649-33d07444e265,1,60
2026-09-24T05:05:12.970,POST,/desembolsos,201,228.1,110.9,,dc0cebf3-5595-4420-9188-4b9e40d58c8a,1,60
2026-09-24T05:05:13.078,POST,/desembolsos,201,253.4,112.3,,6fbb369a-6c3c-4d6a-a6c7-862b94990636,1,60
2026-09-24T05:05:13.191,POST,/desembolsos,201,251.9,132.8,,b9bb1f2b-f0d1-4e49-8cd0-95bc26092174,1,60
2026-09-24T05:05:13.262,POST,/desembolsos,201,226.6,111.0,,f5d084c2-c543-4e3f-9b65-6408b1f12623,1,60
2026-09-24T05:05:13.372,POST,/desembolsos,201,236.3,113.6,,1464007c-5318-45a5-bfc7-0f8f987c0c48,1,60
2026-09-24T05:05:13.476,POST,/desembolsos,201,235.3,114.7,,97afd484-f191-41ae-b04d-3bf5a76781cf,1,60
2026-09-24T05:05:13.583,POST,/desembolsos,201,255.1,110.9,,55079631-f874-465d-b699-3ea4a6cce1c5,1,60
2026-09-24T05:05:13.689,POST,/desembolsos,201,234.8,113.7,,560d1b9c-13f0-4791-8e71-20ddbfda4ec3,1,60
2026-09-24T05:05:13.787,POST,/desembolsos,201,242.8,122.0,,b61310af-8052-45d3-928c-cc87e17b45e9,1,60
2026-09-24T05:05:13.878,POST,/desembolsos,201,255.3,135.1,,571b9a85-9be3-4de7-b7ab-e00d6b49807e,1,60
2026-09-24T05:05:13.978,POST,/desembolsos,201,234.7,112.7,,90ec1e20-4207-425b-9d54-1d3c047e4aaf,1,60
2026-09-24T05:05:14.070,POST,/desembolsos,201,237.0,114.0,,ef885cc4-cd34-4e82-b74a-9f4b48b1d698,1,60
2026-09-24T05:05:14.178,POST,/desembolsos,201,232.7,113.2,,7039e0d6-9a9b-486d-8602-a2c361d0c037,1,60
2026-09-24T05:05:14.278,POST,/desembolsos,201,235.1,112.7,,35ddc0cc-73d7-4a9a-b996-6624ed65f815,1,60
2026-09-24T05:05:14.378,POST,/desembolsos,201,233.2,113.5,,f79eb04f-1283-4806-9705-35d0f2e1c674,1,60
2026-09-24T05:05:14.483,POST,/desembolsos,201,229.6,112.3,,42931fb1-5b40-453c-9834-5dfe764f9ccc,1,60
2026-09-24T05:05:14.581,POST,/desembolsos,201,235.5,114.5,,e357da65-6ee5-4fc3-a521-60b6514df2bf,1,60
2026-09-24T05:05:14.695,POST,/desembolsos,201,228.1,110.5,,365dc00d-cd59-4eda-a960-a9102dbaf3f1,1,60
2026-09-24T05:05:14.777,POST,/desembolsos,201,238.2,118.7,,93c42e68-ba44-4edb-850d-65be896bf740,1,60
2026-09-24T05:05:14.887,POST,/desembolsos,201,231.8,114.8,,b7d8e6f0-339c-4013-8e11-58dd5ecd14a4,1,60
2026-09-24T05:05:14.987,POST,/desembolsos,201,234.9,113.3,,ce4a4ea5-11d2-401f-93a8-0d5caaa6ed22,1,60
2026-09-24T05:05:15.087,POST,/desembolsos,201,234.5,112.9,,6d71d9c7-21d8-4c22-83d0-7e35b19fcf80,1,60
2026-09-24T05:05:15.178,POST,/desembolsos,201,248.4,113.3,,ef16922e-c627-4bd5-bd64-6c6a1fbc4f1d,1,60
2026-09-24T05:05:15.291,POST,/desembolsos,201,252.0,136.1,,93b5ac90-9be5-4616-a422-7e89228f94dc,1,60
2026-09-24T05:05:15.388,POST,/desembolsos,201,243.6,113.1,,413dd5b9-9d3e-46a9-a20b-22fbdd78251e,1,60
2026-09-24T05:05:15.460,POST,/desembolsos,201,232.5,113.6,,cf441579-0dd1-4451-8eca-a0e85a839b33,1,60
2026-09-24T05:05:15.573,POST,/desembolsos,201,229.5,112.3,,323aabe3-ec58-4448-b9d8-6f30ce2778c2,1,60
2026-09-24T05:05:15.674,POST,/desembolsos,201,236.7,117.9,,f97ff5c7-7858-4a33-bc4f-7c49c67a1062,1,60
2026-09-24T05:05:15.787,POST,/desembolsos,201,250.4,133.0,,7559730c-220d-4b2f-8d60-05a3b6549784,1,60
2026-09-24T05:05:15.870,POST,/desembolsos,201,241.6,125.0,,b1901d25-bacd-4b4f-ae6f-48ae29addda2,1,60
2026-09-24T05:05:15.979,POST,/desembolsos,201,238.4,119.5,,beb16f4a-3d6b-4c4c-8cc0-515da4961978,1,60
2026-09-24T05:05:16.070,POST,/desembolsos,201,249.1,118.1,,5c36822c-de2d-4a44-ac8e-1fdd79cf24c7,1,60
2026-09-24T05:05:16.178,POST,/desembolsos,201,238.6,112.2,,9e864255-4903-46ef-ba98-b4ea7d414bed,1,60
2026-09-24T05:05:16.270,POST,/desembolsos,201,260.8,141.6,,6c7e1dd5-44ff-4d28-bde1-f79dce3c83d8,1,60
2026-09-24T05:05:16.372,POST,/desembolsos,201,235.5,113.4,,f48707c5-1e27-4a08-b82c-418bc976659b,1,60
2026-09-24T05:05:16.477,POST,/desembolsos,201,239.5,118.2,,e23bd923-8a62-4b6b-a641-0af6bfe291af,1,60
2026-09-24T05:05:16.575,POST,/desembolsos,201,315.3,126.7,,a577bfb4-2d0f-4a86-81cd-078372e24a54,1,60
2026-09-24T05:05:16.689,POST,/desembolsos,201,382.2,201.4,,5b63619e-191b-404d-81da-e3ee4b97baf7,1,60
2026-09-24T05:05:16.789,POST,/desembolsos,201,282.7,111.1,,8b64b9fc-2d22-41d6-9630-a054be4255e2,1,60
2026-09-24T05:05:16.870,POST,/desembolsos,201,386.6,201.2,,220e3264-3164-494f-8c81-162bf6cb2d20,1,60
2026-09-24T05:05:16.987,POST,/desembolsos,201,360.0,179.7,,13e67a62-6906-442b-b58b-7f0a3efe7bd2,1,60
2026-09-24T05:05:17.071,POST,/desembolsos,201,296.5,116.9,,90702d73-4d27-41a9-8cbe-a0e4e5eb697c,1,60
2026-09-24T05:05:17.163,POST,/desembolsos,201,295.7,112.2,,563bb3c9-4cb7-48bb-81e2-a1045a1a64b9,1,60
2026-09-24T05:05:17.257,POST,/desembolsos,201,294.7,114.8,,f1ad0233-2bca-491f-837d-0d71d78028f8,1,60
2026-09-24T05:05:17.362,POST,/desembolsos,201,352.0,178.0,,5e9c731b-321e-456c-a02e-3f8aada3db32,1,60
2026-09-24T05:05:17.485,POST,/desembolsos,201,352.2,158.2,,5d4004ed-9b2c-4ace-b837-8151b6b99d57,1,60
2026-09-24T05:05:17.599,POST,/desembolsos,201,324.1,142.4,,a038b857-6302-41fc-9321-d910f4ff73ec,1,60
2026-09-24T05:05:17.680,POST,/desembolsos,201,331.9,144.1,,bbcdd270-3886-4905-bfa8-3117b69f79ac,1,60
2026-09-24T05:05:17.777,POST,/desembolsos,201,343.4,152.8,,700e6940-4eaa-49e8-88ea-92e9207a1ab1,1,60
2026-09-24T05:05:17.885,POST,/desembolsos,201,323.6,132.8,,def9d5b9-ae7e-44c5-86e0-14cb0527ecef,1,60
2026-09-24T05:05:17.978,POST,/desembolsos,201,320.2,133.2,,76dc7fcf-590c-4233-86e7-732cbb474752,1,60
2026-09-24T05:05:18.170,POST,/desembolsos,201,353.9,144.8,,04957717-c05a-4a72-a572-26bfbabb2016,1,60
2026-09-24T05:05:18.261,POST,/desembolsos,201,321.0,140.9,,48645c90-22b3-402f-af22-0c6b53f5d908,1,60
2026-09-24T05:05:18.379,POST,/desembolsos,201,392.5,145.7,,9e136269-4615-40fc-bf8c-012a992c4dd0,1,60
2026-09-24T05:05:18.490,POST,/desembolsos,201,296.0,112.5,,b2072c13-1161-48d9-831f-062551af8006,1,60
2026-09-24T05:05:18.572,POST,/desembolsos,201,366.4,189.6,,73807d4f-f296-470b-87dc-cb894ddd3da7,1,60
2026-09-24T05:05:18.763,POST,/desembolsos,201,363.2,177.9,,e856a0dc-b188-46cb-8706-0bb1feb74704,1,60
2026-09-24T05:05:18.853,POST,/desembolsos,201,369.1,118.4,,256b2056-0610-46dd-b222-789d8f6a8211,1,60
2026-09-24T05:05:18.070,POST,/desembolsos,201,1347.3,156.7,,0795225c-2441-41c4-996e-24d951b251c8,1,60
2026-09-24T05:05:18.971,POST,/desembolsos,201,529.3,177.2,,4c1ba6ac-259f-4e42-87f6-6c06b4a1aa1a,1,60
2026-09-24T05:05:19.070,POST,/desembolsos,201,436.5,179.0,,208b049d-1803-4c7d-b09e-a594519ebac7,1,60
2026-09-24T05:05:19.279,POST,/desembolsos,201,507.6,229.0,,da692147-4a53-4ee6-ab4f-78678231d224,1,60
2026-09-24T05:05:19.187,POST,/desembolsos,201,599.7,320.9,,9b22dab0-ba1b-4899-b3cd-b97cb798fb9b,1,60
2026-09-24T05:05:19.371,POST,/desembolsos,201,415.9,153.7,,41f20d69-138f-425f-83e3-86948d242eee,1,60
2026-09-24T05:05:19.470,POST,/desembolsos,201,517.5,317.0,,548db72f-a5f7-4a7a-812a-19cceca46df0,1,60
2026-09-24T05:05:18.683,POST,/desembolsos,201,1305.0,178.2,,d522408e-610c-4f4a-ae91-4d2891503b67,1,60
2026-09-24T05:05:19.574,POST,/desembolsos,201,414.3,212.9,,4a72c843-7b1e-496f-8a03-1137597358b8,1,60
2026-09-24T05:05:19.686,POST,/desembolsos,201,310.7,119.2,,96601f73-2d7d-4258-8338-cdc34da05d83,1,60
2026-09-24T05:05:19.784,POST,/desembolsos,201,286.5,110.2,,330e742f-d770-4f2a-8933-c1d76266baba,1,60
2026-09-24T05:05:19.861,POST,/desembolsos,201,299.9,127.5,,98ef9aa1-b848-4d1d-9c4f-fb1761359f2c,1,60
2026-09-24T05:05:19.987,POST,/desembolsos,201,363.4,174.1,,1860007b-dff9-44c3-97ac-aeb56d351721,1,60
2026-09-24T05:05:20.069,POST,/desembolsos,201,394.6,182.4,,9c1da24b-4ed7-4c4c-af97-9cbc39c36335,1,60
2026-09-24T05:05:20.154,POST,/desembolsos,201,375.0,190.5,,85b7eeb3-9d79-41ed-a154-fcb3429c4e6e,1,60
2026-09-24T05:05:20.287,POST,/desembolsos,201,437.3,178.7,,7f9d8487-649f-4f6d-9dc7-5ad68497817e,1,60
2026-09-24T05:05:20.364,POST,/desembolsos,201,453.3,181.8,,fa188d05-41f1-431b-ad56-6df1071c43bd,1,60
2026-09-24T05:05:20.481,POST,/desembolsos,201,359.9,164.3,,ae7a6365-3e99-4fa6-b9a1-7c1a8a37e5fd,1,60
2026-09-24T05:05:20.579,POST,/desembolsos,201,354.4,164.5,,ed69d02f-a179-425c-a830-fbd2c9ac3c0e,1,60
2026-09-24T05:05:20.679,POST,/desembolsos,201,329.2,148.9,,09c8b116-8fb8-4a9b-87a4-c06e237d91ef,1,60
2026-09-24T05:05:20.775,POST,/desembolsos,201,325.2,148.4,,cd970739-f671-4b04-b022-d3c57c6fec92,1,60
2026-09-24T05:05:20.970,POST,/desembolsos,201,330.3,145.2,,677bbd1b-c7dd-4ac9-b204-ac55df763017,1,60
2026-09-24T05:05:21.086,POST,/desembolsos,201,484.7,167.2,,289bf1c6-e3cb-4a09-b2d9-96fa909e7649,1,60
2026-09-24T05:05:21.196,POST,/desembolsos,201,375.7,115.4,,a530bac9-33e3-4b6f-b010-fc8e35cd621b,1,60
2026-09-24T05:05:21.298,POST,/desembolsos,201,412.3,270.7,,555f51dd-78e2-45bb-b6e7-ca6c8d804466,1,60
2026-09-24T05:05:21.386,POST,/desembolsos,201,327.0,185.0,,cf839d8c-d777-4a2e-9baf-0fdd50aa34c2,1,60
2026-09-24T05:05:21.478,POST,/desembolsos,201,324.4,195.5,,f314292a-3f57-45b6-968e-c117ffae416d,1,60
2026-09-24T05:05:21.570,POST,/desembolsos,201,292.5,143.3,,5d2f4c33-6ad6-4b7e-a975-8a50a82104f6,1,60
2026-09-24T05:05:21.673,POST,/desembolsos,201,258.4,129.7,,abc594da-9c41-405c-95b2-dc817bb3db84,1,60
2026-09-24T05:05:20.862,POST,/desembolsos,201,1122.1,158.3,,c2de19c6-3a63-4c66-85ce-96a48d282caa,1,60
2026-09-24T05:05:21.793,POST,/desembolsos,201,261.0,137.5,,361977db-d1d6-4619-bb0f-1ddaf6b34d9b,1,60
2026-09-24T05:05:21.879,POST,/desembolsos,201,260.0,115.3,,ba726c50-241d-41b8-a8e2-10e8fec6df3d,1,60
2026-09-24T05:05:21.979,POST,/desembolsos,201,247.0,116.8,,27ee1705-002d-426f-85b3-b4c97567189b,1,60
2026-09-24T05:05:22.086,POST,/desembolsos,201,257.4,120.0,,e165bd10-0885-467d-9766-1c078e8c77fa,1,60
2026-09-24T05:05:22.187,POST,/desembolsos,201,267.7,136.7,,e9eef99f-b1c9-49c0-abb9-50262e9bdf5f,1,60
2026-09-24T05:05:22.286,POST,/desembolsos,201,273.6,143.5,,49cae641-3e41-40c2-a086-645b6328a541,1,60
2026-09-24T05:05:22.386,POST,/desembolsos,201,234.7,113.9,,ef6e8ee2-6594-4161-8a08-65a90faca6e1,1,60
2026-09-24T05:05:22.455,POST,/desembolsos,201,232.8,117.0,,5cb3cf57-a14d-4c71-98a4-7aa0299c826d,1,60
2026-09-24T05:05:22.571,POST,/desembolsos,201,237.4,113.5,,d10c41f6-5c4f-4f18-be42-45071794879c,1,60
2026-09-24T05:05:22.684,POST,/desembolsos,201,289.6,112.4,,12267e47-993d-426a-b91c-716a4d6505dc,1,60
2026-09-24T05:05:22.787,POST,/desembolsos,201,232.4,110.9,,f465ad6a-0755-432f-b8ce-55e2f60d635f,1,60
2026-09-24T05:05:22.887,POST,/desembolsos,201,238.8,113.1,,68f58bf1-f436-4780-9a7f-147dd6529b9a,1,60
2026-09-24T05:05:22.974,POST,/desembolsos,201,231.3,112.9,,6e98c8ef-56f5-4831-9496-c5338528c5a4,1,60
2026-09-24T05:05:23.074,POST,/desembolsos,201,226.7,111.4,,dc16b460-49b7-41c6-99c5-1b20022a00fe,1,60
2026-09-24T05:05:23.172,POST,/desembolsos,201,310.5,113.1,,5bec3b8a-5b03-4c3e-adeb-63b8776d09d3,1,60
2026-09-24T05:05:23.277,POST,/desembolsos,201,235.2,113.1,,882841e4-3c2e-454f-a1a8-b3c68aa349e5,1,60
2026-09-24T05:05:23.381,POST,/desembolsos,201,229.5,109.8,,32b77fe6-6acb-4e6a-b077-bcc10157e254,1,60
2026-09-24T05:05:23.477,POST,/desembolsos,201,245.8,125.0,,a8f40562-3a1a-4b99-841d-f1c5063ca120,1,60
2026-09-24T05:05:23.576,POST,/desembolsos,201,246.3,113.0,,3c7f3949-1bb0-4c24-8812-e62f877121b0,1,60
2026-09-24T05:05:23.676,POST,/desembolsos,201,240.9,123.5,,0372e1ec-ef89-44be-a6bb-417ab897a5c4,1,60
2026-09-24T05:05:23.774,POST,/desembolsos,201,236.6,114.7,,bb7553ed-ff2c-49bb-9bb6-5ad6da9c4f6a,1,60
2026-09-24T05:05:23.878,POST,/desembolsos,201,232.1,112.8,,ee5959e0-0f52-4436-b527-be0576e58cb4,1,60
2026-09-24T05:05:23.971,POST,/desembolsos,201,248.9,113.9,,621340a6-53fa-41bf-a382-6a1b46f7a5ba,1,60
2026-09-24T05:05:24.079,POST,/desembolsos,201,253.6,123.8,,fb2e4738-6cb1-43c7-bd5c-5144714dc679,1,60
2026-09-24T05:05:24.170,POST,/desembolsos,201,278.7,121.3,,fdcda77d-2cbe-4752-9aed-7e850710c00d,1,60
2026-09-24T05:05:24.279,POST,/desembolsos,201,232.6,111.2,,048b95c5-b29a-46f8-8711-61db28b34649,1,60
2026-09-24T05:05:24.370,POST,/desembolsos,201,234.8,112.1,,9b56c2b0-5233-4242-ad9c-20f358eea1b6,1,60
2026-09-24T05:05:24.481,POST,/desembolsos,201,237.6,117.4,,454f124d-bef5-46f3-8ed9-48247fc6bd58,1,60
2026-09-24T05:05:24.578,POST,/desembolsos,201,238.8,118.2,,8fa5893e-f328-4908-99ee-1afd8665823a,1,60
2026-09-24T05:05:24.680,POST,/desembolsos,201,235.6,116.2,,701a9314-e0ab-4107-9064-44621d45b6a5,1,60
2026-09-24T05:05:24.786,POST,/desembolsos,201,234.3,113.9,,45a55e3f-8957-4908-96c6-bad4479e6225,1,60
2026-09-24T05:05:24.887,POST,/desembolsos,201,243.2,121.7,,fb858e40-8f0b-45b9-9f11-49b0d231fe44,1,60
2026-09-24T05:05:24.979,POST,/desembolsos,201,230.8,111.1,,43834aa0-4f69-4a3d-9ef3-4e040950f659,1,60
2026-09-24T05:05:25.087,POST,/desembolsos,201,232.6,110.0,,4aadeba3-7a9d-4c7b-a570-4db9830838de,1,60
2026-09-24T05:05:25.196,POST,/desembolsos,201,237.6,119.7,,68b7cb47-e5f8-4d15-a26c-0f15e82df27f,1,60
2026-09-24T05:05:25.302,POST,/desembolsos,201,236.7,119.0,,def01e2d-8512-46b9-bb83-5d1098b53237,1,60
2026-09-24T05:05:25.370,POST,/desembolsos,201,243.3,121.6,,1beb606f-9360-4e97-b394-796a0a5b6ad2,1,60
2026-09-24T05:05:25.471,POST,/desembolsos,201,272.1,142.6,,38ac9903-7154-4b07-a97c-2ebe3e9fd31d,1,60
2026-09-24T05:05:25.572,POST,/desembolsos,201,279.5,149.3,,d42a5716-7ba4-4da3-bf41-b4b716e682da,1,60
2026-09-24T05:05:25.677,POST,/desembolsos,201,249.4,132.9,,876d701f-39c5-45d4-b31f-5aee5d9492f0,1,60
2026-09-24T05:05:25.778,POST,/desembolsos,201,320.5,117.3,,18d4a87a-05ab-435d-8b3d-40cc020d6ec0,1,60
2026-09-24T05:05:25.895,POST,/desembolsos,201,380.6,203.7,,ce8fbb11-c3d5-4c84-9ded-d3ad23c5587e,1,60
2026-09-24T05:05:25.985,POST,/desembolsos,201,292.2,113.4,,9a9d7364-c57f-4f95-8b35-7b93176691a8,1,60
2026-09-24T05:05:26.087,POST,/desembolsos,201,245.2,121.9,,ae6bc8ee-8259-43b7-8d4a-9ea00b34dd21,1,60
2026-09-24T05:05:26.170,POST,/desembolsos,201,231.6,111.7,,b7c9bb51-6ec1-46ee-aee1-5cecee972de2,1,60
2026-09-24T05:05:26.269,POST,/desembolsos,201,228.1,110.0,,b2cde243-5eb9-4bb9-a7fd-bae7d59144ea,1,60
2026-09-24T05:05:26.378,POST,/desembolsos,201,236.6,111.8,,7b507de3-d45c-4f7d-be44-7053e4e5b6ca,1,60
2026-09-24T05:05:26.487,POST,/desembolsos,201,243.6,112.7,,f270a802-ed57-4b03-9c68-71bae22e912d,1,60
2026-09-24T05:05:26.595,POST,/desembolsos,201,250.1,113.3,,0533cb52-6da7-435c-a903-30b0b66f27da,1,60
2026-09-24T05:05:26.662,POST,/desembolsos,201,287.6,153.2,,672af8b9-b3aa-4ac4-9682-73df7f192131,1,60
2026-09-24T05:05:26.770,POST,/desembolsos,201,276.2,158.3,,dd8375ad-b956-4897-8114-db0c4bbcbcfc,1,60
2026-09-24T05:05:26.879,POST,/desembolsos,201,242.4,113.1,,9f6b8a28-7df9-45aa-9139-cbd869630712,1,60
2026-09-24T05:05:26.991,POST,/desembolsos,201,259.6,130.5,,148c0a7f-97d2-4550-8f26-61ef4a68b263,1,60
2026-09-24T05:05:27.088,POST,/desembolsos,201,236.8,113.1,,00d5e6e5-1cc2-4744-b7f0-78b3d0fea5ef,1,60
2026-09-24T05:05:27.192,POST,/desembolsos,201,228.5,111.2,,6821bd57-a266-45f0-ad41-0a69ec4d5160,1,60
2026-09-24T05:05:27.287,POST,/desembolsos,201,261.8,113.0,,d768fc0a-61bb-460e-8f82-1df9344452fe,1,60
2026-09-24T05:05:27.370,POST,/desembolsos,201,248.2,131.7,,5a733df4-dbca-4de0-b293-56c3a45ba2bf,1,60
2026-09-24T05:05:27.486,POST,/desembolsos,201,234.0,113.6,,17645341-45e5-4c2d-b9fb-ffd9afde5829,1,60
2026-09-24T05:05:27.599,POST,/desembolsos,201,234.3,114.5,,f4398cc7-5458-4a8b-9393-44490c6daec6,1,60
2026-09-24T05:05:27.680,POST,/desembolsos,201,231.7,114.3,,fef947e2-23c9-40ed-b57c-b1ead8b860b7,1,60
2026-09-24T05:05:27.793,POST,/desembolsos,201,229.8,110.5,,ee347cb7-2264-4156-8454-a0dff6ba4fd8,1,60
2026-09-24T05:05:27.887,POST,/desembolsos,201,231.4,111.9,,580d43a9-209c-49d1-954c-81e86cda4590,1,60
2026-09-24T05:05:27.978,POST,/desembolsos,201,232.1,111.3,,e99e3d85-b117-4083-b0a4-64821ac3b6f4,1,60
2026-09-24T05:05:28.071,POST,/desembolsos,201,229.9,114.5,,d25ce344-b234-4ad0-af8c-e9352c43c3a6,1,60
2026-09-24T05:05:28.178,POST,/desembolsos,201,234.0,114.3,,d8cdac63-7f7b-46d3-8be4-95d670e29838,1,60
2026-09-24T05:05:28.288,POST,/desembolsos,201,235.4,113.3,,d82d5661-c7fa-4fce-a303-504aca49870f,1,60
2026-09-24T05:05:28.386,POST,/desembolsos,201,272.0,111.4,,d17d0fa3-1939-4256-a42d-9149f412695a,1,60
2026-09-24T05:05:28.476,POST,/desembolsos,201,235.2,115.8,,00a3161c-9cb5-4b9a-abdc-61fd46601212,1,60
2026-09-24T05:05:28.592,POST,/desembolsos,201,230.9,112.9,,c85e7a38-41f2-4d5b-a0f0-3b11dd31c205,1,60
2026-09-24T05:05:28.703,POST,/desembolsos,201,230.9,110.7,,36a083a2-3c1d-4eaa-afdc-9a6275587860,1,60
2026-09-24T05:05:28.780,POST,/desembolsos,201,245.6,121.3,,adbbbc21-698e-4373-8340-f7eb25bfe97c,1,60
2026-09-24T05:05:28.876,POST,/desembolsos,201,237.5,113.3,,b047cd4c-9bbc-43ac-84dc-6bb612508bb9,1,60
2026-09-24T05:05:28.971,POST,/desembolsos,201,234.4,113.8,,83b714f8-ea5b-4e1b-a769-a6dcee660519,1,60
2026-09-24T05:05:29.071,POST,/desembolsos,201,241.2,115.9,,b934fc53-be88-4b77-81ea-8975df6e84e4,1,60
2026-09-24T05:05:29.186,POST,/desembolsos,201,252.9,116.6,,27ddb37b-41b0-4fc6-95a1-0627fbb31ff3,1,60
2026-09-24T05:05:29.287,POST,/desembolsos,201,234.8,116.6,,e2570a6b-9ebb-48b3-a59e-387566bccdaf,1,60
2026-09-24T05:05:29.379,POST,/desembolsos,201,257.3,136.1,,92821256-c0fb-47e7-a40b-d3b327482950,1,60
2026-09-24T05:05:29.477,POST,/desembolsos,201,254.0,116.8,,a339ff4d-b9d8-43eb-94be-0a4e25c62bdc,1,60
2026-09-24T05:05:29.592,POST,/desembolsos,201,299.2,129.1,,395307ad-25a4-4326-8175-feb92bdf7d54,1,60
2026-09-24T05:05:29.688,POST,/desembolsos,201,244.9,114.1,,32e4ab32-cc87-4fe9-8950-b6d6289c01b0,1,60
2026-09-24T05:05:29.786,POST,/desembolsos,201,250.3,126.2,,a6ec8644-9ce0-478d-81b1-f6b544a02a50,1,60
2026-09-24T05:05:29.871,POST,/desembolsos,201,281.9,125.3,,61b7b8a0-b224-4f8f-8b1c-a32f6657a79d,1,60
2026-09-24T05:05:29.971,POST,/desembolsos,201,234.8,114.8,,e999b2a7-a301-4987-b22c-d4380651634b,1,60
2026-09-24T05:05:30.079,POST,/desembolsos,201,257.4,118.7,,765aa3c5-b596-44e4-b363-f9708baf630f,1,60
2026-09-24T05:05:30.179,POST,/desembolsos,201,231.7,113.8,,8b7b0f2a-e126-43fd-8a60-3434549f5ade,1,60
2026-09-24T05:05:30.288,POST,/desembolsos,201,259.0,115.9,,b08129c7-29d0-4a10-969a-3e65abf46df9,1,60
2026-09-24T05:05:30.379,POST,/desembolsos,201,243.5,120.0,,ab440af4-df27-454c-8a85-39cb1a733676,1,60
2026-09-24T05:05:30.485,POST,/desembolsos,201,242.5,112.5,,80c86fe2-3d45-48b6-b334-b3ab6fad9a35,1,60
2026-09-24T05:05:30.568,POST,/desembolsos,201,257.3,124.2,,83ebb3d8-ac47-4652-8dcf-c0fc662959b3,1,60
2026-09-24T05:05:30.681,POST,/desembolsos,201,248.4,121.5,,ff74bbee-3073-4060-8600-4e4a4b9d2cb1,1,60
2026-09-24T05:05:30.796,POST,/desembolsos,201,231.6,112.8,,1083d951-3cb4-4b9f-a6bd-42c8705b4454,1,60
2026-09-24T05:05:30.879,POST,/desembolsos,201,283.9,113.9,,df514a21-dc1c-46bb-971d-b5284d6a79ef,1,60
2026-09-24T05:05:30.963,POST,/desembolsos,201,236.5,113.5,,77b521ee-4053-40cc-b045-85e34b7d7dfe,1,60
2026-09-24T05:05:31.075,POST,/desembolsos,201,230.1,114.0,,607c5c56-c80a-4f73-a223-8c1ae7d52983,1,60
2026-09-24T05:05:31.163,POST,/desembolsos,201,291.3,115.8,,7d0aa514-6754-4d69-853b-3d12aea1d202,1,60
2026-09-24T05:05:31.276,POST,/desembolsos,201,290.5,171.0,,7db01dba-67df-45e6-93fb-c6fc5e9cf6b4,1,60
2026-09-24T05:05:31.372,POST,/desembolsos,201,235.1,111.7,,b05dff93-82e8-42b4-989b-ae751daec593,1,60
2026-09-24T05:05:31.502,POST,/desembolsos,201,272.5,118.6,,493614ff-c067-4229-852a-5936ad42f9ee,1,60
2026-09-24T05:05:31.567,POST,/desembolsos,201,235.0,112.2,,9646e33a-e78e-4769-a9b8-6c7e65d06634,1,60
2026-09-24T05:05:31.676,POST,/desembolsos,201,228.1,113.1,,0faafaf4-a781-46bc-9371-f489c1461ae3,1,60
2026-09-24T05:05:31.782,POST,/desembolsos,201,237.2,112.8,,6dc6ebf7-a568-497d-bbf4-dfa9a6e960f3,1,60
2026-09-24T05:05:31.888,POST,/desembolsos,201,245.4,115.5,,bc32ca0f-61ad-49ff-b2f8-e611b9b0dba9,1,60
2026-09-24T05:05:31.988,POST,/desembolsos,201,230.0,110.3,,2f73afe0-c1ce-416c-aa65-62815ef236de,1,60
2026-09-24T05:05:32.080,POST,/desembolsos,201,232.2,112.4,,b9646d7b-a1f8-4b42-a66e-989643369677,1,60
2026-09-24T05:05:32.179,POST,/desembolsos,201,231.4,113.0,,53311a66-96a2-4159-a85f-c92a6b7479bb,1,60
2026-09-24T05:05:32.280,POST,/desembolsos,201,230.4,110.6,,6cd83d2f-d5fd-4678-ac7c-53498de30c15,1,60
2026-09-24T05:05:32.389,POST,/desembolsos,201,274.3,111.7,,93588a09-0ccb-49f3-91f9-3d64a6db5086,1,60
2026-09-24T05:05:32.494,POST,/desembolsos,201,235.8,113.5,,a11bf631-e691-46d6-86ca-53413389ce83,1,60
2026-09-24T05:05:32.575,POST,/desembolsos,201,235.8,118.6,,c8b58f29-7f49-47ae-a7e3-9e4212a18b81,1,60
2026-09-24T05:05:32.689,POST,/desembolsos,201,236.6,115.4,,85ab2e46-45af-4312-b42f-79d89a0b9c38,1,60
2026-09-24T05:05:32.770,POST,/desembolsos,201,238.2,118.8,,a79018b3-266d-4de0-a872-4a6953853c74,1,60
2026-09-24T05:05:32.880,POST,/desembolsos,201,230.7,115.4,,3305f1f0-fe2f-47a2-89db-7e32d5dfb113,1,60
2026-09-24T05:05:32.988,POST,/desembolsos,201,238.4,113.3,,b222e3b3-49dc-4fba-8d36-d3fcea820859,1,60
2026-09-24T05:05:33.071,POST,/desembolsos,201,241.0,112.1,,87f9a38d-75de-460d-a848-c487d12e2bc3,1,60
2026-09-24T05:05:33.180,POST,/desembolsos,201,246.0,123.1,,2eb0f18f-6721-4b3c-a7ad-8b5a4cd0ff2e,1,60
2026-09-24T05:05:33.255,POST,/desembolsos,201,238.9,116.7,,813ea894-55bb-4d08-b531-b032f739c85e,1,60
2026-09-24T05:05:33.371,POST,/desembolsos,201,249.3,114.8,,aad56a22-4e69-4cb4-92dd-ce15febd2225,1,60
2026-09-24T05:05:33.470,POST,/desembolsos,201,246.9,123.6,,ba953e49-9926-4db7-8a3b-becf497820e5,1,60
2026-09-24T05:05:33.567,POST,/desembolsos,201,240.6,116.3,,01b108fc-2fb3-4328-8585-36d9dd7a74c7,1,60
2026-09-24T05:05:33.677,POST,/desembolsos,201,237.6,116.3,,c439a174-13a6-482f-860d-dc3ce22c792a,1,60
2026-09-24T05:05:33.791,POST,/desembolsos,201,241.3,115.6,,0d107923-2ef6-4f7a-b140-cc5dd17b038d,1,60
2026-09-24T05:05:33.872,POST,/desembolsos,201,239.8,121.0,,dd5e1d83-5d73-46d7-bff8-91d02c3271e6,1,60
2026-09-24T05:05:33.963,POST,/desembolsos,201,243.1,114.0,,d9d7451b-da17-4e09-9bed-bd429feae76c,1,60
2026-09-24T05:05:34.076,POST,/desembolsos,201,262.0,119.4,,efd65ef4-fcb9-4d6a-acd5-c411fa134201,1,60
2026-09-24T05:05:34.195,POST,/desembolsos,201,261.5,143.8,,d37fc756-88fd-4eb6-9365-97493bcd9d8f,1,60
2026-09-24T05:05:34.279,POST,/desembolsos,201,240.4,112.5,,00c51716-c9bf-49bf-befd-c84fb4c97350,1,60
2026-09-24T05:05:34.378,POST,/desembolsos,201,235.3,112.1,,34626088-14df-4012-997a-d02ef1cf903f,1,60
2026-09-24T05:05:34.485,POST,/desembolsos,201,247.4,123.8,,da030a87-4221-42dc-9dce-85012c8dbf7a,1,60
2026-09-24T05:05:34.587,POST,/desembolsos,201,240.4,114.9,,bf90c845-45a8-49a5-a9e6-b40357766e1d,1,60
2026-09-24T05:05:34.677,POST,/desembolsos,201,239.7,117.2,,dd3dc4b5-5597-40ea-9f3c-edbd2900febe,1,60
2026-09-24T05:05:34.794,POST,/desembolsos,201,244.0,121.0,,808c08ca-cd36-4d82-9fdb-6be273f4ced8,1,60
2026-09-24T05:05:34.879,POST,/desembolsos,201,247.5,123.5,,210b774e-a1ce-497c-b655-d8fbc9e6b9d0,1,60
2026-09-24T05:05:34.971,POST,/desembolsos,201,235.2,112.8,,4cabbace-2829-4405-b6ce-3d07ad4265b5,1,60
2026-09-24T05:05:35.071,POST,/desembolsos,201,241.0,112.7,,d39c5af4-3595-4049-8d32-bb35bb87bf8a,1,60
2026-09-24T05:05:35.179,POST,/desembolsos,201,233.6,112.8,,0411e605-b793-4a80-b463-e1a29a6ad208,1,60
2026-09-24T05:05:35.279,POST,/desembolsos,201,256.3,112.9,,599e3781-cd0e-44ea-8313-a7ec63f7aacd,1,60
2026-09-24T05:05:35.353,POST,/desembolsos,201,231.8,111.7,,877f9990-e05c-4c74-b636-a59283ece7ef,1,60
2026-09-24T05:05:35.462,POST,/desembolsos,201,231.8,112.0,,540cfe46-fda6-433a-bdd4-345b21d0434c,1,60
2026-09-24T05:05:35.578,POST,/desembolsos,201,242.5,116.3,,aa44d679-07c9-4dcd-b5a5-faa5b4731252,1,60
2026-09-24T05:05:35.692,POST,/desembolsos,201,235.5,119.0,,eb1a7194-9daa-45a6-8c8c-fb3ab09f2fcc,1,60
2026-09-24T05:05:35.779,POST,/desembolsos,201,240.6,114.0,,563aa5d0-428f-48f9-b03f-e48d0b8a9459,1,60
2026-09-24T05:05:35.885,POST,/desembolsos,201,254.9,114.3,,450a2478-3bdb-4bd9-b9dc-1c652eec302d,1,60
2026-09-24T05:05:35.967,POST,/desembolsos,201,234.1,113.7,,715e1057-7049-45c6-8dca-af7b50b2d19e,1,60
2026-09-24T05:05:36.080,POST,/desembolsos,201,230.6,110.0,,0244576e-ec80-4530-acad-e4a3bccdcf18,1,60
2026-09-24T05:05:36.178,POST,/desembolsos,201,231.5,112.1,,00e57fc6-66c9-4c2e-b039-9d8a681f6e41,1,60
2026-09-24T05:05:36.279,POST,/desembolsos,201,234.5,112.9,,d7765d9f-cd7c-44fb-b84c-48536d92967a,1,60
2026-09-24T05:05:36.380,POST,/desembolsos,201,228.3,110.7,,6941b6b4-a68a-453c-afc6-09e15f8a0004,1,60
2026-09-24T05:05:36.478,POST,/desembolsos,201,234.8,112.5,,3c9c5698-671c-46de-aec1-99d87480ae1b,1,60
2026-09-24T05:05:36.567,POST,/desembolsos,201,244.4,121.0,,baa2b47a-6232-4f23-848e-e0f814d0f1e6,1,60
2026-09-24T05:05:36.687,POST,/desembolsos,201,229.4,111.6,,9ac2599d-beec-4ca3-bc97-730f6ac17812,1,60
2026-09-24T05:05:36.777,POST,/desembolsos,201,235.0,112.3,,a978bf9b-63ac-4ee1-9f18-e25d14c097cc,1,60
2026-09-24T05:05:36.888,POST,/desembolsos,201,244.1,115.2,,0e392833-ff59-4acd-b002-2bf3e7548ebb,1,60
2026-09-24T05:05:36.979,POST,/desembolsos,201,231.0,111.5,,5797dd5d-797b-4584-87a7-1a8ac0cc7047,1,60
2026-09-24T05:05:37.088,POST,/desembolsos,201,234.6,114.5,,b5260aff-2450-47ec-83b1-479b2516c43c,1,60
2026-09-24T05:05:37.188,POST,/desembolsos,201,232.3,112.5,,6f7dbf5c-e5d0-41f0-a81c-80e998869a4a,1,60
2026-09-24T05:05:37.296,POST,/desembolsos,201,228.2,111.0,,cb22b3e9-09c8-4d46-aad7-3900bbb4716f,1,60
2026-09-24T05:05:37.381,POST,/desembolsos,201,235.3,114.3,,470f8c30-00e0-4600-9306-03341218843d,1,60
2026-09-24T05:05:37.470,POST,/desembolsos,201,235.3,116.1,,d4453cd4-334d-4232-9426-0c0dd54c91b4,1,60
2026-09-24T05:05:37.572,POST,/desembolsos,201,238.2,116.6,,9c977b65-e051-4a5e-8fd8-65d90806365e,1,60
2026-09-24T05:05:37.687,POST,/desembolsos,201,232.7,112.7,,7f907431-d8f6-4547-84d2-3e17147d3708,1,60
2026-09-24T05:05:37.786,POST,/desembolsos,201,232.2,113.4,,59d02a1d-96fa-4c04-9a1b-446b5924d7a2,1,60
2026-09-24T05:05:37.879,POST,/desembolsos,201,239.0,118.4,,9ded7365-56da-47ec-9af9-78826e72b3e0,1,60
2026-09-24T05:05:37.975,POST,/desembolsos,201,245.3,115.0,,e536baf6-02ca-4613-a07f-1da6372b5ab4,1,60
2026-09-24T05:05:38.084,POST,/desembolsos,201,246.8,112.1,,8dfeccd7-4308-449b-9075-65e002c86c7b,1,60
2026-09-24T05:05:38.180,POST,/desembolsos,201,255.9,139.0,,df233fa0-cfae-4226-9174-ac7c9b43bd4e,1,60
2026-09-24T05:05:38.278,POST,/desembolsos,201,240.1,117.8,,fb53b35f-0241-4ca4-85c1-e1ac802ef6ee,1,60
2026-09-24T05:05:38.359,POST,/desembolsos,201,247.7,118.0,,228195ad-16bb-4d13-90e6-43f024033dbc,1,60
2026-09-24T05:05:38.472,POST,/desembolsos,201,232.6,114.6,,6ddab557-ffc4-4cfc-92c7-afbe85eb6543,1,60
2026-09-24T05:05:38.581,POST,/desembolsos,201,237.4,113.1,,7e86e234-7dce-4bb9-b610-52945e7ac161,1,60
2026-09-24T05:05:38.679,POST,/desembolsos,201,247.1,128.3,,1a886e3b-860f-4feb-b507-f5820bcf0cb9,1,60
2026-09-24T05:05:38.791,POST,/desembolsos,201,230.2,110.0,,a6472e0f-cf07-4eb9-89f9-0d385292bf30,1,60
2026-09-24T05:05:38.873,POST,/desembolsos,201,237.7,116.3,,00c74796-3bd7-48c6-8dbd-f88b915cf3fe,1,60
2026-09-24T05:05:38.989,POST,/desembolsos,201,232.9,112.2,,776800dd-a1d2-446c-874c-b22283a0f224,1,60
2026-09-24T05:05:39.072,POST,/desembolsos,201,231.9,110.7,,1c98ad4e-3f45-465e-9132-10a88fc8df66,1,60
2026-09-24T05:05:39.171,POST,/desembolsos,201,261.4,114.6,,0c1c8beb-b814-4cc9-88f7-89064d073d48,1,60
2026-09-24T05:05:39.280,POST,/desembolsos,201,270.0,147.7,,ec132aab-336d-4b47-9fae-3d2f8d3743df,1,60
2026-09-24T05:05:39.388,POST,/desembolsos,201,270.2,153.3,,a6ac7859-cc50-4d11-b5a5-05768e3ab2f3,1,60
2026-09-24T05:05:39.486,POST,/desembolsos,201,253.9,116.1,,ffb330d9-e9f1-4f37-b729-d238da3b0b90,1,60
2026-09-24T05:05:39.584,POST,/desembolsos,201,245.6,114.9,,a6117c2f-4960-4f45-8ebf-5b60258c9567,1,60
2026-09-24T05:05:39.693,POST,/desembolsos,201,266.0,117.2,,d99d0692-a777-4f79-baac-7b42669e5551,1,60
2026-09-24T05:05:39.775,POST,/desembolsos,201,255.4,113.2,,f529a49c-5980-40bc-b2de-941e9d34815a,1,60
2026-09-24T05:05:39.877,POST,/desembolsos,201,268.7,116.4,,4dfdd3c9-361c-48f4-bbef-9f5712f0cb68,1,60
2026-09-24T05:05:39.980,POST,/desembolsos,201,236.3,116.4,,1b8a30b3-9d2f-4f23-9a8e-bfda018ae86a,1,60
2026-09-24T05:05:40.088,POST,/desembolsos,201,248.1,114.6,,b8cd7687-d34a-46dd-94fd-1b16ea736f87,1,60
2026-09-24T05:05:40.172,POST,/desembolsos,201,248.9,114.6,,85ba31e8-e43d-4796-b774-557814efc69a,1,60
2026-09-24T05:05:40.272,POST,/desembolsos,201,231.0,110.1,,43d8908d-31d6-4027-9689-3efcb9c6d6a5,1,60
2026-09-24T05:05:40.363,POST,/desembolsos,201,237.9,117.5,,e9550d2b-ce2e-4050-86b4-1f0a407fa180,1,60
2026-09-24T05:05:40.470,POST,/desembolsos,201,244.2,121.2,,00706cc3-57ff-44d7-a0cc-dd92205b6e8e,1,60
2026-09-24T05:05:40.586,POST,/desembolsos,201,233.8,115.4,,b3ae7166-64e3-4804-9cf1-7bc6a7cb1a62,1,60
2026-09-24T05:05:40.680,POST,/desembolsos,201,234.3,113.8,,d6b0582e-6681-4bf0-ad9f-edda0c8304e7,1,60
2026-09-24T05:05:40.788,POST,/desembolsos,201,237.9,115.4,,5a9eef83-29fe-4381-bc3c-20f5442aeb0e,1,60
2026-09-24T05:05:40.878,POST,/desembolsos,201,230.7,114.6,,09a334d4-7e8b-4f38-a263-6e06459925b9,1,60
2026-09-24T05:05:40.972,POST,/desembolsos,201,271.5,113.7,,baf28940-173f-483d-a0bf-2ff815ff2f2a,1,60
2026-09-24T05:05:41.079,POST,/desembolsos,201,277.7,114.9,,2fec823c-9874-4564-9d68-eaf3a226ad00,1,60
2026-09-24T05:05:41.188,POST,/desembolsos,201,276.8,157.3,,175a11d8-7b67-43a2-ba23-72db3808ca31,1,60
2026-09-24T05:05:41.280,POST,/desembolsos,201,235.3,114.8,,e8cc002e-7996-451e-b063-5e03aa029626,1,60
2026-09-24T05:05:41.357,POST,/desembolsos,201,233.7,113.3,,a17d5e1b-a132-4797-bffc-6a389ffda11a,1,60
2026-09-24T05:05:41.499,POST,/desembolsos,201,229.5,111.4,,ef0daca2-de13-4270-98cc-f2df309ba778,1,60
2026-09-24T05:05:41.576,POST,/desembolsos,201,233.7,114.8,,c4cf1fe7-333f-44ef-aaa6-2eee1b8efd32,1,60
2026-09-24T05:05:41.690,POST,/desembolsos,201,240.8,112.1,,252ba7c1-60a4-4af6-912b-ce20e39e00ad,1,60
2026-09-24T05:05:41.788,POST,/desembolsos,201,264.2,142.8,,7f99114b-23f9-468d-9c2f-2b4055c84deb,1,60
2026-09-24T05:05:41.879,POST,/desembolsos,201,238.7,117.9,,ca70f96b-2503-43e8-bd80-adf5aa179c91,1,60
2026-09-24T05:05:41.976,POST,/desembolsos,201,238.9,115.2,,c5efc6e0-f858-40e4-b1e8-d73bcc12ca3e,1,60
2026-09-24T05:05:42.089,POST,/desembolsos,201,230.1,110.1,,304ed9a5-33be-4af9-a88e-43b9f9f3782b,1,60
2026-09-24T05:05:42.189,POST,/desembolsos,201,236.6,115.2,,57544f61-63ec-4a7c-bb1e-f38ea2048815,1,60
2026-09-24T05:05:42.277,POST,/desembolsos,201,235.1,113.7,,806739a4-124d-4ac1-a675-56656b82751d,1,60
2026-09-24T05:05:42.374,POST,/desembolsos,201,272.9,120.2,,d4ab8951-2179-446e-8132-f39f72179d4e,1,60
2026-09-24T05:05:42.494,POST,/desembolsos,201,275.7,153.7,,224a8c73-d3dc-4d9a-9515-bce73c4e0787,1,60
2026-09-24T05:05:42.576,POST,/desembolsos,201,245.7,118.9,,13fe07b3-833a-4733-bfc4-52638dc36dbe,1,60
2026-09-24T05:05:42.688,POST,/desembolsos,201,236.4,113.1,,ee0bb16f-b643-4308-bdee-2c01ab6883ee,1,60
2026-09-24T05:05:42.800,POST,/desembolsos,201,240.3,118.8,,77b77a20-c609-4674-8251-69673b189d6a,1,60
2026-09-24T05:05:42.866,POST,/desembolsos,201,248.4,119.0,,0f375fc9-f2aa-42d5-a516-07ddf983df01,1,60
2026-09-24T05:05:42.971,POST,/desembolsos,201,245.0,117.4,,8d992a1e-b480-49cc-937e-495e0d7f417d,1,60
2026-09-24T05:05:43.080,POST,/desembolsos,201,242.7,117.2,,53beac6f-120d-4c3e-ada7-5507a4f5ddec,1,60
2026-09-24T05:05:43.188,POST,/desembolsos,201,236.7,115.0,,2adca633-37d2-4e1e-bc81-81c5178a9693,1,60
2026-09-24T05:05:43.280,POST,/desembolsos,201,238.6,113.5,,c1469c21-b057-466f-b167-7a71c8775776,1,60
2026-09-24T05:05:43.371,POST,/desembolsos,201,237.9,113.4,,51005890-c1bb-4cf2-a26c-6c603b68a9b5,1,60
2026-09-24T05:05:43.484,POST,/desembolsos,201,244.8,123.9,,ac102ddb-554f-4c54-b5aa-56b244d256a4,1,60
2026-09-24T05:05:43.592,POST,/desembolsos,201,246.8,124.8,,54e893c7-b33f-4562-b2ff-ac57f0c77609,1,60
2026-09-24T05:05:43.689,POST,/desembolsos,201,243.7,123.9,,ef0277d4-8096-4fe4-9044-a4d24c3de49b,1,60
2026-09-24T05:05:43.787,POST,/desembolsos,201,261.2,141.4,,4b7bd131-16ec-4a23-a7da-563a8a78abd2,1,60
2026-09-24T05:05:43.880,POST,/desembolsos,201,280.2,110.2,,15dcde76-9c42-4ebf-96a3-b5475c679072,1,60
2026-09-24T05:05:43.972,POST,/desembolsos,201,236.0,112.3,,e6ca0e09-93d2-47ce-805d-fa4b849708d6,1,60
2026-09-24T05:05:44.079,POST,/desembolsos,201,232.3,113.0,,f9fb4ef6-c079-4fd7-a35a-835a6502b2dd,1,60
2026-09-24T05:05:44.180,POST,/desembolsos,201,232.9,111.2,,7b768783-a7ce-4421-a151-cc7bbae33574,1,60
2026-09-24T05:05:44.253,POST,/desembolsos,201,243.5,114.3,,7e32f7ac-90f9-4ded-88fa-f33c9a8c2a89,1,60
2026-09-24T05:05:44.366,POST,/desembolsos,201,243.9,120.0,,b96dee66-858f-4b1f-a716-afc8eea31427,1,60
2026-09-24T05:05:44.469,POST,/desembolsos,201,231.2,112.9,,d1addf3b-d625-440a-b62b-25566bac80b1,1,60
2026-09-24T05:05:44.582,POST,/desembolsos,201,229.8,112.1,,b4a985ca-646b-4a4d-a466-8568e084506b,1,60
2026-09-24T05:05:44.678,POST,/desembolsos,201,243.4,119.8,,4787db05-477c-442e-944c-c302d57ffa07,1,60
2026-09-24T05:05:44.785,POST,/desembolsos,201,235.0,117.4,,f440692d-bef4-4f56-8c60-712e8bb04a44,1,60
2026-09-24T05:05:44.871,POST,/desembolsos,201,240.0,115.3,,536cce7d-a7bc-4724-89ac-6ac8b871946d,1,60
2026-09-24T05:05:44.980,POST,/desembolsos,201,229.4,110.1,,2ee333de-5bb9-4ce1-81de-b527b3c66c61,1,60
2026-09-24T05:05:45.071,POST,/desembolsos,201,233.7,113.2,,48882109-45fd-424c-bd01-55fd89a8820a,1,60
2026-09-24T05:05:45.180,POST,/desembolsos,201,235.7,113.7,,4959adbc-e638-4f28-83d8-4e0f098f0311,1,60
2026-09-24T05:05:45.293,POST,/desembolsos,201,235.8,112.9,,274da9ec-3183-47ce-afe7-a4562e60524b,1,60
2026-09-24T05:05:45.371,POST,/desembolsos,201,269.7,143.3,,8a7a5714-84c7-41f9-8fa6-05c0a488c50e,1,60
2026-09-24T05:05:45.478,POST,/desembolsos,201,242.6,114.7,,aa81da9e-d33a-49da-a382-08ec5f3d8276,1,60
2026-09-24T05:05:45.591,POST,/desembolsos,201,231.1,111.7,,1137fbd4-47cf-4e9e-a23b-1ef44daa8fa2,1,60
2026-09-24T05:05:45.673,POST,/desembolsos,201,231.0,112.7,,d969626d-d50c-4f63-8648-3d188fc33142,1,60
2026-09-24T05:05:45.784,POST,/desembolsos,201,231.7,114.2,,c5f82fc3-8c8a-4fa0-8b22-e1c6c39423ad,1,60
2026-09-24T05:05:45.897,POST,/desembolsos,201,227.1,110.4,,16f5aa22-db2a-49e7-9687-ff766c458b93,1,60
2026-09-24T05:05:45.980,POST,/desembolsos,201,262.1,138.6,,7d224844-119c-4e4b-b62b-967c2c5bc7d2,1,60
2026-09-24T05:05:46.089,POST,/desembolsos,201,260.2,136.1,,97421c2d-591c-4bd3-93c9-6b6249b0e802,1,60
2026-09-24T05:05:46.180,POST,/desembolsos,201,229.1,112.9,,777e728e-444c-462a-8fd2-9c2a0bcfee2d,1,60
2026-09-24T05:05:46.271,POST,/desembolsos,201,231.0,112.1,,5976cf68-d3f6-4801-a9d3-4bc2405706af,1,60
2026-09-24T05:05:46.380,POST,/desembolsos,201,237.4,115.3,,f38f71d9-7950-4476-98d6-1bc9955408bb,1,60
2026-09-24T05:05:46.488,POST,/desembolsos,201,231.5,111.6,,614dd01b-1995-42b7-87f3-ede750639d97,1,60
2026-09-24T05:05:46.570,POST,/desembolsos,201,237.0,114.2,,9d3a7092-a210-4728-b5c5-d22234c8daa3,1,60
2026-09-24T05:05:46.673,POST,/desembolsos,201,239.8,116.6,,9b877177-b1ac-4201-bf22-b6d0daf30dc3,1,60
2026-09-24T05:05:46.785,POST,/desembolsos,201,231.5,109.8,,d080ae93-dbf5-4f9e-8585-84f2f9393258,1,60
2026-09-24T05:05:46.864,POST,/desembolsos,201,249.1,123.1,,c0a64902-aab2-44ea-8bd1-a90d7efbf17d,1,60
2026-09-24T05:05:46.973,POST,/desembolsos,201,266.8,135.0,,bccd1f7d-14ae-4681-b7d2-fdbf7d99640c,1,60
2026-09-24T05:05:47.080,POST,/desembolsos,201,252.1,123.6,,6291cd58-35f2-4ca4-8405-2b9311b82a44,1,60
2026-09-24T05:05:47.189,POST,/desembolsos,201,266.1,143.4,,95b10d1f-dd4c-4ace-8e98-9d023e955cd7,1,60
2026-09-24T05:05:47.271,POST,/desembolsos,201,232.6,114.3,,57a9b9c2-9f33-46b5-8786-45da173a1296,1,60
2026-09-24T05:05:47.380,POST,/desembolsos,201,231.3,113.4,,11515c72-e82e-4ccf-ad91-a6f94c3caf00,1,60
2026-09-24T05:05:47.480,POST,/desembolsos,201,232.2,111.8,,742f0b97-1c69-4218-8916-bdec9520441d,1,60
2026-09-24T05:05:47.578,POST,/desembolsos,201,237.0,115.2,,e9665f18-fb6a-4edc-ac06-47556c1e6e31,1,60
2026-09-24T05:05:47.691,POST,/desembolsos,201,232.0,111.4,,cd06169d-7e12-4248-9e47-00e1ab80fc68,1,60
2026-09-24T05:05:47.869,POST,/desembolsos,201,280.2,113.6,,03371a80-71a1-4e27-841b-508098e71f43,1,60
2026-09-24T05:05:47.981,POST,/desembolsos,201,276.5,157.4,,685c99c3-be7b-4553-aaee-1e5d997588df,1,60
2026-09-24T05:05:47.772,POST,/desembolsos,201,495.6,379.2,,34750130-5de7-48a1-8c7c-19b17bcc9be5,1,60
2026-09-24T05:05:48.089,POST,/desembolsos,201,238.9,116.1,,939f2b04-c312-4d14-9baf-ebd9c7512029,1,60
2026-09-24T05:05:48.171,POST,/desembolsos,201,238.0,114.2,,a9b57e49-2ad0-44e8-8f2d-3a911631a25f,1,60
2026-09-24T05:05:48.280,POST,/desembolsos,201,234.5,112.0,,f38d176b-70d0-4a7e-976e-591532a139fc,1,60
2026-09-24T05:05:48.355,POST,/desembolsos,201,234.3,113.1,,0bc0ed7a-7001-4f4d-8f66-6737cabdb262,1,60
2026-09-24T05:05:48.458,POST,/desembolsos,201,232.7,113.9,,b75c3e9a-538a-433a-8bc0-235fb42a49fb,1,60
2026-09-24T05:05:48.575,POST,/desembolsos,201,234.7,115.9,,bbb1a076-550d-4f42-b164-b5f309cd2527,1,60
2026-09-24T05:05:48.666,POST,/desembolsos,201,261.8,138.1,,976883f6-79e2-4713-85db-f059f643f5c6,1,60
2026-09-24T05:05:48.796,POST,/desembolsos,201,237.2,113.9,,b87c6dbf-957e-49a1-b090-41b7e7e9593e,1,60
2026-09-24T05:05:48.878,POST,/desembolsos,201,241.1,113.8,,0b46fc1c-48a4-4db8-959f-32bb5252be72,1,60
2026-09-24T05:05:48.988,POST,/desembolsos,201,241.2,113.1,,8f53259f-8ab8-40b4-b55d-a93e804c8cf3,1,60
2026-09-24T05:05:49.088,POST,/desembolsos,201,247.9,119.5,,2bb99002-6344-481f-93c9-2a0fbd934475,1,60
2026-09-24T05:05:49.188,POST,/desembolsos,201,233.1,113.1,,f0e46d58-63ce-4ff8-a348-09a34f1a7337,1,60
2026-09-24T05:05:49.272,POST,/desembolsos,201,259.5,135.3,,39a7ef59-1d07-4490-9430-89908698108d,1,60
2026-09-24T05:05:49.384,POST,/desembolsos,201,241.4,116.2,,346d431f-2b28-4bc8-ae54-4e11e2205cb4,1,60
2026-09-24T05:05:49.470,POST,/desembolsos,201,238.8,115.4,,3823fc44-98de-4c2c-ac54-dc0d9e6d0d65,1,60
2026-09-24T05:05:49.578,POST,/desembolsos,201,243.0,111.0,,e4e06f80-b247-4a44-b9e2-b98c1d675eb5,1,60
2026-09-24T05:05:49.694,POST,/desembolsos,201,245.1,124.9,,c3df5836-2ddc-43ea-883f-ea43bbe04411,1,60
2026-09-24T05:05:49.777,POST,/desembolsos,201,233.8,111.2,,ed05d23d-f3e5-4598-bec5-6265f77212a4,1,60
2026-09-24T05:05:49.876,POST,/desembolsos,201,233.0,113.4,,c3633a85-dd4a-43eb-85a3-95a613638534,1,60
2026-09-24T05:05:49.987,POST,/desembolsos,201,238.3,112.3,,33cc0051-3fa8-4919-afe6-fddfb83db604,1,60
2026-09-24T05:05:50.086,POST,/desembolsos,201,229.1,111.4,,6c172a9a-890e-40c0-a192-b1ce00e1ed62,1,60
2026-09-24T05:05:50.181,POST,/desembolsos,201,233.1,112.9,,3456403e-dafb-4a31-88d6-0927a3079f67,1,60
2026-09-24T05:05:50.292,POST,/desembolsos,201,235.0,114.1,,d2a90ec9-1663-4a8e-a549-7011b1431a3b,1,60
2026-09-24T05:05:50.388,POST,/desembolsos,201,236.5,118.8,,47fd0f8a-e476-4e1f-967b-ef390bfd6351,1,60
2026-09-24T05:05:50.496,POST,/desembolsos,201,233.5,112.5,,f984e2ea-43f0-40fb-88f0-8c3b9cae1856,1,60
2026-09-24T05:05:50.577,POST,/desembolsos,201,235.9,118.3,,87c52351-6275-42d6-b87d-8814ff2223bb,1,60
2026-09-24T05:05:50.680,POST,/desembolsos,201,233.6,115.3,,62cc9a58-ca13-4171-b0d6-16163272bc71,1,60
2026-09-24T05:05:50.778,POST,/desembolsos,201,237.4,114.9,,ba9b8ab9-f180-4db0-aa2a-325ce00e137d,1,60
2026-09-24T05:05:50.875,POST,/desembolsos,201,250.7,126.1,,c9429500-4a71-48b7-b34e-26701ab7b1a3,1,60
2026-09-24T05:05:50.987,POST,/desembolsos,201,242.3,121.3,,d1b15d23-4ad7-4a5b-8aa8-99584d916f85,1,60
2026-09-24T05:05:51.083,POST,/desembolsos,201,235.4,113.7,,c65e06c1-c64b-4321-8f50-98ee8ca45a30,1,60
2026-09-24T05:05:51.191,POST,/desembolsos,201,238.8,114.9,,0c3fef99-d12e-4cfd-a326-ffd00eeb57b2,1,60
2026-09-24T05:05:51.271,POST,/desembolsos,201,234.8,117.1,,4c6ef7dc-6684-46f0-a3f5-a77e48e0533a,1,60
2026-09-24T05:05:51.382,POST,/desembolsos,201,246.9,116.6,,6d5c11ed-4bf4-4dd2-8ca7-05c8a5ace2c4,1,60
2026-09-24T05:05:51.480,POST,/desembolsos,201,274.7,148.8,,75df6089-872e-4587-850d-272ab94cccf4,1,60
2026-09-24T05:05:51.579,POST,/desembolsos,201,240.3,111.7,,794bcd0c-0dfa-4fca-bc71-8427db0237a8,1,60
2026-09-24T05:05:51.687,POST,/desembolsos,201,239.9,113.5,,39b41822-7689-4529-ad49-07eafa66f536,1,60
2026-09-24T05:05:51.785,POST,/desembolsos,201,234.6,113.3,,12f824ca-85e8-495b-a509-415b0ed26264,1,60
2026-09-24T05:05:51.882,POST,/desembolsos,201,235.3,112.6,,49158f7f-4586-453d-bac3-c534995388c1,1,60
2026-09-24T05:05:51.988,POST,/desembolsos,201,235.2,113.8,,a4c82e9b-409d-40fe-b574-1a51eec06a68,1,60
2026-09-24T05:05:52.073,POST,/desembolsos,201,279.2,119.6,,c99efe46-02f2-4263-a474-91d252dc7121,1,60
2026-09-24T05:05:52.172,POST,/desembolsos,201,227.8,109.8,,bbded25c-6eea-477f-bc69-5908f5846c46,1,60
2026-09-24T05:05:52.280,POST,/desembolsos,201,234.7,114.4,,6099fef6-e522-44b8-87ae-c9c7205fbdd6,1,60
2026-09-24T05:05:52.350,POST,/desembolsos,201,237.1,113.6,,dadda4de-811c-45f3-a92c-c38f1a2d658b,1,60
2026-09-24T05:05:52.464,POST,/desembolsos,201,235.3,115.9,,efab8611-5793-4dc0-b1de-5adef2b50b40,1,60
2026-09-24T05:05:52.579,POST,/desembolsos,201,234.4,112.6,,73731d13-fc5e-47e6-8180-10de635da2ba,1,60
2026-09-24T05:05:52.679,POST,/desembolsos,201,243.4,118.8,,6feff73f-bfba-415a-a080-f158666839c6,1,60
2026-09-24T05:05:52.786,POST,/desembolsos,201,228.2,111.2,,4db9ca9c-3a7c-4a40-b4f3-191a58877727,1,60
2026-09-24T05:05:52.880,POST,/desembolsos,201,237.8,115.3,,5cb0c373-14ef-4f36-acdc-7aa17280abe4,1,60
2026-09-24T05:05:52.991,POST,/desembolsos,201,231.3,112.5,,5b036e9d-cbfd-49c9-ba12-d6937069a35f,1,60
2026-09-24T05:05:53.073,POST,/desembolsos,201,233.9,114.7,,2a9f77c3-a469-47e7-8ea8-03711d35d64f,1,60
2026-09-24T05:05:53.187,POST,/desembolsos,201,233.0,112.1,,d8aa1e36-b603-45ac-b8fd-ceff25c07859,1,60
2026-09-24T05:05:53.265,POST,/desembolsos,201,232.7,112.3,,6a09ece9-6f92-4db5-bae6-a34ff51c5891,1,60
2026-09-24T05:05:53.375,POST,/desembolsos,201,229.8,113.1,,19962388-7c8d-4371-9c4b-c0e4ddb5e142,1,60
2026-09-24T05:05:53.487,POST,/desembolsos,201,231.0,112.1,,96d39b73-641a-441d-ac13-7fcf8cbf9afd,1,60
2026-09-24T05:05:53.579,POST,/desembolsos,201,235.3,113.3,,22a21735-29e1-4599-a8cf-5fdb503004c1,1,60
2026-09-24T05:05:53.692,POST,/desembolsos,201,232.4,112.3,,440015c4-e593-4ab9-90c0-6c7fdfd170e5,1,60
2026-09-24T05:05:53.788,POST,/desembolsos,201,237.6,113.5,,a9e3bddf-3800-4df5-889e-e5f3f75827ea,1,60
2026-09-24T05:05:53.880,POST,/desembolsos,201,230.0,112.4,,a8fd5b8a-2a33-4d41-b06c-a517acd9e1e8,1,60
2026-09-24T05:05:53.980,POST,/desembolsos,201,230.0,110.8,,2da86127-b018-4e0f-8953-64d457d062c5,1,60
2026-09-24T05:05:54.072,POST,/desembolsos,201,236.2,114.6,,41d7b56f-fadf-4308-9776-b14d7bcfa473,1,60
2026-09-24T05:05:54.180,POST,/desembolsos,201,235.8,114.9,,7eae8fba-89ef-4388-97b3-4e82dca4c2bf,1,60
2026-09-24T05:05:54.279,POST,/desembolsos,201,231.4,113.2,,12267ce4-dbf7-46ff-85af-ae316e4e2948,1,60
2026-09-24T05:05:54.390,POST,/desembolsos,201,233.8,113.0,,43316aa1-81a1-4443-9c77-0d522785bb6e,1,60
2026-09-24T05:05:54.480,POST,/desembolsos,201,231.5,113.5,,3797e49a-6054-4fbb-ad93-08edc3a65ef5,1,60
2026-09-24T05:05:54.578,POST,/desembolsos,201,229.5,113.1,,db605cb8-0baf-476b-8d75-a389228b47bc,1,60
2026-09-24T05:05:54.676,POST,/desembolsos,201,237.0,116.4,,97cf098e-e105-48d5-992a-d4d5e7c5152d,1,60
2026-09-24T05:05:54.772,POST,/desembolsos,201,244.7,122.9,,36c7407e-bb83-461a-9dc8-2c0fa0fcb2b7,1,60
2026-09-24T05:05:54.872,POST,/desembolsos,201,248.7,127.2,,b51248b8-1a08-4462-83d7-bb8e83836b33,1,60
2026-09-24T05:05:55.072,POST,/desembolsos,201,235.0,113.2,,f7745433-fbcf-422f-8d69-52f006cf5f62,1,60
2026-09-24T05:05:54.981,POST,/desembolsos,201,336.6,204.9,,cd7946a0-3e1b-43fd-a0a3-98d9a3d4d1e6,1,60
2026-09-24T05:05:55.172,POST,/desembolsos,201,233.9,114.1,,b78aba2c-055e-4079-98c9-be27ddaf02fe,1,60
2026-09-24T05:05:55.272,POST,/desembolsos,201,240.9,113.2,,da4778af-039e-43ab-9890-52bb1b9b5da8,1,60
2026-09-24T05:05:55.355,POST,/desembolsos,201,265.2,134.9,,5c36940d-a734-4cbf-a7e4-d1e77e7853aa,1,60
2026-09-24T05:05:55.479,POST,/desembolsos,201,247.2,123.9,,6519333b-e788-4716-8c07-12c13c974355,1,60
2026-09-24T05:05:55.579,POST,/desembolsos,201,246.5,116.2,,4253d585-e43a-444d-a22c-25314245e0ae,1,60
2026-09-24T05:05:55.680,POST,/desembolsos,201,248.0,126.0,,c438f3d3-b63b-4d7d-b6cc-d87b6e182475,1,60
2026-09-24T05:05:55.778,POST,/desembolsos,201,241.8,121.6,,98069972-75c3-4d02-9622-bb353faec7a3,1,60
2026-09-24T05:05:55.881,POST,/desembolsos,201,246.2,120.3,,1124de91-e875-450a-8b38-d42de4d445c6,1,60
2026-09-24T05:05:55.973,POST,/desembolsos,201,241.5,116.2,,51fa95ba-a071-46b4-a926-20647c8dec92,1,60
2026-09-24T05:05:56.081,POST,/desembolsos,201,240.1,111.8,,45399f35-bee1-4215-9488-3561bc40a30b,1,60
2026-09-24T05:05:56.172,POST,/desembolsos,201,279.8,114.0,,79107abc-f910-4b3d-b651-d0ef508e584e,1,60
2026-09-24T05:05:56.265,POST,/desembolsos,201,231.0,112.4,,1075088a-83bb-4d9f-aa8e-92531f29e0dc,1,60
2026-09-24T05:05:56.376,POST,/desembolsos,201,232.0,112.4,,7534d2c6-db35-4bfe-957b-177ae5df388e,1,60
2026-09-24T05:05:56.488,POST,/desembolsos,201,270.5,117.5,,fe5b88c3-29fe-421e-9336-d675b472336e,1,60
2026-09-24T05:05:56.587,POST,/desembolsos,201,242.2,118.7,,7e1b134d-605b-4705-861c-d137f9c20825,1,60
2026-09-24T05:05:56.671,POST,/desembolsos,201,234.3,113.4,,accf80fd-f67b-4b0d-ae64-1ee47d425549,1,60
2026-09-24T05:05:56.770,POST,/desembolsos,201,234.3,114.1,,534fa4fd-fa16-4e79-9afc-b5792a8e1adf,1,60
2026-09-24T05:05:56.870,POST,/desembolsos,201,234.0,113.0,,f4e38270-322d-4c9d-8f56-184570ea8000,1,60
2026-09-24T05:05:56.981,POST,/desembolsos,201,232.7,109.3,,ff87f24d-dec5-44d1-aab8-a150d48d610b,1,60
2026-09-24T05:05:57.088,POST,/desembolsos,201,235.6,113.4,,c7d5801e-fca5-444a-b6a4-ae0d6acca295,1,60
2026-09-24T05:05:57.180,POST,/desembolsos,201,235.4,114.8,,a648bf8b-8d72-468c-9581-a3b204465371,1,60
2026-09-24T05:05:57.273,POST,/desembolsos,201,242.3,122.9,,9069e001-3b6f-44c2-9f03-ad4b92b7ac0a,1,60
2026-09-24T05:05:57.376,POST,/desembolsos,201,255.2,127.5,,8a1ba6ef-f169-4b2d-9dc6-d80f5215b6d9,1,60
2026-09-24T05:05:57.480,POST,/desembolsos,201,248.6,117.2,,425dbf8b-c753-447b-aa30-d4bdd35834bd,1,60
2026-09-24T05:05:57.593,POST,/desembolsos,201,238.0,111.8,,a33ad7ba-8842-4cf5-b9b0-1f22fb197392,1,60
2026-09-24T05:05:57.676,POST,/desembolsos,201,263.7,113.9,,719ac6ca-a4fe-4ef1-abd9-b9c5cdcc9662,1,60
2026-09-24T05:05:57.772,POST,/desembolsos,201,235.4,117.2,,1086e54a-11b2-4ff7-96b3-5375209a70f1,1,60
2026-09-24T05:05:57.880,POST,/desembolsos,201,230.4,111.6,,4e14e11f-a8b2-4fd5-aa30-d4db78b3537b,1,60
2026-09-24T05:05:57.989,POST,/desembolsos,201,240.7,115.7,,70c1f985-0963-43d6-a8f1-d59453e00c88,1,60
2026-09-24T05:05:58.080,POST,/desembolsos,201,244.6,118.1,,f164dfff-7785-4d14-a80c-a894352885f7,1,60
2026-09-24T05:05:58.197,POST,/desembolsos,201,236.0,111.8,,355fce77-1c49-479f-8fbe-5ff538cbea91,1,60
2026-09-24T05:05:58.281,POST,/desembolsos,201,238.7,114.8,,59dc1975-f010-49cc-83ee-af111adf3af2,1,60
2026-09-24T05:05:58.381,POST,/desembolsos,201,252.8,113.7,,bdbb21f6-8f3f-4250-8ec1-24b2195f3793,1,60
2026-09-24T05:05:58.488,POST,/desembolsos,201,264.9,145.2,,8f8c9272-482c-42bb-8069-6cbf004822c3,1,60
2026-09-24T05:05:58.572,POST,/desembolsos,201,238.6,116.0,,af960a92-71bc-443f-bc75-bcbef39a4489,1,60
2026-09-24T05:05:58.670,POST,/desembolsos,201,236.1,114.9,,c17bc206-47c5-4635-babb-ba5b615649ef,1,60
2026-09-24T05:05:58.784,POST,/desembolsos,201,230.7,111.5,,1d862324-6b48-4d19-ab8b-d018753f574e,1,60
2026-09-24T05:05:58.865,POST,/desembolsos,201,239.3,116.4,,14907508-514b-4d82-a711-e008ba7ccd0b,1,60
2026-09-24T05:05:58.981,POST,/desembolsos,201,233.5,111.8,,b11d30d6-04a3-432f-9ded-e58e873ef4f8,1,60
2026-09-24T05:05:59.089,POST,/desembolsos,201,232.8,110.6,,8976ae76-8dec-4307-be1e-5916306a12c9,1,60
2026-09-24T05:05:59.189,POST,/desembolsos,201,235.4,113.8,,c1f9e0c4-643e-4fce-9850-e9f8401bc631,1,60
2026-09-24T05:05:59.281,POST,/desembolsos,201,238.5,118.5,,0773d263-552f-4170-a41b-c126a6bea238,1,60
2026-09-24T05:05:59.355,POST,/desembolsos,201,234.6,112.3,,30609b5b-22fa-4465-948a-f1cf1eda9fea,1,60
2026-09-24T05:05:59.465,POST,/desembolsos,201,241.9,113.4,,a8d01b17-72ee-4e5d-8f9e-cc25075df0b7,1,60
2026-09-24T05:05:59.580,POST,/desembolsos,201,243.1,121.0,,feea5034-e365-4747-bbbc-851dece70137,1,60
2026-09-24T05:05:59.688,POST,/desembolsos,201,235.0,116.7,,7eef4bae-037e-4d17-8e61-14f59a220e80,1,60
2026-09-24T05:05:59.788,POST,/desembolsos,201,244.6,121.6,,56e0f9f1-0c25-4dd9-a917-5557c7a8eaa2,1,60
2026-09-24T05:05:59.880,POST,/desembolsos,201,258.0,133.5,,2d3c3031-053d-4745-affd-83e4feb49aca,1,60
2026-09-24T05:05:59.989,POST,/desembolsos,201,233.6,116.5,,d5d6a4bf-0bcb-4bf9-9b8b-d89c554e8a56,1,60
2026-09-24T05:06:00.089,POST,/desembolsos,201,236.8,115.4,,67072170-5363-455a-8f1c-f8a6df1385e9,1,60
2026-09-24T05:06:00.189,POST,/desembolsos,201,239.9,115.4,,7c284ef5-818f-4f9b-b5bc-42ceba3051fd,1,60
2026-09-24T05:06:00.282,POST,/desembolsos,201,232.8,110.9,,be79a26f-2cf3-4deb-8db3-36674164a425,1,60
2026-09-24T05:06:00.390,POST,/desembolsos,201,234.6,112.8,,08db2862-04c6-4f1a-8e74-7421d9f05e78,1,60
2026-09-24T05:06:00.490,POST,/desembolsos,201,255.5,115.0,,33ade0e0-4d0d-4828-abc5-8dde209d6925,1,60
2026-09-24T05:06:00.588,POST,/desembolsos,201,236.4,114.7,,ae1e9cab-5071-4ce6-a998-4d665ba4948c,1,60
2026-09-24T05:06:00.698,POST,/desembolsos,201,238.5,113.7,,a2522b25-621a-4866-a371-eadd770e6f22,1,60
2026-09-24T05:06:00.778,POST,/desembolsos,201,245.4,119.7,,dea9747d-536b-4adc-b075-73eafb2a83d3,1,60
2026-09-24T05:06:00.896,POST,/desembolsos,201,234.7,115.8,,ed43c45e-fc55-4438-8768-7c015459e835,1,60
2026-09-24T05:06:00.981,POST,/desembolsos,201,240.4,113.9,,1f8dcb0e-7c63-40f0-8bb6-f4008c00fe62,1,60
2026-09-24T05:06:01.082,POST,/desembolsos,201,232.3,113.2,,173d3a30-1637-4386-a60a-30751f623e81,1,60
2026-09-24T05:06:01.172,POST,/desembolsos,201,229.0,110.2,,55a0bc48-d791-4ba8-a69c-ea80c06ac52d,1,60
2026-09-24T05:06:01.280,POST,/desembolsos,201,239.8,113.7,,f2ca6310-afd0-490c-a4c9-05b61e84153f,1,60
2026-09-24T05:06:01.365,POST,/desembolsos,201,238.1,114.0,,67147020-b3f6-484a-b305-c0b139a7bfe0,1,60
2026-09-24T05:06:01.473,POST,/desembolsos,201,236.2,113.5,,3d862fae-0af5-4198-85cb-7537aad38777,1,60
2026-09-24T05:06:01.570,POST,/desembolsos,201,243.4,117.2,,012ab9b9-68e1-4ccf-84eb-c35ff983fa23,1,60
2026-09-24T05:06:01.668,POST,/desembolsos,201,233.8,112.4,,0fe8848a-5cdf-4d45-81ee-1f150653e549,1,60
2026-09-24T05:06:01.778,POST,/desembolsos,201,229.7,111.6,,cab5a24b-7c28-40d0-a81b-8db52c992d33,1,60
2026-09-24T05:06:01.877,POST,/desembolsos,201,236.1,114.9,,62a4124c-e9f0-4a83-911d-221b454d0f58,1,60
2026-09-24T05:06:01.981,POST,/desembolsos,201,231.0,112.8,,ba908d8b-d75a-4475-81ee-b84b71dc2a1e,1,60
2026-09-24T05:06:02.076,POST,/desembolsos,201,228.5,110.9,,4cc3538e-02b3-4351-87bb-83c9e006309a,1,60
2026-09-24T05:06:02.180,POST,/desembolsos,201,234.0,111.9,,b5cae12c-5462-46a9-ae88-29388ff2552b,1,60
2026-09-24T05:06:02.264,POST,/desembolsos,201,265.6,139.2,,1437e2b8-e503-4e2c-8f63-311cfb77f7a9,1,60
2026-09-24T05:06:02.381,POST,/desembolsos,201,247.8,128.5,,896c0142-34c4-4052-85ee-023b4a18419a,1,60
2026-09-24T05:06:02.464,POST,/desembolsos,201,233.4,114.9,,d5e47f9a-c710-40ca-a769-5602d65edb7d,1,60
2026-09-24T05:06:02.578,POST,/desembolsos,201,237.2,114.0,,297f452a-9e2a-41ea-a301-b8b4dc34073b,1,60
2026-09-24T05:06:02.691,POST,/desembolsos,201,231.2,111.3,,08939cce-86b6-4e51-880b-38a9b6893c48,1,60
2026-09-24T05:06:02.772,POST,/desembolsos,201,243.7,120.0,,8e99cfe0-dc3c-4538-9254-caaf9252d775,1,60
2026-09-24T05:06:02.888,POST,/desembolsos,201,229.7,112.7,,c20bc647-e918-4492-878e-1c40c595aafe,1,60
2026-09-24T05:06:02.989,POST,/desembolsos,201,229.9,110.3,,291657c1-97f6-4532-8367-95eeb34ba503,1,60
2026-09-24T05:06:03.090,POST,/desembolsos,201,233.5,112.9,,d22138d5-012c-4d24-a459-57f0ccefd867,1,60
2026-09-24T05:06:03.180,POST,/desembolsos,201,241.9,119.9,,306c49ce-4474-457c-97d4-009b6f8a45f0,1,60
2026-09-24T05:06:03.289,POST,/desembolsos,201,234.9,116.6,,206cd6b7-2482-4494-bab5-3819a7f77546,1,60
2026-09-24T05:06:03.373,POST,/desembolsos,201,239.1,117.6,,b502eb1e-974a-4a84-a070-3f62a92042fc,1,60
2026-09-24T05:06:03.489,POST,/desembolsos,201,273.3,115.2,,f7bb2c83-68ac-4d90-ac56-a6e26a14e5ae,1,60
2026-09-24T05:06:03.570,POST,/desembolsos,201,229.8,112.4,,6822363c-28f6-4109-a91a-e5cbc43ccdbb,1,60
2026-09-24T05:06:03.669,POST,/desembolsos,201,308.3,117.3,,43b53b2a-9edc-419f-bcde-eb1483bf79f1,1,60
2026-09-24T05:06:03.799,POST,/desembolsos,201,237.3,114.6,,2257bb60-63b8-4016-8d3b-a7e87118e36f,1,60
2026-09-24T05:06:03.881,POST,/desembolsos,201,233.2,111.8,,e707765f-83b3-4de2-825f-bffd5a6b87d5,1,60
2026-09-24T05:06:03.981,POST,/desembolsos,201,237.0,117.8,,7a49d4cc-896d-4159-b785-208d5f42b287,1,60
2026-09-24T05:06:04.082,POST,/desembolsos,201,240.6,119.1,,351577e4-ecf1-485e-ae73-ee1c949a3770,1,60
2026-09-24T05:06:04.173,POST,/desembolsos,201,240.2,112.1,,2572f04f-b739-4fb7-9397-6793c5fcd95a,1,60
2026-09-24T05:06:04.285,POST,/desembolsos,201,245.1,111.2,,6f5f0b4c-3e22-47ea-8c54-3b1d362bf7b7,1,60
2026-09-24T05:06:04.381,POST,/desembolsos,201,260.8,139.3,,b3011169-cc82-4422-b342-54f69c2e14e0,1,60
2026-09-24T05:06:04.479,POST,/desembolsos,201,247.5,114.9,,de2c780f-4e66-499b-8b77-c174c88181fc,1,60
2026-09-24T05:06:04.578,POST,/desembolsos,201,244.0,114.9,,5055cd1b-1a24-460a-a7c0-d11883a4ee06,1,60
2026-09-24T05:06:04.692,POST,/desembolsos,201,249.0,118.8,,1961163b-32c2-45f9-8317-38fc053ade97,1,60
2026-09-24T05:06:04.772,POST,/desembolsos,201,234.3,112.9,,debccfbd-f305-4cc4-b7db-36448605b413,1,60
2026-09-24T05:06:04.869,POST,/desembolsos,201,282.7,130.1,,7788f347-d67e-4442-ad9b-5d283b1e539f,1,60
2026-09-24T05:06:04.989,POST,/desembolsos,201,247.9,128.7,,259e5acc-5c4e-41ae-8b65-14d949df143d,1,60
2026-09-24T05:06:05.081,POST,/desembolsos,201,255.4,111.9,,56c372a3-e272-4edd-8558-14726dee70de,1,60
2026-09-24T05:06:05.172,POST,/desembolsos,201,247.3,113.9,,ef6c11ee-526b-42c3-a941-a709a2165fd6,1,60
2026-09-24T05:06:05.281,POST,/desembolsos,201,246.7,112.4,,f2e08b0b-1930-42b6-a94a-9a3afd59c9a7,1,60
2026-09-24T05:06:05.390,POST,/desembolsos,201,278.7,137.7,,50196812-3e9f-481e-80ee-69cd2741c8a9,1,60
2026-09-24T05:06:05.505,POST,/desembolsos,201,285.2,131.8,,100c8507-dd21-4172-b77e-d33489853632,1,60
2026-09-24T05:06:05.587,POST,/desembolsos,201,280.8,131.3,,9c9f6544-65aa-46fd-aabf-4b2a5fd6d489,1,60
2026-09-24T05:06:05.669,POST,/desembolsos,201,238.6,114.1,,f32b090a-d72e-4d40-bdb3-0e043d108ee6,1,60
2026-09-24T05:06:05.768,POST,/desembolsos,201,260.6,118.9,,35e192eb-3a99-4a1d-8a34-75feb75de738,1,60
2026-09-24T05:06:05.868,POST,/desembolsos,201,249.7,124.8,,fa4cac87-92d2-4fa1-906b-8c0f537a4aec,1,60
2026-09-24T05:06:05.990,POST,/desembolsos,201,237.5,116.0,,72bb2bc9-43dd-46b7-a795-02ea1ba04da4,1,60
2026-09-24T05:06:06.081,POST,/desembolsos,201,258.3,118.0,,d4db9ab2-9ad9-46c4-a7b7-451797beba80,1,60
2026-09-24T05:06:06.165,POST,/desembolsos,201,310.6,138.3,,b95176bb-5391-4131-a14b-a66d897fee1d,1,60
2026-09-24T05:06:06.281,POST,/desembolsos,201,231.5,112.9,,8f73b149-3e60-4c0f-8628-647899db6536,1,60
2026-09-24T05:06:06.381,POST,/desembolsos,201,241.8,115.2,,b3662afc-f003-4d7b-8570-e9b6bd8e25c9,1,60
2026-09-24T05:06:06.476,POST,/desembolsos,201,244.0,120.8,,b4cb6c10-a4cb-4785-a14a-859ab3ca140c,1,60
2026-09-24T05:06:06.574,POST,/desembolsos,201,252.0,112.1,,c4cbb210-2b7e-4b66-ac8c-0c1cd67e77b7,1,60
2026-09-24T05:06:06.672,POST,/desembolsos,201,247.4,119.9,,d5bd1982-5710-4205-917e-293cd38c1dca,1,60
2026-09-24T05:06:06.804,POST,/desembolsos,201,249.4,123.0,,314c4aad-c501-49c9-84d9-f2245d461d4c,1,60
2026-09-24T05:06:06.903,POST,/desembolsos,201,245.0,111.6,,8d756458-c143-4ec0-8854-8bbbc2599666,1,60
2026-09-24T05:06:06.972,POST,/desembolsos,201,244.4,124.0,,87d325e4-0e07-41e0-9b1a-7ce2fa170b6d,1,60
2026-09-24T05:06:07.073,POST,/desembolsos,201,245.9,121.4,,51d960e9-b93d-4ab1-82cd-8c46617a4588,1,60
2026-09-24T05:06:07.181,POST,/desembolsos,201,240.2,119.5,,f072cc8d-03bc-4821-9124-d290f522efd2,1,60
2026-09-24T05:06:07.290,POST,/desembolsos,201,234.5,113.4,,08e67e64-fb06-4775-a375-72d653c9d79d,1,60
2026-09-24T05:06:07.390,POST,/desembolsos,201,258.3,132.9,,798d0ae5-4dba-462c-908a-047526ec0b07,1,60
2026-09-24T05:06:07.473,POST,/desembolsos,201,232.3,112.2,,78b589f6-d6b5-4417-8e49-5f331efdbbdb,1,60
2026-09-24T05:06:07.581,POST,/desembolsos,201,239.1,111.8,,9f16558e-dea9-495f-8811-147d855de8fd,1,60
2026-09-24T05:06:07.691,POST,/desembolsos,201,265.2,134.8,,1a4ff7fb-af28-4997-9b42-d0b2b01b7660,1,60
2026-09-24T05:06:07.802,POST,/desembolsos,201,243.2,118.2,,34b4f557-7768-41b7-a707-a2a3b9230713,1,60
2026-09-24T05:06:07.867,POST,/desembolsos,201,254.0,114.9,,4bdb49d7-5f88-4961-9c3f-c2e42b74f984,1,60
2026-09-24T05:06:07.982,POST,/desembolsos,201,256.6,114.3,,27ab05cf-4580-42a0-ada4-5201d7c230f2,1,60
2026-09-24T05:06:08.065,POST,/desembolsos,201,238.4,116.2,,6aa393ec-26b6-47da-9eb4-ebe48d4bdd50,1,60
2026-09-24T05:06:08.172,POST,/desembolsos,201,237.5,113.8,,0e7033d7-4c4e-44d4-a2fb-a5058ba6231a,1,60
2026-09-24T05:06:08.273,POST,/desembolsos,201,246.5,122.3,,5a23b853-2b11-4184-b4de-851666f935ba,1,60
2026-09-24T05:06:08.382,POST,/desembolsos,201,237.9,118.8,,c13f206e-8e38-48b1-8617-3d38a8ce7035,1,60
2026-09-24T05:06:08.498,POST,/desembolsos,201,237.9,116.2,,aa3b4abb-75e7-4b51-bf41-011bf84a7518,1,60
2026-09-24T05:06:08.581,POST,/desembolsos,201,238.8,113.3,,32cfe167-c978-4b41-ac90-ecd5f1e1b046,1,60
2026-09-24T05:06:08.687,POST,/desembolsos,201,279.4,114.2,,d4686be6-68f2-4efd-a2c9-265295b20362,1,60
2026-09-24T05:06:08.784,POST,/desembolsos,201,241.7,118.2,,8df4fdf2-e587-4fe1-a028-d3f827f0a2d4,1,60
2026-09-24T05:06:08.884,POST,/desembolsos,201,260.7,122.1,,0f0dd0bd-e106-4da8-bdba-e3265f53e96f,1,60
2026-09-24T05:06:08.964,POST,/desembolsos,201,240.5,118.3,,a7868e2e-103b-4042-9c68-efd4aafe482f,1,60
2026-09-24T05:06:09.081,POST,/desembolsos,201,229.8,111.4,,5448a78d-0e22-460c-a0bd-8272498136f9,1,60
2026-09-24T05:06:09.187,POST,/desembolsos,201,236.2,113.4,,a45132ac-fab4-49c4-bed2-02e14798cbce,1,60
2026-09-24T05:06:09.298,POST,/desembolsos,201,234.6,114.9,,aab47776-b5aa-4f3b-906b-84d23c5980f2,1,60
2026-09-24T05:06:09.379,POST,/desembolsos,201,265.3,142.0,,39209ed5-3aa2-4525-ac13-8bb33081c873,1,60
2026-09-24T05:06:09.459,POST,/desembolsos,201,247.6,115.7,,a5fbad2d-de3b-4de9-8911-4cd572c50fd7,1,60
2026-09-24T05:06:09.573,POST,/desembolsos,201,241.7,116.6,,63a6e726-ad75-4351-93b0-e2b5f7d9c2a5,1,60
2026-09-24T05:06:09.689,POST,/desembolsos,201,241.3,114.7,,cd9e8032-6fe4-4cb4-aa07-b8cb3f39c08a,1,60
2026-09-24T05:06:09.788,POST,/desembolsos,201,266.1,116.7,,411371b9-386f-4c75-ae00-cc9b5fbf9dad,1,60
2026-09-24T05:06:09.886,POST,/desembolsos,201,227.6,110.9,,4b2d72f5-fd5c-48cb-8076-4accf79e5504,1,60
2026-09-24T05:06:09.974,POST,/desembolsos,201,254.3,133.7,,b02e47aa-b95b-4f65-9474-c48df6c1ec3f,1,60
2026-09-24T05:06:10.089,POST,/desembolsos,201,256.5,126.5,,bf5a2541-726e-43ad-bb59-75e14b738855,1,60
2026-09-24T05:06:10.189,POST,/desembolsos,201,232.2,113.7,,c770d92a-6605-4bca-abe8-0b04a0606b44,1,60
2026-09-24T05:06:10.273,POST,/desembolsos,201,270.2,143.3,,95bf9300-42ff-4280-a53f-86c0ad056da5,1,60
2026-09-24T05:06:10.364,POST,/desembolsos,201,240.1,116.6,,e8d94e34-91c2-4189-988e-29fbeb4abd9e,1,60
2026-09-24T05:06:10.479,POST,/desembolsos,201,229.0,112.2,,03890dc2-0a5b-41da-ab89-e36b5ac77b4c,1,60
2026-09-24T05:06:10.586,POST,/desembolsos,201,236.5,115.6,,ce3d2d26-a4c6-4822-ac61-67b6bd1a51ca,1,60
2026-09-24T05:06:10.669,POST,/desembolsos,201,264.2,138.4,,1f957562-6592-4619-ad2d-79d54330a556,1,60
2026-09-24T05:06:10.781,POST,/desembolsos,201,234.2,113.8,,5f2be53b-3614-4a4e-aedb-fb984b462955,1,60
2026-09-24T05:06:10.889,POST,/desembolsos,201,234.6,112.9,,48284a35-1aba-4330-b58e-e1eb140453e3,1,60
2026-09-24T05:06:10.974,POST,/desembolsos,201,243.1,117.2,,3e14f27c-e1e1-408b-8cd6-00d1268b46a2,1,60
2026-09-24T05:06:11.073,POST,/desembolsos,201,228.9,109.9,,0cf132eb-170e-4602-92b3-c3ce76f050a1,1,60
2026-09-24T05:06:11.182,POST,/desembolsos,201,237.0,114.3,,ab5087c2-7160-447c-80c7-687d2746d6cf,1,60
2026-09-24T05:06:11.282,POST,/desembolsos,201,250.8,121.1,,8495e75f-d294-4407-88ae-86e9e03b501c,1,60
2026-09-24T05:06:11.390,POST,/desembolsos,201,238.7,116.8,,e1b70385-151c-4f3a-bc60-5a3b4ddcf9bf,1,60
2026-09-24T05:06:11.468,POST,/desembolsos,201,244.2,115.5,,7f3379f0-12b3-4691-9695-1423847c7f31,1,60
2026-09-24T05:06:11.571,POST,/desembolsos,201,243.5,121.5,,59172c1e-bf4e-4fc5-8090-22bf75a3b220,1,60
2026-09-24T05:06:11.686,POST,/desembolsos,201,233.1,112.6,,70f01157-290d-4668-af7b-7daf7f057758,1,60
2026-09-24T05:06:11.798,POST,/desembolsos,201,242.6,119.2,,960b6c76-ad4f-443b-b63e-3eba14d0795d,1,60
2026-09-24T05:06:11.896,POST,/desembolsos,201,238.9,112.9,,68cd6f7a-05de-4548-95fd-ec30a8dd9f99,1,60
2026-09-24T05:06:11.982,POST,/desembolsos,201,231.7,113.6,,f6b415d7-e1c4-4726-ae6d-63b20cd1d5fe,1,60
2026-09-24T05:06:12.082,POST,/desembolsos,201,236.8,115.9,,0b22d7c3-0313-44eb-8730-47b16665eacf,1,60
2026-09-24T05:06:12.182,POST,/desembolsos,201,230.0,112.3,,1415a751-02d4-4d18-a0b0-ec121a795750,1,60
2026-09-24T05:06:12.273,POST,/desembolsos,201,235.7,113.8,,82017b2f-2af9-43a4-8d2f-5f12c416939f,1,60
2026-09-24T05:06:12.382,POST,/desembolsos,201,259.0,115.2,,2cd9a318-a231-443f-959f-14429b06441c,1,60
2026-09-24T05:06:12.457,POST,/desembolsos,201,239.2,115.8,,f2415ea1-c7e2-4954-a914-817d9cbdb013,1,60
2026-09-24T05:06:12.597,POST,/desembolsos,201,229.9,110.7,,62069fc7-a255-4bc1-9d55-af093f35856a,1,60
2026-09-24T05:06:12.695,POST,/desembolsos,201,235.8,114.1,,34c4a43b-5bab-4fa0-8baf-73ed9c70b2a6,1,60
2026-09-24T05:06:12.775,POST,/desembolsos,201,257.8,140.2,,d501b4bd-90b5-4844-86a3-92aae6cf1068,1,60
2026-09-24T05:06:12.890,POST,/desembolsos,201,233.9,113.6,,336dd1b3-daeb-437c-b2b0-bf3486370d12,1,60
2026-09-24T05:06:12.982,POST,/desembolsos,201,238.0,114.3,,177cbd7b-0ebf-4dbb-8bdc-55ab01cc53af,1,60
2026-09-24T05:06:13.073,POST,/desembolsos,201,240.5,117.5,,45c5ca87-5d68-4a7a-976a-d844b3757f24,1,60
2026-09-24T05:06:13.182,POST,/desembolsos,201,237.0,112.8,,61845ea5-1c76-4186-9dd1-7fa4498be174,1,60
