timestamp_iso,metodo,endpoint,status_code,latency_ms,connect_ms,error,siniestro_id,intento,hilos_activos
2026-09-24T07:15:23.803,POST,/desembolsos,201,174.5,84.8,,772cbd3f-f7b2-412c-94e8-e346fcf41b31,1,1
2026-09-24T07:15:23.920,POST,/desembolsos,201,180.9,84.8,,368ae1ac-12df-4c05-ab37-227209256dda,1,2
2026-09-24T07:15:24.002,POST,/desembolsos,201,179.8,86.1,,fa3bb435-0f9a-4430-841b-56e1e27eb400,1,3
2026-09-24T07:15:24.087,POST,/desembolsos,201,173.8,86.1,,0bc36167-4f35-42ee-852f-a62c230c18f8,1,4
2026-09-24T07:15:24.181,POST,/desembolsos,201,173.7,86.1,,4a9f2280-0418-4fb7-b947-6764a0c7b974,1,5
2026-09-24T07:15:24.311,POST,/desembolsos,201,174.7,84.3,,723d33e7-8fbb-49b1-a0ee-31e689f916c0,1,6
2026-09-24T07:15:24.415,POST,/desembolsos,201,173.1,83.7,,b3ae3b4a-ded8-4ad5-b909-7ec189e12a60,1,8
2026-09-24T07:15:24.497,POST,/desembolsos,201,171.9,83.0,,2112b385-cb52-4543-a36d-746a6a389d5e,1,9
2026-09-24T07:15:24.609,POST,/desembolsos,201,182.9,96.5,,54af0689-d4e7-4c07-b85e-329158b1905f,1,10
2026-09-24T07:15:24.704,POST,/desembolsos,201,174.4,83.7,,00226f35-3662-48ac-9eac-fe56e1804118,1,11
2026-09-24T07:15:24.787,POST,/desembolsos,201,174.8,86.1,,51025a5a-82c5-45cb-aae0-44412cedb465,1,12
2026-09-24T07:15:24.912,POST,/desembolsos,201,208.3,120.3,,bb8c608a-5813-4f43-a77e-7eff7ab2a5f7,1,14
2026-09-24T07:15:24.994,POST,/desembolsos,201,181.7,86.6,,06a839c3-5b5e-492a-a6b0-0ffd2f4d1d8b,1,15
2026-09-24T07:15:25.109,POST,/desembolsos,201,174.2,85.4,,6acf1e34-8ef3-418f-83b5-fa676b2b2a18,1,16
2026-09-24T07:15:25.192,POST,/desembolsos,201,172.4,83.4,,c4a913eb-b0fa-4b4d-a908-424331dc799b,1,17
2026-09-24T07:15:25.304,POST,/desembolsos,201,175.6,85.2,,9eade527-5d5d-4c2f-b77a-689b64b17782,1,18
2026-09-24T07:15:25.380,POST,/desembolsos,201,171.9,83.9,,d245c961-3e51-4e02-bdcc-ab906cd22ffb,1,19
2026-09-24T07:15:25.512,POST,/desembolsos,201,175.0,86.5,,b7969fca-c234-43fa-9fb5-634c01091ef0,1,21
2026-09-24T07:15:25.593,POST,/desembolsos,201,172.3,84.3,,a683c818-292a-43c7-8784-00b1fcdd78b3,1,22
2026-09-24T07:15:25.708,POST,/desembolsos,201,177.7,88.8,,dd68ba10-dda9-4989-8a57-0aae13ad242d,1,23
2026-09-24T07:15:25.787,POST,/desembolsos,201,169.9,84.5,,3a6d8072-92cc-4148-b992-f2c573249954,1,24
2026-09-24T07:15:25.904,POST,/desembolsos,201,173.5,85.4,,baa67eac-fd23-454a-8def-5e028d680be4,1,26
2026-09-24T07:15:25.988,POST,/desembolsos,201,171.5,83.8,,a71d4554-82d1-4fc6-8533-2165248abf89,1,27
2026-09-24T07:15:26.126,POST,/desembolsos,201,171.3,83.5,,7343e96a-d345-447a-a844-94ab1ba55571,1,28
2026-09-24T07:15:26.205,POST,/desembolsos,201,176.4,82.3,,eee04664-ce46-4709-96e3-c637482f07ab,1,29
2026-09-24T07:15:26.318,POST,/desembolsos,201,231.7,129.9,,dfbe0de4-4b8e-4bf1-ae90-d51dd58af7d2,1,30
2026-09-24T07:15:26.384,POST,/desembolsos,201,183.2,93.4,,7c87fdf8-8315-40df-a900-eb7f8dcf818b,1,32
2026-09-24T07:15:26.513,POST,/desembolsos,201,169.9,83.4,,ea96a3a9-fb16-4159-9220-c1afca16c706,1,33
2026-09-24T07:15:26.595,POST,/desembolsos,201,177.0,84.4,,97086130-e351-429a-af07-fdf53ac574dd,1,34
2026-09-24T07:15:26.677,POST,/desembolsos,201,187.2,89.2,,21fd82cb-33a4-4be7-85cb-b947a77c7602,1,35
2026-09-24T07:15:26.807,POST,/desembolsos,201,175.5,83.5,,c74fb9e4-abf0-4cf6-a6e3-0a860c851cbc,1,37
2026-09-24T07:15:26.911,POST,/desembolsos,201,190.1,101.9,,42193c07-d032-4abf-a555-9dbd533a35f1,1,38
2026-09-24T07:15:27.002,POST,/desembolsos,201,171.1,83.4,,4e616b20-580b-47df-9bb3-cb41cd0bbc90,1,39
2026-09-24T07:15:27.098,POST,/desembolsos,201,176.6,82.5,,c66861af-e606-464e-9030-5b1b51801cfc,1,40
2026-09-24T07:15:27.211,POST,/desembolsos,201,179.3,88.5,,77910545-4b04-4862-a602-71668fd29572,1,41
2026-09-24T07:15:27.293,POST,/desembolsos,201,175.6,87.8,,926de77e-a2b1-481a-8f62-323451c05e65,1,42
2026-09-24T07:15:27.424,POST,/desembolsos,201,190.7,82.2,,df0f13cb-4999-4681-81d4-ef88fec90cc9,1,44
2026-09-24T07:15:27.505,POST,/desembolsos,201,199.5,109.6,,8cfa574d-312c-4d74-97aa-425c8aff7f7d,1,45
2026-09-24T07:15:27.604,POST,/desembolsos,201,186.1,94.7,,682c98f8-781b-4f07-aa75-14f89accdf62,1,46
2026-09-24T07:15:27.691,POST,/desembolsos,201,180.2,83.9,,dd8faf40-29ba-40e2-b1d9-85d93c7684b1,1,47
2026-09-24T07:15:27.775,POST,/desembolsos,201,178.5,90.2,,f6558b9e-0a36-416a-b58c-ff10ed006c59,1,48
2026-09-24T07:15:27.904,POST,/desembolsos,201,173.8,81.7,,5a3cf66b-079c-42f2-a6ed-4934cbedc798,1,50
2026-09-24T07:15:27.985,POST,/desembolsos,201,178.7,86.9,,1d993a6e-d006-46d7-96dc-8991686b8307,1,51
2026-09-24T07:15:28.129,POST,/desembolsos,201,174.8,82.4,,dd81fcc3-a0a6-4ba2-858a-0dd2e920b0d7,1,52
2026-09-24T07:15:28.211,POST,/desembolsos,201,181.5,84.8,,24d666fc-cc88-492f-ad80-e5a03d0bb95d,1,53
2026-09-24T07:15:28.293,POST,/desembolsos,201,180.9,92.5,,458394db-5d82-45e6-b84e-c14f2d3b6cd9,1,54
2026-09-24T07:15:28.387,POST,/desembolsos,201,179.3,83.1,,9f11015f-5ecb-4ab4-b78d-3caf81ef1d4f,1,56
2026-09-24T07:15:28.499,POST,/desembolsos,201,174.6,85.7,,7d3ebd12-c868-40b1-8a64-8085d06e1e15,1,57
2026-09-24T07:15:28.584,POST,/desembolsos,201,174.7,83.0,,3c0c2b45-5c3d-4694-8427-b1c717e620ea,1,58
2026-09-24T07:15:28.712,POST,/desembolsos,201,173.3,82.7,,9064a6c3-bded-49fb-923c-4b323ea0c962,1,59
2026-09-24T07:15:28.793,POST,/desembolsos,201,184.7,86.5,,df4eaca3-905f-455c-9665-c2a37948410a,1,60
2026-09-24T07:15:28.904,POST,/desembolsos,201,174.7,83.4,,db411c84-1a24-4a7b-9b4c-9cc8d8490d00,1,60
2026-09-24T07:15:29.020,POST,/desembolsos,201,172.2,84.0,,bd31ab3b-5a6d-4466-9906-c85c7d2d632f,1,60
2026-09-24T07:15:29.070,POST,/desembolsos,201,182.7,84.7,,da6c55ac-d684-4fbd-80ab-a196cb65fd12,1,60
2026-09-24T07:15:29.218,POST,/desembolsos,201,177.1,86.7,,248118d8-6f7a-4cd9-814c-38716a97dcd4,1,60
2026-09-24T07:15:29.304,POST,/desembolsos,201,173.7,82.0,,18735df0-6206-4f5c-8518-2081ebf119ea,1,60
2026-09-24T07:15:29.395,POST,/desembolsos,201,187.2,98.4,,781a5f23-247d-4254-a405-7052719f24f2,1,60
2026-09-24T07:15:29.519,POST,/desembolsos,201,188.5,100.6,,e9f6a78a-1caa-44a3-93bb-db626064b487,1,60
2026-09-24T07:15:29.600,POST,/desembolsos,201,174.0,83.7,,719f6b6c-7ff6-4217-8fe4-1f76543e7938,1,60
2026-09-24T07:15:29.682,POST,/desembolsos,201,170.9,82.7,,4625008b-264d-45f4-94a0-34e7054e4771,1,60
2026-09-24T07:15:29.815,POST,/desembolsos,201,171.6,84.4,,f140457a-5455-401d-948c-4dd3d5a0efe3,1,60
2026-09-24T07:15:29.896,POST,/desembolsos,201,171.4,82.8,,5dd95b45-e34a-4c6d-b590-0cc75581773d,1,60
2026-09-24T07:15:30.012,POST,/desembolsos,201,216.8,83.8,,06b72883-65f1-4571-a3e5-2e68e229c9a2,1,60
2026-09-24T07:15:30.127,POST,/desembolsos,201,195.7,98.7,,4c3aa59a-1636-47b9-9a15-3d5e8bd531c3,1,60
2026-09-24T07:15:30.210,POST,/desembolsos,201,173.5,84.9,,94e905d1-6145-4ea4-a62c-3ac75155eef6,1,60
2026-09-24T07:15:30.290,POST,/desembolsos,201,174.7,85.0,,9491673a-5a11-4111-94bd-3e5cb5d82641,1,60
2026-09-24T07:15:30.403,POST,/desembolsos,201,170.1,83.8,,e9059ebb-0906-4d9a-aae9-08f7304969ae,1,60
2026-09-24T07:15:30.480,POST,/desembolsos,201,170.6,82.8,,111422df-4099-47da-a88b-9b0b5f0c9084,1,60
2026-09-24T07:15:30.572,POST,/desembolsos,201,171.1,80.9,,c2df5a4e-99aa-420e-8f7e-4a28e3d49966,1,60
2026-09-24T07:15:30.694,POST,/desembolsos,201,201.6,114.4,,a507b84d-2136-4523-b1c7-4258564c7143,1,60
2026-09-24T07:15:30.793,POST,/desembolsos,201,170.7,83.7,,1d9f57a2-7c6b-407c-9e9f-6c4626f732ff,1,60
2026-09-24T07:15:30.895,POST,/desembolsos,201,171.6,82.9,,8175e01c-df49-4925-863d-001bef3bedd2,1,60
2026-09-24T07:15:31.022,POST,/desembolsos,201,173.7,84.5,,e8da07c8-b3a6-4792-bde8-f15c66ce44ff,1,60
2026-09-24T07:15:31.103,POST,/desembolsos,201,180.9,85.9,,78c1ce98-c446-400c-8125-41d7e2fe61b3,1,60
2026-09-24T07:15:31.193,POST,/desembolsos,201,181.1,87.9,,bfe29d17-e649-49d8-b801-bd70b8a40dd1,1,60
2026-09-24T07:15:31.316,POST,/desembolsos,201,175.0,84.8,,e2b6d11d-fa31-464b-943d-1d03b59514aa,1,60
2026-09-24T07:15:31.399,POST,/desembolsos,201,174.3,82.9,,f7c8d1c5-c231-47b7-b3ae-09db6a1f5101,1,60
2026-09-24T07:15:31.513,POST,/desembolsos,201,172.5,83.9,,581ea239-eb0f-46fc-a260-ebd530554734,1,60
2026-09-24T07:15:31.596,POST,/desembolsos,201,171.0,81.6,,f9667f0f-3114-4206-ac35-041875b4b63a,1,60
2026-09-24T07:15:31.708,POST,/desembolsos,201,180.8,84.5,,590deec8-46f3-4670-87f2-87797d71e71a,1,60
2026-09-24T07:15:31.804,POST,/desembolsos,201,174.9,85.1,,c46d2e01-7886-43ab-bc80-9c4ecd7aced0,1,60
2026-09-24T07:15:31.921,POST,/desembolsos,201,179.2,88.2,,9ea9e63b-2cfa-4652-a37a-c986fb3cfd66,1,60
2026-09-24T07:15:31.978,POST,/desembolsos,201,176.5,87.2,,3bad8dbd-beb1-4427-a75f-eaa86f43986c,1,60
2026-09-24T07:15:32.093,POST,/desembolsos,201,205.6,113.9,,60fe655a-31eb-48e2-bfe9-4db64ea5391b,1,60
2026-09-24T07:15:32.207,POST,/desembolsos,201,177.1,85.5,,5911c867-f2f2-4eed-be7e-202f5e9c2fc3,1,60
2026-09-24T07:15:32.286,POST,/desembolsos,201,177.4,85.2,,a2600aee-5794-41cc-b01d-4fce8ca531c4,1,60
2026-09-24T07:15:32.403,POST,/desembolsos,201,184.5,94.2,,e168b24b-0240-4252-8b87-bc34edeb4d3d,1,60
2026-09-24T07:15:32.518,POST,/desembolsos,201,173.4,85.8,,c87b646e-48d3-4ac6-a7a9-be778182398b,1,60
2026-09-24T07:15:32.584,POST,/desembolsos,201,196.2,104.5,,cbd93d0a-7781-4a63-8932-81c63c0d4de9,1,60
2026-09-24T07:15:32.712,POST,/desembolsos,201,173.4,82.9,,ccca7338-38e4-43f0-b46d-81493d6b008c,1,60
2026-09-24T07:15:32.783,POST,/desembolsos,201,180.4,88.4,,327b2298-00b5-4c38-b1d0-e3ea90605b46,1,60
2026-09-24T07:15:32.884,POST,/desembolsos,201,187.2,88.3,,7f5f11cc-30cc-4d8f-b89a-f7dd9294bbe6,1,60
2026-09-24T07:15:32.974,POST,/desembolsos,201,180.7,90.3,,58d51d17-a02e-4ce8-afd3-37104edcea37,1,60
2026-09-24T07:15:33.068,POST,/desembolsos,201,169.3,82.5,,b223ba33-90c4-49fd-a260-f2bd8b86b3dd,1,60
2026-09-24T07:15:33.212,POST,/desembolsos,201,187.2,93.0,,e67b0d70-9ab2-4d90-a59c-95250e59f953,1,60
2026-09-24T07:15:33.295,POST,/desembolsos,201,178.0,87.6,,1034a6ff-fb9b-43cc-b3bc-a0abfe46c325,1,60
2026-09-24T07:15:33.427,POST,/desembolsos,201,174.4,85.5,,194fb0d0-bf4f-47c6-b65d-72ad78785ab2,1,60
2026-09-24T07:15:33.510,POST,/desembolsos,201,199.5,86.7,,d6178e6a-47b9-4e34-b416-9667047dc27c,1,60
2026-09-24T07:15:33.594,POST,/desembolsos,201,175.9,87.0,,a6277740-8dfe-4346-9abf-a5e9880bddb5,1,60
2026-09-24T07:15:33.704,POST,/desembolsos,201,184.3,91.4,,75fd6ffc-1f17-4f6c-a165-0aa285888087,1,60
2026-09-24T07:15:33.788,POST,/desembolsos,201,206.4,84.7,,2def5676-dff2-4b61-abfc-cbb4ddd12cb2,1,60
2026-09-24T07:15:33.888,POST,/desembolsos,201,200.7,108.8,,e29055aa-3843-40fd-8077-714f7eb85ece,1,60
2026-09-24T07:15:33.992,POST,/desembolsos,201,178.5,84.4,,bfff0f3c-a2b3-444d-a191-cbec00fb3f1e,1,60
2026-09-24T07:15:34.089,POST,/desembolsos,201,170.7,82.7,,212909e7-51f5-46b8-9cda-98c91e446867,1,60
2026-09-24T07:15:34.212,POST,/desembolsos,201,171.3,84.3,,444574d1-cb72-4779-93bd-2d0839ba2b6a,1,60
2026-09-24T07:15:34.296,POST,/desembolsos,201,169.8,81.5,,7621321e-eebb-4fc8-8bb1-39f6a027e5b0,1,60
2026-09-24T07:15:34.383,POST,/desembolsos,201,170.3,82.2,,223b9d79-8ff1-4c07-96a0-6ed8102c305d,1,60
2026-09-24T07:15:34.521,POST,/desembolsos,201,214.3,84.5,,db38aa48-3731-49a4-9248-a2746004bb38,1,60
2026-09-24T07:15:34.700,POST,/desembolsos,201,187.9,97.9,,5cd1e71f-c46e-4f8f-8800-0f207420dd20,1,60
2026-09-24T07:15:34.795,POST,/desembolsos,201,172.2,83.3,,18b23e91-f93c-437b-845c-cf5029c66009,1,60
2026-09-24T07:15:34.888,POST,/desembolsos,201,171.4,83.6,,1f1e545b-520b-47be-a16a-a4b707b5faae,1,60
2026-09-24T07:15:35.000,POST,/desembolsos,201,173.7,82.7,,15ab78df-4615-4a4d-baa4-da44194e3680,1,60
2026-09-24T07:15:35.082,POST,/desembolsos,201,185.9,83.1,,dda8297a-d2d3-4992-aa9b-3439e69f12d9,1,60
2026-09-24T07:15:34.602,POST,/desembolsos,201,681.9,120.2,,8c8d2421-3017-4ac8-9c73-87ee6bca6199,1,60
2026-09-24T07:15:35.213,POST,/desembolsos,201,171.7,83.3,,4a5f4e27-b828-41dc-9dab-136c465a6347,1,60
2026-09-24T07:15:35.286,POST,/desembolsos,201,178.2,90.0,,0cc91d3b-f93c-40fc-ad92-68cdcc0638eb,1,60
2026-09-24T07:15:35.382,POST,/desembolsos,201,195.6,104.2,,54b66cfd-6ccc-4557-8761-ce93671a11cb,1,60
2026-09-24T07:15:35.489,POST,/desembolsos,201,180.9,91.9,,553b25ca-837a-4610-a500-43f309dda69c,1,60
2026-09-24T07:15:35.603,POST,/desembolsos,201,214.0,88.1,,62ac455b-a61e-48c3-a497-872d12fcb318,1,60
2026-09-24T07:15:35.713,POST,/desembolsos,201,207.1,103.6,,3af83ae9-e6f6-4d2d-8ecf-61dd132330e9,1,60
2026-09-24T07:15:35.813,POST,/desembolsos,201,194.8,106.5,,a233cc3b-e0e7-470c-9b11-bbb823a71393,1,60
2026-09-24T07:15:35.912,POST,/desembolsos,201,175.5,86.1,,244ebfc7-342f-496c-b852-1f6afb6dcee5,1,60
2026-09-24T07:15:35.997,POST,/desembolsos,201,181.4,89.3,,82f91714-7dd3-43b6-9126-15c94f25b81c,1,60
2026-09-24T07:15:36.081,POST,/desembolsos,201,176.5,85.2,,dd8a8ba2-8e9f-4600-9335-9cbfae7d10b2,1,60
2026-09-24T07:15:36.180,POST,/desembolsos,201,174.2,85.2,,06863944-4f47-4191-ad16-ca08e7e1bc5e,1,60
2026-09-24T07:15:36.305,POST,/desembolsos,201,196.9,99.2,,07377745-ef2c-4075-af5a-83a329df5364,1,60
2026-09-24T07:15:36.404,POST,/desembolsos,201,175.3,84.1,,b0d19ad0-33b4-4c3a-8a68-ce438e31efd7,1,60
2026-09-24T07:15:36.499,POST,/desembolsos,201,195.3,87.3,,a76e8abe-3da8-46dd-a42a-378542a51f88,1,60
2026-09-24T07:15:36.586,POST,/desembolsos,201,196.8,108.0,,792164a4-cf52-44fa-be94-44f5e1dd616a,1,60
2026-09-24T07:15:36.685,POST,/desembolsos,201,169.6,83.6,,ed52592c-96cb-4001-bedb-3eaad7cd81e4,1,60
2026-09-24T07:15:36.812,POST,/desembolsos,201,177.7,82.7,,b2136903-26a0-4698-a714-356bf389f7c3,1,60
2026-09-24T07:15:36.893,POST,/desembolsos,201,172.4,83.8,,a17984a3-5f00-47f5-a7fd-18e148e026ba,1,60
2026-09-24T07:15:37.010,POST,/desembolsos,201,178.5,83.4,,fa1807a0-6a56-4600-b78b-0e263ce13531,1,60
2026-09-24T07:15:37.089,POST,/desembolsos,201,179.6,89.5,,662521ba-cb29-4d19-8469-04e58142c6d3,1,60
2026-09-24T07:15:37.185,POST,/desembolsos,201,177.0,84.4,,0aeffef9-d4b6-409e-9586-bd298f3d1900,1,60
2026-09-24T07:15:37.316,POST,/desembolsos,201,179.4,84.5,,fa37004d-32cd-4d25-855d-fa530bf4e1f2,1,60
2026-09-24T07:15:37.397,POST,/desembolsos,201,180.3,85.1,,23a7df5b-f8a9-4f9c-bc8a-e0be921fca2a,1,60
2026-09-24T07:15:37.495,POST,/desembolsos,201,180.4,85.2,,f3669fae-761d-404e-a2d5-8fd86f3998ec,1,60
2026-09-24T07:15:37.610,POST,/desembolsos,201,219.5,129.8,,1801681b-30f6-421f-8e48-e83339de7427,1,60
2026-09-24T07:15:37.725,POST,/desembolsos,201,171.2,83.3,,c4e5d90c-62d3-4917-a927-9130cd0261dc,1,60
2026-09-24T07:15:37.800,POST,/desembolsos,201,178.7,86.1,,2849e540-da18-4287-b497-2f0313e519d7,1,60
2026-09-24T07:15:37.880,POST,/desembolsos,201,177.1,89.5,,148539ca-e99f-477e-8487-7d869763cec7,1,60
2026-09-24T07:15:37.974,POST,/desembolsos,201,237.9,82.9,,0bd2763e-9940-4334-abc2-5620a82fc462,1,60
2026-09-24T07:15:38.111,POST,/desembolsos,201,191.2,102.1,,86b51555-7a50-457c-9e5e-75f83424322a,1,60
2026-09-24T07:15:38.206,POST,/desembolsos,201,175.4,82.2,,66ecf6e7-abec-433f-a692-462ce4c6743f,1,60
2026-09-24T07:15:38.286,POST,/desembolsos,201,176.4,85.6,,2c2a2490-9deb-4d79-a208-24e5aacdb04a,1,60
2026-09-24T07:15:38.412,POST,/desembolsos,201,177.0,88.6,,b3da531d-284b-4daf-87e3-11c7dcdb99a9,1,60
2026-09-24T07:15:38.488,POST,/desembolsos,201,175.9,82.0,,dd72d79b-454f-482c-a9e1-4448963660cb,1,60
2026-09-24T07:15:38.611,POST,/desembolsos,201,170.9,83.4,,a7d916fa-f4e5-4c3a-ab88-9b9ed42dd06a,1,60
2026-09-24T07:15:38.694,POST,/desembolsos,201,179.5,83.5,,511062d1-ce34-40d6-b824-3a2a1b8e1375,1,60
2026-09-24T07:15:38.778,POST,/desembolsos,201,181.2,89.8,,5c42def5-889b-4c00-849b-b2f846384aa2,1,60
2026-09-24T07:15:38.915,POST,/desembolsos,201,224.9,133.4,,eaa850ea-4dbf-42d7-83e7-a20ee08667ea,1,60
2026-09-24T07:15:39.009,POST,/desembolsos,201,174.4,85.4,,16ab82a8-20f0-43e5-a00f-2fe3a4e23ec7,1,60
2026-09-24T07:15:39.094,POST,/desembolsos,201,172.2,84.1,,1d1c999a-f2ec-412e-bb60-4066ef6f18a9,1,60
2026-09-24T07:15:39.177,POST,/desembolsos,201,182.1,88.8,,b2f933df-c1fa-4065-a924-f3f35335893e,1,60
2026-09-24T07:15:39.319,POST,/desembolsos,201,197.8,83.6,,963f12ee-c256-49fa-a65a-6f9dca17c906,1,60
2026-09-24T07:15:39.402,POST,/desembolsos,201,210.3,114.4,,6bc55a63-abe8-4416-8124-e4aea08f5ad9,1,60
2026-09-24T07:15:39.505,POST,/desembolsos,201,174.8,88.3,,631f90db-b123-425a-b24b-c003872036b0,1,60
2026-09-24T07:15:39.593,POST,/desembolsos,201,173.3,84.0,,ba624517-032a-488d-931c-f59dfc94086e,1,60
2026-09-24T07:15:39.705,POST,/desembolsos,201,179.0,92.1,,0d83d511-6ec9-424b-b067-2a86b67812c5,1,60
2026-09-24T07:15:39.795,POST,/desembolsos,201,176.6,83.4,,b04f1a76-daab-42e2-8f15-8ec8013458ef,1,60
2026-09-24T07:15:39.907,POST,/desembolsos,201,170.2,83.6,,5e062aeb-3e34-441e-b7d7-019e8ede9572,1,60
2026-09-24T07:15:39.989,POST,/desembolsos,201,172.8,83.1,,77cc3189-4a28-4515-9b23-728f3ee9e937,1,60
2026-09-24T07:15:40.111,POST,/desembolsos,201,172.2,84.1,,b3023602-bfd8-4009-bb99-baa1915b7f5c,1,60
2026-09-24T07:15:40.194,POST,/desembolsos,201,170.4,82.4,,b1be34dc-0241-4702-aedf-aaa31005c1c9,1,60
2026-09-24T07:15:40.311,POST,/desembolsos,201,178.9,88.1,,e5fad0e6-f447-47ca-9bf4-6ca2350e7118,1,60
2026-09-24T07:15:40.399,POST,/desembolsos,201,178.2,85.7,,17a6d6bd-13c8-45ed-a8a3-60bc76fe0a41,1,60
2026-09-24T07:15:40.490,POST,/desembolsos,201,177.8,82.9,,68efb28a-db9c-47bf-a12b-2d0145284133,1,60
2026-09-24T07:15:40.613,POST,/desembolsos,201,183.6,95.6,,7cfa6158-ee3c-48da-8d70-06e09df8ed3a,1,60
2026-09-24T07:15:40.708,POST,/desembolsos,201,174.3,85.6,,fccb6d63-c38e-4941-92fe-bbab42fda9a7,1,60
2026-09-24T07:15:40.787,POST,/desembolsos,201,178.7,88.0,,220c85d4-9216-4a3a-898f-9daec461c88c,1,60
2026-09-24T07:15:40.882,POST,/desembolsos,201,179.5,83.1,,d096bc10-5727-436b-a956-705b0f8d869e,1,60
2026-09-24T07:15:41.004,POST,/desembolsos,201,190.3,92.2,,96381079-a97d-4005-82b1-a3e70c77d243,1,60
2026-09-24T07:15:41.129,POST,/desembolsos,201,174.6,83.1,,4e2f0da2-f091-4a43-93b6-392e660b4eaf,1,60
2026-09-24T07:15:41.194,POST,/desembolsos,201,192.9,86.2,,f53e681a-ed4e-44a8-93c7-b7c92a794155,1,60
2026-09-24T07:15:41.304,POST,/desembolsos,201,180.8,85.2,,7cd48b9c-bdb2-4f95-bf78-4891a851aa83,1,60
2026-09-24T07:15:41.387,POST,/desembolsos,201,176.8,88.6,,b6944a32-2aea-4e79-8ff8-0061f34546ed,1,60
2026-09-24T07:15:41.514,POST,/desembolsos,201,170.6,83.3,,ee96f4f6-8fe7-4ce2-90d2-bd043092fa6d,1,60
2026-09-24T07:15:41.596,POST,/desembolsos,201,183.7,82.6,,889832d3-3d71-426d-8713-6f8c3a0de6e2,1,60
2026-09-24T07:15:41.715,POST,/desembolsos,201,183.4,82.4,,8d7795d5-5b6c-436e-aef6-cef1ed9d3d90,1,60
2026-09-24T07:15:41.781,POST,/desembolsos,201,192.2,87.7,,655c1e42-7faf-4c59-ac40-7a6427e2617e,1,60
2026-09-24T07:15:41.888,POST,/desembolsos,201,177.0,85.0,,84f2f86f-d4e7-4bd6-9213-5d938087de0f,1,60
2026-09-24T07:15:42.010,POST,/desembolsos,201,214.2,125.7,,06495614-9f47-4281-8cac-75553178f84f,1,60
2026-09-24T07:15:42.122,POST,/desembolsos,201,170.0,83.1,,d51b8f97-e999-4e52-b41c-c151caffaf0d,1,60
2026-09-24T07:15:42.204,POST,/desembolsos,201,180.0,88.0,,ce33aa01-0b70-4cfb-97ac-f42e6c92c93a,1,60
2026-09-24T07:15:42.292,POST,/desembolsos,201,188.1,90.1,,0a3b9247-51cc-44d9-bdad-336c7b3fba7f,1,60
2026-09-24T07:15:42.381,POST,/desembolsos,201,180.7,92.8,,9b28fa6e-7ad6-46b4-87be-1c26804d89e2,1,60
2026-09-24T07:15:42.511,POST,/desembolsos,201,198.1,96.0,,0885a032-6460-4151-887c-c06c27fa27c9,1,60
2026-09-24T07:15:42.606,POST,/desembolsos,201,205.1,103.4,,bcfbe479-1387-41a5-b7f2-9574bc7e0844,1,60
2026-09-24T07:15:42.708,POST,/desembolsos,201,189.7,90.9,,c26dc4a7-f89d-49e4-988b-d449f8e04b31,1,60
2026-09-24T07:15:42.794,POST,/desembolsos,201,171.5,83.8,,e3dd7097-9b22-4864-9d1d-44c70fcc2dea,1,60
2026-09-24T07:15:42.898,POST,/desembolsos,201,172.3,85.1,,ab091da8-cb6c-45e7-bba7-f838feca0add,1,60
2026-09-24T07:15:43.015,POST,/desembolsos,201,177.6,85.1,,2435c19b-b9c7-4dd6-85ed-f7230bbe3d02,1,60
2026-09-24T07:15:43.092,POST,/desembolsos,201,175.2,84.3,,a9dee7f8-53d5-491e-bc39-0be567f432bb,1,60
2026-09-24T07:15:43.231,POST,/desembolsos,201,208.5,119.6,,2027f069-afd7-43b0-90ef-c7edb99100b2,1,60
2026-09-24T07:15:43.310,POST,/desembolsos,201,217.6,124.4,,23c912bb-b2f0-4d2e-bd47-2f00815b1783,1,60
2026-09-24T07:15:43.404,POST,/desembolsos,201,174.1,83.2,,b55edb71-5687-4110-a36a-4f7865ec3cd2,1,60
2026-09-24T07:15:43.513,POST,/desembolsos,201,178.6,86.2,,6993f818-316d-45a7-a7ef-0de8d21ce975,1,60
2026-09-24T07:15:43.598,POST,/desembolsos,201,181.9,84.3,,6483d855-cf5e-4011-9688-be6f47f600d1,1,60
2026-09-24T07:15:43.732,POST,/desembolsos,201,187.4,84.0,,15654acd-fbe8-40c1-9560-3ff735ff7c12,1,60
2026-09-24T07:15:43.810,POST,/desembolsos,201,196.8,108.7,,5c92756b-b501-4592-9609-879cdb17cfda,1,60
2026-09-24T07:15:43.918,POST,/desembolsos,201,173.4,83.9,,192ea44c-a2ba-47df-a8a9-ddbf09951a22,1,60
2026-09-24T07:15:43.998,POST,/desembolsos,201,175.5,87.7,,1e94efd8-f1bc-4961-9145-84272ee802f9,1,60
2026-09-24T07:15:44.084,POST,/desembolsos,201,171.2,82.6,,f5a31835-0130-46f6-8a7d-558b6c41a8c0,1,60
2026-09-24T07:15:44.219,POST,/desembolsos,201,173.8,82.7,,be5404a8-0604-416f-b7ff-d4565dbf2866,1,60
2026-09-24T07:15:44.283,POST,/desembolsos,201,176.7,89.2,,21793bc3-2ebf-4d0c-b350-276722587e44,1,60
2026-09-24T07:15:44.392,POST,/desembolsos,201,184.0,85.8,,8350baed-2538-40ba-a8e4-81de761674bc,1,60
2026-09-24T07:15:44.477,POST,/desembolsos,201,185.1,82.4,,cc086795-27f7-4252-936f-a1acaa9d5c3a,1,60
2026-09-24T07:15:44.611,POST,/desembolsos,201,184.2,93.1,,c3ee9037-e8b8-4bf9-8c63-24fc0452f540,1,60
2026-09-24T07:15:44.703,POST,/desembolsos,201,174.0,85.9,,8367db43-f4f1-4f7f-b1a6-18c77f55406a,1,60
2026-09-24T07:15:44.813,POST,/desembolsos,201,170.1,83.4,,2b4d7e74-4c94-40c3-b232-383cb49c5fec,1,60
2026-09-24T07:15:44.896,POST,/desembolsos,201,174.2,84.4,,1339eafa-e47b-4b9d-b1cb-6014ff461650,1,60
2026-09-24T07:15:45.015,POST,/desembolsos,201,170.1,82.0,,b2c94965-c281-4550-bfdf-4cdfe6d58dea,1,60
2026-09-24T07:15:45.096,POST,/desembolsos,201,173.6,83.1,,c08a1fdf-ce47-40f3-85b7-53a14d996bcd,1,60
2026-09-24T07:15:45.205,POST,/desembolsos,201,198.8,110.7,,5eaa5f02-171b-4d8a-8d1a-f57baf8451f1,1,60
2026-09-24T07:15:45.299,POST,/desembolsos,201,172.7,85.0,,b2a04550-a194-477a-96b5-cf471bf62cee,1,60
2026-09-24T07:15:45.384,POST,/desembolsos,201,182.2,82.4,,9fc2d846-69d9-40bb-918d-a58168e9af3d,1,60
2026-09-24T07:15:45.517,POST,/desembolsos,201,171.8,83.3,,32cebe2c-a989-4f89-ba5b-1a99d7cab98d,1,60
2026-09-24T07:15:45.600,POST,/desembolsos,201,207.5,83.3,,b9062a79-70e5-4480-ba19-069ba43e2c6b,1,60
2026-09-24T07:15:45.721,POST,/desembolsos,201,176.0,87.5,,fb3ee171-5cfa-474c-97b2-ca69e7c570fb,1,60
2026-09-24T07:15:45.808,POST,/desembolsos,201,168.4,83.4,,08a0d7fa-773b-4fac-9110-4289e7fdd95a,1,60
2026-09-24T07:15:45.891,POST,/desembolsos,201,173.8,85.3,,ed8e631f-0ee6-4546-bbdd-a5a320d09f65,1,60
2026-09-24T07:15:46.019,POST,/desembolsos,201,181.2,85.1,,c2a28e44-9602-4b7c-82cb-da03f2bbfef6,1,60
2026-09-24T07:15:46.104,POST,/desembolsos,201,175.9,89.8,,a2528758-bdd9-42f8-88d8-879bc972b03d,1,60
2026-09-24T07:15:46.193,POST,/desembolsos,201,187.7,84.5,,ec26589e-cca8-446d-b616-f4be5134748c,1,60
2026-09-24T07:15:46.317,POST,/desembolsos,201,180.0,86.0,,b4a6301f-e4b2-456f-8420-02856d3c0051,1,60
2026-09-24T07:15:46.380,POST,/desembolsos,201,207.8,116.5,,24f076c4-962c-4c38-8303-4b3090e87436,1,60
2026-09-24T07:15:46.497,POST,/desembolsos,201,191.0,86.6,,805ab61f-3eec-4912-b6ee-0211d2958b55,1,60
2026-09-24T07:15:46.583,POST,/desembolsos,201,171.3,83.6,,7a25b7b5-d9e6-4c9f-8f8a-94d4e347639d,1,60
2026-09-24T07:15:46.728,POST,/desembolsos,201,177.7,87.2,,56da67e1-85a6-461e-b4c3-b82f2412ed79,1,60
2026-09-24T07:15:46.815,POST,/desembolsos,201,174.0,84.4,,78633405-9540-4df2-8008-de3be5fe30ef,1,60
2026-09-24T07:15:46.899,POST,/desembolsos,201,177.2,90.6,,3f385e86-ec9e-461a-b14d-8d3a2a44274b,1,60
2026-09-24T07:15:46.989,POST,/desembolsos,201,173.3,83.2,,06dab30c-adb3-40fc-a37e-a2fae8e94f98,1,60
2026-09-24T07:15:47.119,POST,/desembolsos,201,204.3,94.2,,135afc7d-4c26-4bbf-87fe-90fef36a962e,1,60
2026-09-24T07:15:47.212,POST,/desembolsos,201,196.7,105.9,,2bb8fa7b-a737-43a0-98df-1325b6e9f199,1,60
2026-09-24T07:15:47.305,POST,/desembolsos,201,173.2,83.1,,4eb8d7b3-608b-4ca5-8dbc-8e62156b972e,1,60
2026-09-24T07:15:47.388,POST,/desembolsos,201,170.4,83.2,,e950c59d-d5a9-42a3-9578-0941209f38c4,1,60
2026-09-24T07:15:47.510,POST,/desembolsos,201,194.5,91.0,,073de061-39ff-443d-9fde-86f622fb8519,1,60
2026-09-24T07:15:47.600,POST,/desembolsos,201,193.8,103.9,,54e0dfd2-4d46-446f-9c49-2f90575e6393,1,60
2026-09-24T07:15:47.703,POST,/desembolsos,201,175.4,83.5,,f6630207-1f2d-4dbf-915e-8a99c1266aa7,1,60
2026-09-24T07:15:47.822,POST,/desembolsos,201,170.6,84.1,,e0632898-cbe1-4f0e-af5f-e7ce19d640e9,1,60
2026-09-24T07:15:47.906,POST,/desembolsos,201,176.2,82.3,,2823d13a-8184-45e0-a3b3-7dee73ea0c01,1,60
2026-09-24T07:15:47.993,POST,/desembolsos,201,177.1,89.2,,c0cac17c-7f0b-4b05-a707-a8fd810c61d4,1,60
2026-09-24T07:15:48.083,POST,/desembolsos,201,176.6,81.8,,347f1412-4ae0-4825-90b4-d7c984e3857c,1,60
2026-09-24T07:15:48.211,POST,/desembolsos,201,216.4,127.1,,8e03733f-5920-461a-8e76-8b0fe3c8ab03,1,60
2026-09-24T07:15:48.306,POST,/desembolsos,201,177.9,82.2,,534d3fc8-0cc7-4060-92f6-f5a2dca7e3e0,1,60
2026-09-24T07:15:48.388,POST,/desembolsos,201,180.9,90.6,,2cd567c0-82ec-41b5-a309-d619aa6447f4,1,60
2026-09-24T07:15:48.524,POST,/desembolsos,201,173.6,85.0,,b70e3988-7f71-47bc-93ce-7a2fe6020381,1,60
2026-09-24T07:15:48.601,POST,/desembolsos,201,176.9,87.2,,c68102d1-d7ef-4437-9554-942bc4ee066b,1,60
2026-09-24T07:15:48.697,POST,/desembolsos,201,172.3,80.9,,cf11c2a5-b3a0-4687-9579-0da7b13b8f22,1,60
2026-09-24T07:15:48.803,POST,/desembolsos,201,217.6,127.5,,343a0b16-bc0b-45b2-a5f4-9f24427ef09f,1,60
2026-09-24T07:15:48.912,POST,/desembolsos,201,183.5,94.6,,b3593ee7-c941-4c0c-ba18-012829264ae7,1,60
2026-09-24T07:15:49.006,POST,/desembolsos,201,173.4,85.1,,fce0d6fc-2369-4f6f-b9bf-306480708957,1,60
2026-09-24T07:15:49.090,POST,/desembolsos,201,177.1,83.6,,e30155ca-4aba-46fa-9458-59b3fd7ee1bb,1,60
2026-09-24T07:15:49.179,POST,/desembolsos,201,171.5,82.4,,535387b6-6282-4f54-b978-04eafad4a91c,1,60
2026-09-24T07:15:49.317,POST,/desembolsos,201,176.7,89.2,,69120d81-da25-4011-9979-8c142fc9b53d,1,60
2026-09-24T07:15:49.405,POST,/desembolsos,201,169.6,83.0,,69711ead-dc43-48d9-b3d4-b34dd35128ff,1,60
2026-09-24T07:15:49.487,POST,/desembolsos,201,172.5,83.3,,d2c34a93-436d-4b8a-bd3e-632ff46df992,1,60
2026-09-24T07:15:49.610,POST,/desembolsos,201,217.8,119.3,,920654ae-bf1b-41a8-a3ef-d29cf372fa68,1,60
2026-09-24T07:15:49.720,POST,/desembolsos,201,178.1,90.6,,156911d5-2fe2-4b37-a055-74f5ff8fdf61,1,60
2026-09-24T07:15:49.809,POST,/desembolsos,201,173.9,82.0,,e8538889-d2a9-43ad-97a3-adaff77ba8b0,1,60
2026-09-24T07:15:49.891,POST,/desembolsos,201,172.6,81.3,,0a9480e6-f686-4302-92e6-b35e17caf268,1,60
2026-09-24T07:15:50.015,POST,/desembolsos,201,177.3,86.3,,91203d0c-7b55-4eb9-9d0a-79e83f4a9b73,1,60
2026-09-24T07:15:50.101,POST,/desembolsos,201,179.7,87.0,,227aef8a-7109-448c-8bf7-e91f82848e73,1,60
2026-09-24T07:15:50.187,POST,/desembolsos,201,183.1,90.3,,f59f7264-ff9d-444c-a3e0-f2f39f5ce4cb,1,60
2026-09-24T07:15:50.314,POST,/desembolsos,201,177.3,84.1,,ed0fd8cb-6c17-4c92-aa66-356c110a4d8a,1,60
2026-09-24T07:15:50.398,POST,/desembolsos,201,173.3,86.7,,38bcbf62-5690-4e11-93fc-1dc04efdbdbf,1,60
2026-09-24T07:15:50.491,POST,/desembolsos,201,168.2,81.7,,5f9a91ba-ce8f-49e5-b2f1-d3b60cc84030,1,60
2026-09-24T07:15:50.617,POST,/desembolsos,201,231.8,85.6,,85b74860-ac81-452f-9cbc-2ff2f76d6cef,1,60
2026-09-24T07:15:50.701,POST,/desembolsos,201,235.3,146.4,,d736ebd3-d6cb-40c7-b813-6aa6731d9e9c,1,60
2026-09-24T07:15:50.805,POST,/desembolsos,201,206.7,120.2,,aeaa5e8e-b714-49a0-8101-f8f423f0e68a,1,60
2026-09-24T07:15:50.914,POST,/desembolsos,201,192.5,94.5,,9da707ae-785f-4933-8801-fa618b55f193,1,60
2026-09-24T07:15:51.008,POST,/desembolsos,201,184.3,90.5,,b319594d-d591-4eeb-8350-668ca8082191,1,60
2026-09-24T07:15:51.098,POST,/desembolsos,201,194.7,94.0,,0ccd5666-1277-4b87-ad18-69872501f421,1,60
2026-09-24T07:15:51.193,POST,/desembolsos,201,186.7,97.8,,4eeb10fd-6863-4925-91c2-b623fdea0fce,1,60
2026-09-24T07:15:51.290,POST,/desembolsos,201,171.2,83.4,,4bb4b5e6-fe36-4f43-b837-835cb07f99f4,1,60
2026-09-24T07:15:51.413,POST,/desembolsos,201,220.5,118.2,,1656dbf0-17d6-4624-b57a-3f92b44a6856,1,60
2026-09-24T07:15:51.507,POST,/desembolsos,201,202.2,105.0,,9c80aa50-9585-45b5-91a1-7f5c48dab478,1,60
2026-09-24T07:15:51.611,POST,/desembolsos,201,187.3,94.3,,b7a66dc3-44d3-40dd-96fc-ddb5fac45384,1,60
2026-09-24T07:15:51.704,POST,/desembolsos,201,182.9,85.7,,8e80dc02-3d5b-4ca1-8eda-989257396e0f,1,60
2026-09-24T07:15:51.790,POST,/desembolsos,201,175.9,85.8,,172648f9-8492-4150-89d5-0bcaec014109,1,60
2026-09-24T07:15:51.888,POST,/desembolsos,201,171.6,82.6,,03013d2d-6443-4d93-bfd7-d1e77f1e2067,1,60
2026-09-24T07:15:52.011,POST,/desembolsos,201,171.7,83.5,,01c088be-532a-4807-aed7-4f57f8b417b9,1,60
2026-09-24T07:15:52.093,POST,/desembolsos,201,170.1,82.6,,2f416a8f-665c-41ce-8006-bd18f0549fad,1,60
2026-09-24T07:15:52.212,POST,/desembolsos,201,233.8,138.4,,f220e8d1-fd52-4fbe-8784-1e0b303217b2,1,60
2026-09-24T07:15:52.307,POST,/desembolsos,201,176.3,90.5,,3d8fb644-70ea-4c95-945a-6dd6dfed93d6,1,60
2026-09-24T07:15:52.397,POST,/desembolsos,201,170.9,82.5,,95643473-aee1-46aa-82c3-c5a3c5bd6b4e,1,60
2026-09-24T07:15:52.511,POST,/desembolsos,201,172.9,83.3,,7c9ff097-c04b-4664-b59b-0f34700c35a6,1,60
2026-09-24T07:15:52.594,POST,/desembolsos,201,175.2,83.5,,900f2f90-85be-46d9-8f43-6aac397f662d,1,60
2026-09-24T07:15:52.711,POST,/desembolsos,201,177.3,86.7,,e9172b0d-62ca-436b-8d58-60017c0a4e2e,1,60
2026-09-24T07:15:52.820,POST,/desembolsos,201,172.3,86.9,,161b488b-6b9e-4ccf-b046-f0f5105044c5,1,60
2026-09-24T07:15:52.888,POST,/desembolsos,201,187.1,92.6,,1900f2d1-6358-41ef-855a-7fd985848175,1,60
2026-09-24T07:15:52.992,POST,/desembolsos,201,180.6,84.9,,0683249e-5df6-4384-b2e8-7f5bc7369894,1,60
2026-09-24T07:15:53.126,POST,/desembolsos,201,169.5,81.9,,b79b7590-ecbb-4e48-9fb4-805f09a6c80d,1,60
2026-09-24T07:15:53.208,POST,/desembolsos,201,175.6,84.9,,7613c35f-8b28-41cb-9096-803d461fdae3,1,60
2026-09-24T07:15:53.292,POST,/desembolsos,201,173.9,85.3,,c7da406b-f08d-4c76-8d83-91a7c3c713c5,1,60
2026-09-24T07:15:53.402,POST,/desembolsos,201,169.6,81.8,,30fe51c3-70ea-4d4c-9b2e-be14267f48e8,1,60
2026-09-24T07:15:53.506,POST,/desembolsos,201,207.5,119.9,,412d037f-1632-4650-bcec-b9e2b5d6c5b1,1,60
2026-09-24T07:15:53.605,POST,/desembolsos,201,189.3,102.6,,503954dc-2d13-4858-98a9-55d08cc13304,1,60
2026-09-24T07:15:53.698,POST,/desembolsos,201,180.9,92.2,,4b00f0a7-f366-4d42-b2bd-27c5743b67f1,1,60
2026-09-24T07:15:53.790,POST,/desembolsos,201,173.2,84.2,,18f0d54d-40f7-42cf-82c7-ac4c45dd5357,1,60
2026-09-24T07:15:53.927,POST,/desembolsos,201,177.0,82.9,,7dd6bed9-7db1-44a8-af96-ddc1d26e7b68,1,60
2026-09-24T07:15:54.007,POST,/desembolsos,201,186.2,91.2,,47885558-a112-4bc6-babf-dc294b64bc56,1,60
2026-09-24T07:15:54.105,POST,/desembolsos,201,178.8,89.0,,33c53e20-8fc7-47f7-a03a-7233e6251255,1,60
2026-09-24T07:15:54.219,POST,/desembolsos,201,208.7,116.2,,801c94f0-23c9-442c-8fe3-43f41b651873,1,60
2026-09-24T07:15:54.306,POST,/desembolsos,201,178.4,82.2,,18a157cf-98f9-4737-a7d8-db41f1bdd788,1,60
2026-09-24T07:15:54.415,POST,/desembolsos,201,192.7,104.8,,1d4fa388-cd02-44ea-97a8-b6b1ed96a58a,1,60
2026-09-24T07:15:54.514,POST,/desembolsos,201,193.9,86.4,,3827d2e2-d9c7-4435-96b2-df993ef69ec9,1,60
2026-09-24T07:15:54.597,POST,/desembolsos,201,230.8,99.3,,48506aa9-6a6d-47e5-8bea-01e1ab7a85bd,1,60
2026-09-24T07:15:54.707,POST,/desembolsos,201,207.4,116.9,,6a7ff555-d213-4400-808b-dc90ed616fd5,1,60
2026-09-24T07:15:54.807,POST,/desembolsos,201,175.8,86.1,,a47fb061-a9fb-49be-85ac-f16aa24f59e6,1,60
2026-09-24T07:15:54.892,POST,/desembolsos,201,178.8,90.3,,b796993f-d3eb-4353-9b5f-6c1cedb8bfd0,1,60
2026-09-24T07:15:55.014,POST,/desembolsos,201,177.7,86.6,,4e059a6b-d49a-4199-9d6d-50930edbd49e,1,60
2026-09-24T07:15:55.098,POST,/desembolsos,201,175.6,84.0,,6b1e18e6-3a39-45cc-bab7-777dfe6cfa31,1,60
2026-09-24T07:15:55.207,POST,/desembolsos,201,177.3,90.3,,ccb31349-b580-40e5-92b1-430bfa30418c,1,60
2026-09-24T07:15:55.292,POST,/desembolsos,201,174.0,83.9,,8035cc2c-475c-4209-8fba-1db5f08fde05,1,60
2026-09-24T07:15:55.407,POST,/desembolsos,201,177.9,89.2,,20e12c68-d432-4ed2-9397-408bdcd02b3f,1,60
2026-09-24T07:15:55.492,POST,/desembolsos,201,172.4,82.8,,53c98fc5-4001-4de5-b0fb-cd605a347f1f,1,60
2026-09-24T07:15:55.616,POST,/desembolsos,201,193.2,101.2,,63be811b-d148-44fb-bfb1-fc9a0889c7f9,1,60
2026-09-24T07:15:55.707,POST,/desembolsos,201,176.3,88.6,,b2b0a167-0c3f-4527-aac8-f7c79745d2c3,1,60
2026-09-24T07:15:55.793,POST,/desembolsos,201,171.8,83.2,,667f492f-bc78-49a2-9b6e-5cfb314066d2,1,60
2026-09-24T07:15:55.882,POST,/desembolsos,201,171.1,83.8,,9237d481-d821-4c53-97ba-d3c961ca67fa,1,60
2026-09-24T07:15:55.997,POST,/desembolsos,201,175.9,88.3,,abfbba59-c581-4522-96ee-b61e98d82d63,1,60
2026-09-24T07:15:56.110,POST,/desembolsos,201,203.8,87.2,,a8c254d1-c32b-4283-ae22-b7e747e66e23,1,60
2026-09-24T07:15:56.195,POST,/desembolsos,201,204.8,116.8,,d3ac732b-fc78-42d6-8461-82c3167c45e0,1,60
2026-09-24T07:15:56.312,POST,/desembolsos,201,169.0,81.8,,40f0f260-931f-450a-9881-161d3c7692b7,1,60
2026-09-24T07:15:56.401,POST,/desembolsos,201,168.4,81.4,,8024b312-cb37-4a79-812f-cca0271e3b2f,1,60
2026-09-24T07:15:56.501,POST,/desembolsos,201,171.3,83.9,,bc12a960-5250-4d09-88c7-101f683f7b97,1,60
2026-09-24T07:15:56.584,POST,/desembolsos,201,189.0,85.0,,bd67073b-a982-4df1-a1e7-66604cfec3b4,1,60
2026-09-24T07:15:56.718,POST,/desembolsos,201,171.1,83.3,,34a57f6a-8623-439f-881c-f67708b4bf4f,1,60
2026-09-24T07:15:56.796,POST,/desembolsos,201,172.8,85.1,,6fd20707-d214-40a2-a5de-46d487fe0fbb,1,60
2026-09-24T07:15:56.880,POST,/desembolsos,201,171.6,82.8,,747ff270-f9dc-46de-90ce-a91395a12fcf,1,60
2026-09-24T07:15:57.016,POST,/desembolsos,201,171.4,82.5,,9cf1e8f1-44eb-490c-94c3-784124d6f238,1,60
2026-09-24T07:15:57.098,POST,/desembolsos,201,180.0,84.2,,09e4ff2b-c763-45bf-9c28-b25dfc95d955,1,60
2026-09-24T07:15:57.181,POST,/desembolsos,201,182.3,82.4,,31af46de-2fd6-46af-aec3-7b70d1545493,1,60
2026-09-24T07:15:57.314,POST,/desembolsos,201,175.2,87.5,,85ceff82-f62f-40de-b02b-2fdae8270116,1,60
2026-09-24T07:15:57.401,POST,/desembolsos,201,204.0,83.5,,a72c289e-67d3-467e-8c77-71b57765300b,1,60
2026-09-24T07:15:57.489,POST,/desembolsos,201,201.3,115.8,,381183aa-7e7c-426a-93b6-2f10fc19a37f,1,60
2026-09-24T07:15:57.595,POST,/desembolsos,201,177.5,86.9,,9bc13a39-a5e8-4669-b635-f7eee89eacc7,1,60
2026-09-24T07:15:57.719,POST,/desembolsos,201,170.7,82.8,,5f7065bb-6720-4c38-b329-7f8d142bdcfd,1,60
2026-09-24T07:15:57.797,POST,/desembolsos,201,175.6,84.1,,84c14989-ab24-480b-999b-caf5335aabc6,1,60
2026-09-24T07:15:57.880,POST,/desembolsos,201,169.0,82.8,,a51686a3-9d1f-427d-8377-cb763b4d88f2,1,60
2026-09-24T07:15:58.014,POST,/desembolsos,201,175.0,83.5,,79bc8f1b-bd67-4627-8cc1-9c99f4765a42,1,60
2026-09-24T07:15:58.097,POST,/desembolsos,201,198.8,83.8,,fd52ac2e-5141-430a-98d5-89aaa97e47c7,1,60
2026-09-24T07:15:58.220,POST,/desembolsos,201,175.3,85.5,,9f8c6f10-b88f-433f-a43d-f5589f6e71b5,1,60
2026-09-24T07:15:58.297,POST,/desembolsos,201,175.6,83.9,,77ac6447-b400-408b-99dd-8a04b04f0cfc,1,60
2026-09-24T07:15:58.424,POST,/desembolsos,201,174.8,83.4,,5b67f7b3-cd5b-46c8-b017-08e4f0cc30d7,1,60
2026-09-24T07:15:58.507,POST,/desembolsos,201,174.8,82.9,,ce6fbe14-f0d4-4e4e-935f-fc9539ab1a5a,1,60
2026-09-24T07:15:58.589,POST,/desembolsos,201,175.1,86.3,,961cf218-f6f7-428f-9e8c-a76bee2c5e0b,1,60
2026-09-24T07:15:58.703,POST,/desembolsos,201,173.7,87.0,,8b543b39-6a7d-4122-8550-beacd3b96c39,1,60
2026-09-24T07:15:58.789,POST,/desembolsos,201,173.2,83.0,,d4c581d4-04a8-47ee-98ea-5b7de78e570d,1,60
2026-09-24T07:15:58.871,POST,/desembolsos,201,179.9,87.1,,91b02bf8-bea0-4cb5-9f85-cfd19757eee5,1,60
2026-09-24T07:15:58.997,POST,/desembolsos,201,175.1,83.3,,5226ca7b-ade8-4eaa-a3e8-126fde4efd2c,1,60
2026-09-24T07:15:59.122,POST,/desembolsos,201,169.6,83.3,,573b5bff-73f2-43c8-a50e-14e6b9d422bb,1,60
2026-09-24T07:15:59.204,POST,/desembolsos,201,172.7,82.4,,493839b4-477e-4aa4-8da4-674989c6c2af,1,60
2026-09-24T07:15:59.286,POST,/desembolsos,201,173.3,85.2,,bd256742-0680-4ebf-af21-8f30866c1c62,1,60
2026-09-24T07:15:59.417,POST,/desembolsos,201,204.4,88.0,,5bd7f441-e932-4536-933d-5187202f65a2,1,60
2026-09-24T07:15:59.504,POST,/desembolsos,201,201.5,114.2,,d71feaa8-b413-41eb-8b25-fb9308918491,1,60
2026-09-24T07:15:59.604,POST,/desembolsos,201,187.5,97.0,,8ed304f3-9ebf-4a32-94a7-b53b9242617e,1,60
2026-09-24T07:15:59.700,POST,/desembolsos,201,172.7,82.4,,06aefe8a-eacc-4469-a1ab-ae336db766f8,1,60
2026-09-24T07:15:59.791,POST,/desembolsos,201,177.2,81.8,,90d23238-0a9c-49ac-9881-3c14a1b49c91,1,60
2026-09-24T07:15:59.916,POST,/desembolsos,201,182.3,93.3,,56b0174f-b631-4538-9d8a-cff1f206488d,1,60
2026-09-24T07:16:00.009,POST,/desembolsos,201,170.8,83.7,,ee9c9ad7-f6be-49de-abe8-245cd1570fb9,1,60
2026-09-24T07:16:00.092,POST,/desembolsos,201,198.6,83.3,,6697fa71-456f-49bf-a976-7d44585f8a92,1,60
2026-09-24T07:16:00.180,POST,/desembolsos,201,204.8,110.7,,264de928-6dd0-4912-b010-e1a51bfbe494,1,60
2026-09-24T07:16:00.290,POST,/desembolsos,201,177.7,89.2,,ce2b50d5-2382-4444-afe2-3ee7ce14c354,1,60
2026-09-24T07:16:00.378,POST,/desembolsos,201,172.1,83.4,,be147e26-0103-4881-bf57-d575a5ce50c1,1,60
2026-09-24T07:16:00.501,POST,/desembolsos,201,174.7,85.5,,fd86522e-ef3b-41c0-b3fc-b6a0636abf44,1,60
2026-09-24T07:16:00.586,POST,/desembolsos,201,171.0,82.4,,c749938d-8b25-4838-a674-b5f1c6da7968,1,60
2026-09-24T07:16:00.720,POST,/desembolsos,201,230.0,122.8,,0efd6b7e-212e-4998-938f-7bf8ba1605fc,1,60
2026-09-24T07:16:00.799,POST,/desembolsos,201,191.2,85.0,,1787b160-52cc-4e1f-b3da-bb7269047a43,1,60
2026-09-24T07:16:00.909,POST,/desembolsos,201,180.1,91.0,,9069c9c8-2cad-4747-aee8-b86b6ce872ca,1,60
2026-09-24T07:16:00.990,POST,/desembolsos,201,170.9,81.6,,a1ecc4f7-d795-430a-8f80-08c043e3ac37,1,60
2026-09-24T07:16:01.109,POST,/desembolsos,201,175.3,86.3,,f59f95d9-ecbe-4015-87cf-600cff8873bb,1,60
2026-09-24T07:16:01.195,POST,/desembolsos,201,183.9,89.4,,9bc68b64-d5d4-4edf-b436-287cc799919e,1,60
2026-09-24T07:16:01.312,POST,/desembolsos,201,179.2,89.7,,db336e97-7c51-4a46-a8b1-96a8eaac3d09,1,60
2026-09-24T07:16:01.401,POST,/desembolsos,201,182.0,84.3,,c3ef42ba-6ac8-4b0a-8359-0968c1304728,1,60
2026-09-24T07:16:01.491,POST,/desembolsos,201,181.2,92.2,,7214cc2c-5022-4cdf-bffc-4dc8100b26fc,1,60
2026-09-24T07:16:01.583,POST,/desembolsos,201,169.9,82.9,,a0f33394-fc9f-4a23-b1f1-d0f4c1c11ef2,1,60
2026-09-24T07:16:01.716,POST,/desembolsos,201,178.1,88.6,,bf06c747-051b-4f66-9570-7acd3268a1e9,1,60
2026-09-24T07:16:01.805,POST,/desembolsos,201,176.1,88.3,,b58f02a1-402e-439a-8433-4d800d882a80,1,60
2026-09-24T07:16:01.892,POST,/desembolsos,201,169.7,82.3,,7e85d9bd-3df9-48b3-9e57-05e5733ab415,1,60
2026-09-24T07:16:02.012,POST,/desembolsos,201,179.9,85.2,,331f468a-25e4-4c8f-b279-4d3f70634f2e,1,60
2026-09-24T07:16:02.097,POST,/desembolsos,201,184.9,90.0,,a9a2267f-318a-4c09-a2f4-c57dddd6af0a,1,60
2026-09-24T07:16:02.192,POST,/desembolsos,201,175.6,89.9,,628e7065-dd77-42df-8e9b-2d17853e6012,1,60
2026-09-24T07:16:02.308,POST,/desembolsos,201,180.0,92.5,,0c8db73d-1687-41b3-ae25-65817217bf35,1,60
2026-09-24T07:16:02.400,POST,/desembolsos,201,172.2,84.3,,e15fbe50-1bc8-4bc7-8ff4-5933255ab67b,1,60
2026-09-24T07:16:02.510,POST,/desembolsos,201,209.2,83.5,,0c81b4f5-deaa-40b5-9f68-db9d88ce1b8c,1,60
2026-09-24T07:16:02.620,POST,/desembolsos,201,181.3,93.4,,39fb6c05-04e4-4533-b404-af512884f764,1,60
2026-09-24T07:16:02.713,POST,/desembolsos,201,176.9,83.4,,b6225fe6-9926-4b64-896a-02a82e7888f8,1,60
2026-09-24T07:16:02.796,POST,/desembolsos,201,180.0,86.6,,9fa8b259-6564-46a0-a160-d491b6f472f8,1,60
2026-09-24T07:16:02.920,POST,/desembolsos,201,250.5,85.4,,6b16e0de-6ddf-4146-99af-f810159252ad,1,60
2026-09-24T07:16:02.998,POST,/desembolsos,201,178.2,86.7,,e4b74ef6-f22d-49ce-b288-e4e2ddecc028,1,60
2026-09-24T07:16:03.084,POST,/desembolsos,201,222.0,85.9,,3b4cc65b-e749-4626-a30e-e9581636c7f8,1,60
2026-09-24T07:16:03.203,POST,/desembolsos,201,193.4,103.6,,3f38d27a-66c0-402f-9b1a-ad51cfb5b591,1,60
2026-09-24T07:16:03.307,POST,/desembolsos,201,176.0,82.9,,081f6671-3d22-4e2c-afda-9bfe8a6f384a,1,60
2026-09-24T07:16:03.396,POST,/desembolsos,201,178.3,85.9,,60b43fc8-55f7-4162-bb25-dcfabc4ff257,1,60
2026-09-24T07:16:03.505,POST,/desembolsos,201,176.4,87.9,,2e3610b4-baf0-4c20-b0c7-d3b0e85c58c1,1,60
2026-09-24T07:16:03.618,POST,/desembolsos,201,194.2,85.3,,1422ac2a-7204-4e13-901d-aba016c30a63,1,60
2026-09-24T07:16:03.704,POST,/desembolsos,201,203.2,106.8,,f89c410d-7a8f-43da-9fa9-34ec6cd2addc,1,60
2026-09-24T07:16:03.803,POST,/desembolsos,201,204.6,103.6,,62bafdd1-10c4-4bef-b94d-87cdf58482b9,1,60
2026-09-24T07:16:03.906,POST,/desembolsos,201,186.5,93.7,,8a045d5a-8c23-4465-bc79-45ced0483708,1,60
2026-09-24T07:16:03.998,POST,/desembolsos,201,181.0,85.9,,d06d8f19-bc25-43d5-95cc-1685ab31c464,1,60
2026-09-24T07:16:04.085,POST,/desembolsos,201,180.3,93.1,,f7505570-30a6-47fe-ac1c-a3db7d75a684,1,60
2026-09-24T07:16:04.177,POST,/desembolsos,201,170.0,82.2,,7fadd96b-1575-43a5-a18c-1cb4d7826a0f,1,60
2026-09-24T07:16:04.311,POST,/desembolsos,201,181.8,93.9,,cf541efe-0b36-42ee-8427-db4c6ea04d22,1,60
2026-09-24T07:16:04.405,POST,/desembolsos,201,172.3,83.2,,e7f4ef71-bca0-49c5-b8b9-40cbb9986334,1,60
2026-09-24T07:16:04.492,POST,/desembolsos,201,174.7,86.8,,94fda1c2-2ccd-40d9-903f-4ad895f4385c,1,60
2026-09-24T07:16:04.611,POST,/desembolsos,201,216.2,129.9,,f0348a7c-ed1a-45f4-84b9-6841fdafea15,1,60
2026-09-24T07:16:04.707,POST,/desembolsos,201,174.2,85.4,,d8d9f9ec-ece8-4cce-b435-fc0b3b849eea,1,60
2026-09-24T07:16:04.791,POST,/desembolsos,201,172.5,83.9,,fc950a4b-f4a7-4ce0-bf52-dde826250e83,1,60
2026-09-24T07:16:04.912,POST,/desembolsos,201,174.2,85.9,,b4e7c231-bc37-4b3c-aa4e-214080f8f421,1,60
2026-09-24T07:16:04.997,POST,/desembolsos,201,172.4,83.2,,a8bd42d6-06e4-490e-bb8a-bb28c4068863,1,60
2026-09-24T07:16:05.086,POST,/desembolsos,201,170.9,83.9,,d5bfb776-6f5b-4f2f-b5ec-72e0ca70b47e,1,60
2026-09-24T07:16:05.214,POST,/desembolsos,201,174.1,85.5,,addb13d7-ba72-4943-bfc1-ef5813b5adfc,1,60
2026-09-24T07:16:05.326,POST,/desembolsos,201,174.3,84.7,,9da2d9dd-bb8b-42e3-9b51-0fc85c10e953,1,60
2026-09-24T07:16:05.405,POST,/desembolsos,201,176.7,88.4,,1bdfaf7f-1cc5-4991-bd6b-b1a8f5f4daf9,1,60
2026-09-24T07:16:05.493,POST,/desembolsos,201,171.0,83.2,,bf837c4c-38c2-4fdd-ad66-a0e60abcf886,1,60
2026-09-24T07:16:05.627,POST,/desembolsos,201,181.1,85.2,,72213b07-7103-4461-9773-4cfa430dd006,1,60
2026-09-24T07:16:05.705,POST,/desembolsos,201,175.6,84.8,,fcf7bdaf-eb29-478a-aaa2-f960f9bf3537,1,60
2026-09-24T07:16:05.789,POST,/desembolsos,201,180.7,83.8,,9ae9747b-f344-433a-88d5-d1421fa467a7,1,60
2026-09-24T07:16:05.912,POST,/desembolsos,201,211.5,83.4,,0b8cfd8c-9b3d-4243-a848-940a9a0c010a,1,60
2026-09-24T07:16:05.993,POST,/desembolsos,201,216.4,128.8,,01329aa5-1b74-4ef4-9cad-f9dc3f4df172,1,60
2026-09-24T07:16:06.116,POST,/desembolsos,201,179.1,88.2,,7203f41b-eaf3-4b9e-93a5-c0bac8911275,1,60
2026-09-24T07:16:06.203,POST,/desembolsos,201,175.2,81.9,,78dc9161-54a4-490c-9f9c-b232626ced7f,1,60
2026-09-24T07:16:06.295,POST,/desembolsos,201,170.3,80.9,,5a3f7900-8cc4-4840-b169-814ec9d4e152,1,60
2026-09-24T07:16:06.415,POST,/desembolsos,201,173.3,85.0,,a323f0d9-4488-416e-83dc-da428b76b021,1,60
2026-09-24T07:16:06.500,POST,/desembolsos,201,177.8,88.8,,58aa69fd-bd21-487b-bc11-8bd3fe24d459,1,60
2026-09-24T07:16:06.620,POST,/desembolsos,201,170.3,82.3,,06d4b778-3562-4dc8-b5ce-cae887b5d3b8,1,60
2026-09-24T07:16:06.700,POST,/desembolsos,201,173.0,84.8,,cbbb47a7-f08a-4c0e-8e1b-d60198ac1fa6,1,60
2026-09-24T07:16:06.811,POST,/desembolsos,201,174.6,83.5,,831d9a56-5c06-4098-8da4-aa8a2d57e887,1,60
2026-09-24T07:16:06.923,POST,/desembolsos,201,171.6,82.0,,3ce20d36-0e4e-4a97-8ae6-7e837a66b409,1,60
2026-09-24T07:16:07.005,POST,/desembolsos,201,172.2,83.3,,cb5cb8f0-12fd-48c4-a676-1d9b2bc2fd94,1,60
2026-09-24T07:16:07.088,POST,/desembolsos,201,177.3,85.6,,74cb7790-e3a3-449f-bb03-afdd06930874,1,60
2026-09-24T07:16:07.177,POST,/desembolsos,201,169.8,82.9,,b6d43b3d-c3f3-4453-bf96-38aa6e688840,1,60
2026-09-24T07:16:07.315,POST,/desembolsos,201,189.4,100.1,,932dd4bd-ca63-4f7e-857a-8395326ed875,1,60
2026-09-24T07:16:07.410,POST,/desembolsos,201,173.3,85.2,,05afbfce-609e-47b0-8c95-7e79ceb396ef,1,60
2026-09-24T07:16:07.495,POST,/desembolsos,201,171.2,82.4,,de797f73-fce1-4790-abc2-2f5b35e09d01,1,60
2026-09-24T07:16:07.583,POST,/desembolsos,201,171.6,82.8,,12c96081-e7d4-425f-b775-4e31bd8e9b75,1,60
2026-09-24T07:16:07.705,POST,/desembolsos,201,195.0,87.1,,bb99990d-f474-45d9-9c55-ddd763b4ac7f,1,60
2026-09-24T07:16:07.791,POST,/desembolsos,201,190.2,103.3,,cbae9709-ac14-4881-b6f6-0691a629331b,1,60
2026-09-24T07:16:07.894,POST,/desembolsos,201,173.8,82.5,,663ea9bf-cc6f-4fce-a68a-5031de0595a5,1,60
2026-09-24T07:16:08.014,POST,/desembolsos,201,171.9,83.7,,bd6d3885-e111-4292-9743-c22b8f595004,1,60
2026-09-24T07:16:08.097,POST,/desembolsos,201,173.6,83.4,,61c09b52-dc83-4615-a693-0a7d30a6d2e6,1,60
2026-09-24T07:16:08.217,POST,/desembolsos,201,172.6,85.4,,c6de3562-14f5-4d0b-9689-35f4565f2935,1,60
2026-09-24T07:16:08.296,POST,/desembolsos,201,175.7,84.1,,8a162f59-7178-476b-b1d0-e6eee519778c,1,60
2026-09-24T07:16:08.419,POST,/desembolsos,201,197.5,107.6,,68e60413-755b-49fd-bfa1-05a0ce4f5fb0,1,60
2026-09-24T07:16:08.512,POST,/desembolsos,201,175.8,88.5,,f3ecc7cb-cab5-4b0e-bca8-1f674e95faca,1,60
2026-09-24T07:16:08.601,POST,/desembolsos,201,179.9,87.8,,5ce0900e-0703-4a09-afdc-0acc387ab66d,1,60
2026-09-24T07:16:08.718,POST,/desembolsos,201,179.3,84.1,,cdc5fa51-e5e0-4299-831b-14d871412df5,1,60
2026-09-24T07:16:08.797,POST,/desembolsos,201,179.9,87.8,,bdcc7a17-7f20-4ef2-b96c-21baeb6aa3da,1,60
2026-09-24T07:16:08.884,POST,/desembolsos,201,168.7,81.4,,6378e6db-dcd1-4981-b654-8db993b8c372,1,60
2026-09-24T07:16:08.977,POST,/desembolsos,201,172.3,83.5,,0276d2b7-e531-4040-96a2-f572da49a896,1,60
2026-09-24T07:16:09.110,POST,/desembolsos,201,173.8,85.7,,dd670ade-7d40-4362-afc9-bb58db1075a3,1,60
2026-09-24T07:16:09.195,POST,/desembolsos,201,184.3,84.1,,554c4468-b9a8-470a-b160-6cb14251a6d7,1,60
2026-09-24T07:16:09.316,POST,/desembolsos,201,171.4,84.3,,ff8615b9-c558-4e4e-a5d2-52b066ee6699,1,60
2026-09-24T07:16:09.400,POST,/desembolsos,201,170.6,83.9,,bd6b610b-0a39-47ac-8f11-df999e10873f,1,60
2026-09-24T07:16:09.520,POST,/desembolsos,201,177.0,85.0,,d4eaecd9-1718-45da-acf9-ff5ce66b9760,1,60
2026-09-24T07:16:09.599,POST,/desembolsos,201,178.5,84.2,,05025175-4bdc-40d6-9082-c2d52ef742f9,1,60
2026-09-24T07:16:09.698,POST,/desembolsos,201,172.3,85.3,,e9933705-1e79-4e9c-aac3-4dcf162ec366,1,60
2026-09-24T07:16:09.805,POST,/desembolsos,201,171.5,84.1,,d61dfbf4-33f6-4338-9506-4a18796c8fb6,1,60
2026-09-24T07:16:09.889,POST,/desembolsos,201,181.5,85.2,,eafa1e1a-d639-48f8-bce7-8984d95a4bb5,1,60
2026-09-24T07:16:10.010,POST,/desembolsos,201,172.4,84.9,,c4d372e4-761b-469a-a944-c1005ff9a221,1,60
2026-09-24T07:16:10.095,POST,/desembolsos,201,171.3,82.1,,c23be794-a1ff-4131-b22d-8f1a1852edd5,1,60
2026-09-24T07:16:10.177,POST,/desembolsos,201,174.1,86.7,,84283ab2-ad04-440d-9e32-123491af155f,1,60
2026-09-24T07:16:10.312,POST,/desembolsos,201,179.1,88.8,,f113bc81-dcbc-4115-8f45-8a075a526221,1,60
2026-09-24T07:16:10.399,POST,/desembolsos,201,177.2,85.4,,c06d6cb4-8e19-47e3-af9a-359cfaf139e3,1,60
2026-09-24T07:16:10.491,POST,/desembolsos,201,177.3,86.5,,62c4b111-08d6-4dde-93c5-1e91a3c28e2d,1,60
2026-09-24T07:16:10.615,POST,/desembolsos,201,170.0,83.7,,fb9b37e9-968e-4998-9409-35b1159d5ed9,1,60
2026-09-24T07:16:10.698,POST,/desembolsos,201,174.3,82.0,,c117cd07-00a3-4967-a0f8-02543f67d40c,1,60
2026-09-24T07:16:10.819,POST,/desembolsos,201,184.1,95.4,,39ae96e0-4a5f-4e02-a7c3-83447d14b804,1,60
2026-09-24T07:16:10.913,POST,/desembolsos,201,173.2,83.6,,c684a97e-b4ee-4d29-8b98-0c9f90a2be18,1,60
2026-09-24T07:16:10.995,POST,/desembolsos,201,175.5,86.2,,f64ccbaa-e038-4cd6-8eb0-c9a42a1edb9c,1,60
2026-09-24T07:16:11.117,POST,/desembolsos,201,172.2,85.4,,fd65838c-238a-4526-bffc-e6c28759ef2c,1,60
2026-09-24T07:16:11.201,POST,/desembolsos,201,171.6,83.3,,589628be-60dc-4e09-b3ba-65bc0d65f7c0,1,60
2026-09-24T07:16:11.288,POST,/desembolsos,201,170.4,81.4,,a146fffc-2cf6-41da-b552-a5a3beb96930,1,60
2026-09-24T07:16:11.401,POST,/desembolsos,201,175.1,86.8,,3f9485c5-d041-4b3d-b58c-a18da7f54c6e,1,60
2026-09-24T07:16:11.526,POST,/desembolsos,201,184.3,84.1,,12c3dfe4-0bfa-4053-9c9e-e4335ef6725a,1,60
2026-09-24T07:16:11.605,POST,/desembolsos,201,191.6,105.4,,c2b9f96d-b5dc-4452-8086-fdcbcc72dda8,1,60
2026-09-24T07:16:11.710,POST,/desembolsos,201,182.5,86.8,,fe6db0d6-4dc8-4bda-984c-408e8d8d606e,1,60
2026-09-24T07:16:11.796,POST,/desembolsos,201,183.6,83.1,,d6b2f2d8-5c5f-4ab2-8e60-ab8edc5b5e4c,1,60
2026-09-24T07:16:11.893,POST,/desembolsos,201,181.4,87.0,,83362b28-2c59-4341-97df-5f52d21e35c2,1,60
2026-09-24T07:16:12.021,POST,/desembolsos,201,173.0,84.2,,d8a60bdc-9e7e-4044-8cf8-5addcd2c7755,1,60
2026-09-24T07:16:12.104,POST,/desembolsos,201,175.6,85.2,,cdbbdc8c-6561-4e9e-b440-f0fc1c8f79ca,1,60
2026-09-24T07:16:12.189,POST,/desembolsos,201,198.1,87.8,,466b7ed8-a1f2-4536-be0e-4d8396a1312f,1,60
2026-09-24T07:16:12.308,POST,/desembolsos,201,197.3,84.2,,c3ce3ae6-8293-4d10-8bc9-de66efff4cac,1,60
2026-09-24T07:16:12.420,POST,/desembolsos,201,185.0,90.3,,b9db011a-b074-431f-b279-da0b62d90668,1,60
2026-09-24T07:16:12.506,POST,/desembolsos,201,171.3,83.2,,67eb2cfe-a712-4b8a-a98c-19d47189e5ed,1,60
2026-09-24T07:16:12.604,POST,/desembolsos,201,207.5,99.3,,caa1e121-750d-4986-9376-7d7e42dc16ed,1,60
2026-09-24T07:16:12.703,POST,/desembolsos,201,191.1,103.6,,3819a467-855d-4663-8d89-727c58c1f51e,1,60
2026-09-24T07:16:12.807,POST,/desembolsos,201,184.1,82.3,,f36ee4b6-8a1f-4738-831f-0e7232a0cdd9,1,60
2026-09-24T07:16:12.888,POST,/desembolsos,201,186.1,95.6,,2edaa0f4-a1dc-4d11-94a2-117c1016a90f,1,60
2026-09-24T07:16:12.991,POST,/desembolsos,201,176.6,84.0,,0e91a8dc-bab6-4de0-b14b-afcfeb9e2ddf,1,60
2026-09-24T07:16:13.118,POST,/desembolsos,201,176.3,86.2,,a4700e49-8127-408d-9d48-a0d4d15032ed,1,60
2026-09-24T07:16:13.197,POST,/desembolsos,201,171.2,82.8,,7f34e81e-24b7-4c2a-9533-e64351e77ef0,1,60
2026-09-24T07:16:13.324,POST,/desembolsos,201,176.3,88.9,,3d77bed5-61db-44fb-8231-13376f29208c,1,60
2026-09-24T07:16:13.412,POST,/desembolsos,201,200.3,83.6,,e46fff7b-c8af-4646-918a-b127b2006fdf,1,60
2026-09-24T07:16:13.495,POST,/desembolsos,201,199.9,84.1,,400c70ca-58b3-4a69-a1df-1975e04378e4,1,60
2026-09-24T07:16:13.613,POST,/desembolsos,201,170.5,83.4,,5b1c7d31-cf3a-472e-aefd-98639db51b27,1,60
2026-09-24T07:16:13.695,POST,/desembolsos,201,169.8,81.9,,79452476-64d9-4cee-a837-627a6e217b3d,1,60
2026-09-24T07:16:13.810,POST,/desembolsos,201,171.5,82.0,,5476d0ff-32e7-4ae6-8a9d-6ae99e724074,1,60
2026-09-24T07:16:13.919,POST,/desembolsos,201,173.6,83.4,,bc83a2f8-6cf0-4234-9af3-a55e39380110,1,60
2026-09-24T07:16:14.002,POST,/desembolsos,201,170.2,83.6,,e3509137-af8c-4997-aad3-3d3302d92b86,1,60
2026-09-24T07:16:14.124,POST,/desembolsos,201,178.5,86.1,,3f2c5d68-2143-4b5e-8774-cfdc02cb7e57,1,60
2026-09-24T07:16:14.209,POST,/desembolsos,201,172.1,84.4,,372934bf-f419-4a11-aecd-cfe983a921e6,1,60
2026-09-24T07:16:14.293,POST,/desembolsos,201,169.3,82.7,,010fd291-61b2-4b0e-9236-d68d640bfc21,1,60
2026-09-24T07:16:14.407,POST,/desembolsos,201,174.1,87.4,,3e3bde16-e52a-4a9e-aaa5-c628fdc31a44,1,60
2026-09-24T07:16:14.494,POST,/desembolsos,201,168.0,80.9,,e7bf45d8-fc57-455d-ac7f-242bdbe22903,1,60
2026-09-24T07:16:14.615,POST,/desembolsos,201,176.6,83.9,,8a17cd71-2aaa-4f57-ad23-6a4221d83d15,1,60
2026-09-24T07:16:14.698,POST,/desembolsos,201,177.9,89.3,,14c6c569-324a-4959-9474-ee414f8a8ad4,1,60
2026-09-24T07:16:14.787,POST,/desembolsos,201,179.8,83.2,,bba92a5f-a25d-45f9-8c6e-a56a834c2ba3,1,60
2026-09-24T07:16:14.916,POST,/desembolsos,201,173.3,83.9,,7edd3d2d-db51-4f14-93c1-da9b49dcf50a,1,60
2026-09-24T07:16:14.999,POST,/desembolsos,201,173.9,82.7,,4ea528dc-74dd-4e10-b6be-20330b415c8d,1,60
2026-09-24T07:16:15.090,POST,/desembolsos,201,172.7,83.9,,bb75a1d2-d78e-4c8d-9aff-8b8b85f06e14,1,60
2026-09-24T07:16:15.212,POST,/desembolsos,201,196.1,93.6,,e1b4d9fd-550e-47e1-817c-107732f09501,1,60
2026-09-24T07:16:15.305,POST,/desembolsos,201,190.2,83.3,,8c388b4e-2cc8-42f9-973f-52cf620a1916,1,60
2026-09-24T07:16:15.408,POST,/desembolsos,201,177.5,87.6,,7723a59b-765f-44fe-b3c3-a3ed9981f28e,1,60
2026-09-24T07:16:15.495,POST,/desembolsos,201,189.1,85.1,,43b54c8f-e3fe-4d63-88f1-582606f1f1fa,1,60
2026-09-24T07:16:15.585,POST,/desembolsos,201,189.3,98.9,,bd78db01-d476-478b-b3ac-c6ef380be6fa,1,60
2026-09-24T07:16:15.720,POST,/desembolsos,201,175.8,83.7,,78aa1dfd-2f29-4dde-8e04-9d4c4609dd93,1,60
2026-09-24T07:16:15.803,POST,/desembolsos,201,176.1,85.7,,9dc8327b-4f86-43f0-b902-7e8f8f86c4c6,1,60
2026-09-24T07:16:15.895,POST,/desembolsos,201,186.8,93.4,,3014478f-0d13-4e64-aa9a-c25fdd536ef8,1,60
2026-09-24T07:16:15.989,POST,/desembolsos,201,174.2,86.8,,b58adad5-2914-41ef-b812-04c0490cccf0,1,60
2026-09-24T07:16:16.083,POST,/desembolsos,201,213.3,82.3,,d92cf725-1d22-491f-b45e-5e589e6c1f2c,1,60
2026-09-24T07:16:16.209,POST,/desembolsos,201,185.4,88.0,,7fc09ba0-d1ab-4654-80d7-842622123aeb,1,60
2026-09-24T07:16:16.322,POST,/desembolsos,201,172.6,83.2,,45417269-ba0e-4050-946e-08ec1bd8d9c2,1,60
2026-09-24T07:16:16.394,POST,/desembolsos,201,178.6,87.0,,c23af5dd-26a1-4b5c-bbda-0481c25c590e,1,60
2026-09-24T07:16:16.495,POST,/desembolsos,201,177.8,84.4,,7b550fa2-5e1e-4700-b5c9-a470c2723eb1,1,60
2026-09-24T07:16:16.610,POST,/desembolsos,201,170.1,82.1,,7b5ac09d-ef26-4ea9-a1b1-f278fda6af6f,1,60
2026-09-24T07:16:16.721,POST,/desembolsos,201,171.6,82.0,,065c6f06-c030-4e7f-9752-2518024079ff,1,60
2026-09-24T07:16:16.801,POST,/desembolsos,201,179.3,86.6,,58553967-26ad-40a3-9e50-15f1f23266db,1,60
2026-09-24T07:16:16.927,POST,/desembolsos,201,179.8,87.1,,6a22b878-c6f5-4acb-b59f-84847ac5bc61,1,60
2026-09-24T07:16:17.006,POST,/desembolsos,201,175.4,85.2,,30afbd30-8572-46fc-9297-bf09c1c01307,1,60
2026-09-24T07:16:17.106,POST,/desembolsos,201,178.6,89.2,,2f66bdea-88be-4877-b7a7-92e108abcc1a,1,60
2026-09-24T07:16:17.195,POST,/desembolsos,201,177.9,85.8,,a0a3727a-3a79-4fef-be9b-b1f141c4a9a9,1,60
2026-09-24T07:16:17.321,POST,/desembolsos,201,177.0,87.9,,0bebe950-4a91-4da8-85d3-062435249402,1,60
2026-09-24T07:16:17.408,POST,/desembolsos,201,172.6,84.5,,8ba87ac6-f894-4253-852c-f993f8016cbb,1,60
2026-09-24T07:16:17.492,POST,/desembolsos,201,170.3,82.9,,4090f8ce-1948-499f-b12d-50255fa435bb,1,60
2026-09-24T07:16:17.609,POST,/desembolsos,201,183.2,94.6,,5a538340-f661-486f-9b6e-c6603ca5ee75,1,60
2026-09-24T07:16:17.703,POST,/desembolsos,201,172.3,82.7,,6008442b-8e6f-4a74-9e22-09c9c6f36177,1,60
2026-09-24T07:16:17.792,POST,/desembolsos,201,173.1,85.5,,ed57dfa3-5c48-4e96-b914-e1ca3d50738d,1,60
2026-09-24T07:16:17.920,POST,/desembolsos,201,170.9,83.5,,39ffd7e4-9535-4538-8397-006735415a7f,1,60
2026-09-24T07:16:18.002,POST,/desembolsos,201,169.9,83.0,,a6d348b7-dc36-4a70-9ddb-5ea358574dba,1,60
2026-09-24T07:16:18.085,POST,/desembolsos,201,172.3,84.4,,16e46612-59c8-41eb-ad56-ae0094fd9678,1,60
2026-09-24T07:16:18.218,POST,/desembolsos,201,173.2,82.2,,e8e6e7bf-35b6-4750-9cb9-7464de94914f,1,60
2026-09-24T07:16:18.329,POST,/desembolsos,201,173.0,83.1,,7ade97d3-e6b7-4961-ae3d-c309bffdf052,1,60
2026-09-24T07:16:18.410,POST,/desembolsos,201,175.4,82.9,,56f5c199-453b-41e1-9ff8-2349f15056fa,1,60
2026-09-24T07:16:18.492,POST,/desembolsos,201,175.1,83.7,,959e79ff-5aff-4f7e-9f11-6f6ad1930c0a,1,60
2026-09-24T07:16:18.584,POST,/desembolsos,201,173.2,82.2,,c56b62bc-1ecf-460a-9231-52068835ded2,1,60
2026-09-24T07:16:18.707,POST,/desembolsos,201,222.9,81.2,,bfb236eb-e5e7-494c-9ec4-2d4872b38ff3,1,60
2026-09-24T07:16:18.818,POST,/desembolsos,201,198.3,111.5,,f0fe1959-0d84-4c55-8362-4d4d09543632,1,60
2026-09-24T07:16:18.913,POST,/desembolsos,201,183.9,94.8,,b6b7f7ac-22c1-47de-977e-381caaafc400,1,60
2026-09-24T07:16:19.007,POST,/desembolsos,201,171.8,82.7,,829da07a-8743-410c-8ef4-9e44239e3b07,1,60
2026-09-24T07:16:19.089,POST,/desembolsos,201,174.9,83.1,,63c7f0ac-7f3a-4506-941c-abbd9432bf9a,1,60
2026-09-24T07:16:19.214,POST,/desembolsos,201,189.4,94.6,,fdacad34-063b-4e3d-81d0-215f87f8b8f0,1,60
2026-09-24T07:16:19.307,POST,/desembolsos,201,183.8,90.3,,c25d645e-a201-4b66-8e69-be8bcd47889e,1,60
2026-09-24T07:16:19.398,POST,/desembolsos,201,184.1,94.6,,efa37f56-519e-4489-bd22-82777b174bb9,1,60
2026-09-24T07:16:19.492,POST,/desembolsos,201,173.1,85.3,,029b9073-e919-48a5-becd-94312fa2193f,1,60
2026-09-24T07:16:19.609,POST,/desembolsos,201,176.2,87.4,,a2f32f8e-9ec6-48b4-b198-1b9a6011a32e,1,60
2026-09-24T07:16:19.696,POST,/desembolsos,201,175.4,87.2,,b34483f4-8bca-4e02-89c1-938f11433c7a,1,60
2026-09-24T07:16:19.813,POST,/desembolsos,201,173.0,84.7,,a4d1f0bf-4926-461f-9005-0cf29e79134e,1,60
2026-09-24T07:16:19.898,POST,/desembolsos,201,176.5,85.7,,dc244eb4-89a1-4f5a-9a7e-c8d312e88607,1,60
2026-09-24T07:16:20.018,POST,/desembolsos,201,213.6,94.2,,1e74cf09-52ec-430e-8bf3-925d6a8e97f4,1,60
2026-09-24T07:16:20.111,POST,/desembolsos,201,207.0,120.1,,4b8e8369-1784-4e76-bf5d-141294b87787,1,60
2026-09-24T07:16:20.226,POST,/desembolsos,201,174.8,86.8,,364ce300-9feb-4bcb-bb6e-624d49c8b16f,1,60
2026-09-24T07:16:20.313,POST,/desembolsos,201,173.4,85.1,,e87db5fe-13fd-4e96-9f14-110ee6eccf6f,1,60
2026-09-24T07:16:20.395,POST,/desembolsos,201,171.9,85.8,,d0539e65-d61c-4198-9d61-3ab466c26e13,1,60
2026-09-24T07:16:20.521,POST,/desembolsos,201,170.4,83.5,,33033bf9-aa73-4482-8f09-24836f3914a5,1,60
2026-09-24T07:16:20.604,POST,/desembolsos,201,190.1,83.8,,9f8c4f4f-4984-48b0-8038-cf236e372275,1,60
2026-09-24T07:16:20.710,POST,/desembolsos,201,196.1,84.3,,73187974-985e-4326-abf3-dd3a68483617,1,60
2026-09-24T07:16:20.793,POST,/desembolsos,201,203.1,112.2,,2ddef569-9127-4be3-91fd-bb63a1bff82d,1,60
2026-09-24T07:16:20.906,POST,/desembolsos,201,184.6,91.4,,5c2cb459-4474-484d-ae62-b0017c25b92c,1,60
2026-09-24T07:16:20.996,POST,/desembolsos,201,186.6,89.7,,8de2d647-df5e-425b-b89a-941df43f5b2b,1,60
2026-09-24T07:16:21.086,POST,/desembolsos,201,184.2,91.6,,7962cda2-de43-4964-8ee3-b4571d3410d7,1,60
2026-09-24T07:16:21.177,POST,/desembolsos,201,177.3,83.6,,0a0e2cf4-0d84-4649-ba53-869c56f84156,1,60
2026-09-24T07:16:21.314,POST,/desembolsos,201,177.2,86.3,,b672dd83-2183-4f44-9c66-6d6bf00e8c91,1,60
2026-09-24T07:16:21.399,POST,/desembolsos,201,171.6,83.7,,cb5a9a42-947f-4acc-a4fc-a0be0ab7eee7,1,60
2026-09-24T07:16:21.491,POST,/desembolsos,201,169.3,82.6,,28a55fda-b5b7-417e-a342-647f0e849a88,1,60
2026-09-24T07:16:21.614,POST,/desembolsos,201,201.2,111.5,,4ef74c7a-c3ba-448c-921b-ab79fb2eed18,1,60
2026-09-24T07:16:21.722,POST,/desembolsos,201,173.1,85.0,,907969c4-7086-4ea6-976c-686826145404,1,60
2026-09-24T07:16:21.806,POST,/desembolsos,201,177.0,84.3,,d3ee987a-6e14-4ddd-b598-12fea6444a7f,1,60
2026-09-24T07:16:21.925,POST,/desembolsos,201,175.8,86.2,,aef9461a-3c3f-4832-8b02-aca0c24b580f,1,60
2026-09-24T07:16:22.010,POST,/desembolsos,201,172.0,84.5,,72e896bb-e5fe-42c6-b166-8d54336d1c07,1,60
2026-09-24T07:16:22.095,POST,/desembolsos,201,205.2,82.9,,c9d5c340-87f1-404b-8796-18e6a5e9dfe3,1,60
2026-09-24T07:16:22.178,POST,/desembolsos,201,205.3,84.1,,cea28dd6-d928-4edb-997d-856faf3892b6,1,60
2026-09-24T07:16:22.300,POST,/desembolsos,201,172.3,82.6,,f3467310-b00a-40f8-8cd8-01e7ddad044a,1,60
2026-09-24T07:16:22.414,POST,/desembolsos,201,175.3,85.2,,e0d90504-bfb9-4635-ace2-84f37435b5f9,1,60
2026-09-24T07:16:22.498,POST,/desembolsos,201,172.7,83.4,,307b1696-11ef-4eed-8652-2a520dd9e9e7,1,60
2026-09-24T07:16:22.589,POST,/desembolsos,201,171.1,83.5,,d2581260-0934-420d-965e-fd16ff3589d1,1,60
2026-09-24T07:16:22.703,POST,/desembolsos,201,188.1,89.8,,cc866174-46ef-464d-956c-5e5b0fd15546,1,60
2026-09-24T07:16:22.793,POST,/desembolsos,201,189.4,99.3,,55e0ba17-3be5-4850-bb67-0db76a0f5133,1,60
2026-09-24T07:16:22.892,POST,/desembolsos,201,171.1,83.0,,ad17cb2a-a07b-4428-a186-61658f0d96e5,1,60
2026-09-24T07:16:23.020,POST,/desembolsos,201,172.1,83.9,,a9a73bbc-3b51-4f18-b4d2-b4a8caf0b205,1,60
2026-09-24T07:16:23.102,POST,/desembolsos,201,171.0,83.2,,0ca48b56-013f-4a43-ae16-8ff09912fcf8,1,60
2026-09-24T07:16:23.195,POST,/desembolsos,201,174.2,83.7,,215dbd10-8b54-4361-97ba-95fb80a59b30,1,60
2026-09-24T07:16:23.304,POST,/desembolsos,201,174.5,86.9,,010a4063-213e-428c-b94a-c588ee392fc2,1,60
2026-09-24T07:16:23.390,POST,/desembolsos,201,189.2,82.8,,bd297f45-8547-48e2-8756-2462fd70332d,1,60
2026-09-24T07:16:23.512,POST,/desembolsos,201,176.4,86.9,,d8793918-372f-4744-9a41-8750190250c9,1,60
2026-09-24T07:16:23.599,POST,/desembolsos,201,169.8,83.9,,45172a60-3a66-4103-9b7f-c2967eb3e807,1,60
2026-09-24T07:16:23.713,POST,/desembolsos,201,181.2,85.9,,a4e1cf03-905a-4f88-9ed2-6d3b3c70e7f2,1,60
2026-09-24T07:16:23.798,POST,/desembolsos,201,179.7,90.5,,916e7d10-7064-458c-875b-f2d4efcc6df6,1,60
2026-09-24T07:16:23.919,POST,/desembolsos,201,182.4,84.4,,97059738-29e9-4280-a1b9-371d088b9ab5,1,60
2026-09-24T07:16:23.998,POST,/desembolsos,201,172.7,83.2,,661a25c1-3f0d-4167-9f8e-6481e47a0f4b,1,60
2026-09-24T07:16:24.101,POST,/desembolsos,201,172.4,82.6,,8283c4ba-5bf0-4b2d-b3c3-bc3fd41ff1d0,1,60
2026-09-24T07:16:24.215,POST,/desembolsos,201,201.7,111.7,,7ec817b1-6558-428e-ba1c-39eac73f3fab,1,60
2026-09-24T07:16:24.295,POST,/desembolsos,201,176.9,87.5,,3bd1be45-6573-4ae9-9b93-cdd691de9d5d,1,60
2026-09-24T07:16:24.417,POST,/desembolsos,201,180.3,92.6,,e215d558-6baf-4768-aa34-cbdb703467c1,1,60
2026-09-24T07:16:24.509,POST,/desembolsos,201,173.2,83.0,,e74404e3-2102-4ca8-999f-3df43f3ab72f,1,60
2026-09-24T07:16:24.627,POST,/desembolsos,201,176.1,89.0,,d196680e-3e4a-4722-85b8-417aaf4735e6,1,60
2026-09-24T07:16:24.707,POST,/desembolsos,201,173.4,83.9,,c8bb0f95-d3ac-4ba3-af4e-2515ed1f7f3b,1,60
2026-09-24T07:16:24.790,POST,/desembolsos,201,170.9,84.0,,a0a8844b-71da-450e-aca2-ce166c7c254b,1,60
2026-09-24T07:16:24.880,POST,/desembolsos,201,179.1,82.9,,c7726ed9-618a-4a61-b558-01554b2015ed,1,60
2026-09-24T07:16:25.007,POST,/desembolsos,201,176.9,83.0,,31b7d8de-56e4-495f-b06a-6ac4db7e4d6c,1,60
2026-09-24T07:16:25.090,POST,/desembolsos,201,173.7,84.0,,12b57862-1ee9-4c45-b81b-7a7f268b41d2,1,60
2026-09-24T07:16:25.216,POST,/desembolsos,201,188.8,86.5,,237ff291-e883-4364-b9ad-20f3f5a7bd4d,1,60
2026-09-24T07:16:25.302,POST,/desembolsos,201,211.4,99.2,,c3b215b4-c8c3-4151-a0fa-1c62ccb804a3,1,60
2026-09-24T07:16:25.400,POST,/desembolsos,201,203.7,111.7,,18fd83ee-c8a9-401a-86e6-fbaef8549c2a,1,60
2026-09-24T07:16:25.511,POST,/desembolsos,201,182.9,90.4,,db5189a6-a605-4b20-98c3-99a6fda22f28,1,60
2026-09-24T07:16:25.602,POST,/desembolsos,201,175.9,87.7,,168ea03d-e5ba-496c-8317-632fbf1acae7,1,60
2026-09-24T07:16:25.695,POST,/desembolsos,201,173.3,85.6,,fb702799-eb62-40c4-a8f0-4ed13f7791fe,1,60
2026-09-24T07:16:25.806,POST,/desembolsos,201,173.7,87.7,,a9827400-6c32-4520-8483-56f909916460,1,60
2026-09-24T07:16:25.914,POST,/desembolsos,201,221.9,93.7,,d46711c2-bec0-47f9-be8c-0736bd1b87b0,1,60
2026-09-24T07:16:26.007,POST,/desembolsos,201,214.8,125.1,,644b3c14-22eb-4ae3-840b-c8b36950493e,1,60
2026-09-24T07:16:26.118,POST,/desembolsos,201,178.8,90.7,,76cfadfe-ed73-4469-926a-861057ec6dcb,1,60
2026-09-24T07:16:26.208,POST,/desembolsos,201,191.3,85.0,,5a666939-cfce-4527-9a42-ff10c4719f86,1,60
2026-09-24T07:16:26.293,POST,/desembolsos,201,203.3,105.5,,71bf6532-d309-4064-8f75-6b94c9e61479,1,60
2026-09-24T07:16:26.392,POST,/desembolsos,201,183.6,94.8,,d30d48aa-d979-40f0-9b88-df03231f97cb,1,60
2026-09-24T07:16:26.492,POST,/desembolsos,201,173.0,82.6,,6ae3623f-8eb5-452a-bd36-840219a54992,1,60
2026-09-24T07:16:26.607,POST,/desembolsos,201,191.0,85.6,,38570328-09cc-46a2-8fd9-4ef4bf50cd92,1,60
2026-09-24T07:16:26.720,POST,/desembolsos,201,186.5,99.2,,0f55967c-02c3-4a28-be76-1d4ffab1967a,1,60
2026-09-24T07:16:26.818,POST,/desembolsos,201,177.5,82.9,,bcb008f7-bc2b-484d-ae43-f94c57d5f14d,1,60
2026-09-24T07:16:26.900,POST,/desembolsos,201,177.1,89.5,,7e6c4d0d-7cb5-4245-bc25-8bbab54731d4,1,60
2026-09-24T07:16:26.991,POST,/desembolsos,201,182.4,81.7,,fa8b3c50-c7db-434b-b1cd-e218e9777417,1,60
2026-09-24T07:16:27.104,POST,/desembolsos,201,171.3,83.2,,d9388fe4-8458-47ca-8eae-e75e7d505189,1,60
2026-09-24T07:16:27.220,POST,/desembolsos,201,174.2,84.7,,adb41c5c-ae32-4f32-9475-420209baab4b,1,60
2026-09-24T07:16:27.301,POST,/desembolsos,201,173.3,83.6,,c53c6dc4-644f-4615-9c2f-92bcd31c218e,1,60
2026-09-24T07:16:27.416,POST,/desembolsos,201,211.5,118.4,,5dc85a6d-d861-43cb-9bf6-02465b7b624a,1,60
2026-09-24T07:16:27.475,POST,/desembolsos,201,177.1,86.0,,3ac5722a-db86-4641-8bd7-849f3a36336f,1,60
2026-09-24T07:16:27.605,POST,/desembolsos,201,177.2,87.8,,830e8695-2e45-4136-9b51-2b431d825e37,1,60
2026-09-24T07:16:27.691,POST,/desembolsos,201,175.7,83.6,,4658edde-95d4-4fe4-bc86-1e6438a01384,1,60
2026-09-24T07:16:27.813,POST,/desembolsos,201,175.4,82.3,,0ba07680-952a-4838-a403-51ed5eb3df79,1,60
2026-09-24T07:16:27.908,POST,/desembolsos,201,171.1,83.1,,98f82325-cef0-46f0-9b77-b581bd52c213,1,60
2026-09-24T07:16:27.990,POST,/desembolsos,201,193.0,83.6,,12cfb34e-de0d-482d-9e7c-6c9ffbb3d0f1,1,60
2026-09-24T07:16:28.105,POST,/desembolsos,201,179.4,86.7,,6361f7cd-628f-4a1f-94e5-911a5a56af72,1,60
2026-09-24T07:16:28.221,POST,/desembolsos,201,173.3,84.3,,7eef0e36-c376-4ae3-951a-313281501627,1,60
2026-09-24T07:16:28.303,POST,/desembolsos,201,173.7,84.2,,c85beb7c-3afc-4db7-b684-80cbb470a14a,1,60
2026-09-24T07:16:28.417,POST,/desembolsos,201,182.0,90.6,,849a66fd-3fec-496c-9a83-aab28d361d0f,1,60
2026-09-24T07:16:28.496,POST,/desembolsos,201,173.9,84.1,,c54074b7-3819-4a70-8a38-de431f17eb0a,1,60
2026-09-24T07:16:28.589,POST,/desembolsos,201,179.3,83.1,,e1b34889-1590-4fd1-a063-fdd213cb98d7,1,60
2026-09-24T07:16:28.705,POST,/desembolsos,201,178.3,86.1,,cff65833-c0ba-48d5-b889-5ca7492e9d47,1,60
2026-09-24T07:16:28.786,POST,/desembolsos,201,177.6,82.8,,0c240335-c83a-4702-a7d8-2b8780b57770,1,60
2026-09-24T07:16:28.886,POST,/desembolsos,201,177.6,89.8,,a5ee4f50-4060-4105-b123-648fef623c5c,1,60
2026-09-24T07:16:28.997,POST,/desembolsos,201,181.1,83.4,,752c0fd5-522a-4462-a045-3de802e3d450,1,60
2026-09-24T07:16:29.104,POST,/desembolsos,201,187.9,82.8,,0bd273f0-b86b-4d79-b8fd-f75bdfc6743c,1,60
2026-09-24T07:16:29.219,POST,/desembolsos,201,172.6,83.5,,a13f5c29-ed5a-4bd3-8fe7-2a74a32f6115,1,60
2026-09-24T07:16:29.291,POST,/desembolsos,201,185.8,84.0,,a598ec94-b114-4a95-816c-8006967515df,1,60
2026-09-24T07:16:29.385,POST,/desembolsos,201,177.5,85.9,,9fd0756f-7433-450b-8c59-6229e95b93c3,1,60
2026-09-24T07:16:29.516,POST,/desembolsos,201,175.4,86.0,,b124bcb4-2d89-49aa-b4d2-263a6f25ad6f,1,60
2026-09-24T07:16:29.591,POST,/desembolsos,201,175.3,85.6,,ff60d9f7-1fff-4af7-93c8-37b3a22881f9,1,60
2026-09-24T07:16:29.690,POST,/desembolsos,201,186.0,96.5,,95379de6-8a25-4628-ad14-fb658330db50,1,60
2026-09-24T07:16:29.789,POST,/desembolsos,201,187.8,85.3,,d44b5d4d-46e8-4c22-914c-c9b18abd4ca1,1,60
2026-09-24T07:16:29.918,POST,/desembolsos,201,173.2,84.2,,e8fedf49-8d1e-4189-96bd-197c6d9a53a1,1,60
2026-09-24T07:16:29.996,POST,/desembolsos,201,172.9,83.7,,a49a9f09-5ad4-4de5-a2fa-d3d3c3511916,1,60
2026-09-24T07:16:30.116,POST,/desembolsos,201,174.4,86.7,,af5b30f3-dae3-49a4-a38c-84183244d2f4,1,60
2026-09-24T07:16:30.199,POST,/desembolsos,201,175.4,86.9,,138d6ef3-3e50-4239-a789-d1ab4a9bcfa0,1,60
2026-09-24T07:16:30.314,POST,/desembolsos,201,194.8,98.7,,b9c8f80a-1ad4-409e-8729-9bc066db2dd5,1,60
2026-09-24T07:16:30.396,POST,/desembolsos,201,175.0,87.9,,51e4af82-4eed-4c47-ba8a-5876e68ac8f8,1,60
2026-09-24T07:16:30.498,POST,/desembolsos,201,172.5,83.6,,c86743e3-389d-49c6-affb-8ebd688920b9,1,60
2026-09-24T07:16:30.623,POST,/desembolsos,201,209.2,116.9,,490eb065-6db5-4a6c-89de-497a3c4cf209,1,60
2026-09-24T07:16:30.707,POST,/desembolsos,201,206.0,111.0,,e6de792c-faf4-4560-9b9f-3c3247541085,1,60
2026-09-24T07:16:30.805,POST,/desembolsos,201,182.5,91.8,,f376dbea-2ac4-4af7-8000-ff42a794de9f,1,60
2026-09-24T07:16:30.903,POST,/desembolsos,201,169.6,83.1,,08fbc5ae-22b3-4185-97e4-a6c69ce8602d,1,60
2026-09-24T07:16:31.000,POST,/desembolsos,201,174.4,82.6,,59000ac9-9ee8-40be-bea4-2e4adbdd8529,1,60
2026-09-24T07:16:31.110,POST,/desembolsos,201,177.9,88.2,,0388c643-411d-4649-9ba1-bb407c3f575f,1,60
2026-09-24T07:16:31.221,POST,/desembolsos,201,173.2,84.2,,1adb6b15-42e0-4c77-8ef9-792007f10b57,1,60
2026-09-24T07:16:31.301,POST,/desembolsos,201,175.9,85.3,,01e1e36d-f49a-426c-9f60-4cb79f10bf1b,1,60
2026-09-24T07:16:31.416,POST,/desembolsos,201,175.4,84.4,,57563f7d-bb85-4c18-84e5-994acf2971a0,1,60
2026-09-24T07:16:31.498,POST,/desembolsos,201,177.0,88.0,,af55dbf3-2339-4242-acbc-1c3322d83a25,1,60
2026-09-24T07:16:31.613,POST,/desembolsos,201,187.1,89.2,,e0c8a904-13f2-4be3-9157-7ee14c455fb4,1,60
2026-09-24T07:16:31.701,POST,/desembolsos,201,183.8,94.7,,c0a37e30-bd03-4f4a-9029-914b5e481a38,1,60
2026-09-24T07:16:31.788,POST,/desembolsos,201,174.3,83.1,,f1173830-7e8d-4d61-b5ab-44194d61824e,1,60
2026-09-24T07:16:31.905,POST,/desembolsos,201,201.4,112.0,,bd80cedb-25d0-4eab-8b21-8ff13d6ff038,1,60
2026-09-24T07:16:32.000,POST,/desembolsos,201,183.8,95.5,,8c762133-7a29-42d0-8015-506e1b99c7df,1,60
2026-09-24T07:16:32.083,POST,/desembolsos,201,171.3,83.5,,9f40934a-9d57-4af0-860f-72ea5d5aa518,1,60
2026-09-24T07:16:32.208,POST,/desembolsos,201,179.0,86.2,,fc0f06da-ad34-4e28-b45b-ba3162117238,1,60
2026-09-24T07:16:32.290,POST,/desembolsos,201,181.5,83.1,,470751ee-01b2-4561-a636-d7e803a83559,1,60
2026-09-24T07:16:32.405,POST,/desembolsos,201,174.9,84.0,,6b979689-788b-4cc0-b8c9-7d77ef682790,1,60
2026-09-24T07:16:32.488,POST,/desembolsos,201,173.8,85.2,,e81068cc-c699-40d6-a202-fba6000fb170,1,60
2026-09-24T07:16:32.570,POST,/desembolsos,201,177.9,88.0,,16a37ec6-ddf3-4de8-9ca6-655188dcf12e,1,60
2026-09-24T07:16:32.700,POST,/desembolsos,201,174.0,87.3,,c0e6acbe-cd0c-4d44-8772-aa5f24761b83,1,60
2026-09-24T07:16:32.787,POST,/desembolsos,201,172.8,82.6,,5742e5d4-cb87-4d66-ba50-8f9b63466bf2,1,60
2026-09-24T07:16:32.900,POST,/desembolsos,201,184.9,92.0,,3be8d1b7-75d5-41ab-9a67-553a503fa76e,1,60
2026-09-24T07:16:32.982,POST,/desembolsos,201,179.8,93.5,,31971d8f-a20c-4798-ba72-bd92d3567c85,1,60
2026-09-24T07:16:33.128,POST,/desembolsos,201,191.5,101.9,,cfcb08f7-3464-463a-b7d2-fddc46bac4f6,1,60
2026-09-24T07:16:33.194,POST,/desembolsos,201,203.0,114.4,,3545c4e9-6737-4fa8-99ae-b486a0dd24e3,1,60
2026-09-24T07:16:33.307,POST,/desembolsos,201,172.4,84.4,,6ca154e9-c080-47c2-83f7-cf331ceb9ce9,1,60
2026-09-24T07:16:33.392,POST,/desembolsos,201,172.6,83.6,,d92e37cd-ce84-4cd0-a50c-b710f8b567b1,1,60
2026-09-24T07:16:33.521,POST,/desembolsos,201,178.5,90.4,,ee7e2fba-86fb-4208-8185-b5cfcfe3eea0,1,60
2026-09-24T07:16:33.603,POST,/desembolsos,201,178.8,86.2,,9649722f-9473-4789-a695-2d6da3bef2dd,1,60
2026-09-24T07:16:33.687,POST,/desembolsos,201,185.3,90.1,,a0c5d97f-47d5-491d-870c-2e7580ee4e25,1,60
2026-09-24T07:16:33.801,POST,/desembolsos,201,172.2,84.4,,e93d8bbe-4f19-4aa3-a641-038405b9e567,1,60
2026-09-24T07:16:33.884,POST,/desembolsos,201,177.2,85.4,,e13e25b4-7cf9-4946-800e-8013904520dd,1,60
2026-09-24T07:16:33.999,POST,/desembolsos,201,172.6,83.8,,b1917d43-6d6b-432e-93d2-76676a9537ad,1,60
2026-09-24T07:16:34.116,POST,/desembolsos,201,178.1,83.1,,247568ad-aa4c-4133-9262-bd9b5483e24e,1,60
2026-09-24T07:16:34.198,POST,/desembolsos,201,187.2,92.1,,933ea756-ebe1-4763-8566-d62ee808bee1,1,60
2026-09-24T07:16:34.281,POST,/desembolsos,201,180.2,84.0,,d93fe34b-d6bd-41f8-b9cf-cc694dd7022b,1,60
2026-09-24T07:16:34.385,POST,/desembolsos,201,178.1,85.0,,3a398d38-a668-4bef-8d50-f94a3939304d,1,60
2026-09-24T07:16:34.507,POST,/desembolsos,201,187.9,95.5,,18b5559d-1878-481f-86c4-279985428cbd,1,60
2026-09-24T07:16:34.593,POST,/desembolsos,201,179.9,87.3,,b6100bc3-a6eb-43a5-a245-5143a0a5b900,1,60
2026-09-24T07:16:34.688,POST,/desembolsos,201,171.7,83.3,,fb31aa36-97d4-4981-9f6f-a28ca346a4d5,1,60
2026-09-24T07:16:34.819,POST,/desembolsos,201,179.1,84.3,,880c0bf3-cfa5-4236-8a84-bbb66dc73c70,1,60
2026-09-24T07:16:34.899,POST,/desembolsos,201,188.8,99.5,,2150347e-7134-49d4-a47b-5c0b570fd666,1,60
2026-09-24T07:16:34.995,POST,/desembolsos,201,172.7,84.6,,5bab5a4f-0df4-4be6-ac6f-442d98984092,1,60
2026-09-24T07:16:35.113,POST,/desembolsos,201,176.9,84.0,,83b89b8c-e3eb-4eb4-95c8-ce62c369d7f5,1,60
2026-09-24T07:16:35.196,POST,/desembolsos,201,178.2,88.6,,ee10150b-357f-49b3-96a1-ee59a1f937e8,1,60
2026-09-24T07:16:35.278,POST,/desembolsos,201,173.1,84.0,,3e02b7a1-d317-46e6-9b42-688772e016ce,1,60
2026-09-24T07:16:35.409,POST,/desembolsos,201,184.0,95.3,,13b78950-14ad-4aa5-ad76-66e10ea55c0e,1,60
2026-09-24T07:16:35.491,POST,/desembolsos,201,173.7,85.1,,404e6828-ab02-4803-b1ff-8b3be4d25322,1,60
2026-09-24T07:16:35.593,POST,/desembolsos,201,201.6,112.2,,6d641d4b-6e40-4674-8880-254211a556e5,1,60
2026-09-24T07:16:35.699,POST,/desembolsos,201,172.2,84.5,,3383f035-ff17-44b7-999b-c2f1c18a00c6,1,60
2026-09-24T07:16:35.787,POST,/desembolsos,201,170.6,82.6,,e500ff81-29ca-47ff-8932-b0420843dfd7,1,60
2026-09-24T07:16:35.919,POST,/desembolsos,201,176.1,85.7,,c9c2a3fb-a822-4f0d-a719-11f9dce097d9,1,60
2026-09-24T07:16:35.992,POST,/desembolsos,201,173.6,83.6,,39b8cfe2-b4c3-4b4e-b07d-2d1617699c42,1,60
2026-09-24T07:16:36.093,POST,/desembolsos,201,171.0,84.9,,27989311-2d72-4cc5-ab9b-cad25b6062ab,1,60
2026-09-24T07:16:36.209,POST,/desembolsos,201,176.6,85.2,,c2d4919d-4f96-40d3-a57a-1a205a48f78e,1,60
2026-09-24T07:16:36.293,POST,/desembolsos,201,171.6,83.3,,fb99963b-b302-4b01-a6e7-104af10bea3a,1,60
2026-09-24T07:16:36.409,POST,/desembolsos,201,171.3,84.8,,53d3b41b-7ba9-426f-ba83-24dd42a0c604,1,60
2026-09-24T07:16:36.493,POST,/desembolsos,201,171.1,82.7,,1e73ba52-b4dd-4eef-b118-7960eaab5c0f,1,60
2026-09-24T07:16:36.600,POST,/desembolsos,201,171.6,83.6,,c6a5ef96-88bc-42d8-8e66-b80c1ce39136,1,60
2026-09-24T07:16:36.676,POST,/desembolsos,201,182.7,84.2,,7840871e-f40e-49cf-a410-14872b718ad3,1,60
2026-09-24T07:16:36.809,POST,/desembolsos,201,219.6,127.3,,f8a03915-d695-4b5d-895a-1ed0461995ee,1,60
2026-09-24T07:16:36.922,POST,/desembolsos,201,176.3,88.1,,968654e6-ae32-4466-b4ca-60957e178450,1,60
2026-09-24T07:16:37.002,POST,/desembolsos,201,177.0,83.0,,c71755f7-0b73-49a1-9674-693498d498ee,1,60
2026-09-24T07:16:37.094,POST,/desembolsos,201,170.5,82.4,,9db6e92d-ef63-4c28-8906-95a5137c777e,1,60
2026-09-24T07:16:37.205,POST,/desembolsos,201,178.2,85.2,,1c601360-0bb4-41c1-abab-b9371a1eda41,1,60
2026-09-24T07:16:37.282,POST,/desembolsos,201,186.2,83.2,,c17c6cd5-5c19-42d0-bb0e-89bec525a284,1,60
2026-09-24T07:16:37.378,POST,/desembolsos,201,184.6,86.9,,746656ec-e57f-4393-831c-88ec2f50b942,1,60
2026-09-24T07:16:37.474,POST,/desembolsos,201,204.2,86.3,,3904c046-2cb6-4c82-89e4-a8084323df41,1,60
2026-09-24T07:16:37.600,POST,/desembolsos,201,171.1,82.6,,a675134a-5e8d-4b30-bf75-385f32efb3a2,1,60
2026-09-24T07:16:37.714,POST,/desembolsos,201,175.9,86.5,,75e3f395-f298-4dc4-92db-d45e771eefac,1,60
2026-09-24T07:16:37.792,POST,/desembolsos,201,179.8,82.1,,cbfda513-56de-463e-a01c-405823af10ac,1,60
2026-09-24T07:16:37.885,POST,/desembolsos,201,173.5,85.2,,4606a974-0fe8-4090-a33f-33005417c8c7,1,60
2026-09-24T07:16:38.015,POST,/desembolsos,201,179.6,89.5,,51423d8d-bcb6-4ad6-82c5-7445d13167bb,1,60
2026-09-24T07:16:38.094,POST,/desembolsos,201,172.9,84.6,,eda40c72-01d9-4fac-beda-2fe15d4c2ffa,1,60
2026-09-24T07:16:38.191,POST,/desembolsos,201,173.1,82.7,,782bc3be-ff29-457e-a6e4-3c798f87e84f,1,60
2026-09-24T07:16:38.309,POST,/desembolsos,201,230.0,85.3,,2a1eb4f7-0bb5-4a13-83e2-437b765ba324,1,60
2026-09-24T07:16:38.383,POST,/desembolsos,201,274.4,145.2,,4d78d94c-ace0-4c58-a32e-ebc8a966f664,1,60
2026-09-24T07:16:38.491,POST,/desembolsos,201,176.3,87.2,,fe687a4b-b2c6-46be-9c93-1f6124ce798c,1,60
2026-09-24T07:16:38.609,POST,/desembolsos,201,175.0,84.2,,a2211e71-c769-4512-8d05-949fa5235b7a,1,60
2026-09-24T07:16:38.693,POST,/desembolsos,201,174.5,86.9,,9178ca90-7a8e-4cf6-986a-7aa18c2608a2,1,60
2026-09-24T07:16:38.800,POST,/desembolsos,201,191.3,103.2,,14ab1c4b-7064-4bb7-a4c1-2d1489c70dbb,1,60
2026-09-24T07:16:38.896,POST,/desembolsos,201,184.2,86.5,,950c63a6-ad82-4211-b204-b129f236c153,1,60
2026-09-24T07:16:38.990,POST,/desembolsos,201,190.7,83.2,,98803647-3cf6-47ed-82b9-65b5cac3e627,1,60
2026-09-24T07:16:39.100,POST,/desembolsos,201,180.1,81.9,,cada9487-b7cd-4b05-aaf0-8c7c93652b2b,1,60
2026-09-24T07:16:39.216,POST,/desembolsos,201,174.2,83.8,,08bc91b6-2daa-4fa0-9f79-3dc815f35e7b,1,60
2026-09-24T07:16:39.275,POST,/desembolsos,201,173.4,84.2,,4bf1a532-0add-40f9-ae45-bb8b97764e64,1,60
2026-09-24T07:16:39.390,POST,/desembolsos,201,177.1,88.5,,50798dbc-b362-4b19-b2a7-1435909b1957,1,60
2026-09-24T07:16:39.475,POST,/desembolsos,201,170.3,82.9,,267e102c-a75f-4a25-adec-ed902af0053f,1,60
2026-09-24T07:16:39.600,POST,/desembolsos,201,177.7,86.2,,be87f293-24c5-4ca4-9ce8-27e21109031c,1,60
2026-09-24T07:16:39.709,POST,/desembolsos,201,172.4,85.7,,affe07c6-3322-4dce-8196-d597bf90b927,1,60
2026-09-24T07:16:39.794,POST,/desembolsos,201,174.2,84.2,,bb4af060-dd9a-4346-be28-5eaf4d763950,1,60
2026-09-24T07:16:39.877,POST,/desembolsos,201,176.7,84.7,,f9d6fa56-4588-468e-adb2-c08f036f7f14,1,60
2026-09-24T07:16:40.009,POST,/desembolsos,201,172.0,84.2,,58993d32-3a50-43e5-b7b7-3195f9c071cd,1,60
2026-09-24T07:16:40.092,POST,/desembolsos,201,175.0,84.1,,25ad4313-e99f-4ef8-b83e-c169932f41d9,1,60
2026-09-24T07:16:40.218,POST,/desembolsos,201,187.4,97.2,,cefcbc14-8eb7-4259-87b3-bfbccac9413c,1,60
2026-09-24T07:16:40.309,POST,/desembolsos,201,173.1,83.9,,b0419b69-4474-4fb1-8465-647a8ac8fe91,1,60
2026-09-24T07:16:40.393,POST,/desembolsos,201,171.6,84.4,,5b12323d-3055-474d-9592-731c1fdcbc39,1,60
2026-09-24T07:16:40.509,POST,/desembolsos,201,173.2,85.1,,346b0d59-1374-4977-b1fe-98c619b91961,1,60
2026-09-24T07:16:40.593,POST,/desembolsos,201,204.3,84.4,,1096371b-a177-4448-89dd-443a6a87cf51,1,60
2026-09-24T07:16:40.682,POST,/desembolsos,201,197.0,110.4,,64d7074f-da35-4d77-8328-57873989943e,1,60
2026-09-24T07:16:40.796,POST,/desembolsos,201,174.5,84.6,,4f6d11c7-4520-47f6-9826-82d8b966f0cd,1,60
2026-09-24T07:16:40.910,POST,/desembolsos,201,179.6,86.7,,2eb284d3-4f24-4064-945d-44f4076e2005,1,60
2026-09-24T07:16:40.994,POST,/desembolsos,201,186.1,93.2,,5f94860a-c78e-4b3f-aee0-f62884367c9c,1,60
2026-09-24T07:16:41.108,POST,/desembolsos,201,227.8,89.7,,dc72b45c-1ff4-4e6b-90af-a1daec94c019,1,60
2026-09-24T07:16:41.222,POST,/desembolsos,201,228.9,117.1,,8be5c53e-761a-4eee-b076-6a9bdbf95671,1,60
2026-09-24T07:16:41.303,POST,/desembolsos,201,375.3,107.6,,87175a67-b2a7-44f2-a627-5c632520d380,1,60
2026-09-24T07:16:41.399,POST,/desembolsos,201,283.6,94.1,,4e0c40a2-e35c-4a1f-afc7-ab05e9777873,1,60
2026-09-24T07:16:41.492,POST,/desembolsos,201,269.6,174.7,,92427aef-6820-431c-8d26-4d6e6f52327e,1,60
2026-09-24T07:16:41.606,POST,/desembolsos,201,200.6,93.3,,6bdbd4d0-3212-4971-a348-da4640afb595,1,60
2026-09-24T07:16:41.686,POST,/desembolsos,201,191.5,102.0,,2927a225-e6b5-4050-b89f-062e9263e429,1,60
2026-09-24T07:16:41.830,POST,/desembolsos,201,225.0,136.9,,ab461148-3b7d-426e-a030-cf4146baf17c,1,60
2026-09-24T07:16:41.879,POST,/desembolsos,201,273.0,99.1,,0e5cfa8c-aba8-430c-aeb6-3953d57b4163,1,60
2026-09-24T07:16:41.977,POST,/desembolsos,201,259.5,164.0,,648a978e-f9bb-4605-9bd0-7561865948e4,1,60
2026-09-24T07:16:42.123,POST,/desembolsos,201,187.6,91.9,,6bae96c0-9c38-4ae8-9113-b4465ba6c2f0,1,60
2026-09-24T07:16:42.205,POST,/desembolsos,201,183.4,90.4,,529ac28b-35a7-4d0c-b155-c2d7798464e7,1,60
2026-09-24T07:16:42.304,POST,/desembolsos,201,180.3,93.1,,cca74898-20cd-4924-983a-5bee3cad8b80,1,60
2026-09-24T07:16:42.385,POST,/desembolsos,201,201.3,84.3,,9443b62e-3d6a-4a19-a516-ed262d9212cd,1,60
2026-09-24T07:16:42.483,POST,/desembolsos,201,200.1,113.1,,13d9058c-f239-4a96-a880-f5f3da41d9f2,1,60
2026-09-24T07:16:42.594,POST,/desembolsos,201,177.2,85.4,,3ac40d46-b5e4-45ed-b89f-f4b99558a282,1,60
2026-09-24T07:16:42.708,POST,/desembolsos,201,190.5,100.8,,e27dbad8-65cb-4929-b535-c208aa073d95,1,60
2026-09-24T07:16:42.807,POST,/desembolsos,201,277.6,92.1,,5e84505c-c155-415e-b158-2d4924a2c9dc,1,60
2026-09-24T07:16:42.890,POST,/desembolsos,201,187.3,83.4,,c54ac95c-4ee6-42e3-803e-b0b12c59f983,1,60
2026-09-24T07:16:42.975,POST,/desembolsos,201,192.5,104.3,,688c66c2-e9ce-41b0-875a-db228b65208e,1,60
2026-09-24T07:16:43.084,POST,/desembolsos,201,177.1,85.7,,e4d63582-6825-4d83-96e8-11196323f6f9,1,60
2026-09-24T07:16:43.197,POST,/desembolsos,201,173.4,85.1,,f7b14d93-d8a4-4aa4-9cb2-466958ee7335,1,60
2026-09-24T07:16:43.312,POST,/desembolsos,201,173.7,83.7,,f53cf12f-449e-467b-b407-d8b4c9a8ae66,1,60
2026-09-24T07:16:43.425,POST,/desembolsos,201,174.2,83.2,,28b77d2a-63ae-4b51-bfb0-577c35be8cc8,1,60
2026-09-24T07:16:43.476,POST,/desembolsos,201,195.2,87.5,,13260adc-e0f6-4266-bd4b-8dda8e46a0d0,1,60
2026-09-24T07:16:43.584,POST,/desembolsos,201,172.9,85.1,,56983fe7-9e21-4557-9a67-9c3bd010dbb4,1,60
2026-09-24T07:16:43.715,POST,/desembolsos,201,196.8,87.7,,e6a697a7-270f-49ef-8809-0722fd3d0540,1,60
2026-09-24T07:16:43.797,POST,/desembolsos,201,205.8,115.5,,0553e231-0331-4dc4-bc4d-cbdee6f13e51,1,60
2026-09-24T07:16:43.913,POST,/desembolsos,201,182.3,82.4,,9d06eea4-2d38-44ed-a291-0f145bb5e152,1,60
2026-09-24T07:16:43.993,POST,/desembolsos,201,188.4,101.5,,e2afe530-42fd-4d7c-bd45-942980c409a9,1,60
2026-09-24T07:16:44.093,POST,/desembolsos,201,174.7,84.7,,7fe1b35e-f070-4450-ab6c-af898f37593f,1,60
2026-09-24T07:16:44.214,POST,/desembolsos,201,179.4,88.1,,171ea786-52b0-4aa4-bb2d-2bfeeff5dec1,1,60
2026-09-24T07:16:44.296,POST,/desembolsos,201,173.8,84.2,,443ae71f-c9db-4bc1-a5c7-21d4cfbf6412,1,60
2026-09-24T07:16:44.428,POST,/desembolsos,201,173.8,84.2,,b623f9fd-dfee-43df-9adb-c1bae2233263,1,60
2026-09-24T07:16:44.512,POST,/desembolsos,201,174.6,83.3,,430c9164-d3e0-4e79-a453-707475a1b74a,1,60
2026-09-24T07:16:44.594,POST,/desembolsos,201,175.7,85.4,,566e1587-73e4-440f-b1bd-bce590462402,1,60
2026-09-24T07:16:44.723,POST,/desembolsos,201,172.9,84.0,,733fe6b2-39e4-430b-870f-3df7e53a9628,1,60
2026-09-24T07:16:44.806,POST,/desembolsos,201,174.2,84.1,,46bcd1ad-7807-4ec7-90ee-76a58c2cae56,1,60
2026-09-24T07:16:44.889,POST,/desembolsos,201,174.3,83.4,,4768a375-dd2b-4a15-95e4-146fd8dd6590,1,60
2026-09-24T07:16:45.001,POST,/desembolsos,201,182.8,86.8,,1468503a-302c-4a90-8241-a9b5ca608242,1,60
2026-09-24T07:16:45.084,POST,/desembolsos,201,184.3,96.5,,7581bb8d-aa06-45d4-bf38-6b64868504a4,1,60
2026-09-24T07:16:45.225,POST,/desembolsos,201,170.7,81.9,,a7aa401f-6aaa-4e3c-a99f-e6d6274dcb4f,1,60
2026-09-24T07:16:45.290,POST,/desembolsos,201,174.7,86.6,,4f044df8-cdfb-4740-9d2b-22a20a7589d2,1,60
2026-09-24T07:16:45.386,POST,/desembolsos,201,175.5,88.5,,f0396e27-7f5f-4190-8f04-75a3f98d381d,1,60
2026-09-24T07:16:45.484,POST,/desembolsos,201,172.7,82.9,,6dc2b090-0e1a-4b2b-8c65-b9bdb1ca2e03,1,60
2026-09-24T07:16:45.613,POST,/desembolsos,201,187.9,84.0,,03f6e696-ca24-4733-b0dd-d396484045d7,1,60
2026-09-24T07:16:45.692,POST,/desembolsos,201,194.1,105.1,,7b4da6d5-70be-43b2-b064-f01c601a3d67,1,60
2026-09-24T07:16:45.790,POST,/desembolsos,201,175.1,85.5,,2570348e-5e7a-4be1-b344-bac52b5e3ded,1,60
2026-09-24T07:16:45.881,POST,/desembolsos,201,176.8,84.2,,6ef85236-f5cf-4371-8659-5dcfc1ece944,1,60
2026-09-24T07:16:45.976,POST,/desembolsos,201,173.8,83.4,,28be6af6-728c-4093-ad7e-48803eb4193a,1,60
2026-09-24T07:16:46.106,POST,/desembolsos,201,182.8,84.9,,133cfd07-9bd3-4314-8382-979fb6ca603c,1,60
2026-09-24T07:16:46.219,POST,/desembolsos,201,174.5,85.9,,d9ac2393-0b78-40f4-8385-adcb4e204778,1,60
2026-09-24T07:16:46.300,POST,/desembolsos,201,182.8,88.3,,69ebc1bf-ce06-4a52-8535-161b81a789c6,1,60
2026-09-24T07:16:46.383,POST,/desembolsos,201,185.1,90.1,,3fed16db-0a1a-4beb-82db-13c747cda13e,1,60
2026-09-24T07:16:46.513,POST,/desembolsos,201,180.3,84.8,,2d8b6a99-a31b-4d64-aba6-7d686ad04e68,1,60
2026-09-24T07:16:46.596,POST,/desembolsos,201,186.7,87.7,,c4cac702-455c-4eb4-af60-638e6e7828d1,1,60
2026-09-24T07:16:46.685,POST,/desembolsos,201,189.2,94.2,,e1ea639d-4bac-4158-b0fc-a2b54dcc133d,1,60
2026-09-24T07:16:46.807,POST,/desembolsos,201,174.7,85.2,,a993e00e-f6c6-4706-8f1c-141e3048b261,1,60
2026-09-24T07:16:46.890,POST,/desembolsos,201,169.2,84.1,,504dd0cf-b82e-4163-be0a-1017b1f42c74,1,60
2026-09-24T07:16:46.974,POST,/desembolsos,201,174.1,82.6,,73332418-7585-4256-b66e-01cfb486c313,1,60
2026-09-24T07:16:47.120,POST,/desembolsos,201,192.9,81.9,,503edff5-c75f-4ef8-bec8-336ce56dd273,1,60
2026-09-24T07:16:47.200,POST,/desembolsos,201,173.9,84.1,,743a2889-71d4-4315-ae5a-8ccb77655b0d,1,60
2026-09-24T07:16:47.309,POST,/desembolsos,201,184.5,93.7,,09f2be16-ae9b-4380-8809-10f47362fdbb,1,60
2026-09-24T07:16:47.391,POST,/desembolsos,201,172.4,85.8,,2d27f4ab-f38f-47d5-b85b-989b2b0120b9,1,60
2026-09-24T07:16:47.487,POST,/desembolsos,201,174.4,83.8,,4a254fcf-eddb-45b8-b3e3-55255e600eef,1,60
2026-09-24T07:16:47.587,POST,/desembolsos,201,181.3,87.3,,a4ef4e82-0b95-4dcb-bb94-00b7b7a43fd5,1,60
2026-09-24T07:16:47.700,POST,/desembolsos,201,178.6,85.8,,c3e072d9-5c7a-40c3-9210-61ba0298fccb,1,60
2026-09-24T07:16:47.785,POST,/desembolsos,201,174.2,83.7,,cff5dc01-5f68-442c-830b-dbb47ae2eabe,1,60
2026-09-24T07:16:47.906,POST,/desembolsos,201,172.6,84.2,,d4d44f6f-d118-4a93-87c8-8dc78aea72c8,1,60
2026-09-24T07:16:47.977,POST,/desembolsos,201,169.6,82.7,,d6121c27-aa96-4559-890d-6ed33a574313,1,60
2026-09-24T07:16:48.105,POST,/desembolsos,201,183.0,91.3,,09a9a831-ee8c-42d4-8625-80f571abd68e,1,60
2026-09-24T07:16:48.184,POST,/desembolsos,201,173.4,84.1,,e19bdea2-d354-4e1b-9d1f-09d2e5076b6e,1,60
2026-09-24T07:16:48.313,POST,/desembolsos,201,186.9,99.8,,505c238a-d3c6-4483-97f4-ee42d825c4d9,1,60
2026-09-24T07:16:48.407,POST,/desembolsos,201,171.0,83.7,,82980c45-34a5-4325-ac5b-235d843dd149,1,60
2026-09-24T07:16:48.491,POST,/desembolsos,201,174.7,83.7,,57c84b4a-15d7-4d10-92fc-5f8221ef8a06,1,60
2026-09-24T07:16:48.620,POST,/desembolsos,201,170.7,83.1,,e872ed31-d006-4cea-a178-507e77d46dba,1,60
2026-09-24T07:16:48.701,POST,/desembolsos,201,172.4,83.0,,8a4999c1-8dc0-457f-9e34-be928e78acd8,1,60
2026-09-24T07:16:48.814,POST,/desembolsos,201,174.4,84.3,,e2abd51e-090f-4260-beca-ec4be3e3c6cd,1,60
2026-09-24T07:16:48.926,POST,/desembolsos,0,201.5,109.3,conexion: ServerDisconnectedError,2f078a6b-0221-4e32-912a-00044df829ea,1,60
2026-09-24T07:16:49.008,POST,/desembolsos,0,170.1,85.7,conexion: ClientOSError,5c4abde3-6e3a-4635-94d7-835b0411731e,1,60
2026-09-24T07:16:49.093,POST,/desembolsos,0,3012.4,3012.2,timeout,10bb095b-e0ed-4233-bcc5-e1b4e18d0ed5,1,60
2026-09-24T07:16:49.205,POST,/desembolsos,0,2999.5,2999.2,timeout,488c2a40-1b19-43b5-82bd-48f4081b4887,1,60
2026-09-24T07:16:49.320,POST,/desembolsos,0,3000.4,3000.0,timeout,a35c7c64-9fc2-44cf-81c3-af3bdf6e78a0,1,60
2026-09-24T07:16:49.404,POST,/desembolsos,0,2981.8,2981.4,timeout,9a654e6d-60ba-4b7d-a35f-4d3073cecfdf,1,60
2026-09-24T07:16:49.503,POST,/desembolsos,0,2996.9,2996.6,timeout,6c31218d-8dd9-4ff3-9182-f80a2ca69141,1,60
2026-09-24T07:16:49.616,POST,/desembolsos,0,3010.2,3009.9,timeout,72f7a5ae-913a-475e-9ac8-94c028fc8cdc,1,60
2026-09-24T07:16:49.715,POST,/desembolsos,0,2995.6,2995.2,timeout,492a68e7-903c-439f-a768-5b6d704f46be,1,60
2026-09-24T07:16:49.797,POST,/desembolsos,0,2995.8,2995.4,timeout,be18b1bf-246b-41cc-beb0-c21f11ae6819,1,60
2026-09-24T07:16:49.912,POST,/desembolsos,0,3026.7,3026.2,timeout,0b8f5c99-4ef4-479f-8956-b4c1fb5d2800,1,60
2026-09-24T07:16:50.009,POST,/desembolsos,0,3010.6,3009.8,timeout,f9bfe076-2b43-434e-bcf1-f355d476bc6f,1,60
2026-09-24T07:16:50.107,POST,/desembolsos,0,3013.7,3013.3,timeout,f238306f-a3c3-4414-8074-b1283ad91c22,1,60
2026-09-24T07:16:50.140,POST,/desembolsos,0,3012.0,3011.6,timeout,2f078a6b-0221-4e32-912a-00044df829ea,2,60
2026-09-24T07:16:50.174,POST,/desembolsos,0,2994.0,2993.9,timeout,e089f8a3-e890-4ad8-8e36-86a9c567f123,1,60
2026-09-24T07:16:50.173,POST,/desembolsos,0,2995.4,2995.0,timeout,5c4abde3-6e3a-4635-94d7-835b0411731e,2,60
2026-09-24T07:16:50.323,POST,/desembolsos,0,3026.5,3026.1,timeout,b09f20e4-050f-46fa-97e1-2fc249b77779,1,60
2026-09-24T07:16:50.405,POST,/desembolsos,0,2976.8,2976.4,timeout,fb68d774-eea2-423c-a2cd-2aa34130209c,1,60
2026-09-24T07:16:50.500,POST,/desembolsos,0,2997.5,2997.3,timeout,d3efa8d4-3dd1-40c9-b881-a04f28b0e56c,1,60
2026-09-24T07:16:50.615,POST,/desembolsos,0,3027.1,3026.6,timeout,caaaefc1-061b-4421-b43d-7165347d7c9b,1,60
2026-09-24T07:16:50.698,POST,/desembolsos,0,3011.4,3011.0,timeout,b98c7265-cfcd-4c17-beff-31dedc56539d,1,60
2026-09-24T07:16:50.813,POST,/desembolsos,0,2978.9,2978.5,timeout,344967ff-62cc-43eb-ab3c-e4be534cedde,1,60
2026-09-24T07:16:50.913,POST,/desembolsos,0,3011.5,3011.3,timeout,ae929442-163e-48e3-8e33-5abb34f780ca,1,60
2026-09-24T07:16:50.994,POST,/desembolsos,0,3024.7,3024.3,timeout,9d059f9d-dc7c-4c65-a9fe-7ab970dfab7c,1,60
2026-09-24T07:16:51.092,POST,/desembolsos,0,3007.5,3007.1,timeout,17140499-613d-4f41-84dd-93a97a0bd4ff,1,60
2026-09-24T07:16:51.207,POST,/desembolsos,0,3003.3,3003.0,timeout,96fd8556-3aa1-4844-a52b-d2cb763d0125,1,60
2026-09-24T07:16:51.304,POST,/desembolsos,0,3007.5,3007.1,timeout,a33841a9-26c2-47bf-96ef-94421ded0464,1,60
2026-09-24T07:16:51.402,POST,/desembolsos,0,2992.9,2992.6,timeout,da58e93d-e32b-4d01-a77f-683d25f59c81,1,60
2026-09-24T07:16:51.499,POST,/desembolsos,0,3011.2,3010.8,timeout,0f0d34c8-47d7-4b6e-a0d2-2a56099f9fae,1,60
2026-09-24T07:16:51.607,POST,/desembolsos,0,2986.4,2986.3,timeout,2e59a9a6-a58b-49ba-b433-7971a8f1d752,1,60
2026-09-24T07:16:51.705,POST,/desembolsos,0,3012.1,3011.7,timeout,d08aab27-d576-48fa-807a-da62af51d30a,1,60
2026-09-24T07:16:51.820,POST,/desembolsos,0,3012.8,3012.4,timeout,495074f2-6fcd-48ee-9890-c84894d395c7,1,60
2026-09-24T07:16:51.902,POST,/desembolsos,0,2998.0,2997.5,timeout,4df9f33c-99e8-4e9b-94e6-44efe48fdc9e,1,60
2026-09-24T07:16:52.016,POST,/desembolsos,0,3004.0,3003.8,timeout,e82d8d16-8dec-4580-9886-14c920afe15d,1,60
2026-09-24T07:16:52.106,POST,/desembolsos,0,3011.6,3011.4,timeout,a985b496-6317-4e64-826d-4dfe6d967c69,1,60
2026-09-24T07:16:52.204,POST,/desembolsos,0,2995.0,2994.7,timeout,ebf85d8c-0626-4418-8ba1-5a6885b7048a,1,60
2026-09-24T07:16:52.304,POST,/desembolsos,0,3020.8,3020.6,timeout,135ddd53-bebb-488b-9db1-38942c1d06a2,1,60
2026-09-24T07:16:52.384,POST,/desembolsos,0,3006.1,3005.8,timeout,51652b38-b81b-48aa-aa61-2cb255bbad47,1,60
2026-09-24T07:16:52.499,POST,/desembolsos,0,3005.4,3005.2,timeout,cf21c257-7dc5-46d4-ad35-c62402126a54,1,60
2026-09-24T07:16:52.610,POST,/desembolsos,0,2977.9,2977.5,timeout,a72a1f9a-3b6d-4309-a792-9023329dd8b5,1,60
2026-09-24T07:16:52.710,POST,/desembolsos,0,3009.1,3008.9,timeout,224cb7b4-2070-47cc-9bcd-9f70a75dc9b9,1,60
2026-09-24T07:16:52.792,POST,/desembolsos,0,3017.0,3016.8,timeout,f590138e-efc1-441d-9535-1de1e1400c4e,1,60
2026-09-24T07:16:52.907,POST,/desembolsos,0,3001.4,3001.0,timeout,fe42ccf9-5ca1-4928-988a-dd7652bb41ee,1,60
2026-09-24T07:16:53.018,POST,/desembolsos,0,3009.0,3008.6,timeout,2f67b663-9bf1-42ae-aedf-df5478e74b34,1,60
2026-09-24T07:16:53.120,POST,/desembolsos,0,3003.4,3003.3,timeout,10bb095b-e0ed-4233-bcc5-e1b4e18d0ed5,2,60
2026-09-24T07:16:53.119,POST,/desembolsos,0,3004.5,3004.2,timeout,df7bfa8f-e607-48b9-9bf4-ada73f67b3fd,1,60
2026-09-24T07:16:53.201,POST,/desembolsos,0,3004.6,3004.5,timeout,48cae43d-3c0d-41a9-9bee-df433efc5a43,1,60
2026-09-24T07:16:53.201,POST,/desembolsos,0,3005.7,3005.4,timeout,488c2a40-1b19-43b5-82bd-48f4081b4887,2,60
2026-09-24T07:16:53.316,POST,/desembolsos,0,3002.8,3002.4,timeout,26d64328-d86a-42cd-8e1a-9843a7335ce4,1,60
2026-09-24T07:16:53.349,POST,/desembolsos,0,3002.6,3002.3,timeout,a35c7c64-9fc2-44cf-81c3-af3bdf6e78a0,2,60
2026-09-24T07:16:53.381,POST,/desembolsos,0,3003.9,3003.6,timeout,9a654e6d-60ba-4b7d-a35f-4d3073cecfdf,2,60
2026-09-24T07:16:53.414,POST,/desembolsos,0,3003.9,3003.6,timeout,5ebcaea7-87ec-4bea-99a6-7a3e78729d31,1,60
2026-09-24T07:16:53.496,POST,/desembolsos,0,3004.7,3004.7,timeout,6c31218d-8dd9-4ff3-9182-f80a2ca69141,2,60
2026-09-24T07:16:53.496,POST,/desembolsos,0,3005.5,3005.3,timeout,c14ff364-56aa-4af2-941b-3cb3b8f3d364,1,60
2026-09-24T07:16:53.611,POST,/desembolsos,0,2989.8,2989.4,timeout,2e01e103-6f01-4608-ba7b-c9199cda2fac,1,60
2026-09-24T07:16:53.642,POST,/desembolsos,0,2990.6,2990.5,timeout,72f7a5ae-913a-475e-9ac8-94c028fc8cdc,2,60
2026-09-24T07:16:53.708,POST,/desembolsos,0,3008.3,3007.9,timeout,bf2556ba-cc9b-4b47-9977-ddb369785e60,1,60
2026-09-24T07:16:53.709,POST,/desembolsos,0,3007.3,3007.2,timeout,492a68e7-903c-439f-a768-5b6d704f46be,2,60
2026-09-24T07:16:53.791,POST,/desembolsos,0,3007.2,3006.8,timeout,be18b1bf-246b-41cc-beb0-c21f11ae6819,2,60
2026-09-24T07:16:53.808,POST,/desembolsos,0,2990.3,2990.0,timeout,5d5768b7-af04-4c2f-be79-60392a8473a0,1,60
2026-09-24T07:16:53.907,POST,/desembolsos,0,3001.7,3001.4,timeout,ec7e48ae-d58b-43ca-ad91-117faa800a95,1,60
2026-09-24T07:16:53.925,POST,/desembolsos,0,3001.0,3000.7,timeout,0b8f5c99-4ef4-479f-8956-b4c1fb5d2800,2,60
2026-09-24T07:16:54.018,POST,/desembolsos,0,3008.1,3007.8,timeout,21c6f13c-6af0-41e8-aa85-0dedf7357119,1,60
2026-09-24T07:16:54.018,POST,/desembolsos,0,3007.4,3007.3,timeout,f9bfe076-2b43-434e-bcf1-f355d476bc6f,2,60
2026-09-24T07:16:54.100,POST,/desembolsos,0,3007.9,3007.7,timeout,c91da2ab-49d6-406a-9821-2e88a7390fcc,1,60
2026-09-24T07:16:54.116,POST,/desembolsos,0,3008.5,3008.1,timeout,f238306f-a3c3-4414-8074-b1283ad91c22,2,60
2026-09-24T07:16:54.149,POST,/desembolsos,0,3008.9,3008.5,timeout,2f078a6b-0221-4e32-912a-00044df829ea,3,60
2026-09-24T07:16:54.179,POST,/desembolsos,0,3012.2,3011.3,timeout,e089f8a3-e890-4ad8-8e36-86a9c567f123,2,60
2026-09-24T07:16:54.178,POST,/desembolsos,0,3013.5,3013.3,timeout,5c4abde3-6e3a-4635-94d7-835b0411731e,3,60
2026-09-24T07:16:54.179,POST,/desembolsos,0,3010.7,3010.6,timeout,3f01bd75-042e-4053-a522-15290c7af7b8,1,60
2026-09-24T07:16:54.310,POST,/desembolsos,0,2994.6,2994.3,timeout,da86d215-92e0-4cdb-8ff0-74024808819c,1,60
2026-09-24T07:16:54.360,POST,/desembolsos,0,3008.0,3007.7,timeout,b09f20e4-050f-46fa-97e1-2fc249b77779,2,60
2026-09-24T07:16:54.393,POST,/desembolsos,0,2990.8,2990.4,timeout,fb68d774-eea2-423c-a2cd-2aa34130209c,2,60
2026-09-24T07:16:54.393,POST,/desembolsos,0,2990.7,2990.3,timeout,5c8a2e11-58df-4577-99d8-4428ba3e0e18,1,60
2026-09-24T07:16:54.508,POST,/desembolsos,0,3006.5,3006.1,timeout,189057ca-bb53-4a63-bf37-597071c864e2,1,60
2026-09-24T07:16:54.508,POST,/desembolsos,0,3005.6,3005.5,timeout,d3efa8d4-3dd1-40c9-b881-a04f28b0e56c,2,60
2026-09-24T07:16:54.591,POST,/desembolsos,0,3007.4,3007.1,timeout,14c6cb2e-af6b-47de-b486-5162f8b3ee68,1,60
2026-09-24T07:16:54.655,POST,/desembolsos,0,2978.7,2978.5,timeout,caaaefc1-061b-4421-b43d-7165347d7c9b,2,60
2026-09-24T07:16:54.718,POST,/desembolsos,0,2996.1,2996.0,timeout,b98c7265-cfcd-4c17-beff-31dedc56539d,2,60
2026-09-24T07:16:54.718,POST,/desembolsos,0,2998.0,2997.8,timeout,0790ce72-cca3-40fb-ac69-5e4dfa59a0a5,1,60
2026-09-24T07:16:54.799,POST,/desembolsos,0,2996.7,2996.3,timeout,344967ff-62cc-43eb-ab3c-e4be534cedde,2,60
2026-09-24T07:16:54.799,POST,/desembolsos,0,2996.4,2996.3,timeout,1cf8aa7b-7fde-445d-870b-6ac95561a2e9,1,60
2026-09-24T07:16:54.932,POST,/desembolsos,0,2981.5,2981.1,timeout,ae929442-163e-48e3-8e33-5abb34f780ca,2,60
2026-09-24T07:16:55.018,POST,/desembolsos,0,2991.7,2991.3,timeout,9d059f9d-dc7c-4c65-a9fe-7ab970dfab7c,2,60
2026-09-24T07:16:55.116,POST,/desembolsos,0,3008.5,3008.1,timeout,17140499-613d-4f41-84dd-93a97a0bd4ff,2,60
2026-09-24T07:16:55.215,POST,/desembolsos,0,3020.8,3020.4,timeout,96fd8556-3aa1-4844-a52b-d2cb763d0125,2,60
2026-09-24T07:16:55.325,POST,/desembolsos,0,3022.7,3022.6,timeout,a33841a9-26c2-47bf-96ef-94421ded0464,2,60
2026-09-24T07:16:55.391,POST,/desembolsos,0,3004.7,3004.4,timeout,da58e93d-e32b-4d01-a77f-683d25f59c81,2,60
2026-09-24T07:16:55.505,POST,/desembolsos,0,3005.7,3005.4,timeout,0f0d34c8-47d7-4b6e-a0d2-2a56099f9fae,2,60
2026-09-24T07:16:55.587,POST,/desembolsos,0,3004.1,3003.7,timeout,2e59a9a6-a58b-49ba-b433-7971a8f1d752,2,60
2026-09-24T07:16:55.719,POST,/desembolsos,0,3005.1,3004.9,timeout,d08aab27-d576-48fa-807a-da62af51d30a,2,60
2026-09-24T07:16:55.842,POST,/desembolsos,0,2995.9,2995.6,timeout,495074f2-6fcd-48ee-9890-c84894d395c7,2,60
2026-09-24T07:16:55.908,POST,/desembolsos,0,2996.1,2995.8,timeout,4df9f33c-99e8-4e9b-94e6-44efe48fdc9e,2,60
2026-09-24T07:16:56.027,POST,/desembolsos,0,2992.6,2992.4,timeout,e82d8d16-8dec-4580-9886-14c920afe15d,2,60
2026-09-24T07:16:56.124,POST,/desembolsos,0,3011.6,3011.5,timeout,a985b496-6317-4e64-826d-4dfe6d967c69,2,60
2026-09-24T07:16:56.206,POST,/desembolsos,0,2993.4,2993.1,timeout,ebf85d8c-0626-4418-8ba1-5a6885b7048a,2,60
2026-09-24T07:16:56.318,POST,/desembolsos,0,3011.1,3010.8,timeout,135ddd53-bebb-488b-9db1-38942c1d06a2,2,60
2026-09-24T07:16:56.385,POST,/desembolsos,0,3010.6,3010.4,timeout,51652b38-b81b-48aa-aa61-2cb255bbad47,2,60
2026-09-24T07:16:56.518,POST,/desembolsos,0,2992.9,2992.5,timeout,cf21c257-7dc5-46d4-ad35-c62402126a54,2,60
2026-09-24T07:16:56.600,POST,/desembolsos,0,2993.1,2992.9,timeout,a72a1f9a-3b6d-4309-a792-9023329dd8b5,2,60
2026-09-24T07:16:56.716,POST,/desembolsos,0,3005.6,3005.3,timeout,224cb7b4-2070-47cc-9bcd-9f70a75dc9b9,2,60
2026-09-24T07:16:56.798,POST,/desembolsos,0,3006.0,3005.8,timeout,f590138e-efc1-441d-9535-1de1e1400c4e,2,60
2026-09-24T07:16:56.908,POST,/desembolsos,0,2995.8,2995.6,timeout,fe42ccf9-5ca1-4928-988a-dd7652bb41ee,2,60
2026-09-24T07:16:57.026,POST,/desembolsos,0,2991.4,2991.2,timeout,2f67b663-9bf1-42ae-aedf-df5478e74b34,2,60
2026-09-24T07:16:57.125,POST,/desembolsos,0,3004.5,3004.3,timeout,10bb095b-e0ed-4233-bcc5-e1b4e18d0ed5,3,60
2026-09-24T07:16:57.125,POST,/desembolsos,0,3004.2,3004.2,timeout,df7bfa8f-e607-48b9-9bf4-ada73f67b3fd,2,60
2026-09-24T07:16:57.158,POST,/desembolsos,0,2972.7,2972.5,timeout,a5602595-3522-4337-bc49-8659a3017c06,1,60
2026-09-24T07:16:57.208,POST,/desembolsos,0,3001.2,3000.8,timeout,488c2a40-1b19-43b5-82bd-48f4081b4887,3,60
2026-09-24T07:16:57.208,POST,/desembolsos,0,3000.3,3000.2,timeout,48cae43d-3c0d-41a9-9bee-df433efc5a43,2,60
2026-09-24T07:16:57.255,POST,/desembolsos,0,3001.7,3001.6,timeout,03cd170a-15eb-4958-a0e2-577525336328,1,60
2026-09-24T07:16:57.321,POST,/desembolsos,0,3000.5,3000.3,timeout,26d64328-d86a-42cd-8e1a-9843a7335ce4,2,60
2026-09-24T07:16:57.367,POST,/desembolsos,0,3003.4,3003.1,timeout,a35c7c64-9fc2-44cf-81c3-af3bdf6e78a0,3,60
2026-09-24T07:16:57.383,POST,/desembolsos,0,3018.8,3018.6,timeout,9a654e6d-60ba-4b7d-a35f-4d3073cecfdf,3,60
2026-09-24T07:16:57.416,POST,/desembolsos,0,3019.3,3019.0,timeout,5ebcaea7-87ec-4bea-99a6-7a3e78729d31,2,60
2026-09-24T07:16:57.499,POST,/desembolsos,0,3003.1,3002.7,timeout,c14ff364-56aa-4af2-941b-3cb3b8f3d364,2,60
2026-09-24T07:16:57.499,POST,/desembolsos,0,3002.1,3002.1,timeout,6c31218d-8dd9-4ff3-9182-f80a2ca69141,3,60
2026-09-24T07:16:57.599,POST,/desembolsos,0,2994.6,2994.3,timeout,2e01e103-6f01-4608-ba7b-c9199cda2fac,2,60
2026-09-24T07:16:57.632,POST,/desembolsos,0,3009.5,3009.2,timeout,72f7a5ae-913a-475e-9ac8-94c028fc8cdc,3,60
2026-09-24T07:16:57.714,POST,/desembolsos,0,3008.7,3008.6,timeout,492a68e7-903c-439f-a768-5b6d704f46be,3,60
2026-09-24T07:16:57.714,POST,/desembolsos,0,3009.9,3009.6,timeout,bf2556ba-cc9b-4b47-9977-ddb369785e60,2,60
2026-09-24T07:16:57.797,POST,/desembolsos,0,2994.3,2994.1,timeout,5d5768b7-af04-4c2f-be79-60392a8473a0,2,60
2026-09-24T07:16:57.797,POST,/desembolsos,0,2993.9,2993.9,timeout,be18b1bf-246b-41cc-beb0-c21f11ae6819,3,60
2026-09-24T07:16:57.912,POST,/desembolsos,0,3010.7,3010.4,timeout,ec7e48ae-d58b-43ca-ad91-117faa800a95,2,60
2026-09-24T07:16:57.912,POST,/desembolsos,0,3009.7,3009.6,timeout,0b8f5c99-4ef4-479f-8956-b4c1fb5d2800,3,60
2026-09-24T07:16:58.010,POST,/desembolsos,0,3008.1,3008.0,timeout,f9bfe076-2b43-434e-bcf1-f355d476bc6f,3,60
2026-09-24T07:16:58.010,POST,/desembolsos,0,3008.9,3008.7,timeout,21c6f13c-6af0-41e8-aa85-0dedf7357119,2,60
2026-09-24T07:16:58.107,POST,/desembolsos,0,2978.5,2978.2,timeout,c91da2ab-49d6-406a-9821-2e88a7390fcc,2,60
2026-09-24T07:16:58.124,POST,/desembolsos,0,2993.6,2993.4,timeout,f238306f-a3c3-4414-8074-b1283ad91c22,3,60
2026-09-24T07:16:58.189,POST,/desembolsos,0,2996.9,2996.8,timeout,e089f8a3-e890-4ad8-8e36-86a9c567f123,3,60
2026-09-24T07:16:58.189,POST,/desembolsos,0,2997.7,2997.5,timeout,3f01bd75-042e-4053-a522-15290c7af7b8,2,60
2026-09-24T07:16:58.315,POST,/desembolsos,0,3000.0,2999.8,timeout,da86d215-92e0-4cdb-8ff0-74024808819c,2,60
2026-09-24T07:16:58.378,POST,/desembolsos,0,3002.1,3001.8,timeout,b09f20e4-050f-46fa-97e1-2fc249b77779,3,60
2026-09-24T07:16:58.396,POST,/desembolsos,0,2984.9,2984.8,timeout,fb68d774-eea2-423c-a2cd-2aa34130209c,3,60
2026-09-24T07:16:58.396,POST,/desembolsos,0,2985.8,2985.6,timeout,5c8a2e11-58df-4577-99d8-4428ba3e0e18,2,60
2026-09-24T07:16:58.508,POST,/desembolsos,0,3018.7,3018.4,timeout,189057ca-bb53-4a63-bf37-597071c864e2,2,60
2026-09-24T07:16:58.508,POST,/desembolsos,0,3017.9,3017.8,timeout,d3efa8d4-3dd1-40c9-b881-a04f28b0e56c,3,60
2026-09-24T07:16:58.591,POST,/desembolsos,0,3005.6,3005.4,timeout,14c6cb2e-af6b-47de-b486-5162f8b3ee68,2,60
2026-09-24T07:16:58.640,POST,/desembolsos,0,3004.1,3003.8,timeout,caaaefc1-061b-4421-b43d-7165347d7c9b,3,60
2026-09-24T07:16:58.723,POST,/desembolsos,0,2986.4,2986.4,timeout,b98c7265-cfcd-4c17-beff-31dedc56539d,3,60
2026-09-24T07:16:58.723,POST,/desembolsos,0,2987.5,2987.1,timeout,0790ce72-cca3-40fb-ac69-5e4dfa59a0a5,2,60
2026-09-24T07:16:58.805,POST,/desembolsos,0,2986.6,2986.6,timeout,344967ff-62cc-43eb-ab3c-e4be534cedde,3,60
2026-09-24T07:16:58.804,POST,/desembolsos,0,2987.7,2987.4,timeout,1cf8aa7b-7fde-445d-870b-6ac95561a2e9,2,60
2026-09-24T07:16:58.921,POST,/desembolsos,0,3000.2,2999.8,timeout,ae929442-163e-48e3-8e33-5abb34f780ca,3,60
2026-09-24T07:16:59.018,POST,/desembolsos,0,3000.6,3000.2,timeout,9d059f9d-dc7c-4c65-a9fe-7ab970dfab7c,3,60
2026-09-24T07:16:59.135,POST,/desembolsos,0,3003.6,3003.3,timeout,17140499-613d-4f41-84dd-93a97a0bd4ff,3,60
2026-09-24T07:16:59.233,POST,/desembolsos,0,3003.1,3002.7,timeout,96fd8556-3aa1-4844-a52b-d2cb763d0125,3,60
2026-09-24T07:16:59.347,POST,/desembolsos,0,2987.6,2987.4,timeout,a33841a9-26c2-47bf-96ef-94421ded0464,3,60
2026-09-24T07:16:59.396,POST,/desembolsos,0,2989.3,2989.1,timeout,da58e93d-e32b-4d01-a77f-683d25f59c81,3,60
2026-09-24T07:16:59.509,POST,/desembolsos,0,3006.8,3006.5,timeout,0f0d34c8-47d7-4b6e-a0d2-2a56099f9fae,3,60
2026-09-24T07:16:59.592,POST,/desembolsos,0,2993.3,2992.9,timeout,2e59a9a6-a58b-49ba-b433-7971a8f1d752,3,60
2026-09-24T07:16:59.722,POST,/desembolsos,0,2987.2,2986.9,timeout,d08aab27-d576-48fa-807a-da62af51d30a,3,60
2026-09-24T07:16:59.837,POST,/desembolsos,0,3003.0,3002.8,timeout,495074f2-6fcd-48ee-9890-c84894d395c7,3,60
2026-09-24T07:16:59.904,POST,/desembolsos,0,2984.8,2984.5,timeout,4df9f33c-99e8-4e9b-94e6-44efe48fdc9e,3,60
2026-09-24T07:17:00.018,POST,/desembolsos,0,3000.6,3000.4,timeout,e82d8d16-8dec-4580-9886-14c920afe15d,3,60
2026-09-24T07:17:00.129,POST,/desembolsos,0,3002.4,3002.4,timeout,a985b496-6317-4e64-826d-4dfe6d967c69,3,60
2026-09-24T07:17:00.129,POST,/desembolsos,0,3003.1,3003.0,timeout,5e5c0a74-ceef-4c23-ba40-95bc4c8a9973,1,60
2026-09-24T07:17:00.193,POST,/desembolsos,0,3002.1,3001.9,timeout,ebf85d8c-0626-4418-8ba1-5a6885b7048a,3,60
2026-09-24T07:17:00.241,POST,/desembolsos,0,3001.4,3001.1,timeout,3cba9d3d-b006-4db9-ace7-93fc13e31bdc,1,60
2026-09-24T07:17:00.321,POST,/desembolsos,0,3002.3,3002.1,timeout,135ddd53-bebb-488b-9db1-38942c1d06a2,3,60
2026-09-24T07:17:00.370,POST,/desembolsos,0,3001.7,3001.5,timeout,1c9e8e22-e09a-4974-9d08-36e42dfb5f8f,1,60
2026-09-24T07:17:00.403,POST,/desembolsos,0,3002.4,3002.3,timeout,51652b38-b81b-48aa-aa61-2cb255bbad47,3,60
2026-09-24T07:17:00.485,POST,/desembolsos,0,3002.4,3002.1,timeout,9d89a933-24ec-4ffb-b005-4d995caf8593,1,60
2026-09-24T07:17:00.519,POST,/desembolsos,0,3000.6,3000.2,timeout,cf21c257-7dc5-46d4-ad35-c62402126a54,3,60
2026-09-24T07:17:00.559,POST,/desembolsos,0,3008.7,3008.3,timeout,4e241b26-177c-4f18-80ad-dedb9ce3ceb7,1,60
2026-09-24T07:17:00.592,POST,/desembolsos,0,2992.6,2992.3,timeout,a72a1f9a-3b6d-4309-a792-9023329dd8b5,3,60
2026-09-24T07:17:00.675,POST,/desembolsos,0,2991.0,2990.6,timeout,c1d47306-6c92-4e4f-8ef6-63e9812a9eef,1,60
2026-09-24T07:17:00.724,POST,/desembolsos,0,3002.8,3002.6,timeout,224cb7b4-2070-47cc-9bcd-9f70a75dc9b9,3,60
2026-09-24T07:17:00.773,POST,/desembolsos,0,3003.1,3002.9,timeout,8232b262-b769-41b2-bd7c-6063bb3070c6,1,60
2026-09-24T07:17:00.790,POST,/desembolsos,0,3002.4,3002.2,timeout,f590138e-efc1-441d-9535-1de1e1400c4e,3,60
2026-09-24T07:17:00.873,POST,/desembolsos,0,3002.9,3002.6,timeout,3e583dbe-f228-4a0a-8a63-153f064f1970,1,60
2026-09-24T07:17:00.906,POST,/desembolsos,0,3002.5,3002.1,timeout,fe42ccf9-5ca1-4928-988a-dd7652bb41ee,3,60
2026-09-24T07:17:00.985,POST,/desembolsos,0,3009.4,3009.1,timeout,14dad30f-8ced-4050-aabf-e36b9bb6535d,1,60
2026-09-24T07:17:01.018,POST,/desembolsos,0,2990.9,2990.7,timeout,2f67b663-9bf1-42ae-aedf-df5478e74b34,3,60
2026-09-24T07:17:01.085,POST,/desembolsos,0,3009.3,3009.0,timeout,1cdf8d64-e5c7-479d-8949-ad2c3f4ea640,1,60
2026-09-24T07:17:01.134,POST,/desembolsos,0,3007.3,3007.2,timeout,a5602595-3522-4337-bc49-8659a3017c06,2,60
2026-09-24T07:17:01.134,POST,/desembolsos,0,3008.5,3008.1,timeout,df7bfa8f-e607-48b9-9bf4-ada73f67b3fd,3,60
2026-09-24T07:17:01.185,POST,/desembolsos,0,3007.6,3007.3,timeout,97c59e08-1922-4577-9e87-2151aa96d1b8,1,60
2026-09-24T07:17:01.217,POST,/desembolsos,0,3008.6,3008.3,timeout,48cae43d-3c0d-41a9-9bee-df433efc5a43,3,60
2026-09-24T07:17:01.266,POST,/desembolsos,0,3001.4,3001.4,timeout,b5f95ed9-5ee7-4e65-acec-a60ba05f8000,1,60
2026-09-24T07:17:01.266,POST,/desembolsos,0,3002.8,3002.4,timeout,03cd170a-15eb-4958-a0e2-577525336328,2,60
2026-09-24T07:17:01.347,POST,/desembolsos,0,3004.1,3003.9,timeout,26d64328-d86a-42cd-8e1a-9843a7335ce4,3,60
2026-09-24T07:17:01.380,POST,/desembolsos,0,3018.8,3018.6,timeout,31783115-ba5e-46d7-8c39-2067dad7f787,1,60
2026-09-24T07:17:01.429,POST,/desembolsos,0,3002.8,3002.5,timeout,5ebcaea7-87ec-4bea-99a6-7a3e78729d31,3,60
2026-09-24T07:17:01.494,POST,/desembolsos,0,3019.4,3019.0,timeout,ff4ac975-c2db-4e2c-a08e-fa0ba0174401,1,60
2026-09-24T07:17:01.494,POST,/desembolsos,0,3018.6,3018.5,timeout,c14ff364-56aa-4af2-941b-3cb3b8f3d364,3,60
2026-09-24T07:17:01.595,POST,/desembolsos,0,2997.3,2997.2,timeout,2e01e103-6f01-4608-ba7b-c9199cda2fac,3,60
2026-09-24T07:17:01.595,POST,/desembolsos,0,2998.6,2998.3,timeout,18c60f01-9a14-495a-949d-277b30e2cca0,1,60
2026-09-24T07:17:01.693,POST,/desembolsos,0,3015.3,3015.0,timeout,1fc03339-1109-45ce-b5c0-60862b5016ca,1,60
2026-09-24T07:17:01.710,POST,/desembolsos,0,2998.6,2998.4,timeout,bf2556ba-cc9b-4b47-9977-ddb369785e60,3,60
2026-09-24T07:17:01.791,POST,/desembolsos,0,3009.6,3009.5,timeout,5d5768b7-af04-4c2f-be79-60392a8473a0,3,60
2026-09-24T07:17:01.791,POST,/desembolsos,0,3010.7,3010.4,timeout,e76f3921-d7d8-4d22-a54c-80197e08c116,1,60
2026-09-24T07:17:01.889,POST,/desembolsos,0,2997.1,2996.9,timeout,9919cc48-f59b-4f36-a28f-90f4901fe1a6,1,60
2026-09-24T07:17:01.920,POST,/desembolsos,0,2997.1,2996.7,timeout,ec7e48ae-d58b-43ca-ad91-117faa800a95,3,60
2026-09-24T07:17:01.985,POST,/desembolsos,0,3000.6,3000.2,timeout,9a7c8815-10f0-4dcf-9da5-03cb31f39c82,1,60
2026-09-24T07:17:02.019,POST,/desembolsos,0,2999.0,2998.8,timeout,21c6f13c-6af0-41e8-aa85-0dedf7357119,3,60
2026-09-24T07:17:02.084,POST,/desembolsos,0,2999.5,2999.4,timeout,c91da2ab-49d6-406a-9821-2e88a7390fcc,3,60
2026-09-24T07:17:02.084,POST,/desembolsos,0,3001.2,3000.7,timeout,028ba5a3-d78a-434b-90d0-7241cce82451,1,60
2026-09-24T07:17:02.187,POST,/desembolsos,0,2994.4,2994.0,timeout,e335963f-67e3-498f-8889-74b09d0b24a7,1,60
2026-09-24T07:17:02.187,POST,/desembolsos,0,2994.4,2994.3,timeout,3f01bd75-042e-4053-a522-15290c7af7b8,3,60
2026-09-24T07:17:02.285,POST,/desembolsos,0,2979.5,2979.3,timeout,201b0668-fe89-4c95-8303-bf3d28119d9a,1,60
2026-09-24T07:17:02.318,POST,/desembolsos,0,3010.4,3010.0,timeout,da86d215-92e0-4cdb-8ff0-74024808819c,3,60
2026-09-24T07:17:02.383,POST,/desembolsos,0,3011.1,3011.0,timeout,5c8a2e11-58df-4577-99d8-4428ba3e0e18,3,60
2026-09-24T07:17:02.383,POST,/desembolsos,0,3012.1,3011.8,timeout,df00761c-2e34-43fb-98e5-e28b8627b76b,1,60
2026-09-24T07:17:02.483,POST,/desembolsos,0,3010.7,3010.4,timeout,d2a6a624-56d8-40c2-907b-3c410b9d95f1,1,60
2026-09-24T07:17:02.516,POST,/desembolsos,0,2993.7,2993.4,timeout,189057ca-bb53-4a63-bf37-597071c864e2,3,60
2026-09-24T07:17:02.583,POST,/desembolsos,0,3008.1,3008.0,timeout,14c6cb2e-af6b-47de-b486-5162f8b3ee68,3,60
2026-09-24T07:17:02.583,POST,/desembolsos,0,3009.4,3009.0,timeout,7b51a496-c08a-41c8-9976-4f6de8151da8,1,60
2026-09-24T07:17:02.692,POST,/desembolsos,0,3014.8,3014.5,timeout,b031f195-a809-4647-ade1-d076f91303f0,1,60
2026-09-24T07:17:02.709,POST,/desembolsos,0,3013.8,3013.6,timeout,0790ce72-cca3-40fb-ac69-5e4dfa59a0a5,3,60
2026-09-24T07:17:02.791,POST,/desembolsos,0,2997.9,2997.9,timeout,1cf8aa7b-7fde-445d-870b-6ac95561a2e9,3,60
2026-09-24T07:17:02.791,POST,/desembolsos,0,2999.1,2998.9,timeout,0c083af1-c006-4e10-8b51-2060554ec456,1,60
2026-09-24T07:17:02.889,POST,/desembolsos,0,2996.5,2996.3,timeout,cf8c36c7-9c31-4f5b-a1c4-f56f67682b66,1,60
2026-09-24T07:17:02.985,POST,/desembolsos,0,3001.5,3001.2,timeout,d0daf413-b6c2-4657-be33-811a80252bf4,1,60
2026-09-24T07:17:03.083,POST,/desembolsos,0,3015.4,3015.0,timeout,d26fd6d8-bd25-497a-827c-2ba6a2c1d89e,1,60
2026-09-24T07:17:03.193,POST,/desembolsos,0,3004.5,3004.1,timeout,7fdfcacf-0f36-4065-b3c8-f6bcd14979eb,1,60
2026-09-24T07:17:03.290,POST,/desembolsos,0,3008.7,3008.5,timeout,4127b781-2218-4e10-8d6c-49f596556776,1,60
2026-09-24T07:17:03.372,POST,/desembolsos,0,3005.7,3005.6,timeout,f28c1a63-573c-46ca-b112-f70ad380e3ea,1,60
2026-09-24T07:17:03.486,POST,/desembolsos,0,3006.8,3006.5,timeout,62b6303d-c290-4249-b3df-08845426faf7,1,60
2026-09-24T07:17:03.568,POST,/desembolsos,0,3006.8,3006.5,timeout,128d21af-f488-4f03-bcfa-16b104579b34,1,60
2026-09-24T07:17:03.695,POST,/desembolsos,0,3012.6,3012.2,timeout,74ffcafb-f177-497b-8ad1-66ebae73c4d1,1,60
2026-09-24T07:17:03.776,POST,/desembolsos,0,3009.3,3009.1,timeout,6cf98454-1975-4f2b-927f-09fc11bdb551,1,60
2026-09-24T07:17:03.875,POST,/desembolsos,0,2992.4,2992.2,timeout,92fa5c94-72d8-491d-a390-6d75cf6e0ff2,1,60
2026-09-24T07:17:03.994,POST,/desembolsos,0,3001.5,3001.1,timeout,7e66032a-01aa-406a-90f6-a1731a143125,1,60
2026-09-24T07:17:04.093,POST,/desembolsos,0,3001.4,3001.0,timeout,81988e96-13b9-4685-813e-83ab22ec8739,1,60
2026-09-24T07:17:04.142,POST,/desembolsos,0,3001.4,3001.2,timeout,5e5c0a74-ceef-4c23-ba40-95bc4c8a9973,2,60
2026-09-24T07:17:04.191,POST,/desembolsos,0,3002.6,3002.3,timeout,9f0ae29b-f387-4fa3-bab6-d5e9631337ad,1,60
2026-09-24T07:17:04.252,POST,/desembolsos,0,2992.8,2992.5,timeout,3cba9d3d-b006-4db9-ace7-93fc13e31bdc,2,60
2026-09-24T07:17:04.301,POST,/desembolsos,0,2992.3,2991.9,timeout,d74c9359-3d53-46cd-ab55-2ab4e17aec50,1,60
2026-09-24T07:17:04.367,POST,/desembolsos,0,3008.2,3007.8,timeout,1c9e8e22-e09a-4974-9d08-36e42dfb5f8f,2,60
2026-09-24T07:17:04.368,POST,/desembolsos,0,3007.3,3007.2,timeout,3271305d-b6ee-4c5f-bb92-a6cdb6b09c9f,1,60
2026-09-24T07:17:04.481,POST,/desembolsos,0,3017.6,3017.5,timeout,77788328-cd20-4ba1-963e-c5089034fe8d,1,60
2026-09-24T07:17:04.481,POST,/desembolsos,0,3018.8,3018.5,timeout,9d89a933-24ec-4ffb-b005-4d995caf8593,2,60
2026-09-24T07:17:04.577,POST,/desembolsos,0,3005.9,3005.6,timeout,4e241b26-177c-4f18-80ad-dedb9ce3ceb7,2,60
2026-09-24T07:17:04.577,POST,/desembolsos,0,3005.1,3005.0,timeout,d17a967a-1bb3-47d0-9acc-d9f71435fccb,1,60
2026-09-24T07:17:04.675,POST,/desembolsos,0,3005.6,3005.5,timeout,87c62837-2916-4589-9919-a516f70469ef,1,60
2026-09-24T07:17:04.675,POST,/desembolsos,0,3006.5,3006.3,timeout,c1d47306-6c92-4e4f-8ef6-63e9812a9eef,2,60
2026-09-24T07:17:04.784,POST,/desembolsos,0,2994.1,2993.7,timeout,8232b262-b769-41b2-bd7c-6063bb3070c6,2,60
2026-09-24T07:17:04.784,POST,/desembolsos,0,2993.2,2993.1,timeout,b7f6a5aa-6fcf-45a1-bdfc-e41c604d103e,1,60
2026-09-24T07:17:04.885,POST,/desembolsos,0,3025.4,3025.3,timeout,55132314-5ff3-4b54-9453-b1566289951c,1,60
2026-09-24T07:17:04.884,POST,/desembolsos,0,3026.5,3026.2,timeout,3e583dbe-f228-4a0a-8a63-153f064f1970,2,60
2026-09-24T07:17:04.985,POST,/desembolsos,0,2991.0,2990.7,timeout,927b3881-abb1-4a59-96b2-446b5b1e474d,1,60
2026-09-24T07:17:05.001,POST,/desembolsos,0,3002.3,3002.1,timeout,14dad30f-8ced-4050-aabf-e36b9bb6535d,2,60
2026-09-24T07:17:05.083,POST,/desembolsos,0,3025.5,3025.4,timeout,1cdf8d64-e5c7-479d-8949-ad2c3f4ea640,2,60
2026-09-24T07:17:05.083,POST,/desembolsos,0,3027.1,3026.7,timeout,96e86241-16cf-434c-afab-47ec02758843,1,60
2026-09-24T07:17:05.133,POST,/desembolsos,0,3010.3,3009.9,timeout,a5602595-3522-4337-bc49-8659a3017c06,3,60
2026-09-24T07:17:05.181,POST,/desembolsos,0,3011.2,3010.9,timeout,97c59e08-1922-4577-9e87-2151aa96d1b8,2,60
2026-09-24T07:17:05.181,POST,/desembolsos,0,3010.2,3010.1,timeout,8cd32053-9fc1-49ea-9c68-8afeca59f25f,1,60
2026-09-24T07:17:05.263,POST,/desembolsos,0,3012.2,3011.9,timeout,b5f95ed9-5ee7-4e65-acec-a60ba05f8000,2,60
2026-09-24T07:17:05.263,POST,/desembolsos,0,3011.3,3011.3,timeout,03cd170a-15eb-4958-a0e2-577525336328,3,60
2026-09-24T07:17:05.295,POST,/desembolsos,0,2997.1,2996.8,timeout,d463a060-2f3b-4bdd-bde4-fd688c08f464,1,60
2026-09-24T07:17:05.394,POST,/desembolsos,0,3006.1,3006.0,timeout,31783115-ba5e-46d7-8c39-2067dad7f787,2,60
2026-09-24T07:17:05.394,POST,/desembolsos,0,3007.5,3007.2,timeout,3b404b8d-29ef-4cfc-95b4-574a476a5885,1,60
2026-09-24T07:17:05.492,POST,/desembolsos,0,3014.5,3014.2,timeout,133f3d9e-40cd-4e55-8cb6-726b0c2781e6,1,60
2026-09-24T07:17:05.509,POST,/desembolsos,0,2998.9,2998.4,timeout,ff4ac975-c2db-4e2c-a08e-fa0ba0174401,2,60
2026-09-24T07:17:05.591,POST,/desembolsos,0,2990.8,2990.7,timeout,18c60f01-9a14-495a-949d-277b30e2cca0,2,60
2026-09-24T07:17:05.591,POST,/desembolsos,0,2991.8,2991.5,timeout,b2172fae-dc15-4657-b2ca-c377fea1a3e8,1,60
2026-09-24T07:17:05.690,POST,/desembolsos,0,2990.6,2990.3,timeout,87e9e455-71a7-4c94-bab1-34e8d84ff3b3,1,60
2026-09-24T07:17:05.723,POST,/desembolsos,0,2994.1,2993.9,timeout,1fc03339-1109-45ce-b5c0-60862b5016ca,2,60
2026-09-24T07:17:05.788,POST,/desembolsos,0,3012.8,3012.6,timeout,7111b753-20d4-400e-8476-bb966961d2d1,1,60
2026-09-24T07:17:05.788,POST,/desembolsos,0,3012.2,3012.1,timeout,e76f3921-d7d8-4d22-a54c-80197e08c116,2,60
2026-09-24T07:17:05.884,POST,/desembolsos,0,3010.2,3009.9,timeout,93c9cb4b-61b8-47ec-b483-95446df850bf,1,60
2026-09-24T07:17:05.884,POST,/desembolsos,0,3009.6,3009.5,timeout,9919cc48-f59b-4f36-a28f-90f4901fe1a6,2,60
2026-09-24T07:17:05.985,POST,/desembolsos,0,2975.5,2975.1,timeout,9a7c8815-10f0-4dcf-9da5-03cb31f39c82,2,60
2026-09-24T07:17:06.099,POST,/desembolsos,0,3027.2,3027.0,timeout,028ba5a3-d78a-434b-90d0-7241cce82451,2,60
2026-09-24T07:17:06.181,POST,/desembolsos,0,3012.4,3012.1,timeout,e335963f-67e3-498f-8889-74b09d0b24a7,2,60
2026-09-24T07:17:06.265,POST,/desembolsos,0,3009.4,3009.1,timeout,201b0668-fe89-4c95-8303-bf3d28119d9a,2,60
2026-09-24T07:17:06.394,POST,/desembolsos,0,2996.6,2996.2,timeout,df00761c-2e34-43fb-98e5-e28b8627b76b,2,60
2026-09-24T07:17:06.492,POST,/desembolsos,0,3014.0,3013.7,timeout,d2a6a624-56d8-40c2-907b-3c410b9d95f1,2,60
2026-09-24T07:17:06.592,POST,/desembolsos,0,2997.5,2997.1,timeout,7b51a496-c08a-41c8-9976-4f6de8151da8,2,60
2026-09-24T07:17:06.706,POST,/desembolsos,0,2987.3,2986.9,timeout,b031f195-a809-4647-ade1-d076f91303f0,2,60
2026-09-24T07:17:06.802,POST,/desembolsos,0,3010.3,3009.9,timeout,0c083af1-c006-4e10-8b51-2060554ec456,2,60
2026-09-24T07:17:06.886,POST,/desembolsos,0,3005.3,3004.9,timeout,cf8c36c7-9c31-4f5b-a1c4-f56f67682b66,2,60
2026-09-24T07:17:06.976,POST,/desembolsos,0,3000.2,3000.0,timeout,d0daf413-b6c2-4657-be33-811a80252bf4,2,60
2026-09-24T07:17:07.094,POST,/desembolsos,0,3007.2,3007.0,timeout,d26fd6d8-bd25-497a-827c-2ba6a2c1d89e,2,60
2026-09-24T07:17:07.194,POST,/desembolsos,0,3006.5,3006.4,timeout,7fdfcacf-0f36-4065-b3c8-f6bcd14979eb,2,60
2026-09-24T07:17:07.293,POST,/desembolsos,0,3006.0,3005.8,timeout,4127b781-2218-4e10-8d6c-49f596556776,2,60
2026-09-24T07:17:07.375,POST,/desembolsos,0,3017.0,3016.7,timeout,f28c1a63-573c-46ca-b112-f70ad380e3ea,2,60
2026-09-24T07:17:07.499,POST,/desembolsos,0,3007.3,3007.1,timeout,62b6303d-c290-4249-b3df-08845426faf7,2,60
2026-09-24T07:17:07.582,POST,/desembolsos,0,2990.3,2989.9,timeout,128d21af-f488-4f03-bcfa-16b104579b34,2,60
2026-09-24T07:17:07.697,POST,/desembolsos,0,3005.4,3005.2,timeout,74ffcafb-f177-497b-8ad1-66ebae73c4d1,2,60
2026-09-24T07:17:07.779,POST,/desembolsos,0,3023.9,3023.8,timeout,6cf98454-1975-4f2b-927f-09fc11bdb551,2,60
2026-09-24T07:17:07.877,POST,/desembolsos,0,2989.5,2989.3,timeout,92fa5c94-72d8-491d-a390-6d75cf6e0ff2,2,60
2026-09-24T07:17:08.003,POST,/desembolsos,0,2998.7,2998.5,timeout,7e66032a-01aa-406a-90f6-a1731a143125,2,60
2026-09-24T07:17:08.110,POST,/desembolsos,0,3015.2,3015.0,timeout,81988e96-13b9-4685-813e-83ab22ec8739,2,60
2026-09-24T07:17:08.143,POST,/desembolsos,0,2997.5,2997.4,timeout,5e5c0a74-ceef-4c23-ba40-95bc4c8a9973,3,60
2026-09-24T07:17:08.143,POST,/desembolsos,0,2999.5,2999.2,timeout,102164e4-6c3e-48e0-a91a-a0a6fc3a8b5a,1,60
2026-09-24T07:17:08.193,POST,/desembolsos,0,3015.1,3014.9,timeout,9f0ae29b-f387-4fa3-bab6-d5e9631337ad,2,60
2026-09-24T07:17:08.242,POST,/desembolsos,0,2998.2,2997.9,timeout,3cba9d3d-b006-4db9-ace7-93fc13e31bdc,3,60
2026-09-24T07:17:08.275,POST,/desembolsos,0,2982.5,2982.3,timeout,633b53ac-a50a-4e7e-b6f3-c63ac50ac17b,1,60
2026-09-24T07:17:08.291,POST,/desembolsos,0,2999.7,2999.5,timeout,d74c9359-3d53-46cd-ab55-2ab4e17aec50,2,60
2026-09-24T07:17:08.370,POST,/desembolsos,0,3002.5,3002.3,timeout,1c9e8e22-e09a-4974-9d08-36e42dfb5f8f,3,60
2026-09-24T07:17:08.371,POST,/desembolsos,0,3003.0,3002.9,timeout,3271305d-b6ee-4c5f-bb92-a6cdb6b09c9f,2,60
2026-09-24T07:17:08.507,POST,/desembolsos,0,3013.2,3013.1,timeout,9d89a933-24ec-4ffb-b005-4d995caf8593,3,60
2026-09-24T07:17:08.508,POST,/desembolsos,0,3013.3,3013.2,timeout,77788328-cd20-4ba1-963e-c5089034fe8d,2,60
2026-09-24T07:17:08.582,POST,/desembolsos,0,3005.4,3005.1,timeout,4e241b26-177c-4f18-80ad-dedb9ce3ceb7,3,60
2026-09-24T07:17:08.583,POST,/desembolsos,0,3004.8,3004.7,timeout,d17a967a-1bb3-47d0-9acc-d9f71435fccb,2,60
2026-09-24T07:17:08.680,POST,/desembolsos,0,3020.4,3020.4,timeout,87c62837-2916-4589-9919-a516f70469ef,2,60
2026-09-24T07:17:08.680,POST,/desembolsos,0,3021.4,3021.1,timeout,c1d47306-6c92-4e4f-8ef6-63e9812a9eef,3,60
2026-09-24T07:17:08.782,POST,/desembolsos,0,3000.6,3000.5,timeout,8232b262-b769-41b2-bd7c-6063bb3070c6,3,60
2026-09-24T07:17:08.781,POST,/desembolsos,0,3001.4,3001.2,timeout,b7f6a5aa-6fcf-45a1-bdfc-e41c604d103e,2,60
2026-09-24T07:17:08.894,POST,/desembolsos,0,2985.9,2985.6,timeout,55132314-5ff3-4b54-9453-b1566289951c,2,60
2026-09-24T07:17:08.894,POST,/desembolsos,0,2985.2,2985.1,timeout,3e583dbe-f228-4a0a-8a63-153f064f1970,3,60
2026-09-24T07:17:08.960,POST,/desembolsos,0,3002.5,3002.3,timeout,927b3881-abb1-4a59-96b2-446b5b1e474d,2,60
2026-09-24T07:17:09.001,POST,/desembolsos,0,3003.7,3003.3,timeout,14dad30f-8ced-4050-aabf-e36b9bb6535d,3,60
2026-09-24T07:17:09.127,POST,/desembolsos,0,2999.3,2999.3,timeout,96e86241-16cf-434c-afab-47ec02758843,2,60
2026-09-24T07:17:09.126,POST,/desembolsos,0,3000.8,3000.7,timeout,1cdf8d64-e5c7-479d-8949-ad2c3f4ea640,3,60
2026-09-24T07:17:09.195,POST,/desembolsos,0,3014.1,3014.0,timeout,8cd32053-9fc1-49ea-9c68-8afeca59f25f,2,60
2026-09-24T07:17:09.194,POST,/desembolsos,0,3015.1,3014.8,timeout,97c59e08-1922-4577-9e87-2151aa96d1b8,3,60
2026-09-24T07:17:09.274,POST,/desembolsos,0,2984.1,2983.8,timeout,b5f95ed9-5ee7-4e65-acec-a60ba05f8000,3,60
2026-09-24T07:17:09.290,POST,/desembolsos,0,3000.7,3000.3,timeout,d463a060-2f3b-4bdd-bde4-fd688c08f464,2,60
2026-09-24T07:17:09.390,POST,/desembolsos,0,2997.6,2997.4,timeout,3b404b8d-29ef-4cfc-95b4-574a476a5885,2,60
2026-09-24T07:17:09.390,POST,/desembolsos,0,2997.1,2997.0,timeout,31783115-ba5e-46d7-8c39-2067dad7f787,3,60
2026-09-24T07:17:09.507,POST,/desembolsos,0,3012.4,3012.3,timeout,ff4ac975-c2db-4e2c-a08e-fa0ba0174401,3,60
2026-09-24T07:17:09.507,POST,/desembolsos,0,3013.1,3013.0,timeout,133f3d9e-40cd-4e55-8cb6-726b0c2781e6,2,60
2026-09-24T07:17:09.589,POST,/desembolsos,0,2997.0,2996.8,timeout,b2172fae-dc15-4657-b2ca-c377fea1a3e8,2,60
2026-09-24T07:17:09.589,POST,/desembolsos,0,2996.9,2996.9,timeout,18c60f01-9a14-495a-949d-277b30e2cca0,3,60
2026-09-24T07:17:09.692,POST,/desembolsos,0,3007.3,3006.9,timeout,87e9e455-71a7-4c94-bab1-34e8d84ff3b3,2,60
2026-09-24T07:17:09.708,POST,/desembolsos,0,3024.7,3024.4,timeout,1fc03339-1109-45ce-b5c0-60862b5016ca,3,60
2026-09-24T07:17:09.809,POST,/desembolsos,0,3006.2,3005.8,timeout,7111b753-20d4-400e-8476-bb966961d2d1,2,60
2026-09-24T07:17:09.809,POST,/desembolsos,0,3005.2,3003.9,timeout,e76f3921-d7d8-4d22-a54c-80197e08c116,3,60
2026-09-24T07:17:09.891,POST,/desembolsos,0,3005.9,3005.7,timeout,9919cc48-f59b-4f36-a28f-90f4901fe1a6,3,60
2026-09-24T07:17:09.891,POST,/desembolsos,0,3005.3,3005.3,timeout,93c9cb4b-61b8-47ec-b483-95446df850bf,2,60
2026-09-24T07:17:09.974,POST,/desembolsos,0,2991.0,2990.8,timeout,9a7c8815-10f0-4dcf-9da5-03cb31f39c82,3,60
2026-09-24T07:17:10.117,POST,/desembolsos,0,3009.7,3009.4,timeout,028ba5a3-d78a-434b-90d0-7241cce82451,3,60
2026-09-24T07:17:10.200,POST,/desembolsos,0,3010.2,3010.0,timeout,e335963f-67e3-498f-8889-74b09d0b24a7,3,60
2026-09-24T07:17:10.282,POST,/desembolsos,0,2995.3,2995.0,timeout,201b0668-fe89-4c95-8303-bf3d28119d9a,3,60
2026-09-24T07:17:10.392,POST,/desembolsos,0,2998.8,2998.5,timeout,df00761c-2e34-43fb-98e5-e28b8627b76b,3,60
2026-09-24T07:17:10.507,POST,/desembolsos,0,3016.1,3015.9,timeout,d2a6a624-56d8-40c2-907b-3c410b9d95f1,3,60
2026-09-24T07:17:10.589,POST,/desembolsos,0,3014.7,3014.5,timeout,7b51a496-c08a-41c8-9976-4f6de8151da8,3,60
2026-09-24T07:17:10.702,POST,/desembolsos,0,3000.4,3000.1,timeout,b031f195-a809-4647-ade1-d076f91303f0,3,60
2026-09-24T07:17:10.802,POST,/desembolsos,0,3014.9,3014.7,timeout,0c083af1-c006-4e10-8b51-2060554ec456,3,60
2026-09-24T07:17:10.898,POST,/desembolsos,0,3003.4,3002.5,timeout,cf8c36c7-9c31-4f5b-a1c4-f56f67682b66,3,60
2026-09-24T07:17:10.978,POST,/desembolsos,0,2990.7,2990.4,timeout,d0daf413-b6c2-4657-be33-811a80252bf4,3,60
2026-09-24T07:17:11.125,POST,/desembolsos,0,3004.5,3004.3,timeout,d26fd6d8-bd25-497a-827c-2ba6a2c1d89e,3,60
2026-09-24T07:17:11.141,POST,/desembolsos,0,2988.4,2988.2,timeout,b6184f0a-b936-4315-82fe-5c186cdca07f,1,60
2026-09-24T07:17:11.208,POST,/desembolsos,0,3003.2,3003.0,timeout,7fdfcacf-0f36-4065-b3c8-f6bcd14979eb,3,60
2026-09-24T07:17:11.257,POST,/desembolsos,0,3004.8,3004.5,timeout,5a24d36a-03e3-4080-a5fa-afb513c3b104,1,60
2026-09-24T07:17:11.290,POST,/desembolsos,0,3003.5,3003.2,timeout,4127b781-2218-4e10-8d6c-49f596556776,3,60
2026-09-24T07:17:11.372,POST,/desembolsos,0,3003.4,3003.1,timeout,42f8da79-2d11-4fa2-9e27-0f8c91925ede,1,60
2026-09-24T07:17:11.388,POST,/desembolsos,0,3019.9,3019.6,timeout,f28c1a63-573c-46ca-b112-f70ad380e3ea,3,60
2026-09-24T07:17:11.520,POST,/desembolsos,0,3003.6,3003.4,timeout,62b6303d-c290-4249-b3df-08845426faf7,3,60
2026-09-24T07:17:11.520,POST,/desembolsos,0,3002.8,3002.7,timeout,ea02bd1d-9c2a-4a80-8d81-e4f29b15cc32,1,60
2026-09-24T07:17:11.586,POST,/desembolsos,0,3003.7,3003.5,timeout,128d21af-f488-4f03-bcfa-16b104579b34,3,60
2026-09-24T07:17:11.628,POST,/desembolsos,0,2994.8,2994.5,timeout,8fcb8b5c-cd81-4cc1-8496-690340554387,1,60
2026-09-24T07:17:11.702,POST,/desembolsos,0,2999.3,2999.1,timeout,74ffcafb-f177-497b-8ad1-66ebae73c4d1,3,60
2026-09-24T07:17:11.734,POST,/desembolsos,0,3001.3,3001.0,timeout,1179220e-d017-40f0-b734-b24ff3277cb3,1,60
2026-09-24T07:17:11.814,POST,/desembolsos,0,3002.2,3002.0,timeout,6cf98454-1975-4f2b-927f-09fc11bdb551,3,60
2026-09-24T07:17:11.814,POST,/desembolsos,0,3001.7,3001.6,timeout,6f5da0a5-becf-4d38-9ce1-6dd46724e767,1,60
2026-09-24T07:17:11.880,POST,/desembolsos,0,3003.1,3002.9,timeout,92fa5c94-72d8-491d-a390-6d75cf6e0ff2,3,60
2026-09-24T07:17:11.930,POST,/desembolsos,0,3001.0,3000.7,timeout,82e676f4-e487-432b-9ed0-48dcfd445966,1,60
2026-09-24T07:17:12.005,POST,/desembolsos,0,3023.9,3023.6,timeout,7e66032a-01aa-406a-90f6-a1731a143125,3,60
2026-09-24T07:17:12.045,POST,/desembolsos,0,3000.8,3000.4,timeout,e4136707-a0f0-4d57-b45c-15d6e05d67b8,1,60
2026-09-24T07:17:12.126,POST,/desembolsos,0,3000.1,3000.0,timeout,1afe001c-767e-4ecc-9d86-2cee29874318,1,60
2026-09-24T07:17:12.126,POST,/desembolsos,0,3001.2,3001.0,timeout,81988e96-13b9-4685-813e-83ab22ec8739,3,60
2026-09-24T07:17:12.142,POST,/desembolsos,0,3002.1,3001.8,timeout,102164e4-6c3e-48e0-a91a-a0a6fc3a8b5a,2,60
2026-09-24T07:17:12.209,POST,/desembolsos,0,3018.9,3018.7,timeout,9f0ae29b-f387-4fa3-bab6-d5e9631337ad,3,60
2026-09-24T07:17:12.241,POST,/desembolsos,0,3004.0,3003.7,timeout,8f0e9f18-7fbb-4610-a77b-822a46973696,1,60
2026-09-24T07:17:12.258,POST,/desembolsos,0,3004.8,3004.6,timeout,633b53ac-a50a-4e7e-b6f3-c63ac50ac17b,2,60
2026-09-24T07:17:12.290,POST,/desembolsos,0,3003.8,3003.6,timeout,d74c9359-3d53-46cd-ab55-2ab4e17aec50,3,60
2026-09-24T07:17:12.339,POST,/desembolsos,0,3003.0,3002.7,timeout,511eee93-a88c-4eae-bfea-3c9b325a5b1e,1,60
2026-09-24T07:17:12.372,POST,/desembolsos,0,3004.5,3004.3,timeout,3271305d-b6ee-4c5f-bb92-a6cdb6b09c9f,3,60
2026-09-24T07:17:12.436,POST,/desembolsos,0,3005.8,3005.4,timeout,631a0f3d-c8af-43ac-822a-52d807cfc2c0,1,60
2026-09-24T07:17:12.520,POST,/desembolsos,0,3005.1,3004.9,timeout,77788328-cd20-4ba1-963e-c5089034fe8d,3,60
2026-09-24T07:17:12.536,POST,/desembolsos,0,3005.0,3004.7,timeout,fe9f0aa4-6306-4401-99f1-50b899e42112,1,60
2026-09-24T07:17:12.586,POST,/desembolsos,0,3003.8,3003.7,timeout,d17a967a-1bb3-47d0-9acc-d9f71435fccb,3,60
2026-09-24T07:17:12.634,POST,/desembolsos,0,3004.7,3004.3,timeout,857868f5-0bb2-4972-b860-8fa9dbb5f5f3,1,60
2026-09-24T07:17:12.699,POST,/desembolsos,0,3004.2,3004.1,timeout,87c62837-2916-4589-9919-a516f70469ef,3,60
2026-09-24T07:17:12.732,POST,/desembolsos,0,3004.6,3004.4,timeout,e1e93b67-75a2-4359-839d-eacfc7c4237f,1,60
2026-09-24T07:17:12.783,POST,/desembolsos,0,3003.1,3002.8,timeout,b7f6a5aa-6fcf-45a1-bdfc-e41c604d103e,3,60
2026-09-24T07:17:12.847,POST,/desembolsos,0,2987.1,2986.8,timeout,3e348d9e-7131-473c-af05-b53271d1421c,1,60
2026-09-24T07:17:12.898,POST,/desembolsos,0,3002.7,3002.5,timeout,55132314-5ff3-4b54-9453-b1566289951c,3,60
2026-09-24T07:17:12.947,POST,/desembolsos,0,3003.0,3002.6,timeout,e437685e-af0c-43cb-b616-12663c0bbff4,1,60
2026-09-24T07:17:12.963,POST,/desembolsos,0,3002.9,3002.5,timeout,927b3881-abb1-4a59-96b2-446b5b1e474d,3,60
2026-09-24T07:17:13.044,POST,/desembolsos,0,3000.8,3000.5,timeout,4147e9d1-1b29-47d8-88ee-d6a9bf14201e,1,60
2026-09-24T07:17:13.126,POST,/desembolsos,0,2999.0,2998.8,timeout,96e86241-16cf-434c-afab-47ec02758843,3,60
2026-09-24T07:17:13.143,POST,/desembolsos,0,2999.2,2998.9,timeout,2f1ae835-13fb-41f6-a2da-43cba599ad9a,1,60
2026-09-24T07:17:13.210,POST,/desembolsos,0,3023.4,3023.2,timeout,8cd32053-9fc1-49ea-9c68-8afeca59f25f,3,60
2026-09-24T07:17:13.244,POST,/desembolsos,0,3022.2,3021.9,timeout,dd4777f5-5688-47e5-8774-5b466aec126a,1,60
2026-09-24T07:17:13.293,POST,/desembolsos,0,3004.2,3003.9,timeout,d463a060-2f3b-4bdd-bde4-fd688c08f464,3,60
2026-09-24T07:17:13.342,POST,/desembolsos,0,3005.6,3005.3,timeout,170a1d9a-ad55-4908-98c2-3c62bfdf745c,1,60
2026-09-24T07:17:13.392,POST,/desembolsos,0,3006.4,3006.2,timeout,3b404b8d-29ef-4cfc-95b4-574a476a5885,3,60
2026-09-24T07:17:13.441,POST,/desembolsos,0,2989.8,2989.4,timeout,b0788706-a8cb-4811-b7b3-05cc6dd53202,1,60
2026-09-24T07:17:13.523,POST,/desembolsos,0,3007.8,3007.6,timeout,133f3d9e-40cd-4e55-8cb6-726b0c2781e6,3,60
2026-09-24T07:17:13.540,POST,/desembolsos,0,3008.7,3008.5,timeout,713e9f6d-3c9f-4a26-a11c-83fe2ebffb69,1,60
2026-09-24T07:17:13.603,POST,/desembolsos,0,3010.1,3009.8,timeout,b2172fae-dc15-4657-b2ca-c377fea1a3e8,3,60
2026-09-24T07:17:13.636,POST,/desembolsos,0,3009.6,3009.3,timeout,48078248-ebf2-4d0a-ae3b-2cce0f3fd992,1,60
2026-09-24T07:17:13.703,POST,/desembolsos,0,3008.3,3008.1,timeout,87e9e455-71a7-4c94-bab1-34e8d84ff3b3,3,60
2026-09-24T07:17:13.735,POST,/desembolsos,0,2976.3,2976.0,timeout,53ecdb3d-52aa-43dd-9a3c-19514e156408,1,60
2026-09-24T07:17:13.817,POST,/desembolsos,0,3009.9,3009.8,timeout,7111b753-20d4-400e-8476-bb966961d2d1,3,60
2026-09-24T07:17:13.834,POST,/desembolsos,0,3010.9,3010.7,timeout,493b81ab-54e0-4857-88c9-71b9806eb2bb,1,60
2026-09-24T07:17:13.901,POST,/desembolsos,0,3008.8,3008.6,timeout,93c9cb4b-61b8-47ec-b483-95446df850bf,3,60
2026-09-24T07:17:13.934,POST,/desembolsos,0,3009.6,3009.3,timeout,24aeaf61-8c61-4b51-9dcf-281d58411d5a,1,60
2026-09-24T07:17:14.043,POST,/desembolsos,0,3009.4,3009.1,timeout,bdfe4a03-63c1-40fe-a4c7-32fab88415f3,1,60
2026-09-24T07:17:14.146,POST,/desembolsos,0,2989.2,2989.0,timeout,8de04257-1d2b-49b8-8f11-a10e2083ed2d,1,60
2026-09-24T07:17:14.245,POST,/desembolsos,0,3005.4,3005.0,timeout,64266c9b-9830-49d2-9e8e-0769b126319f,1,60
2026-09-24T07:17:14.344,POST,/desembolsos,0,3016.9,3016.7,timeout,177a3d1f-03ce-4548-b165-50c02abddadb,1,60
2026-09-24T07:17:14.441,POST,/desembolsos,0,3002.7,3002.3,timeout,a9a984a7-5fb2-4c4f-90ef-f5c30c947bfc,1,60
2026-09-24T07:17:14.540,POST,/desembolsos,0,3003.0,3002.8,timeout,c4ee87ce-018f-40e5-bbbd-5cf95a9707ae,1,60
2026-09-24T07:17:14.623,POST,/desembolsos,0,3003.2,3003.0,timeout,c61c9235-3482-4cf9-9c2d-f50ea9de9949,1,60
2026-09-24T07:17:14.735,POST,/desembolsos,0,2990.0,2989.8,timeout,d4894c24-ee0b-4cee-ab75-d0c13b6a2a68,1,60
2026-09-24T07:17:14.833,POST,/desembolsos,0,3003.7,3003.4,timeout,de667211-d9b1-45f8-b74a-1ad0309d38d6,1,60
2026-09-24T07:17:14.931,POST,/desembolsos,0,3005.1,3004.9,timeout,952ebfc2-66f2-4eca-af9b-5429dff21b03,1,60
2026-09-24T07:17:15.044,POST,/desembolsos,0,3008.7,3008.4,timeout,7fdd7371-6925-472b-9e5b-4fb658478a09,1,60
2026-09-24T07:17:15.144,POST,/desembolsos,0,2990.2,2990.1,timeout,b6184f0a-b936-4315-82fe-5c186cdca07f,2,60
2026-09-24T07:17:15.143,POST,/desembolsos,0,2992.1,2991.7,timeout,db057e05-ac5c-4107-9d59-f1b9e2f5e59f,1,60
2026-09-24T07:17:15.244,POST,/desembolsos,0,3006.7,3006.4,timeout,6205fb44-7834-4576-a10d-87f9b4229962,1,60
2026-09-24T07:17:15.261,POST,/desembolsos,0,3005.8,3005.4,timeout,5a24d36a-03e3-4080-a5fa-afb513c3b104,2,60
2026-09-24T07:17:15.341,POST,/desembolsos,0,3003.8,3003.6,timeout,664fb0a0-f014-4667-a833-f5aede1b3f2a,1,60
2026-09-24T07:17:15.375,POST,/desembolsos,0,3003.5,3003.2,timeout,42f8da79-2d11-4fa2-9e27-0f8c91925ede,2,60
2026-09-24T07:17:15.441,POST,/desembolsos,0,3002.2,3001.9,timeout,404dbda5-0fdb-4b41-b211-815b75b1c98e,1,60
2026-09-24T07:17:15.525,POST,/desembolsos,0,2997.0,2996.8,timeout,ea02bd1d-9c2a-4a80-8d81-e4f29b15cc32,2,60
2026-09-24T07:17:15.540,POST,/desembolsos,0,3014.2,3014.0,timeout,c80a24a7-d677-4d6c-a260-84871fb85f26,1,60
2026-09-24T07:17:15.623,POST,/desembolsos,0,2993.8,2993.8,timeout,3b81c392-e496-448f-a73e-9cc99dd49027,1,60
2026-09-24T07:17:15.623,POST,/desembolsos,0,2995.0,2994.8,timeout,8fcb8b5c-cd81-4cc1-8496-690340554387,2,60
2026-09-24T07:17:15.736,POST,/desembolsos,0,2993.3,2993.2,timeout,1179220e-d017-40f0-b734-b24ff3277cb3,2,60
2026-09-24T07:17:15.736,POST,/desembolsos,0,2994.6,2994.3,timeout,cf296a71-3053-46f5-b2df-8a7112250452,1,60
2026-09-24T07:17:15.817,POST,/desembolsos,0,3007.5,3007.4,timeout,9e20701e-6f6e-4990-b559-c515318235f1,1,60
2026-09-24T07:17:15.817,POST,/desembolsos,0,3008.8,3008.5,timeout,6f5da0a5-becf-4d38-9ce1-6dd46724e767,2,60
2026-09-24T07:17:15.933,POST,/desembolsos,0,3018.9,3018.5,timeout,82e676f4-e487-432b-9ed0-48dcfd445966,2,60
2026-09-24T07:17:15.933,POST,/desembolsos,0,3018.0,3017.9,timeout,fdc127f8-0aef-4ea8-9a29-4bf826919a84,1,60
2026-09-24T07:17:16.044,POST,/desembolsos,0,3008.5,3008.3,timeout,c409ad1d-4058-443a-b5d0-d696bf643d03,1,60
2026-09-24T07:17:16.044,POST,/desembolsos,0,3008.0,3007.9,timeout,e4136707-a0f0-4d57-b45c-15d6e05d67b8,2,60
2026-09-24T07:17:16.126,POST,/desembolsos,0,2993.1,2992.9,timeout,1afe001c-767e-4ecc-9d86-2cee29874318,2,60
2026-09-24T07:17:16.142,POST,/desembolsos,0,2994.1,2994.0,timeout,cdb8e13e-0a94-4009-bf76-7c536f1093ab,1,60
2026-09-24T07:17:16.142,POST,/desembolsos,0,2994.5,2994.4,timeout,102164e4-6c3e-48e0-a91a-a0a6fc3a8b5a,3,60
2026-09-24T07:17:16.234,POST,/desembolsos,0,3000.5,3000.3,timeout,c5ed1b6f-8e58-4576-acb1-eba5578acc53,1,60
2026-09-24T07:17:16.266,POST,/desembolsos,0,3002.9,3002.8,timeout,8f0e9f18-7fbb-4610-a77b-822a46973696,2,60
2026-09-24T07:17:16.266,POST,/desembolsos,0,3002.3,3002.3,timeout,633b53ac-a50a-4e7e-b6f3-c63ac50ac17b,3,60
2026-09-24T07:17:16.348,POST,/desembolsos,0,3002.2,3002.1,timeout,511eee93-a88c-4eae-bfea-3c9b325a5b1e,2,60
2026-09-24T07:17:16.348,POST,/desembolsos,0,3003.0,3002.8,timeout,b31e88b4-1557-4542-aeee-00b4190daa1c,1,60
2026-09-24T07:17:16.430,POST,/desembolsos,0,3013.0,3013.0,timeout,73993bc9-ee79-413b-ad09-6576158b204b,1,60
2026-09-24T07:17:16.430,POST,/desembolsos,0,3013.9,3013.7,timeout,631a0f3d-c8af-43ac-822a-52d807cfc2c0,2,60
2026-09-24T07:17:16.548,POST,/desembolsos,0,2995.1,2994.8,timeout,ba7fb344-40b4-487a-9ca3-e390606934e5,1,60
2026-09-24T07:17:16.548,POST,/desembolsos,0,2994.1,2994.0,timeout,fe9f0aa4-6306-4401-99f1-50b899e42112,2,60
2026-09-24T07:17:16.645,POST,/desembolsos,0,3011.7,3011.3,timeout,3f32ffb8-e029-49aa-ba24-a54f00bffa68,1,60
2026-09-24T07:17:16.645,POST,/desembolsos,0,3010.6,3010.5,timeout,857868f5-0bb2-4972-b860-8fa9dbb5f5f3,2,60
2026-09-24T07:17:16.711,POST,/desembolsos,0,3009.0,3008.7,timeout,e1e93b67-75a2-4359-839d-eacfc7c4237f,2,60
2026-09-24T07:17:16.745,POST,/desembolsos,0,3009.2,3008.9,timeout,91feb74c-55a9-45ab-aef7-f58c58b50830,1,60
2026-09-24T07:17:16.844,POST,/desembolsos,0,2992.2,2992.1,timeout,3e348d9e-7131-473c-af05-b53271d1421c,2,60
2026-09-24T07:17:16.844,POST,/desembolsos,0,2993.0,2992.7,timeout,71083ab5-8ce9-400a-9ef8-32e2d4d29703,1,60
2026-09-24T07:17:16.943,POST,/desembolsos,0,3014.0,3013.7,timeout,d71c6cf5-3ec3-45dd-a239-fb986b47327d,1,60
2026-09-24T07:17:16.943,POST,/desembolsos,0,3014.0,3013.9,timeout,e437685e-af0c-43cb-b616-12663c0bbff4,2,60
2026-09-24T07:17:17.053,POST,/desembolsos,0,3008.7,3008.5,timeout,4147e9d1-1b29-47d8-88ee-d6a9bf14201e,2,60
2026-09-24T07:17:17.134,POST,/desembolsos,0,3009.9,3009.5,timeout,2f1ae835-13fb-41f6-a2da-43cba599ad9a,2,60
2026-09-24T07:17:17.267,POST,/desembolsos,0,2989.8,2989.4,timeout,dd4777f5-5688-47e5-8774-5b466aec126a,2,60
2026-09-24T07:17:17.360,POST,/desembolsos,0,2995.2,2995.0,timeout,170a1d9a-ad55-4908-98c2-3c62bfdf745c,2,60
2026-09-24T07:17:17.443,POST,/desembolsos,0,3010.8,3010.6,timeout,b0788706-a8cb-4811-b7b3-05cc6dd53202,2,60
2026-09-24T07:17:17.543,POST,/desembolsos,0,3009.3,3009.2,timeout,713e9f6d-3c9f-4a26-a11c-83fe2ebffb69,2,60
2026-09-24T07:17:17.641,POST,/desembolsos,0,2993.1,2992.8,timeout,48078248-ebf2-4d0a-ae3b-2cce0f3fd992,2,60
2026-09-24T07:17:17.725,POST,/desembolsos,0,2992.9,2992.7,timeout,53ecdb3d-52aa-43dd-9a3c-19514e156408,2,60
2026-09-24T07:17:17.836,POST,/desembolsos,0,3010.3,3010.2,timeout,493b81ab-54e0-4857-88c9-71b9806eb2bb,2,60
2026-09-24T07:17:17.952,POST,/desembolsos,0,3011.0,3010.6,timeout,24aeaf61-8c61-4b51-9dcf-281d58411d5a,2,60
2026-09-24T07:17:18.053,POST,/desembolsos,0,3009.7,3009.5,timeout,bdfe4a03-63c1-40fe-a4c7-32fab88415f3,2,60
2026-09-24T07:17:18.134,POST,/desembolsos,0,3009.4,3009.2,timeout,8de04257-1d2b-49b8-8f11-a10e2083ed2d,2,60
2026-09-24T07:17:18.250,POST,/desembolsos,0,3009.4,3009.0,timeout,64266c9b-9830-49d2-9e8e-0769b126319f,2,60
2026-09-24T07:17:18.345,POST,/desembolsos,0,2994.7,2994.4,timeout,177a3d1f-03ce-4548-b165-50c02abddadb,2,60
2026-09-24T07:17:18.443,POST,/desembolsos,0,3014.1,3013.9,timeout,a9a984a7-5fb2-4c4f-90ef-f5c30c947bfc,2,60
2026-09-24T07:17:18.554,POST,/desembolsos,0,3000.0,2999.8,timeout,c4ee87ce-018f-40e5-bbbd-5cf95a9707ae,2,60
2026-09-24T07:17:18.617,POST,/desembolsos,0,3002.6,3002.5,timeout,c61c9235-3482-4cf9-9c2d-f50ea9de9949,2,60
2026-09-24T07:17:18.730,POST,/desembolsos,0,2990.3,2990.0,timeout,d4894c24-ee0b-4cee-ab75-d0c13b6a2a68,2,60
2026-09-24T07:17:18.842,POST,/desembolsos,0,3006.6,3006.4,timeout,de667211-d9b1-45f8-b74a-1ad0309d38d6,2,60
2026-09-24T07:17:18.951,POST,/desembolsos,0,2995.0,2994.8,timeout,952ebfc2-66f2-4eca-af9b-5429dff21b03,2,60
2026-09-24T07:17:19.052,POST,/desembolsos,0,3007.5,3007.2,timeout,7fdd7371-6925-472b-9e5b-4fb658478a09,2,60
2026-09-24T07:17:19.135,POST,/desembolsos,0,3006.7,3006.6,timeout,4509b913-69ae-441e-8ac8-ee70fc9606a5,1,60
2026-09-24T07:17:19.135,POST,/desembolsos,0,3006.6,3006.6,timeout,db057e05-ac5c-4107-9d59-f1b9e2f5e59f,2,60
2026-09-24T07:17:19.135,POST,/desembolsos,0,3008.4,3008.2,timeout,b6184f0a-b936-4315-82fe-5c186cdca07f,3,60
2026-09-24T07:17:19.251,POST,/desembolsos,0,3009.4,3009.1,timeout,6205fb44-7834-4576-a10d-87f9b4229962,2,60
2026-09-24T07:17:19.267,POST,/desembolsos,0,2993.7,2993.3,timeout,5a24d36a-03e3-4080-a5fa-afb513c3b104,3,60
2026-09-24T07:17:19.267,POST,/desembolsos,0,2992.6,2992.6,timeout,13620eed-5c51-4ca5-b52f-483444ffa899,1,60
2026-09-24T07:17:19.350,POST,/desembolsos,0,2992.8,2992.5,timeout,664fb0a0-f014-4667-a833-f5aede1b3f2a,2,60
2026-09-24T07:17:19.366,POST,/desembolsos,0,3007.6,3007.3,timeout,42f8da79-2d11-4fa2-9e27-0f8c91925ede,3,60
2026-09-24T07:17:19.445,POST,/desembolsos,0,3010.5,3010.4,timeout,404dbda5-0fdb-4b41-b211-815b75b1c98e,2,60
2026-09-24T07:17:19.525,POST,/desembolsos,0,3012.4,3012.0,timeout,ea02bd1d-9c2a-4a80-8d81-e4f29b15cc32,3,60
2026-09-24T07:17:19.542,POST,/desembolsos,0,2995.9,2995.6,timeout,c80a24a7-d677-4d6c-a260-84871fb85f26,2,60
2026-09-24T07:17:19.624,POST,/desembolsos,0,2994.7,2994.7,timeout,3b81c392-e496-448f-a73e-9cc99dd49027,2,60
2026-09-24T07:17:19.624,POST,/desembolsos,0,2995.5,2995.3,timeout,8fcb8b5c-cd81-4cc1-8496-690340554387,3,60
2026-09-24T07:17:19.721,POST,/desembolsos,0,2997.7,2997.6,timeout,1179220e-d017-40f0-b734-b24ff3277cb3,3,60
2026-09-24T07:17:19.721,POST,/desembolsos,0,2997.3,2997.2,timeout,cf296a71-3053-46f5-b2df-8a7112250452,2,60
2026-09-24T07:17:19.836,POST,/desembolsos,0,3012.6,3012.5,timeout,9e20701e-6f6e-4990-b559-c515318235f1,2,60
2026-09-24T07:17:19.835,POST,/desembolsos,0,3013.8,3013.4,timeout,6f5da0a5-becf-4d38-9ce1-6dd46724e767,3,60
2026-09-24T07:17:19.957,POST,/desembolsos,0,2990.6,2990.4,timeout,82e676f4-e487-432b-9ed0-48dcfd445966,3,60
2026-09-24T07:17:19.957,POST,/desembolsos,0,2990.0,2989.9,timeout,fdc127f8-0aef-4ea8-9a29-4bf826919a84,2,60
2026-09-24T07:17:20.061,POST,/desembolsos,0,2998.0,2998.0,timeout,c409ad1d-4058-443a-b5d0-d696bf643d03,2,60
2026-09-24T07:17:20.061,POST,/desembolsos,0,2998.9,2998.7,timeout,e4136707-a0f0-4d57-b45c-15d6e05d67b8,3,60
2026-09-24T07:17:20.126,POST,/desembolsos,0,3010.9,3010.6,timeout,1afe001c-767e-4ecc-9d86-2cee29874318,3,60
2026-09-24T07:17:20.143,POST,/desembolsos,0,2995.0,2994.7,timeout,cdb8e13e-0a94-4009-bf76-7c536f1093ab,2,60
2026-09-24T07:17:20.240,POST,/desembolsos,0,3013.1,3012.8,timeout,c5ed1b6f-8e58-4576-acb1-eba5578acc53,2,60
2026-09-24T07:17:20.257,POST,/desembolsos,0,3013.4,3013.3,timeout,8f0e9f18-7fbb-4610-a77b-822a46973696,3,60
2026-09-24T07:17:20.355,POST,/desembolsos,0,2997.8,2997.6,timeout,b31e88b4-1557-4542-aeee-00b4190daa1c,2,60
2026-09-24T07:17:20.355,POST,/desembolsos,0,2997.3,2997.2,timeout,511eee93-a88c-4eae-bfea-3c9b325a5b1e,3,60
2026-09-24T07:17:20.455,POST,/desembolsos,0,2996.1,2996.0,timeout,631a0f3d-c8af-43ac-822a-52d807cfc2c0,3,60
2026-09-24T07:17:20.455,POST,/desembolsos,0,2996.6,2996.6,timeout,73993bc9-ee79-413b-ad09-6576158b204b,2,60
2026-09-24T07:17:20.552,POST,/desembolsos,0,2997.0,2996.8,timeout,fe9f0aa4-6306-4401-99f1-50b899e42112,3,60
2026-09-24T07:17:20.552,POST,/desembolsos,0,2996.4,2996.3,timeout,ba7fb344-40b4-487a-9ca3-e390606934e5,2,60
2026-09-24T07:17:20.634,POST,/desembolsos,0,3009.1,3009.0,timeout,3f32ffb8-e029-49aa-ba24-a54f00bffa68,2,60
2026-09-24T07:17:20.634,POST,/desembolsos,0,3010.0,3009.8,timeout,857868f5-0bb2-4972-b860-8fa9dbb5f5f3,3,60
2026-09-24T07:17:20.716,POST,/desembolsos,0,2995.2,2994.8,timeout,e1e93b67-75a2-4359-839d-eacfc7c4237f,3,60
2026-09-24T07:17:20.749,POST,/desembolsos,0,2995.0,2994.6,timeout,91feb74c-55a9-45ab-aef7-f58c58b50830,2,60
2026-09-24T07:17:20.847,POST,/desembolsos,0,2994.6,2994.4,timeout,71083ab5-8ce9-400a-9ef8-32e2d4d29703,2,60
2026-09-24T07:17:20.847,POST,/desembolsos,0,2994.2,2994.2,timeout,3e348d9e-7131-473c-af05-b53271d1421c,3,60
2026-09-24T07:17:20.963,POST,/desembolsos,0,3008.9,3008.8,timeout,e437685e-af0c-43cb-b616-12663c0bbff4,3,60
2026-09-24T07:17:20.963,POST,/desembolsos,0,3009.3,3009.2,timeout,d71c6cf5-3ec3-45dd-a239-fb986b47327d,2,60
2026-09-24T07:17:21.062,POST,/desembolsos,0,2997.8,2997.4,timeout,4147e9d1-1b29-47d8-88ee-d6a9bf14201e,3,60
2026-09-24T07:17:21.145,POST,/desembolsos,0,2992.2,2992.0,timeout,2f1ae835-13fb-41f6-a2da-43cba599ad9a,3,60
2026-09-24T07:17:21.259,POST,/desembolsos,0,3009.9,3009.7,timeout,dd4777f5-5688-47e5-8774-5b466aec126a,3,60
2026-09-24T07:17:21.340,POST,/desembolsos,0,3024.1,3024.0,timeout,170a1d9a-ad55-4908-98c2-3c62bfdf745c,3,60
2026-09-24T07:17:21.458,POST,/desembolsos,0,3016.9,3016.7,timeout,b0788706-a8cb-4811-b7b3-05cc6dd53202,3,60
2026-09-24T07:17:21.553,POST,/desembolsos,0,2984.6,2984.3,timeout,713e9f6d-3c9f-4a26-a11c-83fe2ebffb69,3,60
2026-09-24T07:17:21.652,POST,/desembolsos,0,2981.9,2981.6,timeout,48078248-ebf2-4d0a-ae3b-2cce0f3fd992,3,60
2026-09-24T07:17:21.719,POST,/desembolsos,0,3008.2,3007.9,timeout,53ecdb3d-52aa-43dd-9a3c-19514e156408,3,60
2026-09-24T07:17:21.848,POST,/desembolsos,0,2994.1,2993.9,timeout,493b81ab-54e0-4857-88c9-71b9806eb2bb,3,60
2026-09-24T07:17:21.964,POST,/desembolsos,0,3006.8,3006.4,timeout,24aeaf61-8c61-4b51-9dcf-281d58411d5a,3,60
2026-09-24T07:17:22.060,POST,/desembolsos,0,3022.5,3022.3,timeout,bdfe4a03-63c1-40fe-a4c7-32fab88415f3,3,60
2026-09-24T07:17:22.143,POST,/desembolsos,0,3009.5,3009.5,timeout,c32d4ebb-00dc-4b26-9b70-0f5517296187,1,60
2026-09-24T07:17:22.143,POST,/desembolsos,0,3010.5,3010.3,timeout,8de04257-1d2b-49b8-8f11-a10e2083ed2d,3,60
2026-09-24T07:17:22.260,POST,/desembolsos,0,3009.5,3009.3,timeout,64266c9b-9830-49d2-9e8e-0769b126319f,3,60
2026-09-24T07:17:22.260,POST,/desembolsos,0,3009.0,3008.9,timeout,b264db0e-d687-4107-9def-47279103e53e,1,60
2026-09-24T07:17:22.342,POST,/desembolsos,0,2994.6,2994.2,timeout,177a3d1f-03ce-4548-b165-50c02abddadb,3,60
2026-09-24T07:17:22.374,POST,/desembolsos,0,2995.1,2994.8,timeout,545e7f83-2b38-4821-998a-a7980bed74fe,1,60
2026-09-24T07:17:22.472,POST,/desembolsos,0,2996.5,2996.2,timeout,a9a984a7-5fb2-4c4f-90ef-f5c30c947bfc,3,60
2026-09-24T07:17:22.539,POST,/desembolsos,0,3017.6,3017.5,timeout,c4ee87ce-018f-40e5-bbbd-5cf95a9707ae,3,60
2026-09-24T07:17:22.538,POST,/desembolsos,0,3018.6,3018.4,timeout,dfb90fc5-868c-4fd8-93c6-d5c0bd9d5434,1,60
2026-09-24T07:17:22.619,POST,/desembolsos,0,3009.0,3008.8,timeout,c61c9235-3482-4cf9-9c2d-f50ea9de9949,3,60
2026-09-24T07:17:22.652,POST,/desembolsos,0,3010.6,3010.2,timeout,6e10508e-c77b-4316-b9c8-a21f03a4bfdb,1,60
2026-09-24T07:17:22.718,POST,/desembolsos,0,2994.0,2993.8,timeout,d4894c24-ee0b-4cee-ab75-d0c13b6a2a68,3,60
2026-09-24T07:17:22.751,POST,/desembolsos,0,2994.9,2994.6,timeout,cbce1258-6bcc-4547-863d-9a4252766445,1,60
2026-09-24T07:17:22.849,POST,/desembolsos,0,3001.9,3001.7,timeout,7456ea93-8785-45fa-ae54-16e64706df92,1,60
2026-09-24T07:17:22.849,POST,/desembolsos,0,3001.5,3001.4,timeout,de667211-d9b1-45f8-b74a-1ad0309d38d6,3,60
2026-09-24T07:17:22.947,POST,/desembolsos,0,3004.8,3004.6,timeout,952ebfc2-66f2-4eca-af9b-5429dff21b03,3,60
2026-09-24T07:17:22.964,POST,/desembolsos,0,3021.0,3020.7,timeout,870058b2-7b25-4094-a018-ff567623c608,1,60
2026-09-24T07:17:23.060,POST,/desembolsos,0,3022.1,3022.0,timeout,7fdd7371-6925-472b-9e5b-4fb658478a09,3,60
2026-09-24T07:17:23.060,POST,/desembolsos,0,3023.7,3023.5,timeout,b2501040-3b9d-4e0f-a3df-d4f8a567fb53,1,60
2026-09-24T07:17:23.137,POST,/desembolsos,0,3012.5,3012.4,timeout,4509b913-69ae-441e-8ac8-ee70fc9606a5,2,60
2026-09-24T07:17:23.137,POST,/desembolsos,0,3013.3,3013.1,timeout,db057e05-ac5c-4107-9d59-f1b9e2f5e59f,3,60
2026-09-24T07:17:23.170,POST,/desembolsos,0,2997.4,2997.1,timeout,06bc5fc7-e23e-4fa4-8ab4-f8eb75233f64,1,60
2026-09-24T07:17:23.269,POST,/desembolsos,0,2995.7,2995.7,timeout,13620eed-5c51-4ca5-b52f-483444ffa899,2,60
2026-09-24T07:17:23.269,POST,/desembolsos,0,2997.7,2997.4,timeout,5283d326-d125-4f7b-9ae0-e6b02ca1c5ee,1,60
2026-09-24T07:17:23.269,POST,/desembolsos,0,2997.1,2997.0,timeout,6205fb44-7834-4576-a10d-87f9b4229962,3,60
2026-09-24T07:17:23.352,POST,/desembolsos,0,3013.8,3013.5,timeout,664fb0a0-f014-4667-a833-f5aede1b3f2a,3,60
2026-09-24T07:17:23.386,POST,/desembolsos,0,3012.2,3011.8,timeout,44779aa4-b56d-4182-84f9-15fb7ec55666,1,60
2026-09-24T07:17:23.451,POST,/desembolsos,0,2996.8,2996.6,timeout,404dbda5-0fdb-4b41-b211-815b75b1c98e,3,60
2026-09-24T07:17:23.484,POST,/desembolsos,0,2997.2,2996.9,timeout,8df17925-17d9-4eb9-9604-9173ebd700d2,1,60
2026-09-24T07:17:23.549,POST,/desembolsos,0,2999.6,2999.4,timeout,c80a24a7-d677-4d6c-a260-84871fb85f26,3,60
2026-09-24T07:17:23.580,POST,/desembolsos,0,3000.8,3000.6,timeout,1c0d74e9-56e1-416c-8b21-c77bec7a08c7,1,60
2026-09-24T07:17:23.628,POST,/desembolsos,0,3003.6,3003.4,timeout,3b81c392-e496-448f-a73e-9cc99dd49027,3,60
2026-09-24T07:17:23.678,POST,/desembolsos,0,2993.4,2993.0,timeout,2ab60964-1029-42f2-9a83-8e9192d089be,1,60
2026-09-24T07:17:23.710,POST,/desembolsos,0,3001.4,3001.1,timeout,cf296a71-3053-46f5-b2df-8a7112250452,3,60
2026-09-24T07:17:23.776,POST,/desembolsos,0,3002.9,3002.6,timeout,6d36ee8d-e5d9-4ca7-a16c-5ffa8376e988,1,60
2026-09-24T07:17:23.841,POST,/desembolsos,0,3002.6,3002.5,timeout,9e20701e-6f6e-4990-b559-c515318235f1,3,60
2026-09-24T07:17:23.874,POST,/desembolsos,0,3002.3,3002.0,timeout,58a1a2fe-a8b3-4695-83cc-2de2cce01865,1,60
2026-09-24T07:17:23.956,POST,/desembolsos,0,3003.6,3003.3,timeout,fdc127f8-0aef-4ea8-9a29-4bf826919a84,3,60
2026-09-24T07:17:23.972,POST,/desembolsos,0,2987.3,2987.1,timeout,2019b203-0951-4fcd-9b04-0bea33cbd5e3,1,60
2026-09-24T07:17:24.060,POST,/desembolsos,0,3001.7,3001.5,timeout,c409ad1d-4058-443a-b5d0-d696bf643d03,3,60
2026-09-24T07:17:24.087,POST,/desembolsos,0,3001.1,3000.9,timeout,f164889d-83ed-4171-b675-f40a6cbf9eac,1,60
2026-09-24T07:17:24.136,POST,/desembolsos,0,3000.6,3000.3,timeout,cdb8e13e-0a94-4009-bf76-7c536f1093ab,3,60
2026-09-24T07:17:24.185,POST,/desembolsos,0,2986.6,2986.3,timeout,d99658f7-fc27-4340-baeb-7ee3aaba70f1,1,60
2026-09-24T07:17:24.253,POST,/desembolsos,0,3008.2,3008.0,timeout,c5ed1b6f-8e58-4576-acb1-eba5578acc53,3,60
2026-09-24T07:17:24.285,POST,/desembolsos,0,2976.7,2976.5,timeout,4afbfed6-6285-44d9-88d9-34765a2c8408,1,60
2026-09-24T07:17:24.364,POST,/desembolsos,0,3010.4,3010.3,timeout,b31e88b4-1557-4542-aeee-00b4190daa1c,3,60
2026-09-24T07:17:24.380,POST,/desembolsos,0,3012.7,3012.5,timeout,a2de278f-471b-4314-be61-66169baa6f7a,1,60
2026-09-24T07:17:24.443,POST,/desembolsos,0,3015.0,3014.8,timeout,73993bc9-ee79-413b-ad09-6576158b204b,3,60
2026-09-24T07:17:24.475,POST,/desembolsos,0,3017.3,3017.2,timeout,e9b77d76-1d41-4125-bfa4-769df2d0b45a,1,60
2026-09-24T07:17:24.538,POST,/desembolsos,0,3003.0,3002.8,timeout,ba7fb344-40b4-487a-9ca3-e390606934e5,3,60
2026-09-24T07:17:24.586,POST,/desembolsos,0,3004.4,3004.2,timeout,b110951e-a14c-42b3-8060-2ea5782e9724,1,60
2026-09-24T07:17:24.634,POST,/desembolsos,0,3005.1,3004.8,timeout,3f32ffb8-e029-49aa-ba24-a54f00bffa68,3,60
2026-09-24T07:17:24.682,POST,/desembolsos,0,2991.1,2990.9,timeout,4eae6639-58a2-4ad2-9fb8-a0ef4cc106c0,1,60
2026-09-24T07:17:24.744,POST,/desembolsos,0,3010.4,3010.2,timeout,91feb74c-55a9-45ab-aef7-f58c58b50830,3,60
2026-09-24T07:17:24.777,POST,/desembolsos,0,2978.4,2978.0,timeout,312fe375-9b3b-42d2-8818-530e42a19168,1,60
2026-09-24T07:17:24.842,POST,/desembolsos,0,2995.5,2995.2,timeout,71083ab5-8ce9-400a-9ef8-32e2d4d29703,3,60
2026-09-24T07:17:24.890,POST,/desembolsos,0,2996.4,2996.3,timeout,36e16b04-5e9e-400d-ba37-9662b21a607f,1,60
2026-09-24T07:17:24.970,POST,/desembolsos,0,2993.9,2993.7,timeout,d71c6cf5-3ec3-45dd-a239-fb986b47327d,3,60
2026-09-24T07:17:24.987,POST,/desembolsos,0,2978.3,2977.9,timeout,2f2e1e3d-5115-46a5-ba4a-63d615784c75,1,60
2026-09-24T07:17:25.082,POST,/desembolsos,0,3012.3,3012.1,timeout,cc718e36-9855-4691-8cd0-589771844bea,1,60
2026-09-24T07:17:25.187,POST,/desembolsos,0,2992.5,2992.3,timeout,651b16f1-5e86-4c98-a39f-0ad74940ae00,1,60
2026-09-24T07:17:25.287,POST,/desembolsos,0,3026.0,3025.7,timeout,9d8fbc12-9941-4ea1-8889-6ec4f4ff586b,1,60
2026-09-24T07:17:25.369,POST,/desembolsos,0,3009.1,3008.9,timeout,84106aeb-967f-4d61-8846-250a08b73596,1,60
2026-09-24T07:17:25.485,POST,/desembolsos,0,3005.4,3005.0,timeout,43be327e-476d-4337-9c45-2b8d3889f926,1,60
2026-09-24T07:17:25.587,POST,/desembolsos,0,2999.2,2999.0,timeout,e423b1fe-de6c-41b1-8060-0ebeb7996b0e,1,60
2026-09-24T07:17:25.662,POST,/desembolsos,0,3013.4,3013.2,timeout,9b884b12-ff88-4445-996e-a009a585b567,1,60
2026-09-24T07:17:25.787,POST,/desembolsos,0,3015.9,3015.5,timeout,51492943-3ae9-4176-8938-8248d99ab65a,1,60
2026-09-24T07:17:25.883,POST,/desembolsos,0,3001.6,3001.2,timeout,bcb09336-1a54-4602-9b9b-5ba911a55e43,1,60
2026-09-24T07:17:25.984,POST,/desembolsos,0,2982.4,2982.2,timeout,0fe8a90f-9043-40bd-b717-57b0bf600096,1,60
2026-09-24T07:17:26.083,POST,/desembolsos,0,3010.9,3010.6,timeout,f2f78dbe-ecdd-4ded-aca1-c92a6799aeaa,1,60
2026-09-24T07:17:26.150,POST,/desembolsos,0,3008.8,3008.6,timeout,c32d4ebb-00dc-4b26-9b70-0f5517296187,2,60
2026-09-24T07:17:26.183,POST,/desembolsos,0,3020.9,3020.5,timeout,2e2a56a1-4632-4ef1-bbcb-1cc767dacf41,1,60
2026-09-24T07:17:26.266,POST,/desembolsos,0,3003.0,3002.7,timeout,b264db0e-d687-4107-9def-47279103e53e,2,60
2026-09-24T07:17:26.283,POST,/desembolsos,0,2986.9,2986.5,timeout,7e4d5a3d-4173-4375-9636-257ddad08f0d,1,60
2026-09-24T07:17:26.366,POST,/desembolsos,0,3003.7,3003.5,timeout,545e7f83-2b38-4821-998a-a7980bed74fe,2,60
2026-09-24T07:17:26.398,POST,/desembolsos,0,3005.1,3005.0,timeout,06309fe9-acf8-4e4a-bd8a-057b1f4e989b,1,60
2026-09-24T07:17:26.481,POST,/desembolsos,0,3002.3,3002.1,timeout,c14b3bfd-e390-4b3c-a0ec-3c218677714b,1,60
2026-09-24T07:17:26.548,POST,/desembolsos,0,3002.1,3001.9,timeout,dfb90fc5-868c-4fd8-93c6-d5c0bd9d5434,2,60
2026-09-24T07:17:26.581,POST,/desembolsos,0,3002.9,3002.8,timeout,509295e8-865f-45ff-9a27-3d6df45087bd,1,60
2026-09-24T07:17:26.670,POST,/desembolsos,0,2995.9,2995.6,timeout,6e10508e-c77b-4316-b9c8-a21f03a4bfdb,2,60
2026-09-24T07:17:26.695,POST,/desembolsos,0,3003.3,3002.9,timeout,6775317f-ff24-4528-86ce-223e6df1f8fa,1,60
2026-09-24T07:17:26.745,POST,/desembolsos,0,3015.9,3015.6,timeout,cbce1258-6bcc-4547-863d-9a4252766445,2,60
2026-09-24T07:17:26.778,POST,/desembolsos,0,2982.0,2981.8,timeout,bfb30e7e-47db-4521-9fe2-4e318249bf65,1,60
2026-09-24T07:17:26.845,POST,/desembolsos,0,2997.7,2997.6,timeout,7456ea93-8785-45fa-ae54-16e64706df92,2,60
2026-09-24T07:17:26.876,POST,/desembolsos,0,2998.5,2998.4,timeout,581b7c74-4677-4660-950f-2db606c3d163,1,60
2026-09-24T07:17:26.959,POST,/desembolsos,0,3014.6,3014.4,timeout,870058b2-7b25-4094-a018-ff567623c608,2,60
2026-09-24T07:17:26.992,POST,/desembolsos,0,3012.5,3012.1,timeout,bf35bec2-56be-4cc9-9d37-0efedb658ff5,1,60
2026-09-24T07:17:27.088,POST,/desembolsos,0,2999.9,2999.7,timeout,d7345eca-1a78-443f-b296-ba8d033ab1c3,1,60
2026-09-24T07:17:27.088,POST,/desembolsos,0,3000.6,3000.5,timeout,b2501040-3b9d-4e0f-a3df-d4f8a567fb53,2,60
2026-09-24T07:17:27.137,POST,/desembolsos,0,2998.0,2997.8,timeout,4509b913-69ae-441e-8ac8-ee70fc9606a5,3,60
2026-09-24T07:17:27.170,POST,/desembolsos,0,2997.9,2997.6,timeout,06bc5fc7-e23e-4fa4-8ab4-f8eb75233f64,2,60
2026-09-24T07:17:27.170,POST,/desembolsos,0,2997.0,2997.0,timeout,1d53b564-5f41-4e2a-8136-89f65adcf24b,1,60
2026-09-24T07:17:27.260,POST,/desembolsos,0,3004.6,3004.3,timeout,13620eed-5c51-4ca5-b52f-483444ffa899,3,60
2026-09-24T07:17:27.260,POST,/desembolsos,0,3004.2,3004.2,timeout,5283d326-d125-4f7b-9ae0-e6b02ca1c5ee,2,60
2026-09-24T07:17:27.292,POST,/desembolsos,0,3020.2,3019.9,timeout,34602906-97e4-4613-b8e5-a0a781945db0,1,60
2026-09-24T07:17:27.391,POST,/desembolsos,0,3001.3,3000.9,timeout,1e5e54fe-b14f-4eba-8c84-93c9db56dd16,1,60
2026-09-24T07:17:27.391,POST,/desembolsos,0,3000.4,3000.4,timeout,44779aa4-b56d-4182-84f9-15fb7ec55666,2,60
2026-09-24T07:17:27.491,POST,/desembolsos,0,3027.3,3027.3,timeout,8df17925-17d9-4eb9-9604-9173ebd700d2,2,60
2026-09-24T07:17:27.491,POST,/desembolsos,0,3028.6,3028.3,timeout,6a8fa159-87cf-43fe-b518-0c097d1c8cbe,1,60
2026-09-24T07:17:27.573,POST,/desembolsos,0,3009.1,3008.9,timeout,1c0d74e9-56e1-416c-8b21-c77bec7a08c7,2,60
2026-09-24T07:17:27.573,POST,/desembolsos,0,3008.4,3008.3,timeout,99fa0191-f846-4213-959b-610471ebd947,1,60
2026-09-24T07:17:27.672,POST,/desembolsos,0,2990.9,2990.6,timeout,2ab60964-1029-42f2-9a83-8e9192d089be,2,60
2026-09-24T07:17:27.672,POST,/desembolsos,0,2990.0,2989.9,timeout,f074928c-1bb5-4816-ad34-31e9faa90684,1,60
2026-09-24T07:17:27.754,POST,/desembolsos,0,3003.2,3003.0,timeout,6d36ee8d-e5d9-4ca7-a16c-5ffa8376e988,2,60
2026-09-24T07:17:27.787,POST,/desembolsos,0,3014.9,3014.6,timeout,05a10aed-1c39-4e38-a1de-08c29d1349a5,1,60
2026-09-24T07:17:27.869,POST,/desembolsos,0,2995.7,2995.6,timeout,eecdb81d-fb59-44ee-a2ec-54f8d8cb6304,1,60
2026-09-24T07:17:27.869,POST,/desembolsos,0,2997.4,2997.1,timeout,58a1a2fe-a8b3-4695-83cc-2de2cce01865,2,60
2026-09-24T07:17:27.965,POST,/desembolsos,0,2998.1,2997.9,timeout,2019b203-0951-4fcd-9b04-0bea33cbd5e3,2,60
2026-09-24T07:17:28.008,POST,/desembolsos,0,3004.9,3004.6,timeout,ac5673a9-eb2f-48a1-a6f3-bb792792ba98,1,60
2026-09-24T07:17:28.095,POST,/desembolsos,0,3000.0,2999.9,timeout,f164889d-83ed-4171-b675-f40a6cbf9eac,2,60
2026-09-24T07:17:28.179,POST,/desembolsos,0,3000.1,2999.9,timeout,d99658f7-fc27-4340-baeb-7ee3aaba70f1,2,60
2026-09-24T07:17:28.262,POST,/desembolsos,0,3009.5,3009.2,timeout,4afbfed6-6285-44d9-88d9-34765a2c8408,2,60
2026-09-24T07:17:28.409,POST,/desembolsos,0,2974.2,2973.9,timeout,a2de278f-471b-4314-be61-66169baa6f7a,2,60
2026-09-24T07:17:28.490,POST,/desembolsos,0,3005.0,3004.8,timeout,e9b77d76-1d41-4125-bfa4-769df2d0b45a,2,60
2026-09-24T07:17:28.585,POST,/desembolsos,0,3020.4,3020.2,timeout,b110951e-a14c-42b3-8060-2ea5782e9724,2,60
2026-09-24T07:17:28.676,POST,/desembolsos,0,2994.6,2994.4,timeout,4eae6639-58a2-4ad2-9fb8-a0ef4cc106c0,2,60
2026-09-24T07:17:28.771,POST,/desembolsos,0,2994.0,2993.7,timeout,312fe375-9b3b-42d2-8818-530e42a19168,2,60
2026-09-24T07:17:28.886,POST,/desembolsos,0,3007.1,3006.9,timeout,36e16b04-5e9e-400d-ba37-9662b21a607f,2,60
2026-09-24T07:17:28.966,POST,/desembolsos,0,3021.3,3020.9,timeout,2f2e1e3d-5115-46a5-ba4a-63d615784c75,2,60
2026-09-24T07:17:29.094,POST,/desembolsos,0,3009.6,3009.4,timeout,cc718e36-9855-4691-8cd0-589771844bea,2,60
2026-09-24T07:17:29.203,POST,/desembolsos,0,3010.4,3010.0,timeout,651b16f1-5e86-4c98-a39f-0ad74940ae00,2,60
2026-09-24T07:17:29.319,POST,/desembolsos,0,3006.7,3006.5,timeout,9d8fbc12-9941-4ea1-8889-6ec4f4ff586b,2,60
2026-09-24T07:17:29.369,POST,/desembolsos,0,3014.8,3014.6,timeout,84106aeb-967f-4d61-8846-250a08b73596,2,60
2026-09-24T07:17:29.500,POST,/desembolsos,0,2994.6,2994.3,timeout,43be327e-476d-4337-9c45-2b8d3889f926,2,60
2026-09-24T07:17:29.584,POST,/desembolsos,0,3006.3,3006.1,timeout,e423b1fe-de6c-41b1-8060-0ebeb7996b0e,2,60
2026-09-24T07:17:29.666,POST,/desembolsos,0,3002.5,3002.3,timeout,9b884b12-ff88-4445-996e-a009a585b567,2,60
2026-09-24T07:17:29.810,POST,/desembolsos,0,3000.5,3000.2,timeout,51492943-3ae9-4176-8938-8248d99ab65a,2,60
2026-09-24T07:17:29.906,POST,/desembolsos,0,2995.7,2995.3,timeout,bcb09336-1a54-4602-9b9b-5ba911a55e43,2,60
2026-09-24T07:17:29.973,POST,/desembolsos,0,2995.3,2994.9,timeout,0fe8a90f-9043-40bd-b717-57b0bf600096,2,60
2026-09-24T07:17:30.086,POST,/desembolsos,0,3016.1,3015.8,timeout,f2f78dbe-ecdd-4ded-aca1-c92a6799aeaa,2,60
2026-09-24T07:17:30.136,POST,/desembolsos,0,3015.0,3015.0,timeout,c32d4ebb-00dc-4b26-9b70-0f5517296187,3,60
2026-09-24T07:17:30.136,POST,/desembolsos,0,3016.9,3016.6,timeout,ecd27c2f-4e3b-490d-a3e2-18cd28833018,1,60
2026-09-24T07:17:30.200,POST,/desembolsos,0,3000.5,3000.2,timeout,2e2a56a1-4632-4ef1-bbcb-1cc767dacf41,2,60
2026-09-24T07:17:30.265,POST,/desembolsos,0,3001.3,3001.3,timeout,4dc49b48-b21d-4b4c-8f76-03817e5c6095,1,60
2026-09-24T07:17:30.265,POST,/desembolsos,0,3001.1,3001.0,timeout,b264db0e-d687-4107-9def-47279103e53e,3,60
2026-09-24T07:17:30.264,POST,/desembolsos,0,3003.6,3003.2,timeout,7e4d5a3d-4173-4375-9636-257ddad08f0d,2,60
2026-09-24T07:17:30.376,POST,/desembolsos,0,2992.0,2991.8,timeout,545e7f83-2b38-4821-998a-a7980bed74fe,3,60
2026-09-24T07:17:30.392,POST,/desembolsos,0,2991.8,2991.6,timeout,06309fe9-acf8-4e4a-bd8a-057b1f4e989b,2,60
2026-09-24T07:17:30.488,POST,/desembolsos,0,2990.1,2989.8,timeout,c14b3bfd-e390-4b3c-a0ec-3c218677714b,2,60
2026-09-24T07:17:30.551,POST,/desembolsos,0,2992.3,2992.1,timeout,dfb90fc5-868c-4fd8-93c6-d5c0bd9d5434,3,60
2026-09-24T07:17:30.599,POST,/desembolsos,0,2994.1,2993.9,timeout,509295e8-865f-45ff-9a27-3d6df45087bd,2,60
2026-09-24T07:17:30.662,POST,/desembolsos,0,3009.1,3008.9,timeout,6e10508e-c77b-4316-b9c8-a21f03a4bfdb,3,60
2026-09-24T07:17:30.694,POST,/desembolsos,0,3010.9,3010.7,timeout,6775317f-ff24-4528-86ce-223e6df1f8fa,2,60
2026-09-24T07:17:30.757,POST,/desembolsos,0,3011.4,3011.2,timeout,cbce1258-6bcc-4547-863d-9a4252766445,3,60
2026-09-24T07:17:30.758,POST,/desembolsos,0,3010.7,3010.5,timeout,bfb30e7e-47db-4521-9fe2-4e318249bf65,2,60
2026-09-24T07:17:30.834,POST,/desembolsos,0,3029.8,3029.6,timeout,7456ea93-8785-45fa-ae54-16e64706df92,3,60
2026-09-24T07:17:30.866,POST,/desembolsos,0,3014.1,3014.0,timeout,581b7c74-4677-4660-950f-2db606c3d163,2,60
2026-09-24T07:17:30.962,POST,/desembolsos,0,3007.0,3006.8,timeout,870058b2-7b25-4094-a018-ff567623c608,3,60
2026-09-24T07:17:31.011,POST,/desembolsos,0,3019.8,3019.4,timeout,bf35bec2-56be-4cc9-9d37-0efedb658ff5,2,60
2026-09-24T07:17:31.094,POST,/desembolsos,0,3015.4,3015.2,timeout,d7345eca-1a78-443f-b296-ba8d033ab1c3,2,60
2026-09-24T07:17:31.094,POST,/desembolsos,0,3016.2,3015.9,timeout,b2501040-3b9d-4e0f-a3df-d4f8a567fb53,3,60
2026-09-24T07:17:31.177,POST,/desembolsos,0,3015.0,3015.0,timeout,1d53b564-5f41-4e2a-8136-89f65adcf24b,2,60
2026-09-24T07:17:31.177,POST,/desembolsos,0,3016.4,3016.0,timeout,06bc5fc7-e23e-4fa4-8ab4-f8eb75233f64,3,60
2026-09-24T07:17:31.272,POST,/desembolsos,0,2988.7,2988.5,timeout,5283d326-d125-4f7b-9ae0-e6b02ca1c5ee,3,60
2026-09-24T07:17:31.303,POST,/desembolsos,0,3005.9,3005.7,timeout,34602906-97e4-4613-b8e5-a0a781945db0,2,60
2026-09-24T07:17:31.383,POST,/desembolsos,0,3007.3,3007.1,timeout,44779aa4-b56d-4182-84f9-15fb7ec55666,3,60
2026-09-24T07:17:31.383,POST,/desembolsos,0,3006.9,3006.8,timeout,1e5e54fe-b14f-4eba-8c84-93c9db56dd16,2,60
2026-09-24T07:17:31.527,POST,/desembolsos,0,3009.0,3009.0,timeout,8df17925-17d9-4eb9-9604-9173ebd700d2,3,60
2026-09-24T07:17:31.527,POST,/desembolsos,0,3010.7,3010.4,timeout,6a8fa159-87cf-43fe-b518-0c097d1c8cbe,2,60
2026-09-24T07:17:31.574,POST,/desembolsos,0,2995.5,2995.5,timeout,1c0d74e9-56e1-416c-8b21-c77bec7a08c7,3,60
2026-09-24T07:17:31.574,POST,/desembolsos,0,2996.4,2996.2,timeout,99fa0191-f846-4213-959b-610471ebd947,2,60
2026-09-24T07:17:31.670,POST,/desembolsos,0,2999.3,2999.1,timeout,f074928c-1bb5-4816-ad34-31e9faa90684,2,60
2026-09-24T07:17:31.670,POST,/desembolsos,0,2999.0,2999.0,timeout,2ab60964-1029-42f2-9a83-8e9192d089be,3,60
2026-09-24T07:17:31.764,POST,/desembolsos,0,3016.9,3016.7,timeout,6d36ee8d-e5d9-4ca7-a16c-5ffa8376e988,3,60
2026-09-24T07:17:31.812,POST,/desembolsos,0,3002.6,3002.4,timeout,05a10aed-1c39-4e38-a1de-08c29d1349a5,2,60
2026-09-24T07:17:31.891,POST,/desembolsos,0,3004.2,3004.1,timeout,eecdb81d-fb59-44ee-a2ec-54f8d8cb6304,2,60
2026-09-24T07:17:31.891,POST,/desembolsos,0,3006.5,3006.3,timeout,58a1a2fe-a8b3-4695-83cc-2de2cce01865,3,60
2026-09-24T07:17:31.986,POST,/desembolsos,0,2992.1,2991.8,timeout,2019b203-0951-4fcd-9b04-0bea33cbd5e3,3,60
2026-09-24T07:17:32.034,POST,/desembolsos,0,2994.7,2994.5,timeout,ac5673a9-eb2f-48a1-a6f3-bb792792ba98,2,60
2026-09-24T07:17:32.103,POST,/desembolsos,0,3009.8,3009.6,timeout,f164889d-83ed-4171-b675-f40a6cbf9eac,3,60
2026-09-24T07:17:32.182,POST,/desembolsos,0,2997.7,2997.5,timeout,d99658f7-fc27-4340-baeb-7ee3aaba70f1,3,60
2026-09-24T07:17:32.277,POST,/desembolsos,0,3001.3,3001.1,timeout,4afbfed6-6285-44d9-88d9-34765a2c8408,3,60
2026-09-24T07:17:32.385,POST,/desembolsos,0,3009.7,3009.6,timeout,a2de278f-471b-4314-be61-66169baa6f7a,3,60
2026-09-24T07:17:32.495,POST,/desembolsos,0,2998.3,2998.1,timeout,e9b77d76-1d41-4125-bfa4-769df2d0b45a,3,60
2026-09-24T07:17:32.590,POST,/desembolsos,0,2997.4,2997.2,timeout,b110951e-a14c-42b3-8060-2ea5782e9724,3,60
2026-09-24T07:17:32.669,POST,/desembolsos,0,3000.8,3000.6,timeout,4eae6639-58a2-4ad2-9fb8-a0ef4cc106c0,3,60
2026-09-24T07:17:32.763,POST,/desembolsos,0,3022.3,3022.1,timeout,312fe375-9b3b-42d2-8818-530e42a19168,3,60
2026-09-24T07:17:32.902,POST,/desembolsos,0,2997.5,2997.3,timeout,36e16b04-5e9e-400d-ba37-9662b21a607f,3,60
2026-09-24T07:17:32.968,POST,/desembolsos,0,3010.9,3010.6,timeout,2f2e1e3d-5115-46a5-ba4a-63d615784c75,3,60
2026-09-24T07:17:33.104,POST,/desembolsos,0,3007.6,3007.3,timeout,cc718e36-9855-4691-8cd0-589771844bea,3,60
2026-09-24T07:17:33.151,POST,/desembolsos,0,2993.0,2992.8,timeout,b7163a30-e859-469f-b9e3-9fe13de33008,1,60
2026-09-24T07:17:33.217,POST,/desembolsos,0,3008.9,3008.6,timeout,651b16f1-5e86-4c98-a39f-0ad74940ae00,3,60
2026-09-24T07:17:33.267,POST,/desembolsos,0,2991.4,2991.2,timeout,391ffad5-5872-40a2-ab28-ee6627b096ea,1,60
2026-09-24T07:17:33.334,POST,/desembolsos,0,3007.4,3007.0,timeout,9d8fbc12-9941-4ea1-8889-6ec4f4ff586b,3,60
2026-09-24T07:17:33.367,POST,/desembolsos,0,3006.0,3005.8,timeout,c6468038-a882-4e40-b9df-7e44c629fa0d,1,60
2026-09-24T07:17:33.384,POST,/desembolsos,0,3005.9,3005.7,timeout,84106aeb-967f-4d61-8846-250a08b73596,3,60
2026-09-24T07:17:33.510,POST,/desembolsos,0,3011.3,3011.0,timeout,43be327e-476d-4337-9c45-2b8d3889f926,3,60
2026-09-24T07:17:33.543,POST,/desembolsos,0,2995.4,2995.1,timeout,ca8fe225-3d79-42d5-be87-e507a5a664ab,1,60
2026-09-24T07:17:33.591,POST,/desembolsos,0,2996.3,2996.0,timeout,e423b1fe-de6c-41b1-8060-0ebeb7996b0e,3,60
2026-09-24T07:17:33.672,POST,/desembolsos,0,2998.1,2998.0,timeout,9b884b12-ff88-4445-996e-a009a585b567,3,60
2026-09-24T07:17:33.672,POST,/desembolsos,0,2998.8,2998.6,timeout,e886eb32-34d6-4a1c-a002-f3e42017e216,1,60
2026-09-24T07:17:33.784,POST,/desembolsos,0,3001.3,3001.2,timeout,2a38022f-334c-4608-977c-3001da0ec06b,1,60
2026-09-24T07:17:33.816,POST,/desembolsos,0,3002.5,3002.3,timeout,51492943-3ae9-4176-8938-8248d99ab65a,3,60
2026-09-24T07:17:33.879,POST,/desembolsos,0,3018.8,3018.7,timeout,bcb09336-1a54-4602-9b9b-5ba911a55e43,3,60
2026-09-24T07:17:33.879,POST,/desembolsos,0,3020.0,3019.8,timeout,e2a05f1a-9263-460a-b2e5-2c5b714815fc,1,60
2026-09-24T07:17:33.969,POST,/desembolsos,0,2996.7,2996.6,timeout,0fe8a90f-9043-40bd-b717-57b0bf600096,3,60
2026-09-24T07:17:33.985,POST,/desembolsos,0,2981.3,2981.1,timeout,b1fb3b06-6a64-406b-9a0b-8daa8c948ad0,1,60
2026-09-24T07:17:34.110,POST,/desembolsos,0,3001.8,3001.7,timeout,f2f78dbe-ecdd-4ded-aca1-c92a6799aeaa,3,60
2026-09-24T07:17:34.110,POST,/desembolsos,0,3002.6,3002.4,timeout,c375e333-12e6-46e3-be40-6182d5987f2b,1,60
2026-09-24T07:17:34.160,POST,/desembolsos,0,2986.8,2986.4,timeout,ecd27c2f-4e3b-490d-a3e2-18cd28833018,2,60
2026-09-24T07:17:34.193,POST,/desembolsos,0,3001.8,3001.6,timeout,2e2a56a1-4632-4ef1-bbcb-1cc767dacf41,3,60
2026-09-24T07:17:34.225,POST,/desembolsos,0,3001.2,3001.0,timeout,e54a08ef-72b9-4132-9839-8249ca7e9455,1,60
2026-09-24T07:17:34.259,POST,/desembolsos,0,3000.6,3000.3,timeout,4dc49b48-b21d-4b4c-8f76-03817e5c6095,2,60
2026-09-24T07:17:34.260,POST,/desembolsos,0,3000.6,3000.5,timeout,7e4d5a3d-4173-4375-9636-257ddad08f0d,3,60
2026-09-24T07:17:34.308,POST,/desembolsos,0,3000.2,3000.0,timeout,e3704f16-20ec-4a9d-aa47-6b45ccc09945,1,60
2026-09-24T07:17:34.390,POST,/desembolsos,0,3002.6,3002.5,timeout,06309fe9-acf8-4e4a-bd8a-057b1f4e989b,3,60
2026-09-24T07:17:34.423,POST,/desembolsos,0,3002.8,3002.5,timeout,a511c2cd-9207-4cfa-82e1-cd937ea89533,1,60
2026-09-24T07:17:34.487,POST,/desembolsos,0,2973.1,2972.8,timeout,c14b3bfd-e390-4b3c-a0ec-3c218677714b,3,60
2026-09-24T07:17:34.536,POST,/desembolsos,0,3006.5,3006.3,timeout,bc6b0224-c03b-4f88-9193-bda4785b643d,1,60
2026-09-24T07:17:34.586,POST,/desembolsos,0,3006.4,3006.0,timeout,509295e8-865f-45ff-9a27-3d6df45087bd,3,60
2026-09-24T07:17:34.652,POST,/desembolsos,0,2990.1,2989.8,timeout,15e16c9b-596d-47a6-961a-c7a571db4abf,1,60
2026-09-24T07:17:34.716,POST,/desembolsos,0,3004.1,3003.8,timeout,6775317f-ff24-4528-86ce-223e6df1f8fa,3,60
2026-09-24T07:17:34.749,POST,/desembolsos,0,3004.5,3004.3,timeout,ff578502-f8d8-483d-acba-12d25730c414,1,60
2026-09-24T07:17:34.781,POST,/desembolsos,0,3004.9,3004.8,timeout,bfb30e7e-47db-4521-9fe2-4e318249bf65,3,60
2026-09-24T07:17:34.846,POST,/desembolsos,0,3004.8,3004.5,timeout,b39869e8-8d3e-4849-963f-6166229cb471,1,60
2026-09-24T07:17:34.895,POST,/desembolsos,0,3005.0,3004.7,timeout,581b7c74-4677-4660-950f-2db606c3d163,3,60
2026-09-24T07:17:34.945,POST,/desembolsos,0,3005.3,3005.1,timeout,7b025d8e-5496-4b32-ab02-a2d350c30652,1,60
2026-09-24T07:17:35.027,POST,/desembolsos,0,3004.7,3004.6,timeout,bf35bec2-56be-4cc9-9d37-0efedb658ff5,3,60
2026-09-24T07:17:35.027,POST,/desembolsos,0,3004.4,3004.4,timeout,706bd9b0-6acb-47e8-979e-543940cb8213,1,60
2026-09-24T07:17:35.112,POST,/desembolsos,0,2999.0,2998.7,timeout,d7345eca-1a78-443f-b296-ba8d033ab1c3,3,60
2026-09-24T07:17:35.145,POST,/desembolsos,0,2998.6,2998.4,timeout,26895e70-8eb1-474f-acb8-60e6ed277c34,1,60
2026-09-24T07:17:35.212,POST,/desembolsos,0,3010.7,3010.5,timeout,1d53b564-5f41-4e2a-8136-89f65adcf24b,3,60
2026-09-24T07:17:35.245,POST,/desembolsos,0,3010.2,3009.8,timeout,6495c7f2-0bcf-4381-887f-33cbc6832919,1,60
2026-09-24T07:17:35.311,POST,/desembolsos,0,2993.8,2993.4,timeout,34602906-97e4-4613-b8e5-a0a781945db0,3,60
2026-09-24T07:17:35.344,POST,/desembolsos,0,2992.7,2992.4,timeout,d964479f-e0a1-45ae-971e-4615cfd106f3,1,60
2026-09-24T07:17:35.394,POST,/desembolsos,0,2994.1,2993.7,timeout,1e5e54fe-b14f-4eba-8c84-93c9db56dd16,3,60
2026-09-24T07:17:35.443,POST,/desembolsos,0,3010.9,3010.6,timeout,b83e8407-939f-4f2a-b2a3-483b6ee1d454,1,60
2026-09-24T07:17:35.538,POST,/desembolsos,0,3012.7,3012.4,timeout,c77c24a2-815a-4051-b7e9-f50fee6db013,1,60
2026-09-24T07:17:35.538,POST,/desembolsos,0,3012.9,3012.8,timeout,6a8fa159-87cf-43fe-b518-0c097d1c8cbe,3,60
2026-09-24T07:17:35.571,POST,/desembolsos,0,3013.6,3013.3,timeout,99fa0191-f846-4213-959b-610471ebd947,3,60
2026-09-24T07:17:35.653,POST,/desembolsos,0,2981.8,2981.4,timeout,ecd39dac-1f24-4860-b4be-3cddb2aeccb1,1,60
2026-09-24T07:17:35.670,POST,/desembolsos,0,2997.1,2996.8,timeout,f074928c-1bb5-4816-ad34-31e9faa90684,3,60
2026-09-24T07:17:35.752,POST,/desembolsos,0,2992.8,2992.5,timeout,9fea5799-d462-478d-b5d3-51977d5b5f08,1,60
2026-09-24T07:17:35.818,POST,/desembolsos,0,3006.6,3006.3,timeout,05a10aed-1c39-4e38-a1de-08c29d1349a5,3,60
2026-09-24T07:17:35.818,POST,/desembolsos,0,3005.6,3005.6,timeout,06447812-e2da-4ed4-a2de-e182cfc54163,1,60
2026-09-24T07:17:35.898,POST,/desembolsos,0,3004.7,3004.5,timeout,eecdb81d-fb59-44ee-a2ec-54f8d8cb6304,3,60
2026-09-24T07:17:35.948,POST,/desembolsos,0,3004.1,3003.8,timeout,50a1cdce-fb6d-4bc2-a4a7-422bfd2a9dcc,1,60
2026-09-24T07:17:36.028,POST,/desembolsos,0,3006.8,3006.4,timeout,ac5673a9-eb2f-48a1-a6f3-bb792792ba98,3,60
2026-09-24T07:17:36.029,POST,/desembolsos,0,3005.6,3005.5,timeout,915b6bea-ff95-4d06-8e0c-353d896fbd74,1,60
2026-09-24T07:17:36.144,POST,/desembolsos,0,3000.0,2999.8,timeout,b5bb6027-b21a-4b53-9420-2f92123680c6,1,60
2026-09-24T07:17:36.242,POST,/desembolsos,0,3029.1,3028.8,timeout,b3065720-2702-4827-98b8-50e4f13497e9,1,60
2026-09-24T07:17:36.341,POST,/desembolsos,0,2995.3,2995.1,timeout,2a7713ae-30a6-44a4-bd74-79e77c7495bc,1,60
2026-09-24T07:17:36.457,POST,/desembolsos,0,2993.6,2993.4,timeout,35a0aac3-ef9b-4547-8cb7-a9fcc8feb325,1,60
2026-09-24T07:17:36.538,POST,/desembolsos,0,3010.7,3010.4,timeout,d965688b-e926-4b4c-8167-08e79d62b6f8,1,60
2026-09-24T07:17:36.654,POST,/desembolsos,0,2993.1,2992.8,timeout,e182e75a-d067-46b4-9d64-d53426717d4a,1,60
2026-09-24T07:17:36.751,POST,/desembolsos,0,2992.5,2992.2,timeout,04fdff15-73cc-4217-ab42-94e61b8f803c,1,60
2026-09-24T07:17:36.851,POST,/desembolsos,0,2986.2,2985.9,timeout,d4db2fb8-5883-4f72-b1f4-f9ac995c2eb8,1,60
2026-09-24T07:17:36.949,POST,/desembolsos,0,3001.2,3000.9,timeout,211b4db0-b85a-42df-824d-d69adeb5f94b,1,60
2026-09-24T07:17:37.030,POST,/desembolsos,0,3000.5,3000.2,timeout,51c0099d-dd98-4fc7-af2b-7c3b3f06a40d,1,60
2026-09-24T07:17:37.145,POST,/desembolsos,0,2999.5,2999.2,timeout,fbe31998-d26d-4b4b-83eb-3f8b180bb6ba,1,60
2026-09-24T07:17:37.145,POST,/desembolsos,0,2998.6,2998.5,timeout,b7163a30-e859-469f-b9e3-9fe13de33008,2,60
2026-09-24T07:17:37.226,POST,/desembolsos,0,3015.9,3015.7,timeout,c4137988-961c-4514-a277-d4c4f29e2007,1,60
2026-09-24T07:17:37.259,POST,/desembolsos,0,2999.4,2999.2,timeout,391ffad5-5872-40a2-ab28-ee6627b096ea,2,60
2026-09-24T07:17:37.359,POST,/desembolsos,0,2978.9,2978.5,timeout,eb58ab69-c33a-4cad-9a07-7ccaf0ddad05,1,60
2026-09-24T07:17:37.376,POST,/desembolsos,0,2994.3,2994.0,timeout,c6468038-a882-4e40-b9df-7e44c629fa0d,2,60
2026-09-24T07:17:37.459,POST,/desembolsos,0,3010.5,3010.2,timeout,b1cc0cfe-5deb-400b-a67e-5a2e7182641d,1,60
2026-09-24T07:17:37.542,POST,/desembolsos,0,3009.9,3009.8,timeout,30651a8d-6332-4e76-9294-405a8e87bb98,1,60
2026-09-24T07:17:37.542,POST,/desembolsos,0,3012.1,3011.7,timeout,ca8fe225-3d79-42d5-be87-e507a5a664ab,2,60
2026-09-24T07:17:37.641,POST,/desembolsos,0,2992.8,2992.7,timeout,0ebb996c-d853-4675-a92e-e42549960f93,1,60
2026-09-24T07:17:37.686,POST,/desembolsos,0,2997.8,2997.5,timeout,e886eb32-34d6-4a1c-a002-f3e42017e216,2,60
2026-09-24T07:17:37.752,POST,/desembolsos,0,2998.2,2997.9,timeout,eb13b34e-9bac-45aa-89f3-e7842135fbf8,1,60
2026-09-24T07:17:37.785,POST,/desembolsos,0,2997.3,2997.0,timeout,2a38022f-334c-4608-977c-3001da0ec06b,2,60
2026-09-24T07:17:37.851,POST,/desembolsos,0,2997.3,2997.1,timeout,417b42b6-52ba-408c-a628-5a40188530b8,1,60
2026-09-24T07:17:37.900,POST,/desembolsos,0,3011.5,3011.3,timeout,e2a05f1a-9263-460a-b2e5-2c5b714815fc,2,60
2026-09-24T07:17:37.949,POST,/desembolsos,0,2995.1,2994.9,timeout,a8868c76-badb-44a2-8a22-095867cae1ec,1,60
2026-09-24T07:17:37.966,POST,/desembolsos,0,2994.4,2994.2,timeout,b1fb3b06-6a64-406b-9a0b-8daa8c948ad0,2,60
2026-09-24T07:17:38.049,POST,/desembolsos,0,2994.8,2994.6,timeout,201a82b4-158b-474f-8046-fdb1447ae1ea,1,60
2026-09-24T07:17:38.111,POST,/desembolsos,0,3001.6,3001.5,timeout,c375e333-12e6-46e3-be40-6182d5987f2b,2,60
2026-09-24T07:17:38.143,POST,/desembolsos,0,3001.0,3000.9,timeout,ecd27c2f-4e3b-490d-a3e2-18cd28833018,3,60
2026-09-24T07:17:38.143,POST,/desembolsos,0,3003.1,3002.8,timeout,788be681-f1c3-4b58-8ae3-2ad3509f37e6,1,60
2026-09-24T07:17:38.222,POST,/desembolsos,0,3004.8,3004.7,timeout,e54a08ef-72b9-4132-9839-8249ca7e9455,2,60
2026-09-24T07:17:38.254,POST,/desembolsos,0,2989.5,2989.2,timeout,bab0966f-85d8-4124-b0bf-f8da7c1e54f8,1,60
2026-09-24T07:17:38.271,POST,/desembolsos,0,2989.4,2989.1,timeout,4dc49b48-b21d-4b4c-8f76-03817e5c6095,3,60
2026-09-24T07:17:38.304,POST,/desembolsos,0,3006.5,3006.1,timeout,e3704f16-20ec-4a9d-aa47-6b45ccc09945,2,60
2026-09-24T07:17:38.337,POST,/desembolsos,0,3006.2,3005.9,timeout,c696a486-cd47-473a-9ceb-9d94d8a5ec62,1,60
2026-09-24T07:17:38.419,POST,/desembolsos,0,3001.8,3001.5,timeout,a511c2cd-9207-4cfa-82e1-cd937ea89533,2,60
2026-09-24T07:17:38.453,POST,/desembolsos,0,3002.0,3001.7,timeout,4e029dce-2336-4d58-a3fd-159bfbb20b48,1,60
2026-09-24T07:17:38.551,POST,/desembolsos,0,3000.9,3000.9,timeout,dc1e4b44-ad28-4736-8961-ef70290c3edc,1,60
2026-09-24T07:17:38.551,POST,/desembolsos,0,3001.9,3001.7,timeout,bc6b0224-c03b-4f88-9193-bda4785b643d,2,60
2026-09-24T07:17:38.633,POST,/desembolsos,0,3001.7,3001.4,timeout,15e16c9b-596d-47a6-961a-c7a571db4abf,2,60
2026-09-24T07:17:38.665,POST,/desembolsos,0,3002.8,3002.4,timeout,a71bb65a-9159-4065-ad58-7134db24dea3,1,60
2026-09-24T07:17:38.856,POST,/desembolsos,0,2885.8,2885.6,conexion: ClientConnectorError,fa8fbe42-0a3b-46f8-9d85-2d268f556357,1,60
2026-09-24T07:17:38.745,POST,/desembolsos,0,2997.5,2997.3,timeout,ff578502-f8d8-483d-acba-12d25730c414,2,60
2026-09-24T07:17:38.745,POST,/desembolsos,0,2997.1,2997.0,timeout,40116490-43e5-47dc-b9d0-171a1bd49c0d,1,60
2026-09-24T07:17:38.856,POST,/desembolsos,0,2886.0,2885.9,conexion: ClientConnectorError,b39869e8-8d3e-4849-963f-6166229cb471,2,60
2026-09-24T07:17:38.951,POST,/desembolsos,0,2880.9,2880.6,conexion: ClientConnectorError,7b025d8e-5496-4b32-ab02-a2d350c30652,2,60
2026-09-24T07:17:38.951,POST,/desembolsos,0,2880.2,2880.1,conexion: ClientConnectorError,62f4631f-4478-444b-8eb9-2b1617f088ac,1,60
2026-09-24T07:17:39.143,POST,/desembolsos,0,2870.1,2870.0,conexion: ClientConnectorError,26895e70-8eb1-474f-acb8-60e6ed277c34,2,60
2026-09-24T07:17:39.035,POST,/desembolsos,0,2978.6,2978.4,timeout,706bd9b0-6acb-47e8-979e-543940cb8213,2,60
2026-09-24T07:17:39.051,POST,/desembolsos,0,2995.1,2994.8,timeout,f5de9180-e831-4ce6-a19a-e0bf957eee2d,1,60
2026-09-24T07:17:39.271,POST,/desembolsos,0,2877.0,2876.8,conexion: ClientConnectorError,6495c7f2-0bcf-4381-887f-33cbc6832919,2,60
2026-09-24T07:17:39.337,POST,/desembolsos,0,3005.1,3004.9,timeout,d964479f-e0a1-45ae-971e-4615cfd106f3,2,60
2026-09-24T07:17:39.950,POST,/desembolsos,0,2460.3,2460.1,conexion: ClientConnectorError,50a1cdce-fb6d-4bc2-a4a7-422bfd2a9dcc,2,60
2026-09-24T07:17:39.450,POST,/desembolsos,0,3021.3,3021.1,timeout,b83e8407-939f-4f2a-b2a3-483b6ee1d454,2,60
2026-09-24T07:17:39.646,POST,/desembolsos,0,2874.6,2874.2,conexion: ClientConnectorError,ecd39dac-1f24-4860-b4be-3cddb2aeccb1,2,60
2026-09-24T07:17:39.549,POST,/desembolsos,0,3004.9,3004.8,timeout,c77c24a2-815a-4051-b7e9-f50fee6db013,2,60
2026-09-24T07:17:39.743,POST,/desembolsos,0,2863.1,2862.9,conexion: ClientConnectorError,9fea5799-d462-478d-b5d3-51977d5b5f08,2,60
2026-09-24T07:17:39.836,POST,/desembolsos,0,2866.7,2866.3,conexion: ClientConnectorError,06447812-e2da-4ed4-a2de-e182cfc54163,2,60
2026-09-24T07:17:40.337,POST,/desembolsos,0,2450.4,2450.0,conexion: ClientConnectorError,2a7713ae-30a6-44a4-bd74-79e77c7495bc,2,60
2026-09-24T07:17:40.031,POST,/desembolsos,0,2867.9,2867.7,conexion: ClientConnectorError,915b6bea-ff95-4d06-8e0c-353d896fbd74,2,60
2026-09-24T07:17:40.453,POST,/desembolsos,0,2446.4,2446.0,conexion: ClientConnectorError,35a0aac3-ef9b-4547-8cb7-a9fcc8feb325,2,60
2026-09-24T07:17:40.553,POST,/desembolsos,0,2444.4,2444.2,conexion: ClientConnectorError,d965688b-e926-4b4c-8167-08e79d62b6f8,2,60
2026-09-24T07:17:40.144,POST,/desembolsos,0,2854.7,2854.3,conexion: ClientConnectorError,b5bb6027-b21a-4b53-9420-2f92123680c6,2,60
2026-09-24T07:17:40.634,POST,/desembolsos,0,2478.1,2477.8,conexion: ClientConnectorError,e182e75a-d067-46b4-9d64-d53426717d4a,2,60
2026-09-24T07:17:40.749,POST,/desembolsos,0,2444.9,2444.6,conexion: ClientConnectorError,04fdff15-73cc-4217-ab42-94e61b8f803c,2,60
2026-09-24T07:17:40.259,POST,/desembolsos,0,3001.1,3000.8,timeout,b3065720-2702-4827-98b8-50e4f13497e9,2,60
2026-09-24T07:17:40.847,POST,/desembolsos,0,2446.2,2445.9,conexion: ClientConnectorError,d4db2fb8-5883-4f72-b1f4-f9ac995c2eb8,2,60
2026-09-24T07:17:41.026,POST,/desembolsos,0,2469.7,2469.3,conexion: ClientConnectorError,51c0099d-dd98-4fc7-af2b-7c3b3f06a40d,2,60
2026-09-24T07:17:41.145,POST,/desembolsos,0,2454.5,2454.4,conexion: ClientConnectorError,fbe31998-d26d-4b4b-83eb-3f8b180bb6ba,2,60
2026-09-24T07:17:41.145,POST,/desembolsos,0,2455.7,2455.5,conexion: ClientConnectorError,8f683e93-5936-4bd9-b2fc-1ecded71f972,1,60
2026-09-24T07:17:41.145,POST,/desembolsos,0,2455.0,2454.9,conexion: ClientConnectorError,b7163a30-e859-469f-b9e3-9fe13de33008,3,60
2026-09-24T07:17:41.260,POST,/desembolsos,0,2492.7,2492.6,conexion: ClientConnectorError,6430a276-ec72-47db-be46-d9b6d99321ff,1,60
2026-09-24T07:17:41.343,POST,/desembolsos,0,2438.9,2438.7,conexion: ClientConnectorError,eb58ab69-c33a-4cad-9a07-7ccaf0ddad05,2,60
2026-09-24T07:17:41.388,POST,/desembolsos,0,2476.2,2475.9,conexion: ClientConnectorError,c6468038-a882-4e40-b9df-7e44c629fa0d,3,60
2026-09-24T07:17:41.470,POST,/desembolsos,0,2440.9,2440.6,conexion: ClientConnectorError,b1cc0cfe-5deb-400b-a67e-5a2e7182641d,2,60
2026-09-24T07:17:40.943,POST,/desembolsos,0,3013.1,3012.9,timeout,211b4db0-b85a-42df-824d-d69adeb5f94b,2,60
2026-09-24T07:17:41.553,POST,/desembolsos,0,2437.4,2437.3,conexion: ClientConnectorError,ca8fe225-3d79-42d5-be87-e507a5a664ab,3,60
2026-09-24T07:17:41.553,POST,/desembolsos,0,2457.3,2457.2,conexion: ClientConnectorError,30651a8d-6332-4e76-9294-405a8e87bb98,2,60
2026-09-24T07:17:41.741,POST,/desembolsos,0,2476.1,2475.9,conexion: ClientConnectorError,eb13b34e-9bac-45aa-89f3-e7842135fbf8,2,60
2026-09-24T07:17:41.784,POST,/desembolsos,0,2468.6,2468.2,conexion: ClientConnectorError,2a38022f-334c-4608-977c-3001da0ec06b,3,60
2026-09-24T07:17:41.244,POST,/desembolsos,0,3009.4,3009.2,timeout,c4137988-961c-4514-a277-d4c4f29e2007,2,60
2026-09-24T07:17:41.260,POST,/desembolsos,0,3002.2,3002.1,timeout,391ffad5-5872-40a2-ab28-ee6627b096ea,3,60
2026-09-24T07:17:41.849,POST,/desembolsos,0,2473.6,2473.2,conexion: ClientConnectorError,417b42b6-52ba-408c-a628-5a40188530b8,2,60
2026-09-24T07:17:41.912,POST,/desembolsos,0,2450.7,2450.3,conexion: ClientConnectorError,e2a05f1a-9263-460a-b2e5-2c5b714815fc,3,60
2026-09-24T07:17:42.046,POST,/desembolsos,0,2448.3,2448.0,conexion: ClientConnectorError,201a82b4-158b-474f-8046-fdb1447ae1ea,2,60
2026-09-24T07:17:42.111,POST,/desembolsos,0,2447.0,2446.8,conexion: ClientConnectorError,c375e333-12e6-46e3-be40-6182d5987f2b,3,60
2026-09-24T07:17:42.144,POST,/desembolsos,0,2437.5,2437.1,conexion: ClientConnectorError,788be681-f1c3-4b58-8ae3-2ad3509f37e6,2,60
2026-09-24T07:17:41.634,POST,/desembolsos,0,3015.2,3014.9,timeout,0ebb996c-d853-4675-a92e-e42549960f93,2,60
2026-09-24T07:17:41.668,POST,/desembolsos,0,3003.1,3003.0,timeout,e886eb32-34d6-4a1c-a002-f3e42017e216,3,60
2026-09-24T07:17:42.244,POST,/desembolsos,0,2462.8,2462.7,conexion: ClientConnectorError,bab0966f-85d8-4124-b0bf-f8da7c1e54f8,2,60
2026-09-24T07:17:42.243,POST,/desembolsos,0,2464.1,2463.8,conexion: ClientConnectorError,e54a08ef-72b9-4132-9839-8249ca7e9455,3,60
2026-09-24T07:17:42.308,POST,/desembolsos,0,2444.8,2444.6,conexion: ClientConnectorError,e3704f16-20ec-4a9d-aa47-6b45ccc09945,3,60
2026-09-24T07:17:42.439,POST,/desembolsos,0,2474.6,2473.5,conexion: ClientConnectorError,a511c2cd-9207-4cfa-82e1-cd937ea89533,3,60
2026-09-24T07:17:41.945,POST,/desembolsos,0,3001.9,3001.6,timeout,a8868c76-badb-44a2-8a22-095867cae1ec,2,60
2026-09-24T07:17:41.962,POST,/desembolsos,0,3002.0,3001.7,timeout,b1fb3b06-6a64-406b-9a0b-8daa8c948ad0,3,60
2026-09-24T07:17:42.553,POST,/desembolsos,0,2456.5,2456.5,conexion: ClientConnectorError,bc6b0224-c03b-4f88-9193-bda4785b643d,3,60
2026-09-24T07:17:42.553,POST,/desembolsos,0,2460.6,2460.4,conexion: ClientConnectorError,dc1e4b44-ad28-4736-8961-ef70290c3edc,2,60
2026-09-24T07:17:42.636,POST,/desembolsos,0,2446.7,2446.3,conexion: ClientConnectorError,15e16c9b-596d-47a6-961a-c7a571db4abf,3,60
2026-09-24T07:17:42.669,POST,/desembolsos,0,2460.0,2459.7,conexion: ClientConnectorError,a71bb65a-9159-4065-ad58-7134db24dea3,2,60
2026-09-24T07:17:42.751,POST,/desembolsos,0,2436.0,2435.9,conexion: ClientConnectorError,ff578502-f8d8-483d-acba-12d25730c414,3,60
2026-09-24T07:17:42.751,POST,/desembolsos,0,2437.4,2437.3,conexion: ClientConnectorError,b39869e8-8d3e-4849-963f-6166229cb471,3,60
2026-09-24T07:17:42.751,POST,/desembolsos,0,2438.1,2437.8,conexion: ClientConnectorError,40116490-43e5-47dc-b9d0-171a1bd49c0d,2,60
2026-09-24T07:17:42.751,POST,/desembolsos,0,2445.4,2445.4,conexion: ClientConnectorError,fa8fbe42-0a3b-46f8-9d85-2d268f556357,2,60
2026-09-24T07:17:42.832,POST,/desembolsos,0,2457.3,2457.0,conexion: ClientConnectorError,62f4631f-4478-444b-8eb9-2b1617f088ac,2,60
2026-09-24T07:17:42.341,POST,/desembolsos,0,2997.9,2997.7,timeout,c696a486-cd47-473a-9ceb-9d94d8a5ec62,2,60
2026-09-24T07:17:43.013,POST,/desembolsos,0,2440.6,2440.3,conexion: ClientConnectorError,706bd9b0-6acb-47e8-979e-543940cb8213,3,60
2026-09-24T07:17:42.471,POST,/desembolsos,0,2992.1,2991.9,timeout,4e029dce-2336-4d58-a3fd-159bfbb20b48,2,60
2026-09-24T07:17:43.048,POST,/desembolsos,0,2494.5,2494.2,conexion: ClientConnectorError,f5de9180-e831-4ce6-a19a-e0bf957eee2d,2,60
2026-09-24T07:17:43.145,POST,/desembolsos,0,2477.5,2477.1,conexion: ClientConnectorError,6495c7f2-0bcf-4381-887f-33cbc6832919,3,60
2026-09-24T07:17:43.341,POST,/desembolsos,0,2448.1,2447.9,conexion: ClientConnectorError,d964479f-e0a1-45ae-971e-4615cfd106f3,3,60
2026-09-24T07:17:42.832,POST,/desembolsos,0,2986.0,2985.9,timeout,7b025d8e-5496-4b32-ab02-a2d350c30652,3,60
2026-09-24T07:17:43.473,POST,/desembolsos,0,2443.0,2442.6,conexion: ClientConnectorError,b83e8407-939f-4f2a-b2a3-483b6ee1d454,3,60
2026-09-24T07:17:43.521,POST,/desembolsos,0,2447.1,2446.7,conexion: ClientConnectorError,ecd39dac-1f24-4860-b4be-3cddb2aeccb1,3,60
2026-09-24T07:17:43.553,POST,/desembolsos,0,2442.8,2442.3,conexion: ClientConnectorError,c77c24a2-815a-4051-b7e9-f50fee6db013,3,60
2026-09-24T07:17:43.013,POST,/desembolsos,0,3012.9,3012.9,timeout,26895e70-8eb1-474f-acb8-60e6ed277c34,3,60
2026-09-24T07:17:43.587,POST,/desembolsos,0,2448.6,2448.6,conexion: ClientConnectorError,468831d9-24c5-4f99-8471-fb3c3660d2ad,1,60
2026-09-24T07:17:43.861,POST,/desembolsos,0,2520.2,2520.1,conexion: ClientConnectorError,85f79caf-a7f4-4fcd-9c4d-7cbb82ccec85,1,60
2026-09-24T07:17:43.408,POST,/desembolsos,0,2976.6,2976.3,timeout,50a1cdce-fb6d-4bc2-a4a7-422bfd2a9dcc,3,60
2026-09-24T07:17:43.909,POST,/desembolsos,0,2474.5,2474.5,conexion: ClientConnectorError,35a0aac3-ef9b-4547-8cb7-a9fcc8feb325,3,60
2026-09-24T07:17:44.118,POST,/desembolsos,0,2459.3,2459.0,conexion: ClientConnectorError,e182e75a-d067-46b4-9d64-d53426717d4a,3,60
2026-09-24T07:17:43.587,POST,/desembolsos,0,2994.4,2994.3,timeout,9fea5799-d462-478d-b5d3-51977d5b5f08,3,60
2026-09-24T07:17:44.197,POST,/desembolsos,0,2466.9,2466.6,conexion: ClientConnectorError,04fdff15-73cc-4217-ab42-94e61b8f803c,3,60
2026-09-24T07:17:43.701,POST,/desembolsos,0,3003.8,3002.8,timeout,06447812-e2da-4ed4-a2de-e182cfc54163,3,60
2026-09-24T07:17:44.262,POST,/desembolsos,0,2446.3,2446.0,conexion: ClientConnectorError,b3065720-2702-4827-98b8-50e4f13497e9,3,60
2026-09-24T07:17:44.245,POST,/desembolsos,0,2477.7,2477.4,conexion: ClientConnectorError,d1808c20-9988-4476-9f00-f8bb640c3e3e,1,60
2026-09-24T07:17:43.782,POST,/desembolsos,0,2988.8,2988.6,timeout,2a7713ae-30a6-44a4-bd74-79e77c7495bc,3,60
2026-09-24T07:17:43.988,POST,/desembolsos,0,2780.0,2688.8,conexion: ClientOSError,f91d34ac-8f68-47aa-952a-1ee35f878941,1,60
2026-09-24T07:17:44.294,POST,/desembolsos,0,2491.5,2491.3,conexion: ClientConnectorError,d4db2fb8-5883-4f72-b1f4-f9ac995c2eb8,3,60
2026-09-24T07:17:43.909,POST,/desembolsos,0,2973.0,2972.6,timeout,915b6bea-ff95-4d06-8e0c-353d896fbd74,3,60
2026-09-24T07:17:44.459,POST,/desembolsos,0,2537.3,2537.1,conexion: ClientConnectorError,952215d9-4c2f-4f22-9d48-ef6952e20f42,1,60
2026-09-24T07:17:44.558,POST,/desembolsos,0,2454.8,2454.7,conexion: ClientConnectorError,2625da58-9775-4412-b97b-3eb7e741dcd5,1,60
2026-09-24T07:17:44.011,POST,/desembolsos,0,3001.8,3001.7,timeout,b5bb6027-b21a-4b53-9420-2f92123680c6,3,60
2026-09-24T07:17:44.011,POST,/desembolsos,0,3002.4,3002.2,timeout,d965688b-e926-4b4c-8167-08e79d62b6f8,3,60
2026-09-24T07:17:44.671,POST,/desembolsos,0,2448.5,2448.3,conexion: ClientConnectorError,494c44a4-2a1e-4871-b6d8-89599bac2fb3,1,60
2026-09-24T07:17:44.772,POST,/desembolsos,0,2427.4,2427.3,conexion: ClientConnectorError,eb58ab69-c33a-4cad-9a07-7ccaf0ddad05,3,60
2026-09-24T07:17:44.772,POST,/desembolsos,0,2428.3,2428.1,conexion: ClientConnectorError,5afe796f-8c28-44da-96ec-887ec0969a16,1,60
2026-09-24T07:17:44.360,POST,/desembolsos,0,3000.5,3000.3,timeout,5acd8d35-f205-448c-9179-597f6175756a,1,60
2026-09-24T07:17:44.900,POST,/desembolsos,0,2482.6,2482.4,conexion: ClientConnectorError,b1cc0cfe-5deb-400b-a67e-5a2e7182641d,3,60
2026-09-24T07:17:44.492,POST,/desembolsos,0,3016.0,3015.7,timeout,51c0099d-dd98-4fc7-af2b-7c3b3f06a40d,3,60
2026-09-24T07:17:44.597,POST,/desembolsos,0,2993.9,2993.6,timeout,8f683e93-5936-4bd9-b2fc-1ecded71f972,2,60
2026-09-24T07:17:44.597,POST,/desembolsos,0,2993.1,2993.0,timeout,fbe31998-d26d-4b4b-83eb-3f8b180bb6ba,3,60
2026-09-24T07:17:45.080,POST,/desembolsos,0,2520.8,2520.4,conexion: ClientConnectorError,458877e9-8654-44df-8cbe-365bc81e13c1,1,60
2026-09-24T07:17:44.947,POST,/desembolsos,0,2653.6,2653.5,conexion: ClientConnectorError,211b4db0-b85a-42df-824d-d69adeb5f94b,3,60
2026-09-24T07:17:45.005,POST,/desembolsos,0,2589.7,2589.5,conexion: ClientConnectorError,30651a8d-6332-4e76-9294-405a8e87bb98,3,60
2026-09-24T07:17:45.188,POST,/desembolsos,0,2486.6,2486.3,conexion: ClientConnectorError,1ba46954-4883-4403-992a-afbbe6d2c6db,1,60
2026-09-24T07:17:45.264,POST,/desembolsos,0,2466.3,2466.0,conexion: ClientConnectorError,a83ef846-8d3c-4828-923d-ceb284a55308,1,60
2026-09-24T07:17:45.247,POST,/desembolsos,0,2483.2,2482.8,conexion: ClientConnectorError,c4137988-961c-4514-a277-d4c4f29e2007,3,60
2026-09-24T07:17:44.753,POST,/desembolsos,0,3002.1,3002.0,timeout,6430a276-ec72-47db-be46-d9b6d99321ff,2,60
2026-09-24T07:17:45.372,POST,/desembolsos,0,2472.8,2472.5,conexion: ClientConnectorError,915d6754-ceeb-49da-b006-0aff6621b988,1,60
2026-09-24T07:17:44.868,POST,/desembolsos,0,3000.6,3000.5,timeout,7139325c-9983-4481-a687-5bde59bb4a5a,1,60
2026-09-24T07:17:45.463,POST,/desembolsos,0,2428.6,2428.5,conexion: ClientConnectorError,ab718d09-75c8-46aa-9ebc-ab3d1a796feb,1,60
2026-09-24T07:17:44.964,POST,/desembolsos,0,3002.5,3002.4,timeout,4288ff56-02d7-47eb-946f-70ea7232aad8,1,60
2026-09-24T07:17:45.504,POST,/desembolsos,0,2478.7,2478.5,conexion: ClientConnectorError,201a82b4-158b-474f-8046-fdb1447ae1ea,3,60
2026-09-24T07:17:45.699,POST,/desembolsos,0,2496.2,2496.0,conexion: ClientConnectorError,bab0966f-85d8-4124-b0bf-f8da7c1e54f8,3,60
2026-09-24T07:17:45.655,POST,/desembolsos,0,2541.1,2540.9,conexion: ClientConnectorError,0ebb996c-d853-4675-a92e-e42549960f93,3,60
2026-09-24T07:17:45.571,POST,/desembolsos,0,2624.6,2624.5,conexion: ClientConnectorError,40e72d92-995e-484f-bfff-efa4c6fee8d2,1,60
2026-09-24T07:17:45.680,POST,/desembolsos,0,2515.9,2515.7,conexion: ClientConnectorError,3bb4b75e-4447-44e2-9ad7-2626893a8057,1,60
2026-09-24T07:17:45.214,POST,/desembolsos,0,3013.1,3012.8,timeout,eb13b34e-9bac-45aa-89f3-e7842135fbf8,3,60
2026-09-24T07:17:45.289,POST,/desembolsos,0,2998.8,2998.6,timeout,417b42b6-52ba-408c-a628-5a40188530b8,3,60
2026-09-24T07:17:46.978,POST,/desembolsos,201,1431.3,1284.2,,55a8cc0b-1676-4623-a44d-423e74d000af,1,60
2026-09-24T07:17:46.350,POST,/desembolsos,201,2066.2,1913.3,,c696a486-cd47-473a-9ceb-9d94d8a5ec62,3,60
2026-09-24T07:17:45.787,POST,/desembolsos,201,2629.0,2473.5,,947d1ff4-c0b2-4916-8aeb-6e67f0f4536b,1,60
2026-09-24T07:17:48.195,POST,/desembolsos,201,223.6,128.2,,83531e26-25b6-4355-b754-9c52b3610b8a,1,60
2026-09-24T07:17:46.381,POST,/desembolsos,201,2037.2,1878.5,,488c033c-1c2a-4577-b35c-f34e2a1b2100,1,60
2026-09-24T07:17:46.462,POST,/desembolsos,201,1972.5,1866.8,,4e029dce-2336-4d58-a3fd-159bfbb20b48,3,60
2026-09-24T07:17:47.590,POST,/desembolsos,201,844.4,733.2,,f09ad976-41b5-4d8a-963b-a994466b7a49,1,60
2026-09-24T07:17:48.196,POST,/desembolsos,201,239.2,128.1,,5afe796f-8c28-44da-96ec-887ec0969a16,2,60
2026-09-24T07:17:47.673,POST,/desembolsos,201,772.1,679.2,,820677b1-b127-41cd-aa8c-64eb10483ccd,1,60
2026-09-24T07:17:45.900,POST,/desembolsos,201,2601.2,2509.5,,a4e49374-fa80-4b51-94ee-c6efae1fce19,1,60
2026-09-24T07:17:47.723,POST,/desembolsos,201,781.0,687.4,,d1808c20-9988-4476-9f00-f8bb640c3e3e,2,60
2026-09-24T07:17:47.086,POST,/desembolsos,201,1418.1,1324.2,,7dfbba72-a953-4871-8929-e0b092ff6c48,1,60
2026-09-24T07:17:46.545,POST,/desembolsos,201,1963.8,1865.3,,f5de9180-e831-4ce6-a19a-e0bf957eee2d,3,60
2026-09-24T07:17:48.353,POST,/desembolsos,201,171.9,84.0,,5acd8d35-f205-448c-9179-597f6175756a,2,60
2026-09-24T07:17:45.995,POST,/desembolsos,201,2557.7,2456.3,,d80473f7-b572-4e97-9549-499853a82479,1,60
2026-09-24T07:17:46.594,POST,/desembolsos,201,1958.9,1857.4,,bdfffe1c-664e-4ef0-96f1-ff91b5653f98,1,60
2026-09-24T07:17:47.786,POST,/desembolsos,201,766.4,664.8,,8a7d163e-719c-4f2c-92fd-8e7eb2599ec0,1,60
2026-09-24T07:17:47.183,POST,/desembolsos,201,1370.1,1268.7,,29fcb58e-899d-4819-9169-5949b06d6c6b,1,60
2026-09-24T07:17:45.571,POST,/desembolsos,0,3003.5,3003.5,timeout,788be681-f1c3-4b58-8ae3-2ad3509f37e6,3,60
2026-09-24T07:17:46.027,POST,/desembolsos,201,2563.4,2473.9,,dc1e4b44-ad28-4736-8961-ef70290c3edc,3,60
2026-09-24T07:17:48.402,POST,/desembolsos,201,190.8,99.1,,ae9b46b6-f295-4ae2-b514-e521cc74dd87,1,60
2026-09-24T07:17:47.885,POST,/desembolsos,201,773.7,683.3,,6b7ab7ca-0e81-486e-a2d1-da54bd391652,1,60
2026-09-24T07:17:47.294,POST,/desembolsos,201,1372.2,1281.7,,1533922c-63bc-4774-8ec8-1ac146ddbefe,1,60
2026-09-24T07:17:46.095,POST,/desembolsos,201,2570.8,2480.2,,7df06ddb-0c02-44f4-b7f5-1f0de53f5e11,1,60
2026-09-24T07:17:46.704,POST,/desembolsos,201,1970.4,1871.9,,6e1f8999-da58-4365-a7b0-16939b61aa0d,1,60
2026-09-24T07:17:48.499,POST,/desembolsos,201,175.4,85.6,,da88d900-c49c-4560-bcc5-b75a10842bfc,1,60
2026-09-24T07:17:47.967,POST,/desembolsos,201,786.7,688.8,,a31b6d8f-3b42-4013-8f59-9d0bb5a63216,1,60
2026-09-24T07:17:46.802,POST,/desembolsos,201,1952.0,1853.6,,65d4f3d7-4155-4005-bed0-cd35dcb764b3,1,60
2026-09-24T07:17:47.393,POST,/desembolsos,201,1361.3,1267.3,,85f79caf-a7f4-4fcd-9c4d-7cbb82ccec85,2,60
2026-09-24T07:17:48.583,POST,/desembolsos,201,180.9,82.0,,30dd4734-c471-43a4-bbc5-73c1024f24ef,1,60
2026-09-24T07:17:47.999,POST,/desembolsos,201,771.6,667.6,,952215d9-4c2f-4f22-9d48-ef6952e20f42,2,60
2026-09-24T07:17:48.583,POST,/desembolsos,201,186.9,82.8,,458877e9-8654-44df-8cbe-365bc81e13c1,2,60
2026-09-24T07:17:48.016,POST,/desembolsos,201,778.2,689.7,,2625da58-9775-4412-b97b-3eb7e741dcd5,2,60
2026-09-24T07:17:48.665,POST,/desembolsos,201,182.2,94.0,,1ba46954-4883-4403-992a-afbbe6d2c6db,2,60
2026-09-24T07:17:46.302,POST,/desembolsos,201,2570.7,2483.5,,62f4631f-4478-444b-8eb9-2b1617f088ac,3,60
2026-09-24T07:17:46.203,POST,/desembolsos,201,2679.8,2582.5,,40116490-43e5-47dc-b9d0-171a1bd49c0d,3,60
2026-09-24T07:17:46.203,POST,/desembolsos,201,2680.3,2581.5,,fa8fbe42-0a3b-46f8-9d85-2d268f556357,3,60
2026-09-24T07:17:46.881,POST,/desembolsos,201,2002.8,1903.9,,f22c0124-178b-4fd6-a8f0-5f85675b4af1,1,60
2026-09-24T07:17:47.508,POST,/desembolsos,201,1376.5,1277.6,,60ca1c97-93f8-4472-8d7e-c80ef9ff521e,1,60
2026-09-24T07:17:48.698,POST,/desembolsos,201,187.7,83.0,,486b0b26-5ef0-4a1d-8dff-1ab57531f89b,1,60
2026-09-24T07:17:48.129,POST,/desembolsos,201,779.1,691.6,,494c44a4-2a1e-4871-b6d8-89599bac2fb3,2,60
2026-09-24T07:17:48.731,POST,/desembolsos,201,191.0,89.3,,a83ef846-8d3c-4828-923d-ceb284a55308,2,60
2026-09-24T07:17:48.765,POST,/desembolsos,201,171.5,82.3,,6430a276-ec72-47db-be46-d9b6d99321ff,3,60
2026-09-24T07:17:45.947,POST,/desembolsos,0,3006.8,3006.6,timeout,a8868c76-badb-44a2-8a22-095867cae1ec,3,60
2026-09-24T07:17:48.782,POST,/desembolsos,201,173.2,82.4,,c2fd9334-7149-4f04-8ccc-1bc2b95df663,1,60
2026-09-24T07:17:48.844,POST,/desembolsos,201,172.9,84.3,,915d6754-ceeb-49da-b006-0aff6621b988,2,60
2026-09-24T07:17:48.875,POST,/desembolsos,201,205.9,100.1,,7139325c-9983-4481-a687-5bde59bb4a5a,2,60
2026-09-24T07:17:48.891,POST,/desembolsos,201,206.6,113.0,,ab718d09-75c8-46aa-9ebc-ab3d1a796feb,2,60
2026-09-24T07:17:46.127,POST,/desembolsos,0,3000.0,2999.9,timeout,a71bb65a-9159-4065-ad58-7134db24dea3,3,60
2026-09-24T07:17:48.975,POST,/desembolsos,201,210.5,102.1,,4288ff56-02d7-47eb-946f-70ea7232aad8,2,60
2026-09-24T07:17:46.203,POST,/desembolsos,0,2989.5,2989.4,timeout,4a819d19-d37c-450e-bf71-71f5ce53da72,1,60
2026-09-24T07:17:48.975,POST,/desembolsos,201,218.1,106.1,,a6604a0f-5546-407d-938d-255d4dc3ae32,1,60
2026-09-24T07:17:49.080,POST,/desembolsos,201,207.2,105.2,,702778d2-a72d-4e46-b5b3-eca4f918a1d3,1,60
2026-09-24T07:17:46.301,POST,/desembolsos,0,2989.9,2989.7,timeout,42638c3f-3a6f-46ce-80d0-6def5a58c93c,1,60
2026-09-24T07:17:49.188,POST,/desembolsos,201,187.7,95.9,,5dbbabc1-8295-4be5-a621-04dcecec35d4,1,60
2026-09-24T07:17:49.193,POST,/desembolsos,201,183.8,92.1,,40e72d92-995e-484f-bfff-efa4c6fee8d2,2,60
2026-09-24T07:17:49.193,POST,/desembolsos,201,184.9,91.7,,3bb4b75e-4447-44e2-9ad7-2626893a8057,2,60
2026-09-24T07:17:46.496,POST,/desembolsos,0,3001.5,3001.3,timeout,70a832a1-2746-4742-92b6-75d3b32ab5c1,1,60
2026-09-24T07:17:49.388,POST,/desembolsos,201,175.6,86.3,,25267bc2-84a3-41eb-bdc5-71bd8841c9a8,1,60
2026-09-24T07:17:49.588,POST,/desembolsos,201,176.0,87.2,,ee1d0eb0-bc8e-4c3d-a491-51505ee0030b,1,60
2026-09-24T07:17:49.688,POST,/desembolsos,201,184.0,91.3,,0688a614-3584-475b-9c3c-b573f7a2e85f,1,60
2026-09-24T07:17:49.771,POST,/desembolsos,201,174.3,85.6,,689ac614-1668-4ce3-a560-4090f01a8256,1,60
2026-09-24T07:17:47.046,POST,/desembolsos,0,2992.8,2992.5,timeout,468831d9-24c5-4f99-8471-fb3c3660d2ad,2,60
2026-09-24T07:17:49.872,POST,/desembolsos,201,176.8,88.4,,bb6e23d9-db53-4cee-b695-886c72233af9,1,60
2026-09-24T07:17:49.989,POST,/desembolsos,201,175.7,83.9,,168f7feb-7c56-4b02-995f-72a80b603285,1,60
2026-09-24T07:17:47.394,POST,/desembolsos,0,2993.4,2993.4,timeout,ad8fd178-bd58-467a-ae09-007e8def0d7f,1,60
2026-09-24T07:17:50.185,POST,/desembolsos,201,261.7,83.0,,cbd4501b-d50e-417e-b460-83444b157494,1,60
2026-09-24T07:17:50.217,POST,/desembolsos,201,230.5,105.2,,4a819d19-d37c-450e-bf71-71f5ce53da72,2,60
2026-09-24T07:17:50.296,POST,/desembolsos,201,233.2,143.9,,10662ff3-a5b4-4fa4-a672-ccc3f1723e9e,1,60
2026-09-24T07:17:50.296,POST,/desembolsos,201,234.7,143.5,,42638c3f-3a6f-46ce-80d0-6def5a58c93c,2,60
2026-09-24T07:17:50.482,POST,/desembolsos,201,179.6,84.4,,aa33f4f2-2d02-4f0f-b508-a9be5be827ff,1,60
2026-09-24T07:17:50.513,POST,/desembolsos,201,185.3,95.3,,70a832a1-2746-4742-92b6-75d3b32ab5c1,2,60
2026-09-24T07:17:50.593,POST,/desembolsos,201,172.2,84.5,,e50accbd-e111-4860-a36b-de607747c727,1,60
2026-09-24T07:17:47.755,POST,/desembolsos,0,3027.5,3027.4,timeout,f91d34ac-8f68-47aa-952a-1ee35f878941,2,60
2026-09-24T07:17:50.688,POST,/desembolsos,201,186.9,84.5,,2780ac70-0f9a-4dfe-a754-3bd04a9fbff5,1,60
2026-09-24T07:17:50.782,POST,/desembolsos,201,192.8,103.5,,829b9117-a475-4107-9edb-83d24521ece9,1,60
2026-09-24T07:17:50.883,POST,/desembolsos,201,181.3,83.4,,560ebec6-c2c6-4fcf-b57a-66b6bf1e8fbd,1,60
2026-09-24T07:17:48.096,POST,/desembolsos,0,3007.5,3007.3,timeout,d7c2b4e0-c5cd-4e4f-86c0-65793728a1ce,1,60
2026-09-24T07:17:50.995,POST,/desembolsos,201,183.1,85.2,,07817a0b-d37f-489f-aab7-9bd8fba449a1,1,60
2026-09-24T07:17:51.043,POST,/desembolsos,201,185.1,89.0,,468831d9-24c5-4f99-8471-fb3c3660d2ad,3,60
2026-09-24T07:17:51.104,POST,/desembolsos,201,175.1,83.1,,2c52b77a-6e90-40f5-8fdd-205175e2cb1f,1,60
2026-09-24T07:17:48.288,POST,/desembolsos,0,3014.6,3014.4,timeout,1ff0bc32-10b3-41ed-87f3-b5b55300587b,1,60
2026-09-24T07:17:51.302,POST,/desembolsos,201,221.6,119.9,,f822ab2c-f0a1-4ef1-83cb-a4ea2ad326e6,1,60
2026-09-24T07:17:50.387,POST,/desembolsos,201,1202.1,1112.1,,33f27284-0691-4968-a576-fc15f3961611,1,60
2026-09-24T07:17:48.583,POST,/desembolsos,0,3004.7,3004.6,timeout,8f683e93-5936-4bd9-b2fc-1ecded71f972,3,60
2026-09-24T07:17:51.384,POST,/desembolsos,201,204.8,114.6,,d5678866-4ade-4117-b6c1-4ca355342fe9,1,60
2026-09-24T07:17:51.385,POST,/desembolsos,201,204.2,114.2,,ad8fd178-bd58-467a-ae09-007e8def0d7f,2,60
2026-09-24T07:17:51.496,POST,/desembolsos,201,175.8,84.0,,8188d91a-be52-414f-b4f0-58685c45aa63,1,60
2026-09-24T07:17:51.576,POST,/desembolsos,201,194.7,89.3,,222f6148-01fd-4638-9874-d31d9892f165,1,60
2026-09-24T07:17:48.875,POST,/desembolsos,0,2986.9,2986.8,timeout,82773726-367d-4e17-9459-1e426c58f185,1,60
2026-09-24T07:17:51.704,POST,/desembolsos,201,177.7,85.3,,a0498969-a882-42fe-9bf4-67ee5f8a23a1,1,60
2026-09-24T07:17:51.768,POST,/desembolsos,201,186.8,96.3,,f91d34ac-8f68-47aa-952a-1ee35f878941,3,60
2026-09-24T07:17:51.787,POST,/desembolsos,201,180.3,87.0,,ab26266c-df7d-43ad-bc11-4d80ac14575d,1,60
2026-09-24T07:17:51.864,POST,/desembolsos,201,172.9,83.5,,1f013dc6-a637-4827-bb2a-3beead2058de,1,60
2026-09-24T07:17:51.994,POST,/desembolsos,201,211.6,119.5,,ed9b3624-a34e-4b61-a433-0654a71bfff9,1,60
2026-09-24T07:17:52.089,POST,/desembolsos,201,168.5,81.3,,d7c2b4e0-c5cd-4e4f-86c0-65793728a1ce,2,60
2026-09-24T07:17:52.089,POST,/desembolsos,201,171.8,85.1,,d7b8a756-a64a-43be-a5fb-32f194e1a0d3,1,60
2026-09-24T07:17:49.284,POST,/desembolsos,0,2976.7,2976.6,timeout,efd8417d-c0c6-4b60-8ed5-78984d39fb48,1,60
2026-09-24T07:17:52.170,POST,/desembolsos,201,174.5,86.7,,65946a6e-1961-4e9f-ad2b-b0f7ae8555b9,1,60
2026-09-24T07:17:52.307,POST,/desembolsos,201,184.4,88.7,,1ff0bc32-10b3-41ed-87f3-b5b55300587b,2,60
2026-09-24T07:17:49.496,POST,/desembolsos,0,3019.1,3019.0,timeout,2c9b0042-9a11-434c-a267-ac7f7ad606b0,1,60
2026-09-24T07:17:52.386,POST,/desembolsos,201,176.3,86.9,,285b036a-11b2-438e-af30-55dc62e3566d,1,60
2026-09-24T07:17:52.467,POST,/desembolsos,201,171.7,82.5,,5fe21fc6-7af3-4b68-b1cd-b1e194302cd8,1,60
2026-09-24T07:17:52.595,POST,/desembolsos,201,183.8,86.1,,b9bd0605-a3ec-49b0-89e9-588f0c2af02e,1,60
2026-09-24T07:17:52.680,POST,/desembolsos,201,194.6,84.2,,5b599142-359e-4e42-9060-5c08167a284a,1,60
2026-09-24T07:17:52.775,POST,/desembolsos,201,179.3,89.6,,512ba53f-ebe7-444d-9d8b-107df4926679,1,60
2026-09-24T07:17:52.874,POST,/desembolsos,201,175.5,83.5,,82773726-367d-4e17-9459-1e426c58f185,2,60
2026-09-24T07:17:50.072,POST,/desembolsos,0,3016.2,3016.1,timeout,bb05c4b6-477b-4dfb-abe5-faeffd4d114b,1,60
2026-09-24T07:17:52.958,POST,/desembolsos,201,176.5,86.8,,f76c5d13-7bf4-4c05-9a1e-0be74be472b3,1,60
2026-09-24T07:17:53.089,POST,/desembolsos,201,177.5,84.2,,e082f738-5dee-487a-866c-184702561476,1,60
2026-09-24T07:17:53.168,POST,/desembolsos,201,176.6,86.4,,d84bf874-cc23-4e3d-864e-059b884f61e0,1,60
2026-09-24T07:17:53.266,POST,/desembolsos,201,220.5,130.8,,221a478c-a6c1-40a5-889b-ba2b13ea89be,1,60
2026-09-24T07:17:53.380,POST,/desembolsos,201,200.1,88.8,,026c3ffa-454f-464a-9307-5b46c9e81d4c,1,60
2026-09-24T07:17:53.463,POST,/desembolsos,201,200.0,112.2,,e6c4411d-915e-4af6-a544-fcd16e0131f7,1,60
2026-09-24T07:17:53.513,POST,/desembolsos,201,179.2,90.2,,2c9b0042-9a11-434c-a267-ac7f7ad606b0,2,60
2026-09-24T07:17:53.579,POST,/desembolsos,201,171.2,82.0,,a5451a47-909b-47de-a114-75006dff5f52,1,60
2026-09-24T07:17:53.692,POST,/desembolsos,201,180.0,83.2,,597db356-264a-42f0-8cd7-b59b2776cec5,1,60
2026-09-24T07:17:53.775,POST,/desembolsos,201,180.5,91.2,,3c0d7449-4a4f-4dc7-9024-21f48fbe12bb,1,60
2026-09-24T07:17:53.904,POST,/desembolsos,201,194.1,103.3,,96e948c7-4369-490c-bd53-488942444579,1,60
2026-09-24T07:17:51.173,POST,/desembolsos,0,2991.8,2991.7,timeout,a33fe172-c486-4e1d-a033-7e138bafc290,1,60
2026-09-24T07:17:54.004,POST,/desembolsos,201,177.2,84.4,,929363bc-4eba-48b8-8ed9-c5bf57795562,1,60
2026-09-24T07:17:54.087,POST,/desembolsos,201,176.7,88.9,,d500e773-34b7-42af-9b43-fd982a590adb,1,60
2026-09-24T07:17:54.087,POST,/desembolsos,201,176.1,87.9,,bb05c4b6-477b-4dfb-abe5-faeffd4d114b,2,60
2026-09-24T07:17:54.169,POST,/desembolsos,201,177.5,83.3,,dc547e6f-627a-41e1-a3b1-0b7ba09d96fb,1,60
2026-09-24T07:17:54.400,POST,/desembolsos,201,190.0,92.3,,900bdb6e-fc36-4370-b5a9-834d87d6f8c0,1,60
2026-09-24T07:17:54.582,POST,/desembolsos,201,174.2,86.0,,e4e5fb95-4691-4215-b4ae-d43f3b79b89d,1,60
2026-09-24T07:17:54.664,POST,/desembolsos,201,172.2,83.6,,80334a20-98e6-471c-b369-7508c244f78c,1,60
2026-09-24T07:17:54.763,POST,/desembolsos,201,174.5,83.6,,77061265-302e-4276-81fc-5ba5e5cfd5f6,1,60
2026-09-24T07:17:54.892,POST,/desembolsos,201,182.1,84.0,,4a2359c8-5369-4368-98de-782cad73e579,1,60
2026-09-24T07:17:54.975,POST,/desembolsos,201,205.6,93.9,,8237ac53-9128-4d61-bd65-57b9614172ee,1,60
2026-09-24T07:17:55.068,POST,/desembolsos,201,198.9,88.4,,6cc8b4e4-2aab-49c9-a620-3f114bfe814b,1,60
2026-09-24T07:17:52.275,POST,/desembolsos,0,2992.4,2992.2,timeout,8b9a2122-380a-4383-ba2e-cfa2fec2a8ed,1,60
2026-09-24T07:17:55.179,POST,/desembolsos,201,178.0,88.9,,a33fe172-c486-4e1d-a033-7e138bafc290,2,60
2026-09-24T07:17:55.288,POST,/desembolsos,201,173.5,83.9,,e9441fac-d4f4-42fc-b01e-f34e5b9a433f,1,60
2026-09-24T07:17:55.371,POST,/desembolsos,201,175.7,85.7,,7db1634c-3601-4155-addd-782eeef889b1,1,60
2026-09-24T07:17:55.462,POST,/desembolsos,201,177.2,81.8,,3bbbf1c1-a267-4fcd-a535-a2d0ad3df58d,1,60
2026-09-24T07:17:55.596,POST,/desembolsos,201,177.7,86.8,,f41c6fbf-5cfb-4b4c-aafd-15e60c0e9c0e,1,60
2026-09-24T07:17:52.874,POST,/desembolsos,0,2988.8,2988.8,timeout,5bccb7ac-0498-4169-b731-1245af28a529,1,60
2026-09-24T07:17:55.675,POST,/desembolsos,201,184.9,91.9,,7964a16e-15ce-4f94-859a-12c909b25bb0,1,60
2026-09-24T07:17:55.774,POST,/desembolsos,201,209.9,91.6,,7b39c02e-27e0-4ff9-ae43-69570d09157b,1,60
2026-09-24T07:17:55.864,POST,/desembolsos,201,221.4,118.5,,0a7875e5-e163-4189-8ced-bb96156a48c1,1,60
2026-09-24T07:17:55.983,POST,/desembolsos,201,186.7,96.8,,ae6fc322-cbe0-4a67-a29a-965fffb0cf39,1,60
2026-09-24T07:17:53.266,POST,/desembolsos,0,2988.7,2988.6,timeout,efd8417d-c0c6-4b60-8ed5-78984d39fb48,2,60
2026-09-24T07:17:56.071,POST,/desembolsos,201,191.7,90.8,,dd1093eb-025e-45cb-9240-6577246af33a,1,60
2026-09-24T07:17:56.169,POST,/desembolsos,201,178.1,86.4,,4de4b504-a64d-4bc7-8b27-1b5071496aef,1,60
2026-09-24T07:17:56.255,POST,/desembolsos,201,174.3,81.2,,8b9a2122-380a-4383-ba2e-cfa2fec2a8ed,2,60
2026-09-24T07:17:56.288,POST,/desembolsos,201,181.7,84.4,,78b42933-b1d6-49bb-bdcc-8616a88edcd6,1,60
2026-09-24T07:17:56.398,POST,/desembolsos,201,176.4,86.1,,f98b28b9-f529-4422-8c2e-2a48dd11f45a,1,60
2026-09-24T07:17:56.591,POST,/desembolsos,201,174.0,83.3,,8c5e8a22-c151-491a-81d0-38e642f18004,1,60
2026-09-24T07:17:56.672,POST,/desembolsos,201,172.4,83.9,,15355732-f00a-4020-9e92-981cd6fd9956,1,60
2026-09-24T07:17:56.755,POST,/desembolsos,201,175.7,81.9,,d770fb0a-2ad3-4a69-b8b6-f4d06bd56f5b,1,60
2026-09-24T07:17:56.879,POST,/desembolsos,201,210.2,122.6,,5bccb7ac-0498-4169-b731-1245af28a529,2,60
2026-09-24T07:17:56.888,POST,/desembolsos,201,201.0,113.4,,c2afe19d-493c-47c3-85e1-83ab2aa66445,1,60
2026-09-24T07:17:57.084,POST,/desembolsos,201,191.4,85.4,,a4a46352-255b-45a7-8d9a-2cae0a1b1b06,1,60
2026-09-24T07:17:54.300,POST,/desembolsos,0,3007.7,3007.5,timeout,68f1c3e4-dd70-48e0-a4d5-fb9521202c91,1,60
2026-09-24T07:17:57.196,POST,/desembolsos,201,180.4,85.9,,295e5374-e5f8-479e-8400-262b3b0873aa,1,60
2026-09-24T07:17:57.260,POST,/desembolsos,201,195.9,104.9,,efd8417d-c0c6-4b60-8ed5-78984d39fb48,3,60
2026-09-24T07:17:57.278,POST,/desembolsos,201,174.8,83.7,,2f640479-0fe0-4968-b2e1-3bbf31d538e2,1,60
2026-09-24T07:17:54.483,POST,/desembolsos,0,3003.2,3003.1,timeout,072ca729-2129-42c9-a15c-01cdb51420cc,1,60
2026-09-24T07:17:57.376,POST,/desembolsos,201,236.2,81.3,,1df5656c-3560-4815-ac0d-38318fac61e5,1,60
2026-09-24T07:17:57.495,POST,/desembolsos,201,210.3,117.2,,f32448c0-b499-4ca1-bee9-491a5b7afc9e,1,60
2026-09-24T07:17:57.590,POST,/desembolsos,201,178.9,89.3,,717ba5e9-5d93-4125-9077-dab4374eafb9,1,60
2026-09-24T07:17:57.669,POST,/desembolsos,201,184.3,83.8,,7e7be810-e9d0-4213-b978-0ffedfe37cd8,1,60
2026-09-24T07:17:57.795,POST,/desembolsos,201,178.8,91.2,,62430db8-a9d2-46f4-8318-aafa063a0249,1,60
2026-09-24T07:17:57.875,POST,/desembolsos,201,177.7,86.0,,ae9cc6f5-a553-489a-b0c9-ce2bb943cb4d,1,60
2026-09-24T07:17:58.003,POST,/desembolsos,201,176.9,87.8,,17d11b39-9c98-4ad8-ab60-d887007da43e,1,60
2026-09-24T07:17:55.179,POST,/desembolsos,0,3001.2,3001.1,timeout,260adf44-6f67-46d5-930c-0bff3615689d,1,60
2026-09-24T07:17:58.086,POST,/desembolsos,201,172.4,84.8,,ebe3b50d-966e-4376-92d7-2541629cbc28,1,60
2026-09-24T07:17:58.208,POST,/desembolsos,201,181.4,89.1,,33a28fbd-764f-4191-9616-7f4fd2bbfe75,1,60
2026-09-24T07:17:58.287,POST,/desembolsos,201,199.2,88.5,,68f1c3e4-dd70-48e0-a4d5-fb9521202c91,2,60
2026-09-24T07:17:58.287,POST,/desembolsos,201,203.9,89.1,,03362b60-512f-4845-8dea-caf69a056ef2,1,60
2026-09-24T07:17:58.368,POST,/desembolsos,201,204.6,105.4,,95c2f823-0213-41e2-bd6b-6da0b9087ddf,1,60
2026-09-24T07:17:58.496,POST,/desembolsos,201,185.3,84.5,,072ca729-2129-42c9-a15c-01cdb51420cc,2,60
2026-09-24T07:17:58.479,POST,/desembolsos,201,201.6,99.9,,bbd77e29-8c27-40d8-b917-b18b5f49f1ec,1,60
2026-09-24T07:17:58.610,POST,/desembolsos,201,202.2,102.6,,7fbd3573-2dce-4405-a7a7-93dd803e6ccb,1,60
2026-09-24T07:17:58.674,POST,/desembolsos,201,171.4,82.8,,74ccee43-a4d4-4a0e-8a27-d37394ca0272,1,60
2026-09-24T07:17:58.791,POST,/desembolsos,201,175.1,87.6,,864e8c1a-0ea0-4623-9a0c-3ae049c45122,1,60
2026-09-24T07:17:58.872,POST,/desembolsos,201,178.1,88.4,,2a857040-4dd4-49e5-b4fc-e63824d106c4,1,60
2026-09-24T07:17:58.964,POST,/desembolsos,201,218.8,83.8,,5eea2c32-1207-43c4-a4c3-b63657e928ec,1,60
2026-09-24T07:17:59.097,POST,/desembolsos,201,177.9,88.3,,84c5a653-8703-4adf-a2dc-3253fb40957e,1,60
2026-09-24T07:17:59.180,POST,/desembolsos,201,172.5,82.1,,260adf44-6f67-46d5-930c-0bff3615689d,2,60
2026-09-24T07:17:59.180,POST,/desembolsos,201,175.3,87.7,,2cddd0e9-b23b-4ac0-a071-1f741c5fc342,1,60
2026-09-24T07:17:59.272,POST,/desembolsos,201,170.3,81.6,,ee092bba-72ff-46e0-b726-010d348974cd,1,60
2026-09-24T07:17:56.483,POST,/desembolsos,0,3006.2,3006.1,timeout,7386f24e-1646-4b84-9137-5bf138055b27,1,60
2026-09-24T07:17:59.398,POST,/desembolsos,201,181.6,93.7,,b4ff36c2-7947-40a2-aa85-a80512403939,1,60
2026-09-24T07:17:59.489,POST,/desembolsos,201,171.5,83.9,,5c0d331c-71ec-42be-aa6b-b8bd5bb24620,1,60
2026-09-24T07:17:59.572,POST,/desembolsos,201,185.9,81.9,,df9fd489-d929-4256-b678-565d01d6621b,1,60
2026-09-24T07:17:59.661,POST,/desembolsos,201,204.7,97.3,,93d5979e-074e-4421-9440-fcc4972ff91f,1,60
2026-09-24T07:17:59.794,POST,/desembolsos,201,205.4,114.6,,6880c24d-ef9a-4f3e-be7c-675ec971dabc,1,60
2026-09-24T07:17:56.997,POST,/desembolsos,0,3020.7,3020.5,timeout,a50bfe89-2977-45f2-a7d1-7a0b75906d25,1,60
2026-09-24T07:17:59.890,POST,/desembolsos,201,171.9,82.5,,00de0413-4b7e-4fc7-928f-320bf2f50a25,1,60
2026-09-24T07:17:59.985,POST,/desembolsos,201,243.0,106.0,,dce538ce-15c7-449d-8137-dce3af8e5b6f,1,60
2026-09-24T07:18:00.192,POST,/desembolsos,201,175.4,83.4,,3dfe9748-72de-44ac-9777-b25da351e394,1,60
2026-09-24T07:18:00.274,POST,/desembolsos,201,177.7,82.7,,c4992065-2d63-4fc2-9189-5a0da255ef0a,1,60
2026-09-24T07:18:00.404,POST,/desembolsos,201,222.3,120.5,,ec7d39e1-9a47-4c83-86bc-bc040d46aacc,1,60
2026-09-24T07:18:00.502,POST,/desembolsos,201,207.2,95.3,,7386f24e-1646-4b84-9137-5bf138055b27,2,60
2026-09-24T07:18:00.502,POST,/desembolsos,201,207.9,95.7,,d3b5f6e0-0cf1-4593-beb7-0cd8ff6ff8df,1,60
2026-09-24T07:18:00.583,POST,/desembolsos,201,212.9,112.6,,0b9b964d-2ddd-4bba-b101-20d8cb7454d9,1,60
2026-09-24T07:18:00.707,POST,/desembolsos,201,192.6,100.8,,d0c94fca-7f81-4ed0-93bb-8097f3b3783d,1,60
2026-09-24T07:18:00.807,POST,/desembolsos,201,193.6,94.5,,4f7c4349-7c7c-476e-9a29-36f447dade8c,1,60
2026-09-24T07:18:00.871,POST,/desembolsos,201,219.9,124.7,,3b3ee667-48db-438d-b3cb-e300e7a6c8d3,1,60
2026-09-24T07:18:00.983,POST,/desembolsos,201,207.7,95.5,,33e90014-e669-477a-b8b4-491b4c20ab8e,1,60
2026-09-24T07:18:01.015,POST,/desembolsos,201,232.1,137.9,,a50bfe89-2977-45f2-a7d1-7a0b75906d25,2,60
2026-09-24T07:18:01.091,POST,/desembolsos,201,318.0,112.6,,fc57ad94-395b-4be1-b510-bcaa4d7bd99e,1,60
2026-09-24T07:18:01.289,POST,/desembolsos,201,255.2,119.0,,6d966e32-024b-41f8-9611-8565a367571a,1,60
2026-09-24T07:18:01.386,POST,/desembolsos,201,228.0,130.0,,330ba859-626a-4236-beb3-4eafa9ae810b,1,60
2026-09-24T07:18:01.498,POST,/desembolsos,201,259.6,107.5,,4b653986-40ea-476a-afc3-4176b6913536,1,60
2026-09-24T07:18:01.595,POST,/desembolsos,201,310.6,107.4,,98935949-ab95-46ed-a5af-6962bb700acb,1,60
2026-09-24T07:18:01.802,POST,/desembolsos,201,213.7,103.8,,d7d6bb0c-d2b0-4c5b-9261-828c4e3e2763,1,60
2026-09-24T07:18:01.690,POST,/desembolsos,201,313.9,203.8,,3bd80c24-0646-44c9-9a04-d19287176910,1,60
2026-09-24T07:18:01.897,POST,/desembolsos,201,280.6,93.7,,c1e49b22-f170-41ab-bf15-7d877e8b67c8,1,60
2026-09-24T07:18:01.977,POST,/desembolsos,201,266.0,177.6,,aeb6a507-3f60-4107-8a6b-62ff3007f814,1,60
2026-09-24T07:18:00.089,POST,/desembolsos,201,2265.2,2167.6,,f01e843c-7af1-4862-93ba-519565c2223b,1,60
2026-09-24T07:18:02.201,POST,/desembolsos,201,221.9,97.6,,2ffc6705-fa9e-4290-b7bb-bf50c5212d82,1,60
2026-09-24T07:18:02.297,POST,/desembolsos,201,228.9,125.0,,e1d22daa-6d5c-4430-ae4f-cf6e304d1ee9,1,60
2026-09-24T07:18:02.410,POST,/desembolsos,201,178.9,88.2,,2436d09c-49d6-47a5-bc10-b7d4039fc6ef,1,60
2026-09-24T07:18:02.490,POST,/desembolsos,201,180.7,83.7,,de767dff-e4f5-499a-a9ce-bfbb0a6b4df8,1,60
2026-09-24T07:18:02.570,POST,/desembolsos,201,179.8,88.5,,6c599aad-aae2-47d0-b538-3e9898ebe08a,1,60
2026-09-24T07:18:02.671,POST,/desembolsos,201,191.2,82.4,,d188e318-321d-4d6e-bbbc-0c67816bb123,1,60
2026-09-24T07:18:02.793,POST,/desembolsos,201,327.7,134.2,,74837a61-74c2-4878-b2eb-54c0cd9f82b4,1,60
2026-09-24T07:18:02.890,POST,/desembolsos,201,350.1,231.0,,43b97dc1-a554-42b6-8a5c-8c753cc6d7f5,1,60
2026-09-24T07:18:03.110,POST,/desembolsos,201,182.0,94.4,,93a68ffa-605d-42cc-9483-d54227900758,1,60
2026-09-24T07:18:03.192,POST,/desembolsos,201,194.6,90.9,,f847ff5e-4cf8-4e6d-910f-4148a83c8448,1,60
2026-09-24T07:18:03.274,POST,/desembolsos,201,200.5,98.4,,dee58588-3892-417b-8f94-932af046b1b2,1,60
2026-09-24T07:18:03.368,POST,/desembolsos,201,190.2,98.0,,c36ae97c-acb3-414b-a2d4-05114aa31ce3,1,60
2026-09-24T07:18:03.475,POST,/desembolsos,201,180.6,84.0,,5c2297b4-2162-4b63-87c5-8785de4e17ca,1,60
2026-09-24T07:18:03.607,POST,/desembolsos,201,335.1,148.2,,40177454-1166-41b3-ab18-7c035f96535d,1,60
2026-09-24T07:18:03.799,POST,/desembolsos,201,229.5,126.4,,a5cfb604-b66a-47e0-b8ff-cc4de8ef386d,1,60
2026-09-24T07:18:03.894,POST,/desembolsos,201,262.7,106.1,,ad6c2964-d5d1-4f63-a83d-12bb4d671c99,1,60
2026-09-24T07:18:03.703,POST,/desembolsos,201,453.7,222.0,,f590cbe5-1bc5-4dd1-b805-004f68637453,1,60
2026-09-24T07:18:01.194,POST,/desembolsos,0,2999.9,2999.7,timeout,0406a3f7-cbb6-4e22-ae7e-3a62425e113a,1,60
2026-09-24T07:18:04.071,POST,/desembolsos,201,183.7,86.2,,6da2fc03-f16a-4da5-b64a-c9a898da1f28,1,60
2026-09-24T07:18:03.990,POST,/desembolsos,201,265.3,167.5,,5780bf44-dd1e-4258-8bce-cf285c816a43,1,60
2026-09-24T07:18:02.105,POST,/desembolsos,201,2239.6,2149.2,,a77ca070-fd9e-460a-900d-46b1dccd6127,1,60
2026-09-24T07:18:04.178,POST,/desembolsos,201,202.1,107.3,,e055a1c3-170e-406e-9669-625f0475b08d,1,60
2026-09-24T07:18:04.277,POST,/desembolsos,201,176.9,90.1,,4c2117c1-88b3-41c6-a00b-812d4d765a7d,1,60
2026-09-24T07:18:04.370,POST,/desembolsos,201,171.2,81.9,,3a72a731-0652-44be-83a9-dd088fd228b7,1,60
2026-09-24T07:18:04.498,POST,/desembolsos,201,177.3,84.7,,292ce047-0f22-4dcd-9da8-d01aad8bb355,1,60
2026-09-24T07:18:04.577,POST,/desembolsos,201,180.1,85.7,,207d8d2e-0b16-4dad-9614-095859572d2f,1,60
2026-09-24T07:18:04.708,POST,/desembolsos,201,187.0,98.0,,c117f813-edd5-4c43-ac90-2f57120c42b8,1,60
2026-09-24T07:18:04.790,POST,/desembolsos,201,198.6,82.7,,13d47d67-55a8-4295-b85f-ef04f7db32f2,1,60
2026-09-24T07:18:04.872,POST,/desembolsos,201,220.9,116.3,,489a0b15-e9eb-40e4-b6a0-4d1e0385676e,1,60
2026-09-24T07:18:04.987,POST,/desembolsos,201,200.9,106.2,,b267143f-85dc-4f96-af09-65b51dd11863,1,60
2026-09-24T07:18:05.067,POST,/desembolsos,201,205.9,100.4,,537fb27d-189e-4029-bae2-34820d0b228c,1,60
2026-09-24T07:18:05.179,POST,/desembolsos,201,192.0,84.0,,96f85b1c-554f-470f-9fae-77ee50d2e48e,1,60
2026-09-24T07:18:05.211,POST,/desembolsos,201,184.4,83.8,,0406a3f7-cbb6-4e22-ae7e-3a62425e113a,2,60
2026-09-24T07:18:05.375,POST,/desembolsos,201,228.2,113.5,,42770386-2a57-40bd-a709-1ee34b2126f9,1,60
2026-09-24T07:18:05.489,POST,/desembolsos,201,212.8,118.6,,15c775ac-fe10-43b9-baf4-bad2fc54d067,1,60
2026-09-24T07:18:05.571,POST,/desembolsos,201,221.8,122.9,,01334d02-661e-4652-bae8-49ca08efa7f5,1,60
2026-09-24T07:18:05.685,POST,/desembolsos,201,207.7,104.3,,09276d88-1dc3-44d9-8687-2f2227a23e6e,1,60
2026-09-24T07:18:05.796,POST,/desembolsos,201,179.8,92.3,,c9d379b7-33cc-4a4b-872c-803d2aedee59,1,60
2026-09-24T07:18:03.002,POST,/desembolsos,0,3003.2,3003.0,timeout,6bccae8c-db68-48b5-8f5a-a00141bc5500,1,60
2026-09-24T07:18:05.875,POST,/desembolsos,201,172.5,83.3,,947385c4-3238-4de8-ba58-a6529bf69255,1,60
2026-09-24T07:18:06.003,POST,/desembolsos,201,191.1,96.0,,e5d29083-b9ab-40bf-a652-47c8faf5ac75,1,60
2026-09-24T07:18:06.083,POST,/desembolsos,201,201.5,111.0,,e2196956-48d5-47eb-8253-3bca5ee713cb,1,60
2026-09-24T07:18:06.179,POST,/desembolsos,201,184.0,94.2,,0d872a02-dd5c-4a36-b466-8f680d35fd9b,1,60
2026-09-24T07:18:06.274,POST,/desembolsos,201,181.7,88.5,,932310b3-97f2-43b4-9297-0cbc9ba2a028,1,60
2026-09-24T07:18:05.293,POST,/desembolsos,201,1191.1,1101.6,,732f7495-6fda-42ea-8f17-12f66beddf8c,1,60
2026-09-24T07:18:06.386,POST,/desembolsos,201,180.6,88.1,,812058f6-73c3-49d4-a534-5b524610975f,1,60
2026-09-24T07:18:06.466,POST,/desembolsos,201,188.3,95.8,,839af6a6-a36e-4f0c-bdf1-b3bb069a38f2,1,60
2026-09-24T07:18:06.595,POST,/desembolsos,201,177.5,85.8,,f0d0ffb0-aad3-4486-9ba9-a5a4e88a1c5a,1,60
2026-09-24T07:18:06.707,POST,/desembolsos,201,170.8,83.3,,158c2d8e-18d4-411e-8a94-f29d749234e5,1,60
2026-09-24T07:18:06.771,POST,/desembolsos,201,180.6,88.3,,b17c4616-9d22-412f-843a-1edb4ee32d27,1,60
2026-09-24T07:18:06.899,POST,/desembolsos,201,172.6,84.9,,6584f580-e7cf-477d-a0c5-11c36d1e369e,1,60
2026-09-24T07:18:06.979,POST,/desembolsos,201,170.6,84.2,,51f84fa0-c108-418a-9814-94bc8de5b19c,1,60
2026-09-24T07:18:07.010,POST,/desembolsos,201,196.3,108.3,,6bccae8c-db68-48b5-8f5a-a00141bc5500,2,60
2026-09-24T07:18:07.104,POST,/desembolsos,201,184.6,92.8,,23519e6b-faf8-407e-95a9-12626feb0143,1,60
2026-09-24T07:18:07.196,POST,/desembolsos,201,180.7,86.3,,a0ca1919-40e6-48c3-a5b9-c0db582b1192,1,60
2026-09-24T07:18:07.276,POST,/desembolsos,201,171.9,82.2,,d2bdeadc-e592-43b8-bec2-fbd6a752c829,1,60
2026-09-24T07:18:07.372,POST,/desembolsos,201,203.6,113.3,,9b16e858-f7f0-422f-934b-d8d52e5f98a2,1,60
2026-09-24T07:18:07.484,POST,/desembolsos,201,191.3,93.1,,2ba51066-d5da-462a-a62e-294b39444b7f,1,60
2026-09-24T07:18:07.580,POST,/desembolsos,201,179.8,84.1,,0119b74f-9faf-4c2b-b4c2-bc222e9e5f6d,1,60
2026-09-24T07:18:07.675,POST,/desembolsos,201,175.2,85.9,,6dd37a2c-70a1-44e2-ac44-de9beb1d29ea,1,60
2026-09-24T07:18:07.788,POST,/desembolsos,201,177.2,86.2,,8791fafd-f03b-4a96-a148-f8cf7ed2d6bc,1,60
2026-09-24T07:18:07.869,POST,/desembolsos,201,185.0,85.6,,daa5e24e-eb11-4192-af09-f13cff683c9f,1,60
2026-09-24T07:18:07.965,POST,/desembolsos,201,181.2,93.2,,cf2ac279-817e-4684-b621-9fc2356121a5,1,60
2026-09-24T07:18:08.108,POST,/desembolsos,201,171.0,82.6,,47b1fa80-a6f0-4f5a-8ad0-584d62191001,1,60
2026-09-24T07:18:08.188,POST,/desembolsos,201,176.5,84.7,,d8135e13-2b82-4afe-8598-79948425c1eb,1,60
2026-09-24T07:18:08.300,POST,/desembolsos,201,184.7,84.4,,9103d0fc-02ee-4f23-8782-ffd448788bc7,1,60
2026-09-24T07:18:08.379,POST,/desembolsos,201,181.9,86.1,,aa3dbb10-cbe1-4e9f-8a94-45769b46f595,1,60
2026-09-24T07:18:08.476,POST,/desembolsos,201,188.7,92.1,,aef2303d-9c94-44bf-aaee-0d8f8dd85897,1,60
2026-09-24T07:18:08.573,POST,/desembolsos,201,200.9,94.4,,8d45a729-5d99-49ab-8fa9-0032fff38b97,1,60
2026-09-24T07:18:08.667,POST,/desembolsos,201,198.3,107.9,,4f20fa60-4b59-49a3-857f-e95dd767e3ca,1,60
2026-09-24T07:18:08.777,POST,/desembolsos,201,174.5,83.3,,36d5a3e3-74d3-42c4-8554-49f2c0e4acd3,1,60
2026-09-24T07:18:08.904,POST,/desembolsos,201,185.0,95.0,,c62be604-e544-456c-ae50-e74b292c846d,1,60
2026-09-24T07:18:08.985,POST,/desembolsos,201,176.3,85.0,,c056e5a5-7060-4078-b5af-29d2d339ab9a,1,60
2026-09-24T07:18:09.080,POST,/desembolsos,201,179.3,88.8,,fd9e3ee9-eec3-45b4-80b9-f50dc31323a0,1,60
2026-09-24T07:18:09.165,POST,/desembolsos,201,172.9,84.9,,e92e67dd-ad93-4f88-8056-f98cc5a5989f,1,60
2026-09-24T07:18:09.309,POST,/desembolsos,201,198.7,108.1,,02ab1816-c534-4964-a39b-8b6dc3164924,1,60
2026-09-24T07:18:09.404,POST,/desembolsos,201,238.4,103.0,,baa8ba73-725a-4044-9b82-b7b3389cb3a4,1,60
2026-09-24T07:18:09.500,POST,/desembolsos,201,178.1,89.0,,0987388b-aa60-48a0-8e39-4c0b4e871362,1,60
2026-09-24T07:18:09.580,POST,/desembolsos,201,186.2,84.5,,7da9f1d8-caac-41f0-955c-41650304c0af,1,60
2026-09-24T07:18:09.674,POST,/desembolsos,201,188.4,89.6,,e2e343d3-b2ea-4830-bedb-0cf01b441592,1,60
2026-09-24T07:18:09.772,POST,/desembolsos,201,172.5,83.2,,70d065d7-da42-4a46-9405-2ade5d553602,1,60
2026-09-24T07:18:09.884,POST,/desembolsos,201,279.7,118.7,,fd5da65e-8e73-41b3-9add-22550073f31d,1,60
2026-09-24T07:18:09.979,POST,/desembolsos,201,186.4,97.3,,efd830b7-4e74-4bc0-af3a-0dcedb614458,1,60
2026-09-24T07:18:10.075,POST,/desembolsos,201,213.9,87.8,,a4c3b102-3e89-4e5a-a9e8-9cd3e58a8b0c,1,60
2026-09-24T07:18:10.188,POST,/desembolsos,201,173.6,85.4,,2af3d071-68bd-4d35-9167-0459bd4da86c,1,60
2026-09-24T07:18:10.285,POST,/desembolsos,201,192.5,102.5,,c6ffc90a-12e8-41c0-8c8d-e23a72120346,1,60
2026-09-24T07:18:10.381,POST,/desembolsos,201,176.0,84.9,,8a7842cf-92f9-4b9c-ad6c-839d7afcd4e4,1,60
2026-09-24T07:18:10.508,POST,/desembolsos,201,172.0,84.4,,ddb78ecf-9e9e-44dd-ac5c-a05d193423b5,1,60
2026-09-24T07:18:10.587,POST,/desembolsos,201,181.7,84.7,,e0cb7226-076f-4a95-af7f-4ea7e4d466cd,1,60
2026-09-24T07:18:10.699,POST,/desembolsos,201,175.1,83.2,,cd182372-fcc4-4019-93b9-b09a54325084,1,60
2026-09-24T07:18:10.779,POST,/desembolsos,201,176.9,83.6,,9cd601f1-2768-47d3-8dcc-6c8383c3ee88,1,60
2026-09-24T07:18:10.873,POST,/desembolsos,201,181.2,86.2,,97002651-1611-4d5e-9f9a-a2f59eb73b6a,1,60
2026-09-24T07:18:11.000,POST,/desembolsos,201,191.9,86.7,,5513580c-e2e9-4122-9723-200b53819f01,1,60
2026-09-24T07:18:11.079,POST,/desembolsos,201,205.2,83.0,,5cdc7310-ca52-4e28-b3a6-7657183900c0,1,60
2026-09-24T07:18:11.182,POST,/desembolsos,201,185.8,93.0,,d1a4e9d3-d4c7-4d3b-83c6-8ef6c353fbc6,1,60
2026-09-24T07:18:11.275,POST,/desembolsos,201,174.7,85.4,,0ccafe56-5697-49ed-8e34-24862ce46d1c,1,60
2026-09-24T07:18:11.369,POST,/desembolsos,201,175.4,84.5,,fcee98f3-73ec-44c5-bfa9-b3f9c96e9a19,1,60
2026-09-24T07:18:11.499,POST,/desembolsos,201,176.1,83.6,,2671e83d-aed8-438f-830e-77cffce92dc2,1,60
2026-09-24T07:18:11.579,POST,/desembolsos,201,172.7,84.7,,79f32ea0-adc5-4642-8d53-19781955eea4,1,60
2026-09-24T07:18:11.707,POST,/desembolsos,201,177.4,84.6,,ba068c55-5ae1-482a-a5f3-7a1def8e47d5,1,60
2026-09-24T07:18:11.818,POST,/desembolsos,201,201.3,81.9,,560ca960-70df-48f6-b389-7f35aad52209,1,60
2026-09-24T07:18:11.882,POST,/desembolsos,201,250.8,83.5,,0c587c73-c14b-4a5a-a62c-6d20bb52a776,1,60
2026-09-24T07:18:11.994,POST,/desembolsos,201,224.3,133.2,,ce63e812-e68c-47a1-b1ad-8fd86f6a7b5a,1,60
2026-09-24T07:18:12.090,POST,/desembolsos,201,197.3,105.3,,b8cc545a-47ba-4a25-99f6-7c882701f9ac,1,60
2026-09-24T07:18:12.188,POST,/desembolsos,201,207.0,89.4,,48e32a20-a8d5-409f-9cbd-cb87ad84b9ad,1,60
2026-09-24T07:18:12.268,POST,/desembolsos,201,338.8,118.3,,63de8c8c-16f0-464e-bd85-5a867ae7d9fe,1,60
2026-09-24T07:18:12.394,POST,/desembolsos,201,367.4,221.5,,b92255a1-d817-4994-93de-fa2e97bcc908,1,60
2026-09-24T07:18:12.506,POST,/desembolsos,201,255.0,109.0,,3270a0ff-fda1-47db-81a7-4cd8babc16c7,1,60
2026-09-24T07:18:12.586,POST,/desembolsos,201,316.4,163.0,,c2e95647-d7b6-4564-83d4-2c562fa6aaa1,1,60
2026-09-24T07:18:12.698,POST,/desembolsos,201,268.6,174.3,,f6534700-baed-438b-bd06-c956db806268,1,60
2026-09-24T07:18:12.778,POST,/desembolsos,201,188.8,94.3,,3be4f7ad-b20f-459e-95d5-88282793c66c,1,60
2026-09-24T07:18:12.890,POST,/desembolsos,201,196.0,97.9,,fe3c1927-d256-49f0-a98f-4bb9c1a0edc4,1,60
2026-09-24T07:18:12.986,POST,/desembolsos,201,226.9,112.9,,662fd234-957f-4f19-b4fe-337be6571821,1,60
2026-09-24T07:18:13.291,POST,/desembolsos,201,503.0,98.3,,cb35f3d0-8244-4e07-9b0e-2b3eac654c30,1,60
2026-09-24T07:18:13.387,POST,/desembolsos,201,499.4,379.1,,72393ce1-908a-4c77-85ef-08ea04f3c8aa,1,60
2026-09-24T07:18:13.597,POST,/desembolsos,201,332.3,194.3,,bf570f3d-ca99-42be-830f-655572fe48f8,1,60
2026-09-24T07:18:13.499,POST,/desembolsos,201,432.4,292.7,,cc72df6d-0eea-4349-ab4b-99fff78e7c1d,1,60
2026-09-24T07:18:13.713,POST,/desembolsos,201,247.5,86.6,,a2cb7f4e-022a-4fbc-9845-cb20b6cc008f,1,60
2026-09-24T07:18:13.085,POST,/desembolsos,201,927.6,127.9,,7da6bd78-ff20-4c5b-99cc-19e59b94d4a1,1,60
2026-09-24T07:18:13.779,POST,/desembolsos,201,227.8,95.8,,3daf7065-0737-4724-a893-892ab8c83f53,1,60
2026-09-24T07:18:13.878,POST,/desembolsos,201,238.9,140.3,,9b7c06e2-ce0c-491c-9a61-384ecffd78a1,1,60
2026-09-24T07:18:13.992,POST,/desembolsos,201,194.5,90.8,,46b02d3d-2b75-4f19-af49-091a55f66b06,1,60
2026-09-24T07:18:14.071,POST,/desembolsos,201,200.4,97.7,,58e6e41b-26ef-469c-bd36-e31770f2d86a,1,60
2026-09-24T07:18:14.164,POST,/desembolsos,201,198.8,102.8,,39e3e8b3-f776-493f-b1ea-63d676d7c7c2,1,60
2026-09-24T07:18:13.180,POST,/desembolsos,201,1188.7,1092.7,,6f5ea2d3-e02a-4362-bb5a-6165cc43b6ee,1,60
2026-09-24T07:18:14.292,POST,/desembolsos,201,228.7,119.7,,7d07bac3-21bc-4227-9324-8e8208dbd84e,1,60
2026-09-24T07:18:14.388,POST,/desembolsos,201,244.6,112.9,,bc2ddc0f-2bb1-4d0d-8493-1b739ff9d597,1,60
2026-09-24T07:18:14.500,POST,/desembolsos,201,369.7,132.9,,9578dfb3-eacc-4adb-abcd-b9b9a7b6c40c,1,60
2026-09-24T07:18:14.677,POST,/desembolsos,201,290.9,191.6,,0d7a4d20-170f-4212-8e32-220e227f43b5,1,60
2026-09-24T07:18:14.773,POST,/desembolsos,201,206.3,95.8,,ad3cd19e-ed1e-497b-9213-ce8373f67777,1,60
2026-09-24T07:18:14.596,POST,/desembolsos,201,384.8,274.0,,85bbed85-2de9-4765-9628-9a2108c4370d,1,60
2026-09-24T07:18:14.887,POST,/desembolsos,201,209.5,93.3,,c5b3ab1d-c0f5-4fb5-85fc-5b56662fe376,1,60
2026-09-24T07:18:14.978,POST,/desembolsos,201,201.4,102.4,,fc000a5b-77de-473a-9c38-71835cebdac6,1,60
2026-09-24T07:18:15.068,POST,/desembolsos,201,181.4,94.3,,b105940a-1db7-46d6-af0a-ce7c13b0f3be,1,60
2026-09-24T07:18:15.181,POST,/desembolsos,201,171.9,81.7,,ec0ac566-c849-485b-bbef-82e3d8963c9f,1,60
2026-09-24T07:18:15.294,POST,/desembolsos,201,200.5,107.0,,247974fd-87d3-46f9-a3e2-5b6ec33acf04,1,60
2026-09-24T07:18:15.392,POST,/desembolsos,201,185.1,88.4,,d3aea028-de38-4e78-9662-26d26d60bd13,1,60
2026-09-24T07:18:15.475,POST,/desembolsos,201,180.4,91.7,,ed6f7337-aff2-423a-ba2f-0ffa6a8a3770,1,60
2026-09-24T07:18:15.604,POST,/desembolsos,201,193.2,100.6,,2287b778-bf41-401b-b43d-90630afcac81,1,60
2026-09-24T07:18:15.683,POST,/desembolsos,201,213.9,91.1,,e624f175-a3a4-4b7a-b387-3874b2ec972e,1,60
2026-09-24T07:18:15.796,POST,/desembolsos,201,226.0,127.1,,a91e4a9c-b7cf-484d-809b-d3b3d0e94159,1,60
2026-09-24T07:18:15.896,POST,/desembolsos,201,179.3,85.6,,33e6188e-0296-4e56-b09f-c47bcb988844,1,60
2026-09-24T07:18:15.982,POST,/desembolsos,201,176.3,83.7,,757280bc-d047-4f8a-a6f1-a0623288d03c,1,60
2026-09-24T07:18:16.071,POST,/desembolsos,201,169.6,82.2,,bde3420e-037e-4dc8-9a36-af717ad4db86,1,60
2026-09-24T07:18:16.198,POST,/desembolsos,201,183.8,94.7,,76d28083-f9d4-4a17-8100-5334a6c9f1bb,1,60
2026-09-24T07:18:16.280,POST,/desembolsos,201,173.4,82.7,,679551de-c2b8-4d48-b91b-986013cc95e2,1,60
2026-09-24T07:18:16.377,POST,/desembolsos,201,207.8,85.9,,8beee9e7-31ae-416d-bd1d-76dd4a9490f3,1,60
2026-09-24T07:18:16.466,POST,/desembolsos,201,206.0,82.7,,dcb85aa7-2498-4788-b334-3509427f0436,1,60
2026-09-24T07:18:16.583,POST,/desembolsos,201,176.1,84.1,,81abe9ad-0b93-429d-80ee-a624a0b91d7c,1,60
2026-09-24T07:18:16.704,POST,/desembolsos,201,178.0,82.8,,6291e0bc-62f7-471f-b106-5ac1aab513b7,1,60
2026-09-24T07:18:16.787,POST,/desembolsos,201,179.9,83.3,,0b81c6b6-b05d-4840-bdf2-b6bf9423d68b,1,60
2026-09-24T07:18:16.868,POST,/desembolsos,201,183.3,90.2,,56199edd-ba4d-4e8c-8013-ead56956d7e1,1,60
2026-09-24T07:18:16.980,POST,/desembolsos,201,181.2,83.8,,29c60609-85a7-47b8-ada1-c65d1978891c,1,60
2026-09-24T07:18:17.095,POST,/desembolsos,201,186.7,84.1,,a9e93ccc-d0ea-4f30-a1f4-3ecb4f755cdb,1,60
2026-09-24T07:18:17.161,POST,/desembolsos,201,210.0,120.3,,0fcc2708-5087-411f-bec3-ad05255a1185,1,60
2026-09-24T07:18:17.277,POST,/desembolsos,201,174.6,85.4,,cc7449b6-f298-44f1-b76a-eb6b0914e4b5,1,60
2026-09-24T07:18:17.369,POST,/desembolsos,201,174.2,83.9,,911a45ae-420a-457e-ad65-6591fe0ac5fb,1,60
2026-09-24T07:18:17.501,POST,/desembolsos,201,172.6,84.1,,b76928a9-c397-49f5-8ca2-0c1c9c1b4aea,1,60
2026-09-24T07:18:17.584,POST,/desembolsos,201,178.2,87.0,,128af340-06ee-4963-8e18-9a79ab749a73,1,60
2026-09-24T07:18:17.698,POST,/desembolsos,201,179.8,86.7,,9f5fe21f-d0da-4c10-8fbd-929687906d12,1,60
2026-09-24T07:18:17.779,POST,/desembolsos,201,182.8,93.7,,abf505ae-9a88-4fbf-9517-ad43092a044f,1,60
2026-09-24T07:18:17.911,POST,/desembolsos,201,171.4,84.0,,e86d3bbc-8cb1-4eb9-bc7f-7b20b0c655bb,1,60
2026-09-24T07:18:17.965,POST,/desembolsos,201,179.3,87.6,,28391684-2f59-4096-b074-03bf64621f03,1,60
2026-09-24T07:18:18.075,POST,/desembolsos,201,180.1,85.6,,436fe66c-106d-4cd9-9efb-713eb925657b,1,60
2026-09-24T07:18:18.189,POST,/desembolsos,201,173.0,83.9,,6f6496a4-33d4-4866-be0a-001933eb8021,1,60
2026-09-24T07:18:18.272,POST,/desembolsos,201,171.0,82.6,,9e8c9fac-0dba-4714-90c4-fef57afc8f30,1,60
2026-09-24T07:18:18.386,POST,/desembolsos,201,196.8,106.9,,445bb738-209e-4daa-8491-d94d0e430078,1,60
2026-09-24T07:18:18.486,POST,/desembolsos,201,178.6,87.4,,329e2213-94b3-4ca1-b819-b51d012a0977,1,60
2026-09-24T07:18:18.572,POST,/desembolsos,201,173.9,84.7,,d6c66a6e-4a57-4d9d-805c-fc637ce69a8b,1,60
2026-09-24T07:18:18.684,POST,/desembolsos,201,179.1,88.5,,fae692c7-5f7e-4f55-91be-eaae84f67e33,1,60
2026-09-24T07:18:18.768,POST,/desembolsos,201,174.5,85.0,,f338483f-bb81-40a7-bdcf-3fdfb45e60ae,1,60
2026-09-24T07:18:18.893,POST,/desembolsos,201,183.5,91.6,,b81927a0-261d-4f55-8a8f-5b5c1a081cf9,1,60
2026-09-24T07:18:18.975,POST,/desembolsos,201,179.0,86.0,,567a9d79-313a-4bcf-a544-a731ac97ec15,1,60
2026-09-24T07:18:19.069,POST,/desembolsos,201,177.8,87.1,,cde2d9dd-f902-48f5-b425-214bf0a1d5cf,1,60
2026-09-24T07:18:19.181,POST,/desembolsos,201,172.8,84.4,,36e83956-fc14-4535-b342-c7bb9921affa,1,60
2026-09-24T07:18:19.294,POST,/desembolsos,201,172.7,83.3,,846a0cc5-fdee-4fd5-a357-2e756435e006,1,60
2026-09-24T07:18:19.405,POST,/desembolsos,201,177.6,89.4,,ea163b42-dd17-46d6-8e4a-37f9860ab285,1,60
2026-09-24T07:18:19.485,POST,/desembolsos,201,171.5,83.7,,1f4f1129-4d87-4d1a-9bf5-53a6634feb0c,1,60
2026-09-24T07:18:19.573,POST,/desembolsos,201,174.4,85.6,,24881a7b-8da4-4bd0-a605-e99e514ac4e3,1,60
2026-09-24T07:18:19.661,POST,/desembolsos,201,182.1,86.1,,1ea86e71-484b-47aa-9d64-2ae788b98c74,1,60
2026-09-24T07:18:19.775,POST,/desembolsos,201,173.9,83.4,,1b160b4b-0f88-4377-b61f-1d0d6297867a,1,60
2026-09-24T07:18:19.904,POST,/desembolsos,201,175.7,83.6,,b05de59f-872b-4b3e-a809-2a180fdbbc6b,1,60
2026-09-24T07:18:19.986,POST,/desembolsos,201,171.8,84.3,,711f9219-0dcf-4123-a82d-9b6e98410c91,1,60
2026-09-24T07:18:20.069,POST,/desembolsos,201,175.2,83.7,,905abad5-fb9c-41ad-a7d4-c85ae165836b,1,60
2026-09-24T07:18:20.182,POST,/desembolsos,201,220.2,85.6,,f7d23c07-3ab5-4c20-8970-dd2bc0cc206a,1,60
2026-09-24T07:18:20.293,POST,/desembolsos,201,200.6,109.7,,20540856-0c27-4092-b917-469578a0771e,1,60
2026-09-24T07:18:20.399,POST,/desembolsos,201,180.7,85.1,,49e1c3ad-2571-4ac2-b65f-a133a0a2cffc,1,60
2026-09-24T07:18:20.482,POST,/desembolsos,201,173.7,84.1,,1e29d2d7-40e4-4890-9c73-7495590269e0,1,60
2026-09-24T07:18:20.579,POST,/desembolsos,201,180.2,91.5,,72dddc95-58af-4e2c-bc24-522724c14dc9,1,60
2026-09-24T07:18:20.704,POST,/desembolsos,201,189.4,94.8,,0edf4747-d7c8-4c2c-94c1-c663240a3a84,1,60
2026-09-24T07:18:20.794,POST,/desembolsos,201,191.0,89.2,,83c52642-0094-4017-82fe-a41c65501f58,1,60
2026-09-24T07:18:20.880,POST,/desembolsos,201,190.9,94.1,,9efdb62c-d76d-4e43-abe3-8b026a915305,1,60
2026-09-24T07:18:20.979,POST,/desembolsos,201,179.4,91.6,,91ac8876-09e4-40b1-93f9-6aa498f1e59f,1,60
2026-09-24T07:18:21.069,POST,/desembolsos,201,176.8,86.6,,b6099cb2-2a9d-489d-a436-cf16079dbbb1,1,60
2026-09-24T07:18:21.195,POST,/desembolsos,201,175.1,86.0,,4d8e8527-d791-47bd-a134-b6146a969573,1,60
2026-09-24T07:18:21.280,POST,/desembolsos,201,171.8,82.6,,48523dcb-9437-4181-bb46-b64e5494095c,1,60
2026-09-24T07:18:21.395,POST,/desembolsos,201,177.7,85.8,,72ec3de4-d795-4993-862f-d0e9452d8db4,1,60
2026-09-24T07:18:21.476,POST,/desembolsos,201,199.5,86.4,,7fcb6859-52ce-40a0-b821-1be38adff6f3,1,60
2026-09-24T07:18:21.607,POST,/desembolsos,201,182.9,94.2,,15631a42-c0cf-4dd0-8d96-95e82f1013fd,1,60
2026-09-24T07:18:21.689,POST,/desembolsos,201,176.0,84.8,,26b903da-1e45-4bc9-a19d-9d2ec5ad000d,1,60
2026-09-24T07:18:21.784,POST,/desembolsos,201,172.5,84.0,,9dda1aea-ff8e-4ef8-a332-5b1745eac417,1,60
2026-09-24T07:18:21.885,POST,/desembolsos,201,174.7,86.3,,23ecbf3b-ea6f-486d-83fc-76036d7661dd,1,60
2026-09-24T07:18:21.998,POST,/desembolsos,201,179.9,89.3,,1dd7e9a8-6cf6-48e6-9cb0-25f617386dc4,1,60
2026-09-24T07:18:22.082,POST,/desembolsos,201,197.2,88.8,,21bc21e7-80de-46a4-b780-0ef958da8188,1,60
2026-09-24T07:18:22.174,POST,/desembolsos,201,228.1,85.8,,bcd3196f-5d8d-43db-82e1-1341e586a492,1,60
2026-09-24T07:18:22.282,POST,/desembolsos,201,209.0,119.1,,120f6f75-ec1b-4083-a8b1-fed719eb350c,1,60
2026-09-24T07:18:22.402,POST,/desembolsos,201,174.3,81.7,,e94e8cbc-47ba-4d90-8c2b-98ac4848ef5e,1,60
2026-09-24T07:18:22.483,POST,/desembolsos,201,190.7,90.5,,e45102fb-76a8-40f3-bb0b-6fe5124bef9c,1,60
2026-09-24T07:18:22.571,POST,/desembolsos,201,207.9,100.2,,6c4f86db-0d16-44cf-bbe8-e8b136372cfd,1,60
2026-09-24T07:18:22.672,POST,/desembolsos,201,199.0,105.5,,af4c0696-1575-4dc8-abe1-990bef719316,1,60
2026-09-24T07:18:22.778,POST,/desembolsos,201,193.7,90.8,,9b1fecc8-3adf-4e8d-bf4e-5361fb1fad58,1,60
2026-09-24T07:18:22.890,POST,/desembolsos,201,239.5,94.8,,5719a50d-9ba7-4472-a5a9-9fe11962dd90,1,60
2026-09-24T07:18:23.019,POST,/desembolsos,201,199.4,110.5,,e98bf8ae-e3d6-41d2-9a62-4db8509d6e0c,1,60
2026-09-24T07:18:23.101,POST,/desembolsos,201,190.3,98.4,,5f0e7176-86d7-43cb-95c5-245fc0f461eb,1,60
2026-09-24T07:18:23.198,POST,/desembolsos,201,191.8,86.4,,aee9a90b-f86e-4824-ae48-07c726ddad33,1,60
2026-09-24T07:18:23.281,POST,/desembolsos,201,188.0,99.5,,5af96e0e-ff66-4fa4-bca5-647ac7e302f6,1,60
2026-09-24T07:18:23.379,POST,/desembolsos,201,182.5,89.5,,5594c291-7320-41be-8ffe-a4344e620b5a,1,60
2026-09-24T07:18:23.490,POST,/desembolsos,201,187.6,87.1,,76fe7ea0-fff2-4f1b-9321-2465fc4fe892,1,60
2026-09-24T07:18:23.574,POST,/desembolsos,201,194.9,93.4,,377e599f-b7d6-4f58-9774-830b962598c6,1,60
2026-09-24T07:18:23.668,POST,/desembolsos,201,178.2,82.0,,e8acb859-18e9-42c2-b680-512ca4585fea,1,60
2026-09-24T07:18:23.799,POST,/desembolsos,201,185.4,88.3,,26bd6047-bb0d-4f4c-ac93-73712b2a4316,1,60
2026-09-24T07:18:23.887,POST,/desembolsos,201,180.2,92.7,,55cc347e-c6ae-4ce8-8d8b-5bd4f7844199,1,60
2026-09-24T07:18:23.979,POST,/desembolsos,201,169.6,82.0,,fbef9dd8-fd2a-48cd-9425-06d8dd4ba039,1,60
2026-09-24T07:18:24.090,POST,/desembolsos,201,174.5,85.5,,ac45ef5d-e211-4416-9266-ab7ee34ce333,1,60
2026-09-24T07:18:24.174,POST,/desembolsos,201,182.5,89.4,,45721ae8-6106-4819-baea-85920907b5ff,1,60
2026-09-24T07:18:24.294,POST,/desembolsos,201,178.5,89.8,,435f4b3c-f7d6-47e3-93b8-c834f0088de4,1,60
2026-09-24T07:18:24.377,POST,/desembolsos,201,177.5,87.2,,3bc46859-967c-40a3-a572-9ddbd0ad318d,1,60
2026-09-24T07:18:24.471,POST,/desembolsos,201,185.5,83.8,,601ee03e-3bea-4dae-a001-fc98e15c0543,1,60
2026-09-24T07:18:24.554,POST,/desembolsos,201,178.5,82.9,,0f3c52b8-9a1e-4290-94eb-66533daeae95,1,60
2026-09-24T07:18:24.684,POST,/desembolsos,201,201.1,112.3,,198e0c72-9190-4339-86d8-d21521d54077,1,60
2026-09-24T07:18:24.796,POST,/desembolsos,201,180.0,90.4,,dc782389-17ed-42ac-b9d6-7e0117ac01d8,1,60
2026-09-24T07:18:24.881,POST,/desembolsos,201,171.7,83.2,,664b0929-f402-44d8-8fc5-362f84ec878e,1,60
2026-09-24T07:18:24.959,POST,/desembolsos,201,177.3,87.4,,ba3cc934-ec4d-4035-a6dc-d0551b918497,1,60
2026-09-24T07:18:25.090,POST,/desembolsos,201,176.0,85.4,,8b2ebaf5-3886-42d9-97a1-150cb8a750f7,1,60
2026-09-24T07:18:25.174,POST,/desembolsos,201,174.8,87.5,,364b6a64-6fc5-4853-b444-a4e456b0e131,1,60
2026-09-24T07:18:25.262,POST,/desembolsos,201,177.2,85.1,,cee29bb5-aad0-4775-8469-d0b4b5803de2,1,60
2026-09-24T07:18:25.380,POST,/desembolsos,201,198.7,110.5,,e33c118d-ff22-4dc8-b8eb-a76b972116be,1,60
2026-09-24T07:18:25.490,POST,/desembolsos,201,171.4,83.9,,2c12476e-a551-4b75-bcbb-884bca32096f,1,60
2026-09-24T07:18:25.573,POST,/desembolsos,201,177.3,88.0,,285153b3-7237-41e7-ac4f-397384c6964e,1,60
2026-09-24T07:18:25.682,POST,/desembolsos,201,185.5,85.1,,9bdfece7-32fb-4474-90d1-641bb99d1b42,1,60
2026-09-24T07:18:25.766,POST,/desembolsos,201,185.9,93.9,,62f01ca5-54d1-4bd2-8887-edbbbe135d12,1,60
2026-09-24T07:18:25.867,POST,/desembolsos,201,199.6,85.1,,e5e9263f-c228-479b-8d00-89d268491675,1,60
2026-09-24T07:18:25.989,POST,/desembolsos,201,181.1,91.3,,01bdef37-04c8-4850-be5c-e1008eba29a2,1,60
2026-09-24T07:18:26.080,POST,/desembolsos,201,177.4,84.0,,d1a9b6b2-dc99-476c-a80a-182ac1619338,1,60
2026-09-24T07:18:26.197,POST,/desembolsos,201,175.4,84.4,,8f1da005-bb75-4be7-8a3d-903ad85ee3ca,1,60
2026-09-24T07:18:26.256,POST,/desembolsos,201,183.8,89.7,,22f17384-b753-4e29-8a80-50430fb21ef4,1,60
2026-09-24T07:18:26.396,POST,/desembolsos,201,190.7,95.1,,569d415f-fc92-4686-bbb9-a0c29a29ae26,1,60
2026-09-24T07:18:26.489,POST,/desembolsos,201,190.2,94.2,,dc74de81-54cd-4bb2-b6d8-1b2301122bcd,1,60
2026-09-24T07:18:26.581,POST,/desembolsos,201,185.8,85.8,,f6314469-5a57-4161-8186-8802fee6a2b3,1,60
2026-09-24T07:18:26.664,POST,/desembolsos,201,185.0,94.9,,cd270f26-ce65-4ef6-b079-a5662da49c14,1,60
2026-09-24T07:18:26.803,POST,/desembolsos,201,213.0,93.7,,c5d7b745-3670-4639-bc57-165888c28fa1,1,60
2026-09-24T07:18:26.885,POST,/desembolsos,201,194.9,91.4,,9d1f5b61-0665-4522-9a30-093da974d907,1,60
2026-09-24T07:18:26.998,POST,/desembolsos,201,174.1,82.3,,66f78f3d-bba1-4660-85d3-10536ae2ec83,1,60
2026-09-24T07:18:27.079,POST,/desembolsos,201,176.7,84.7,,e53bc56c-835a-409d-a19f-8fde25079bcb,1,60
2026-09-24T07:18:27.184,POST,/desembolsos,201,185.4,91.1,,59d56f26-42cf-4fad-ac21-5cf3e252e77a,1,60
2026-09-24T07:18:27.272,POST,/desembolsos,201,179.6,89.5,,08f428d8-2262-4f1d-b568-ca9820e87e37,1,60
2026-09-24T07:18:27.386,POST,/desembolsos,201,179.6,91.8,,cf40c8ed-2414-4980-8476-ac8412047ceb,1,60
2026-09-24T07:18:27.477,POST,/desembolsos,201,175.7,83.8,,cc7d8bbe-feb6-40ae-a75f-80770fdd8f1e,1,60
2026-09-24T07:18:27.595,POST,/desembolsos,201,191.8,100.1,,e39eef75-5180-497d-957d-20690b481224,1,60
2026-09-24T07:18:27.694,POST,/desembolsos,201,176.9,88.2,,986fcfb7-1747-4acb-9344-ba9533557f35,1,60
2026-09-24T07:18:27.775,POST,/desembolsos,201,174.7,84.1,,b7e16b84-7bcb-4dba-9a35-016b9883891f,1,60
2026-09-24T07:18:27.890,POST,/desembolsos,201,215.5,114.4,,98e65054-314a-4a8f-a35e-0ff5877e5192,1,60
2026-09-24T07:18:27.988,POST,/desembolsos,201,173.3,85.6,,594f90d8-174f-4d56-ac6e-4435806eaa6a,1,60
2026-09-24T07:18:28.097,POST,/desembolsos,201,172.3,83.9,,818680d3-4f83-4a00-9ef2-2f5d1136346b,1,60
2026-09-24T07:18:28.181,POST,/desembolsos,201,175.3,83.5,,ba947573-3e6e-4a1d-bc50-88ad0f61b624,1,60
2026-09-24T07:18:28.258,POST,/desembolsos,201,173.2,83.5,,fc2725ef-a8da-4a23-829c-f0c0a5ca8b16,1,60
2026-09-24T07:18:28.389,POST,/desembolsos,201,175.8,84.6,,debb3b8c-4bc4-4519-b0fd-ee1eaaf0ac31,1,60
2026-09-24T07:18:28.502,POST,/desembolsos,201,231.4,116.5,,01a23263-d049-423b-aeca-50c935587a07,1,60
2026-09-24T07:18:28.596,POST,/desembolsos,201,215.7,106.9,,a4475cc4-d8c7-41e2-b79f-27e61cc109b1,1,60
2026-09-24T07:18:28.692,POST,/desembolsos,201,208.7,106.4,,1c20b408-2696-4259-b4b5-558e6aadcc4b,1,60
2026-09-24T07:18:28.790,POST,/desembolsos,201,201.6,91.2,,7c4a9ea0-f3fd-4547-b6ca-9dbb761fcefe,1,60
2026-09-24T07:18:28.876,POST,/desembolsos,201,197.8,104.3,,0f4b08e3-7c3e-4758-a442-e985e8970732,1,60
2026-09-24T07:18:28.985,POST,/desembolsos,201,190.3,93.9,,8bd897f4-375c-4fea-ab41-9da03b5ba7d3,1,60
2026-09-24T07:18:29.078,POST,/desembolsos,201,220.1,97.4,,6df06e00-692e-4f92-b593-ef14f5a684d9,1,60
2026-09-24T07:18:29.168,POST,/desembolsos,201,205.3,111.7,,59fa7ecc-29a9-46dd-a978-bf81176d53f0,1,60
2026-09-24T07:18:29.297,POST,/desembolsos,201,185.8,96.4,,087b0e0c-0dc7-41ac-9fa8-97f9f1fc3df8,1,60
2026-09-24T07:18:29.379,POST,/desembolsos,201,172.4,84.4,,57dbe236-d845-4da0-92ba-54ce464a5b9d,1,60
2026-09-24T07:18:29.476,POST,/desembolsos,201,186.1,82.8,,64ed73ec-b3da-4a4a-986c-f4928935a744,1,60
2026-09-24T07:18:29.587,POST,/desembolsos,201,187.6,91.6,,6d51202d-a3bf-4588-a2bc-c5d64b8b46f8,1,60
2026-09-24T07:18:29.662,POST,/desembolsos,201,192.6,93.7,,5df3fc2f-767e-4685-82d7-4387309a4aef,1,60
2026-09-24T07:18:29.773,POST,/desembolsos,201,228.3,91.3,,808a58df-813d-4504-b295-8c27ca5743e6,1,60
2026-09-24T07:18:29.866,POST,/desembolsos,201,231.9,137.5,,a568d072-6832-4afd-8acf-6ff3c8b66aa4,1,60
2026-09-24T07:18:29.985,POST,/desembolsos,201,197.1,98.6,,0f46a955-b7ae-4b79-80c6-79767bb59f3c,1,60
2026-09-24T07:18:30.068,POST,/desembolsos,201,182.6,91.4,,25f17a76-96c8-4ac2-ae5f-3c9fcc53ab0c,1,60
2026-09-24T07:18:30.165,POST,/desembolsos,201,183.8,87.6,,5f856794-7e8b-4b03-bbbf-d0a9f67bb78d,1,60
2026-09-24T07:18:30.297,POST,/desembolsos,201,194.0,92.8,,df8b07d0-ac9d-4fe7-8384-9b2f80e3bc06,1,60
2026-09-24T07:18:30.383,POST,/desembolsos,201,226.0,91.0,,ce0e2228-5f69-4b19-bfee-95e4033da994,1,60
2026-09-24T07:18:30.480,POST,/desembolsos,201,230.8,135.5,,b820f607-692b-4b4c-9f3b-2a8d73619691,1,60
2026-09-24T07:18:30.593,POST,/desembolsos,201,195.0,105.0,,b0a07205-35ad-4ee6-bd6e-9830368791fd,1,60
2026-09-24T07:18:30.693,POST,/desembolsos,201,189.9,90.6,,88673406-6b93-4bd2-97d8-f9fe9d8fbc61,1,60
2026-09-24T07:18:30.793,POST,/desembolsos,201,189.6,90.8,,77ce9ce0-91e8-448d-870f-caae1808fbaf,1,60
2026-09-24T07:18:30.907,POST,/desembolsos,201,217.6,115.2,,dff499e0-f011-499e-8d65-dfece2a40f0b,1,60
2026-09-24T07:18:30.973,POST,/desembolsos,201,199.0,101.4,,eb813ab9-6c01-4916-b956-a4449c854daf,1,60
2026-09-24T07:18:31.072,POST,/desembolsos,201,182.3,89.4,,250a5486-c090-4d01-885b-551276ee2ae8,1,60
2026-09-24T07:18:31.199,POST,/desembolsos,201,183.6,84.5,,1b088529-c5b6-457b-9fc7-7682151e3984,1,60
2026-09-24T07:18:31.274,POST,/desembolsos,201,189.9,99.0,,db5ea4f2-15d0-4603-861e-02676d32b881,1,60
2026-09-24T07:18:31.372,POST,/desembolsos,201,171.6,84.7,,10569f79-c554-4691-8e2b-c71746ee39d2,1,60
2026-09-24T07:18:31.504,POST,/desembolsos,201,179.7,86.9,,1bf93379-8574-4ece-8d20-381b646bc6a3,1,60
2026-09-24T07:18:31.586,POST,/desembolsos,201,186.7,95.2,,6da9dd2a-0277-4367-aea6-d405894a2d99,1,60
2026-09-24T07:18:31.684,POST,/desembolsos,201,180.5,88.9,,60f1f9b3-1401-4a0a-bd5a-4303dbb755ec,1,60
2026-09-24T07:18:31.797,POST,/desembolsos,201,182.9,90.9,,8ea9532b-672f-4739-92bd-a5189923e37a,1,60
2026-09-24T07:18:31.880,POST,/desembolsos,201,186.9,88.4,,d7d46b56-d645-43ff-8cd6-d43931162155,1,60
2026-09-24T07:18:32.108,POST,/desembolsos,201,187.5,84.8,,13f40377-ae79-48e6-9b86-159e65d206be,1,60
2026-09-24T07:18:32.171,POST,/desembolsos,201,175.8,85.4,,845ceda0-8c99-405e-8a6e-b16456627518,1,60
2026-09-24T07:18:32.288,POST,/desembolsos,201,177.0,86.9,,5036da38-4f4b-4505-9793-5b08acc62f67,1,60
2026-09-24T07:18:32.368,POST,/desembolsos,201,172.1,83.5,,49876170-36bd-4447-8d8f-d037872b3354,1,60
2026-09-24T07:18:32.463,POST,/desembolsos,201,176.5,85.5,,860d9b0c-2929-474b-94c4-0cd8a54dc8f8,1,60
2026-09-24T07:18:32.578,POST,/desembolsos,201,175.4,83.9,,6f19fec2-2e6a-4fe0-a6a7-e37bad8c9362,1,60
2026-09-24T07:18:32.693,POST,/desembolsos,201,175.8,86.9,,24944d71-14d4-4b4a-8ab6-9a4417a0f909,1,60
2026-09-24T07:18:32.775,POST,/desembolsos,201,175.5,84.9,,a74947d8-a6a7-445c-a7d5-6bc027077601,1,60
2026-09-24T07:18:32.906,POST,/desembolsos,201,177.3,82.6,,ada63e3c-d838-4172-9a25-20489b432247,1,60
2026-09-24T07:18:31.978,POST,/desembolsos,201,1181.3,1090.6,,e193e92a-0540-4b62-b507-5a065bb16856,1,60
2026-09-24T07:18:32.988,POST,/desembolsos,201,199.4,84.0,,ef35803c-c6da-4f31-aafe-ca706633b6df,1,60
2026-09-24T07:18:33.103,POST,/desembolsos,201,184.8,85.0,,1a3734eb-44d8-402d-a795-0ec4107f7eb0,1,60
2026-09-24T07:18:33.161,POST,/desembolsos,201,215.6,125.5,,e791cf16-9579-4702-8b41-a3b2399093f4,1,60
2026-09-24T07:18:33.280,POST,/desembolsos,201,171.9,83.9,,730160c8-3f88-458d-a593-e6ec86aedf1f,1,60
2026-09-24T07:18:33.373,POST,/desembolsos,201,175.3,86.6,,05e3eec5-45e9-42e5-9d58-5625ff45aeb9,1,60
2026-09-24T07:18:33.490,POST,/desembolsos,201,188.8,99.2,,4048f1e8-8905-4758-bb32-1261484e9e68,1,60
2026-09-24T07:18:33.588,POST,/desembolsos,201,169.4,83.0,,42f56875-8e0a-433c-90d8-ea04b485d4c2,1,60
2026-09-24T07:18:33.669,POST,/desembolsos,201,178.7,85.3,,af92ede8-193c-41eb-b830-dd2da2ba7de2,1,60
2026-09-24T07:18:33.801,POST,/desembolsos,201,197.4,85.8,,611bebef-785a-4146-8252-baef1d6f4a94,1,60
2026-09-24T07:18:33.881,POST,/desembolsos,201,201.3,111.9,,752b0cfb-a240-4b76-8893-8809957abdfb,1,60
2026-09-24T07:18:33.980,POST,/desembolsos,201,184.9,94.9,,7bf150db-96da-4456-94f0-8c13b9a4e5f3,1,60
2026-09-24T07:18:34.078,POST,/desembolsos,201,176.7,85.1,,79b16f18-434f-4cca-9454-e20ad5039a04,1,60
2026-09-24T07:18:34.185,POST,/desembolsos,201,179.6,88.6,,4cfbe7bf-5f9e-44f2-9456-d8b0b68cbe88,1,60
2026-09-24T07:18:34.272,POST,/desembolsos,201,176.6,83.4,,5bc120b8-b870-4257-8dcf-bc3593a61ea9,1,60
2026-09-24T07:18:34.383,POST,/desembolsos,201,200.0,86.5,,f5ff46fa-3e7b-4f59-bf87-c39bef6f4363,1,60
2026-09-24T07:18:34.498,POST,/desembolsos,201,176.3,84.3,,762687c0-0bc4-4db7-8f2b-94ce7a364f45,1,60
2026-09-24T07:18:34.580,POST,/desembolsos,201,184.0,84.0,,142f6a2e-3f71-47ff-b925-97db25b72a03,1,60
2026-09-24T07:18:34.695,POST,/desembolsos,201,180.3,88.3,,bf3b5953-1b8a-4bd7-a816-e2732bc67a3f,1,60
2026-09-24T07:18:34.777,POST,/desembolsos,201,192.1,95.6,,7dc39856-6e4c-4d1a-8e42-eb463147d542,1,60
2026-09-24T07:18:34.864,POST,/desembolsos,201,181.5,86.7,,54e649e2-9c17-43bb-81dd-74b6bef038f5,1,60
2026-09-24T07:18:34.998,POST,/desembolsos,201,181.1,83.4,,654e5d4f-fc54-4b32-a06d-b00bce187ad1,1,60
2026-09-24T07:18:35.079,POST,/desembolsos,201,174.3,83.8,,c3f6dcd5-7149-4eda-bd40-514ff2259e14,1,60
2026-09-24T07:18:35.164,POST,/desembolsos,201,181.0,85.7,,5beb2d45-5337-4884-8bad-27d1c599f4c1,1,60
2026-09-24T07:18:35.290,POST,/desembolsos,201,189.1,90.7,,3ff985b8-656c-4d21-bb6e-66253a60f8a3,1,60
2026-09-24T07:18:35.373,POST,/desembolsos,201,184.2,88.5,,2957223b-29b9-4774-ae66-f735b1aacaeb,1,60
2026-09-24T07:18:35.499,POST,/desembolsos,201,180.8,86.9,,29fbe40f-92da-4ee2-b4ef-da79ad4ddc4a,1,60
2026-09-24T07:18:35.613,POST,/desembolsos,201,179.1,90.0,,21fcc6f3-534b-4dd6-89fd-e8fdff947ad0,1,60
2026-09-24T07:18:35.679,POST,/desembolsos,201,199.2,85.1,,ba46aba9-1163-4ffe-acfe-08820a184e29,1,60
2026-09-24T07:18:35.778,POST,/desembolsos,201,176.3,87.0,,7b450ce3-e572-443c-8c56-a3490def37d4,1,60
2026-09-24T07:18:35.878,POST,/desembolsos,201,176.7,85.2,,d24b9c43-b7eb-4066-a616-7e7a58e54cf8,1,60
2026-09-24T07:18:36.006,POST,/desembolsos,201,172.7,82.9,,bbb5b21e-764f-4b1f-9051-aa6964c505ea,1,60
2026-09-24T07:18:36.088,POST,/desembolsos,201,175.9,84.3,,ac8b7c72-9ded-4119-a87d-2d2c9227a827,1,60
2026-09-24T07:18:36.170,POST,/desembolsos,201,176.3,84.5,,3384b1af-950d-4066-8dbe-40d4d13e888f,1,60
2026-09-24T07:18:36.281,POST,/desembolsos,201,180.2,85.8,,bde22354-9618-4170-a26e-bab812be4033,1,60
2026-09-24T07:18:36.397,POST,/desembolsos,201,179.3,88.1,,958ef0bc-20f8-4f3f-ad10-401b203d3e1b,1,60
2026-09-24T07:18:36.485,POST,/desembolsos,201,175.4,83.9,,33604791-d4c8-49db-bd03-6eebb836b612,1,60
2026-09-24T07:18:36.573,POST,/desembolsos,201,170.0,81.3,,7651e5c6-c025-41d5-aa87-93e8b874286a,1,60
2026-09-24T07:18:36.661,POST,/desembolsos,201,172.9,84.4,,64becc22-d1e3-45b7-ab85-43834c2b71cd,1,60
2026-09-24T07:18:36.783,POST,/desembolsos,201,207.3,117.4,,66c700f7-b45b-4e1c-8d24-eb6b16398f47,1,60
2026-09-24T07:18:36.894,POST,/desembolsos,201,192.3,87.5,,485343f7-dd05-41be-a4cb-c52bc82c256d,1,60
2026-09-24T07:18:36.976,POST,/desembolsos,201,179.3,88.6,,108ecc51-a35d-404f-bb22-6c0a952bbdc6,1,60
2026-09-24T07:18:37.073,POST,/desembolsos,201,178.6,86.3,,094bb2cd-dcd5-41da-b7e2-2d6a3f4004d3,1,60
2026-09-24T07:18:37.170,POST,/desembolsos,201,176.1,84.7,,3778e393-4ec8-4a81-804d-8323763090cf,1,60
2026-09-24T07:18:37.297,POST,/desembolsos,201,190.9,95.5,,d8154ede-cb9b-49d2-9a63-d199251aa500,1,60
2026-09-24T07:18:37.411,POST,/desembolsos,201,179.1,83.9,,f6e2193f-4d6c-4428-8648-68a69cab95b0,1,60
2026-09-24T07:18:37.475,POST,/desembolsos,201,173.5,84.5,,6ce29110-d5f2-4da1-9d8f-b170fcc1616a,1,60
2026-09-24T07:18:37.578,POST,/desembolsos,201,217.8,87.1,,63d52b97-11e4-4c4f-a859-c2329b92a51c,1,60
2026-09-24T07:18:37.661,POST,/desembolsos,201,177.3,84.3,,e7317800-8e91-4cda-aa6f-d12d3321de07,1,60
2026-09-24T07:18:37.791,POST,/desembolsos,201,180.9,90.4,,e3e9ad17-f606-435e-934b-885f25bcde58,1,60
2026-09-24T07:18:37.874,POST,/desembolsos,201,171.6,82.7,,8902b164-1275-4d59-a66e-d705d8089d07,1,60
2026-09-24T07:18:38.004,POST,/desembolsos,201,172.5,83.8,,0f9bbb17-e013-4517-b33c-e5a45305bd61,1,60
2026-09-24T07:18:38.083,POST,/desembolsos,201,175.0,83.3,,66d87999-0364-4edc-a035-bfeab384ef89,1,60
2026-09-24T07:18:38.191,POST,/desembolsos,201,208.1,87.1,,e6a3e62d-3b94-437f-a0a4-6c197c2a8508,1,60
2026-09-24T07:18:38.272,POST,/desembolsos,201,211.2,121.0,,81b984ed-f8c3-4bf3-80ed-7fd4e166b1a0,1,60
2026-09-24T07:18:38.382,POST,/desembolsos,201,175.6,87.0,,efde5c8b-3ec6-406a-9260-b6befefabbdc,1,60
2026-09-24T07:18:38.479,POST,/desembolsos,201,174.1,83.1,,bb31ebe1-fa18-41ce-8ce2-b14a3d8cd62d,1,60
2026-09-24T07:18:38.595,POST,/desembolsos,201,183.5,83.5,,2183076e-b582-41ba-8733-a74885c7b9a0,1,60
2026-09-24T07:18:38.657,POST,/desembolsos,201,189.2,84.5,,e08d945c-efe0-47e3-bd98-d4e3aef421cf,1,60
2026-09-24T07:18:38.778,POST,/desembolsos,201,202.2,110.1,,a7b831e0-09b2-4a8d-aef8-1addb35b1178,1,60
2026-09-24T07:18:38.906,POST,/desembolsos,201,173.3,83.9,,7d3422f5-c632-4c8b-959a-a91027efea39,1,60
2026-09-24T07:18:38.989,POST,/desembolsos,201,177.5,87.8,,4cec181e-b055-414f-afcc-9bbc8b1d98d6,1,60
2026-09-24T07:18:39.074,POST,/desembolsos,201,177.0,87.6,,3d277fc3-b367-42e5-9921-0b111ba30e72,1,60
2026-09-24T07:18:39.163,POST,/desembolsos,201,174.5,84.7,,e33d2ed3-1487-4dea-852e-57912de7c062,1,60
2026-09-24T07:18:39.299,POST,/desembolsos,201,179.2,82.8,,2ef8b624-6c59-4f32-ba2d-13650b37f4f1,1,60
2026-09-24T07:18:39.381,POST,/desembolsos,201,192.7,98.3,,423a1f00-fd37-48d2-b55d-95f92dbfa976,1,60
2026-09-24T07:18:39.479,POST,/desembolsos,201,184.5,94.8,,3cfa5b84-e223-4591-b694-1d72103e9fc3,1,60
2026-09-24T07:18:39.594,POST,/desembolsos,201,172.4,81.9,,32b59511-aa56-414e-8c94-0687cf4e0bc1,1,60
2026-09-24T07:18:39.706,POST,/desembolsos,201,174.2,82.6,,53759f0d-7a9a-422a-9b36-06ac7a511750,1,60
2026-09-24T07:18:39.785,POST,/desembolsos,201,174.0,83.4,,12cbac5a-0f28-4bec-9c8c-4684fc6d0699,1,60
2026-09-24T07:18:39.867,POST,/desembolsos,201,174.4,83.8,,b5e59a59-c263-4561-baa2-aea8adaca2e1,1,60
2026-09-24T07:18:39.995,POST,/desembolsos,201,176.3,84.3,,a02e7d4f-b9e8-4c53-add9-7c18e22b00aa,1,60
2026-09-24T07:18:40.078,POST,/desembolsos,201,186.9,93.2,,0de06bb5-ed3b-409a-9af8-0717363f6fb1,1,60
2026-09-24T07:18:40.166,POST,/desembolsos,201,177.1,86.8,,a0d357fa-f657-4530-a026-86629a65a805,1,60
2026-09-24T07:18:40.298,POST,/desembolsos,201,188.8,85.8,,d8f60086-a3b8-463d-8a0d-35207fb8bc66,1,60
2026-09-24T07:18:40.380,POST,/desembolsos,201,173.2,83.1,,71a97237-f5c0-45e8-9f23-32ba39101cd7,1,60
2026-09-24T07:18:40.482,POST,/desembolsos,201,180.8,91.8,,f86600c8-fef9-4aa6-9628-2f98fcbcd242,1,60
2026-09-24T07:18:40.577,POST,/desembolsos,201,172.0,83.4,,ec04874c-2113-44e5-8620-be28a50efcc6,1,60
2026-09-24T07:18:40.693,POST,/desembolsos,201,203.5,90.9,,1d7b17fe-b4e2-47bb-8803-c60a867a8316,1,60
2026-09-24T07:18:40.774,POST,/desembolsos,201,195.1,105.1,,924928ab-40c4-4180-9ed4-8acdd63342b4,1,60
2026-09-24T07:18:40.888,POST,/desembolsos,201,171.3,83.4,,da6869ea-667f-48f6-9a69-4488f8c8848d,1,60
2026-09-24T07:18:41.003,POST,/desembolsos,201,180.2,84.1,,5dff23d6-43c8-4b29-a0b1-803b5fba48c4,1,60
2026-09-24T07:18:41.084,POST,/desembolsos,201,195.9,99.6,,278ee5c7-c10f-4017-bcbb-9a24ceb44595,1,60
2026-09-24T07:18:41.182,POST,/desembolsos,201,217.1,94.2,,1f71acfd-95f7-4497-b67c-7250d94dff3e,1,60
2026-09-24T07:18:41.274,POST,/desembolsos,201,206.9,83.5,,b7cfc6df-ac54-40ef-a2ee-0647f9088153,1,60
2026-09-24T07:18:41.383,POST,/desembolsos,201,192.9,92.6,,2c0d0247-ce3b-4dc7-821e-526e3904c05a,1,60
2026-09-24T07:18:41.474,POST,/desembolsos,201,181.5,90.1,,8e3d88ae-7418-40f6-97bd-2d527a41aa73,1,60
2026-09-24T07:18:41.597,POST,/desembolsos,201,184.0,86.8,,0fa4340d-45c0-43e3-b8c8-aeb4f8873460,1,60
2026-09-24T07:18:41.679,POST,/desembolsos,201,171.8,83.6,,05e17988-3079-41e8-b6de-aaf22dfdc5e9,1,60
2026-09-24T07:18:41.777,POST,/desembolsos,201,185.7,86.1,,9bc6af4c-7494-4529-9413-d9e95ff11849,1,60
2026-09-24T07:18:41.891,POST,/desembolsos,201,184.1,91.1,,4687a5f4-13f1-47bd-9f39-9de60480295f,1,60
2026-09-24T07:18:41.981,POST,/desembolsos,201,172.4,84.4,,9b46160f-dcf8-417a-bbba-5017cd11ce77,1,60
2026-09-24T07:18:42.071,POST,/desembolsos,201,174.4,84.3,,e8309a77-5842-473a-a0e1-15089185ef20,1,60
2026-09-24T07:18:42.185,POST,/desembolsos,201,170.8,82.0,,16262290-3844-4c97-900d-a225cdec92a4,1,60
2026-09-24T07:18:42.299,POST,/desembolsos,201,174.2,84.4,,b7c5d784-0efa-4488-8d3c-050611923e26,1,60
2026-09-24T07:18:42.382,POST,/desembolsos,201,175.3,84.5,,a4cf6804-5745-4814-b204-8d81e1dc0e31,1,60
2026-09-24T07:18:42.515,POST,/desembolsos,201,178.7,90.5,,99e1a092-14b8-4928-b44a-a71a01866cd6,1,60
2026-09-24T07:18:42.595,POST,/desembolsos,201,178.3,87.6,,0a13c1b7-e93b-428f-8203-9f3ef8584397,1,60
2026-09-24T07:18:42.676,POST,/desembolsos,201,179.2,85.4,,8f84e757-8047-4973-a9fe-a67fcf4c0d0b,1,60
2026-09-24T07:18:42.772,POST,/desembolsos,201,171.7,82.7,,2632cf3f-77ba-43f0-af61-2ce38eecf91b,1,60
2026-09-24T07:18:42.883,POST,/desembolsos,201,173.5,84.7,,25459bb1-027b-460a-a1b7-fe7b015cfeb6,1,60
2026-09-24T07:18:42.982,POST,/desembolsos,201,173.1,82.4,,7395f87b-942e-4e9b-a0dd-144fe5b4de58,1,60
2026-09-24T07:18:43.097,POST,/desembolsos,201,176.0,83.2,,8fb88bfd-71eb-4df4-862c-db0ea66f5609,1,60
2026-09-24T07:18:43.179,POST,/desembolsos,201,180.9,83.1,,fc5532dd-f676-43a3-823b-961bd526c751,1,60
2026-09-24T07:18:43.273,POST,/desembolsos,201,178.1,87.2,,1f7057bc-373a-4a0b-b7ae-f10d008346ab,1,60
2026-09-24T07:18:43.393,POST,/desembolsos,201,178.0,83.4,,ecc60604-18fd-4f3c-b41c-6be3c4ce9a26,1,60
2026-09-24T07:18:43.500,POST,/desembolsos,201,177.9,88.7,,4f571d0e-b9b4-4d20-a85e-744d4073b212,1,60
2026-09-24T07:18:43.584,POST,/desembolsos,201,175.1,86.3,,4289c8e2-dbb0-4e04-a04f-9fa3e8118370,1,60
2026-09-24T07:18:43.665,POST,/desembolsos,201,172.9,83.1,,f4883ded-01fe-4b1c-8d33-b988a6fb09f8,1,60
2026-09-24T07:18:43.796,POST,/desembolsos,201,188.9,93.3,,3e7c46b6-0577-40eb-9937-259bcaa8ba06,1,60
