timestamp_iso,metodo,endpoint,status_code,latency_ms,connect_ms,error,siniestro_id,intento,hilos_activos
2026-09-24T05:19:40.582,POST,/desembolsos,201,363.3,204.8,,3712f493-955d-4f03-b65f-17bdcbc66858,1,1
2026-09-24T05:19:40.679,POST,/desembolsos,201,271.1,112.0,,b077e8d3-75c6-4592-8377-bb3f8ddd35ab,1,2
2026-09-24T05:19:40.794,POST,/desembolsos,201,278.2,149.1,,409a3f05-3ab0-40d2-a9c3-6517e6610d64,1,3
2026-09-24T05:19:40.905,POST,/desembolsos,201,242.7,115.8,,319c0ff0-96ae-4e62-80d4-df6851a56fb8,1,4
2026-09-24T05:19:40.996,POST,/desembolsos,201,237.2,114.7,,589cb8a3-a50a-43ca-a1fd-6677a3762539,1,5
2026-09-24T05:19:41.095,POST,/desembolsos,201,234.7,114.5,,c117eaae-b6e1-4a0e-8716-85339b2fe431,1,7
2026-09-24T05:19:41.193,POST,/desembolsos,201,237.2,113.5,,d28cdc95-b9af-439b-ae0d-0b0db2b0bd8a,1,8
2026-09-24T05:19:41.291,POST,/desembolsos,201,245.2,125.3,,908d6412-ce95-4a28-ac74-67316a3d7e1a,1,9
2026-09-24T05:19:41.390,POST,/desembolsos,201,230.1,112.5,,d318d534-1139-4d44-9774-a976132e840e,1,10
2026-09-24T05:19:41.497,POST,/desembolsos,201,239.2,116.8,,3a1ce757-2ca2-4ac1-b02b-fb95ff86e227,1,11
2026-09-24T05:19:41.607,POST,/desembolsos,201,236.0,112.7,,5e31a942-4f97-402c-8ae2-d95f51f7092c,1,13
2026-09-24T05:19:41.705,POST,/desembolsos,201,234.3,111.5,,9910bd3b-2ffd-46aa-8c37-88c8bb1a6a90,1,14
2026-09-24T05:19:41.787,POST,/desembolsos,201,245.6,118.9,,e873e55f-21f1-4bab-80ff-204a1142344c,1,15
2026-09-24T05:19:41.886,POST,/desembolsos,201,240.9,119.1,,084940e4-9ca1-4639-aff5-59cac79570c9,1,16
2026-09-24T05:19:42.004,POST,/desembolsos,201,232.1,113.1,,8dffcace-416f-4cbc-9c43-f455f9fe7a3c,1,18
2026-09-24T05:19:42.079,POST,/desembolsos,201,257.0,127.5,,9b79646e-028e-4fd4-a3cb-bc33ce91c176,1,19
2026-09-24T05:19:42.177,POST,/desembolsos,201,244.3,117.4,,8ce4abc8-c93a-4135-a5c3-483d9a729d27,1,20
2026-09-24T05:19:42.294,POST,/desembolsos,201,233.1,113.0,,776c0eea-050a-4caf-84be-ab21c83b502e,1,21
2026-09-24T05:19:42.406,POST,/desembolsos,201,241.4,113.7,,b448c3c0-cde8-43e9-9647-f6ce645a3741,1,22
2026-09-24T05:19:42.488,POST,/desembolsos,201,272.1,112.5,,4aaffe86-2158-4c8c-89b3-26db5c0789cf,1,23
2026-09-24T05:19:42.579,POST,/desembolsos,201,230.9,111.9,,d12f422f-ec52-4064-bb1d-5b90afc29a68,1,25
2026-09-24T05:19:42.679,POST,/desembolsos,201,238.7,115.4,,d3cb8b3c-656d-47ef-a39a-bbc3e129700f,1,26
2026-09-24T05:19:42.793,POST,/desembolsos,201,239.5,115.1,,2315b44a-a076-4a6f-a6c0-111d09a297ee,1,27
2026-09-24T05:19:42.876,POST,/desembolsos,201,253.3,131.9,,b1729211-0cb1-4c12-bf4f-055febd9dbca,1,28
2026-09-24T05:19:43.007,POST,/desembolsos,201,242.8,113.3,,513f04d3-cf35-4487-a05c-e45b680d2972,1,30
2026-09-24T05:19:43.087,POST,/desembolsos,201,267.6,145.6,,88394923-733a-4cab-9497-af8c475cb0f9,1,31
2026-09-24T05:19:43.170,POST,/desembolsos,201,236.3,113.5,,f15c43d4-e597-4c38-864f-a139a4bf050c,1,32
2026-09-24T05:19:43.271,POST,/desembolsos,201,239.1,116.9,,049c62b3-3209-4fef-8e84-58f1f5467152,1,33
2026-09-24T05:19:43.386,POST,/desembolsos,201,250.1,121.3,,df2edbf8-20c9-4303-9f7a-e6e01dea4c45,1,34
2026-09-24T05:19:43.501,POST,/desembolsos,201,233.7,112.3,,8173bba7-e0b8-48cb-b6a0-7c1393d00686,1,35
2026-09-24T05:19:43.580,POST,/desembolsos,201,241.0,116.7,,3f17caca-4313-42b7-9914-cca90c08e35a,1,37
2026-09-24T05:19:43.696,POST,/desembolsos,201,244.4,119.7,,950dc981-7f27-427d-add9-c18c3a0bb818,1,38
2026-09-24T05:19:43.777,POST,/desembolsos,201,234.9,115.1,,1b482c46-610a-4229-af0b-f8f714782bcd,1,39
2026-09-24T05:19:43.892,POST,/desembolsos,201,235.2,116.2,,6683d79b-f212-4bf8-b067-33367c06661c,1,40
2026-09-24T05:19:44.004,POST,/desembolsos,201,236.1,113.7,,96f70830-a9c6-4c5f-a49a-4ec3cbc5ce80,1,41
2026-09-24T05:19:44.081,POST,/desembolsos,201,243.1,112.7,,fa653013-2846-4ee3-8405-369ac4bd3845,1,43
2026-09-24T05:19:44.188,POST,/desembolsos,201,237.1,113.6,,1336a9a8-0e61-4983-9c41-fd6e1b379b9a,1,44
2026-09-24T05:19:44.289,POST,/desembolsos,201,236.1,112.8,,846e775f-f6c0-4769-adc7-c3ba9d534548,1,45
2026-09-24T05:19:44.388,POST,/desembolsos,201,234.3,112.8,,e5a86be6-5ed6-4c69-aceb-cd03258a0ca4,1,46
2026-09-24T05:19:44.497,POST,/desembolsos,201,235.0,113.1,,e754c147-0e6c-4973-8a5e-60743ccbc3f3,1,47
2026-09-24T05:19:44.572,POST,/desembolsos,201,231.2,112.1,,1bdcf246-7d37-4573-8612-3291a97b0100,1,49
2026-09-24T05:19:44.667,POST,/desembolsos,201,231.7,111.1,,be8aebfe-febb-42ee-baae-5ac57ea2de05,1,50
2026-09-24T05:19:44.778,POST,/desembolsos,201,236.6,115.3,,c0ff99f4-23a2-45a5-a7ac-28ecbf015ac4,1,51
2026-09-24T05:19:44.892,POST,/desembolsos,201,248.0,114.3,,5f0cd27b-2e7e-4ef9-a061-211c2a79a899,1,52
2026-09-24T05:19:44.997,POST,/desembolsos,201,235.2,113.6,,a2834866-1fa7-419e-a045-b3ac8a05700e,1,54
2026-09-24T05:19:45.106,POST,/desembolsos,201,235.8,113.3,,618f1312-4169-4037-bc20-87b477648c74,1,55
2026-09-24T05:19:45.190,POST,/desembolsos,201,244.3,118.2,,505656e0-1a4f-4bac-a013-9e306a2f2861,1,56
2026-09-24T05:19:45.296,POST,/desembolsos,201,235.5,117.1,,aed55d78-3296-405f-ad3d-e6517b69e301,1,57
2026-09-24T05:19:45.388,POST,/desembolsos,201,244.5,126.2,,b59ce7f0-117f-4f7a-b0a9-5bf9cc211dc4,1,58
2026-09-24T05:19:45.489,POST,/desembolsos,201,234.6,115.9,,82a4a05b-4608-4594-9ed9-2c2d0fbd49a0,1,59
2026-09-24T05:19:45.581,POST,/desembolsos,201,231.0,111.7,,7084ea31-6308-4dcc-8f45-7a9666a8304a,1,60
2026-09-24T05:19:45.681,POST,/desembolsos,201,237.5,117.6,,30ec483a-1c81-4fb1-b2f4-dfbbb8bf4698,1,60
2026-09-24T05:19:45.795,POST,/desembolsos,201,239.1,115.8,,745a9dda-3892-492a-925d-0bbc3a10e0e1,1,60
2026-09-24T05:19:45.903,POST,/desembolsos,201,228.2,111.6,,031add37-d2b8-4e5b-ba4a-98418a36883f,1,60
2026-09-24T05:19:45.993,POST,/desembolsos,201,234.7,113.3,,7416b95b-10a1-461f-a42b-7f021aa1e39d,1,60
2026-09-24T05:19:46.105,POST,/desembolsos,201,235.1,112.5,,2b994f42-8493-4862-90f1-bf28683dccae,1,60
2026-09-24T05:19:46.198,POST,/desembolsos,201,268.3,122.0,,1fddde69-74a1-4667-9fbf-436fc82a8709,1,60
2026-09-24T05:19:46.281,POST,/desembolsos,201,238.1,116.8,,f6642cab-4d3f-427d-b981-a1f62c887a9b,1,60
2026-09-24T05:19:46.397,POST,/desembolsos,201,253.5,113.6,,47d9e609-246f-45c9-9d78-04c6c306100c,1,60
2026-09-24T05:19:46.505,POST,/desembolsos,201,264.3,138.3,,edd81ee4-043e-4ff7-ab84-05ff32cf89cb,1,60
2026-09-24T05:19:46.605,POST,/desembolsos,201,238.5,117.5,,9e5c79db-0cab-41bf-817f-2361fa3f740e,1,60
2026-09-24T05:19:46.688,POST,/desembolsos,201,236.0,114.1,,520d7a17-4caf-48d5-aa48-e972fd13e42e,1,60
2026-09-24T05:19:46.802,POST,/desembolsos,201,233.9,112.3,,e94d1bb4-2356-4f26-98eb-89568d69229d,1,60
2026-09-24T05:19:46.885,POST,/desembolsos,201,279.3,151.1,,400c0754-da58-4fab-91ff-7ca3f1d3f119,1,60
2026-09-24T05:19:46.995,POST,/desembolsos,201,259.2,121.9,,1f6e49f5-0cda-468e-8cc3-7e74512b87b0,1,60
2026-09-24T05:19:47.105,POST,/desembolsos,201,238.9,119.3,,5226969f-2984-4d42-8731-7f443a5b4cd8,1,60
2026-09-24T05:19:47.198,POST,/desembolsos,201,256.6,119.6,,2be446d2-96e0-4448-97a3-c94b32a8d231,1,60
2026-09-24T05:19:47.289,POST,/desembolsos,201,240.0,116.3,,33ce0649-860f-452e-824b-a11ea9e55261,1,60
2026-09-24T05:19:47.389,POST,/desembolsos,201,246.6,124.4,,73cbee65-4d9f-45e4-8deb-a07e7af34fae,1,60
2026-09-24T05:19:47.498,POST,/desembolsos,201,239.2,115.3,,2b563321-bb70-44ba-8d89-226207c19e8f,1,60
2026-09-24T05:19:47.594,POST,/desembolsos,201,253.5,133.2,,158b3026-33f4-40a6-aad2-bc3f0284ef36,1,60
2026-09-24T05:19:47.694,POST,/desembolsos,201,254.5,137.3,,1d6ac955-549b-423b-b5e1-15b462d6e562,1,60
2026-09-24T05:19:47.793,POST,/desembolsos,201,236.9,115.9,,0ff291b3-aad3-413a-92e9-66190725058e,1,60
2026-09-24T05:19:47.891,POST,/desembolsos,201,249.6,119.6,,6c93003b-3173-4e7c-ad0e-7aa9480a9767,1,60
2026-09-24T05:19:48.008,POST,/desembolsos,201,231.7,110.5,,4147e887-3dbe-463f-a890-726e81e46989,1,60
2026-09-24T05:19:48.088,POST,/desembolsos,201,249.0,119.4,,9b3eb0e6-87c4-4fd4-82a4-ee2121254839,1,60
2026-09-24T05:19:48.188,POST,/desembolsos,201,261.5,125.3,,53b48181-6083-4709-a089-d6b5d0b70358,1,60
2026-09-24T05:19:48.297,POST,/desembolsos,201,232.0,113.3,,e5d2a98c-cac9-4002-b91a-39006a008b1f,1,60
2026-09-24T05:19:48.388,POST,/desembolsos,201,235.4,112.5,,decb2e4d-2e11-4aa9-ac2d-beba8ab783e2,1,60
2026-09-24T05:19:48.481,POST,/desembolsos,201,241.4,115.3,,df04525b-b9ba-4270-8b14-39fd3fcebb3e,1,60
2026-09-24T05:19:48.589,POST,/desembolsos,201,245.8,127.2,,d1fd36dd-c598-45d9-908d-a1af18b6b3c3,1,60
2026-09-24T05:19:48.703,POST,/desembolsos,201,251.7,132.4,,aa3a2bdb-d1af-454b-b6d1-d0460db26019,1,60
2026-09-24T05:19:48.804,POST,/desembolsos,201,237.9,113.5,,80307cb3-c89e-41fa-a6ed-6d1f34123272,1,60
2026-09-24T05:19:48.883,POST,/desembolsos,201,232.7,113.9,,60ca6a9b-036f-48a1-acbc-02b6e1856282,1,60
2026-09-24T05:19:48.982,POST,/desembolsos,201,235.5,111.2,,c957655c-c095-48aa-b89c-912088004553,1,60
2026-09-24T05:19:49.089,POST,/desembolsos,201,233.2,114.7,,5edc36ad-8940-4790-b96c-2a778fffc6b5,1,60
2026-09-24T05:19:49.189,POST,/desembolsos,201,225.1,109.7,,1804113d-6b73-4bf7-aaf9-df3234a0f968,1,60
2026-09-24T05:19:49.297,POST,/desembolsos,201,234.5,112.0,,e9d4ecb3-8b87-4ff1-9199-2d49d581286e,1,60
2026-09-24T05:19:49.397,POST,/desembolsos,201,234.1,112.6,,c4814505-8eda-4238-86b6-fffc20279505,1,60
2026-09-24T05:19:49.489,POST,/desembolsos,201,236.4,117.6,,455f42e9-57b9-4a3e-93f0-af692447d597,1,60
2026-09-24T05:19:49.581,POST,/desembolsos,201,256.6,116.0,,27947604-77a7-453a-93a8-2028c57c7959,1,60
2026-09-24T05:19:49.696,POST,/desembolsos,201,261.1,141.6,,07662880-fefc-47f6-aae7-985dcbe5b5d6,1,60
2026-09-24T05:19:49.794,POST,/desembolsos,201,266.3,148.2,,6150ebff-ee5b-48a6-808a-8d6d5bf7f1ee,1,60
2026-09-24T05:19:49.893,POST,/desembolsos,201,234.9,113.4,,f4b74406-b811-4342-b915-e5c9ec22ad1c,1,60
2026-09-24T05:19:49.991,POST,/desembolsos,201,238.0,113.4,,fceebad4-9354-4b2f-8794-772a990d9142,1,60
2026-09-24T05:19:50.087,POST,/desembolsos,201,231.4,111.2,,0b017352-e92f-47a0-8eab-bcb8b4afc076,1,60
2026-09-24T05:19:50.198,POST,/desembolsos,201,236.7,112.4,,5b2364e3-0530-4f37-ae7e-f113bdb86c32,1,60
2026-09-24T05:19:50.289,POST,/desembolsos,201,236.9,115.1,,6f70e5ea-74e9-4830-b228-5d2dbef74a6a,1,60
2026-09-24T05:19:50.397,POST,/desembolsos,201,230.6,110.3,,2bd8c745-33e1-4d4f-b2e6-4cc40b094278,1,60
2026-09-24T05:19:50.498,POST,/desembolsos,201,234.0,115.0,,a8c5f975-ac63-443e-b1f1-f3700d114c21,1,60
2026-09-24T05:19:50.572,POST,/desembolsos,201,237.7,113.9,,522c998f-e379-404f-a2ca-fc6d93ec2034,1,60
2026-09-24T05:19:50.683,POST,/desembolsos,201,235.1,114.7,,30595f2d-f3b7-4f32-a16e-6b5da0cfad00,1,60
2026-09-24T05:19:50.788,POST,/desembolsos,201,236.8,115.9,,c28d40f0-b84a-4817-9b4a-e3f14a1780ba,1,60
2026-09-24T05:19:50.887,POST,/desembolsos,201,245.5,124.8,,11b12e05-d2d9-4324-b29a-58604ea83dd6,1,60
2026-09-24T05:19:50.985,POST,/desembolsos,201,260.0,139.0,,63f0cf33-aea0-49ed-858e-149239fa3164,1,60
2026-09-24T05:19:51.106,POST,/desembolsos,201,244.8,115.5,,14733022-9adf-407b-8975-80ceb6601a91,1,60
2026-09-24T05:19:51.180,POST,/desembolsos,201,251.7,126.5,,63187a06-5e58-4b12-b329-19557811b5d9,1,60
2026-09-24T05:19:51.280,POST,/desembolsos,201,242.9,121.0,,46713e59-aba9-4abc-83ce-d90ae3f33f3b,1,60
2026-09-24T05:19:51.400,POST,/desembolsos,201,243.4,122.6,,1873ab55-5cac-46f6-8e08-e34889f22632,1,60
2026-09-24T05:19:51.494,POST,/desembolsos,201,236.2,114.7,,c04238c1-4eec-4e07-bb7c-ec91a28954b2,1,60
2026-09-24T05:19:51.572,POST,/desembolsos,201,248.6,126.6,,e424f32f-1ac5-4aaf-89a0-a14082597c6e,1,60
2026-09-24T05:19:51.688,POST,/desembolsos,201,234.9,112.8,,9e091452-1d85-4295-be86-8fe50fcabe2f,1,60
2026-09-24T05:19:51.801,POST,/desembolsos,201,232.1,113.8,,ff3823dd-57fb-4f8e-a02c-afc3abb4b330,1,60
2026-09-24T05:19:51.899,POST,/desembolsos,201,237.2,120.9,,6714fb0c-5919-4058-b562-5a577d83511e,1,60
2026-09-24T05:19:51.980,POST,/desembolsos,201,237.8,115.8,,44d4e906-3e60-4cf7-af24-a3c8666129f0,1,60
2026-09-24T05:19:52.087,POST,/desembolsos,201,237.8,114.6,,6f0c5e4c-f420-47d4-93e3-9be57da4fc21,1,60
2026-09-24T05:19:52.189,POST,/desembolsos,201,231.8,114.1,,cd76aff5-d8c3-49af-97f5-e24d0cd32b05,1,60
2026-09-24T05:19:52.289,POST,/desembolsos,201,236.3,117.8,,34c6ab4f-343d-403d-ba6e-1ea3a2068423,1,60
2026-09-24T05:19:52.389,POST,/desembolsos,201,235.3,114.0,,2f83d094-2066-4ce3-b130-59d75e7cce2f,1,60
2026-09-24T05:19:52.489,POST,/desembolsos,201,233.5,111.9,,c1b58bb1-4ab4-4fa4-90c5-0671a1e906ef,1,60
2026-09-24T05:19:52.573,POST,/desembolsos,201,239.3,115.0,,fa2e7745-ddd3-4c6b-830d-fb083366fc6b,1,60
2026-09-24T05:19:52.687,POST,/desembolsos,201,234.4,115.8,,652d7c6b-a183-4013-8be0-3cbd60289abb,1,60
2026-09-24T05:19:52.802,POST,/desembolsos,201,234.0,115.3,,3a23b52b-1b3a-4221-bfab-38499e5164a5,1,60
2026-09-24T05:19:52.899,POST,/desembolsos,201,235.8,115.4,,24f4d358-3945-4a37-a6e3-ac595dcbaae9,1,60
2026-09-24T05:19:52.997,POST,/desembolsos,201,235.0,112.6,,e108c8c9-85fb-4e6a-afdf-2ef25a75d651,1,60
2026-09-24T05:19:53.089,POST,/desembolsos,201,266.1,143.5,,3c43920c-f416-475a-9559-0db02b191a47,1,60
2026-09-24T05:19:53.189,POST,/desembolsos,201,279.5,150.2,,09229a87-f951-494f-97ee-4cbbaad60fcf,1,60
2026-09-24T05:19:53.298,POST,/desembolsos,201,232.2,112.8,,edfb050f-be66-4d3e-aac5-5fc55b05f674,1,60
2026-09-24T05:19:53.405,POST,/desembolsos,201,237.8,111.6,,f8a7c7c2-79eb-4a65-9587-d0445f19a155,1,60
2026-09-24T05:19:53.489,POST,/desembolsos,201,245.5,117.7,,1667c70e-a4de-4784-8d99-160f3bd12dd4,1,60
2026-09-24T05:19:53.573,POST,/desembolsos,201,238.9,114.4,,f4454049-1f5a-4439-bf0d-ea1263f82a0e,1,60
2026-09-24T05:19:53.680,POST,/desembolsos,201,233.0,110.9,,5ba21476-2176-41e1-a5f3-c68faa3d65cf,1,60
2026-09-24T05:19:53.779,POST,/desembolsos,201,241.0,111.4,,a7c55077-a1b9-44c3-bc08-ff8586e0e53d,1,60
2026-09-24T05:19:53.894,POST,/desembolsos,201,242.4,117.2,,fde1e3d0-fc65-4e9b-a481-5e7ef31d4e9c,1,60
2026-09-24T05:19:54.010,POST,/desembolsos,201,245.1,122.2,,db8d2fb2-0b45-481a-ab6c-c970e1f224fb,1,60
2026-09-24T05:19:54.091,POST,/desembolsos,201,251.2,112.6,,1b78cbd7-602b-4e29-8a77-f74051ea73a3,1,60
2026-09-24T05:19:54.189,POST,/desembolsos,201,247.1,124.9,,2225cb3d-7d73-46d3-ae15-fb6cde10fa45,1,60
2026-09-24T05:19:54.298,POST,/desembolsos,201,232.5,110.3,,41a102ed-4b19-40ad-af41-1a737996b363,1,60
2026-09-24T05:19:54.389,POST,/desembolsos,201,267.3,141.3,,d18ca00a-96ec-4100-896b-625356996772,1,60
2026-09-24T05:19:54.489,POST,/desembolsos,201,244.1,124.9,,8ade3a95-e363-4831-b694-fcc8ba9dd823,1,60
2026-09-24T05:19:54.601,POST,/desembolsos,201,230.1,111.8,,bb5c134f-93d1-4267-a1c1-ad8a3c6fb688,1,60
2026-09-24T05:19:54.698,POST,/desembolsos,201,232.5,112.3,,a42130e9-0bd8-48b3-9004-e1155a23f589,1,60
2026-09-24T05:19:54.798,POST,/desembolsos,201,232.2,112.8,,6fab7f68-cf3d-49a4-8101-d870603cc1dc,1,60
2026-09-24T05:19:54.909,POST,/desembolsos,201,231.5,110.4,,8ce7c799-11b2-48e2-83ec-3ee40180b24d,1,60
2026-09-24T05:19:54.996,POST,/desembolsos,201,243.4,112.8,,e6c7d88b-f4d9-4ce6-b845-5e1e0b3c7a5d,1,60
2026-09-24T05:19:55.097,POST,/desembolsos,201,260.2,142.5,,fc822428-bf85-4d27-9f58-9bd5ca10447e,1,60
2026-09-24T05:19:55.198,POST,/desembolsos,201,276.7,158.5,,63156d21-1b3b-4a57-8941-04ecea33a656,1,60
2026-09-24T05:19:55.281,POST,/desembolsos,201,252.0,128.9,,23d384d0-e5e2-4e7e-a814-a0afebfc7e6a,1,60
2026-09-24T05:19:55.406,POST,/desembolsos,201,238.4,112.4,,6795bd48-e826-4ef8-bbb2-43fe0620389c,1,60
2026-09-24T05:19:55.475,POST,/desembolsos,201,234.1,111.6,,92c567c1-0d40-4511-b514-e00bc59f0592,1,60
2026-09-24T05:19:55.581,POST,/desembolsos,201,246.2,120.7,,6937ae13-c93d-49f5-a395-ea953705d92f,1,60
2026-09-24T05:19:55.689,POST,/desembolsos,201,261.6,130.5,,e99f8e31-28ff-481e-8c4b-4e412a56a2a0,1,60
2026-09-24T05:19:55.789,POST,/desembolsos,201,267.1,150.6,,cece632c-59ee-4787-a439-bde92fe1844c,1,60
2026-09-24T05:19:55.903,POST,/desembolsos,201,239.9,117.5,,1282a280-61b9-4228-88d8-7ed94ae56f48,1,60
2026-09-24T05:19:56.004,POST,/desembolsos,201,236.6,115.2,,668cdfe7-1214-4b38-9279-2555814e316e,1,60
2026-09-24T05:19:56.083,POST,/desembolsos,201,229.8,113.1,,87f00e9c-c6fa-43f3-9cc9-b5bd6c30f0ae,1,60
2026-09-24T05:19:56.190,POST,/desembolsos,201,242.4,111.9,,073aa5d3-9a7b-40c7-bfb0-c8ab04ec09ba,1,60
2026-09-24T05:19:56.289,POST,/desembolsos,201,240.5,115.7,,3542fc37-e32f-4c0c-8b2e-46e0d8c59230,1,60
2026-09-24T05:19:56.390,POST,/desembolsos,201,234.6,113.0,,688f569c-d311-4ef4-89de-3c4d0d8f7b34,1,60
2026-09-24T05:19:56.481,POST,/desembolsos,201,246.4,123.8,,5ae7938c-02c8-4ae1-8cb8-01fc5247b9e0,1,60
2026-09-24T05:19:56.580,POST,/desembolsos,201,231.2,112.1,,94e3ac3f-7fd1-4991-847d-a22970aa4c26,1,60
2026-09-24T05:19:56.692,POST,/desembolsos,201,231.8,113.7,,be2aa40d-50fe-43d1-90ac-1eda0d249ce0,1,60
2026-09-24T05:19:56.784,POST,/desembolsos,201,244.9,116.8,,8433e8cf-ebdc-4d56-8324-f7b6aacc7d8d,1,60
2026-09-24T05:19:56.897,POST,/desembolsos,201,240.6,121.6,,0e12b3a4-6414-4485-a3a4-286185151a2d,1,60
2026-09-24T05:19:57.010,POST,/desembolsos,201,233.8,111.9,,c8b32123-dc28-4ae1-a69e-8a25da95927a,1,60
2026-09-24T05:19:57.091,POST,/desembolsos,201,258.9,138.2,,89de05c1-b5b9-4545-a2b4-82b21024f20c,1,60
2026-09-24T05:19:57.198,POST,/desembolsos,201,245.3,114.1,,d04646ba-83e3-49f1-800d-36547475d964,1,60
2026-09-24T05:19:57.290,POST,/desembolsos,201,241.8,111.2,,ce23d669-ec86-4d13-9f3d-6b01baa6412e,1,60
2026-09-24T05:19:57.398,POST,/desembolsos,201,258.4,133.7,,efc54809-5a1d-4267-ad49-225e62028669,1,60
2026-09-24T05:19:57.490,POST,/desembolsos,201,241.7,112.6,,c59f25de-6e75-4cc6-aa1d-12f6e3a2519a,1,60
2026-09-24T05:19:57.601,POST,/desembolsos,201,240.1,111.3,,9a83e800-7c50-4f1a-8cc2-d9a7a1a1e3ea,1,60
2026-09-24T05:19:57.698,POST,/desembolsos,201,233.6,113.2,,5afa7c63-d34f-4445-bca0-076897284097,1,60
2026-09-24T05:19:57.788,POST,/desembolsos,201,242.7,118.7,,15c723d7-a2d5-42c3-b750-2152e094c052,1,60
2026-09-24T05:19:57.896,POST,/desembolsos,201,231.8,112.6,,7f1a9678-073b-4515-99a4-cc5e4fc9db11,1,60
2026-09-24T05:19:57.991,POST,/desembolsos,201,239.7,117.5,,ed71aab7-5ef4-4a8d-ad99-1209a39f67dc,1,60
2026-09-24T05:19:58.104,POST,/desembolsos,201,236.5,112.2,,f8efd618-cdd3-42eb-83a2-e7db6dbc72a7,1,60
2026-09-24T05:19:58.190,POST,/desembolsos,201,229.0,110.2,,39643c79-0fe1-40eb-aef1-680cd5edfb3d,1,60
2026-09-24T05:19:58.290,POST,/desembolsos,201,235.8,116.4,,1b5b659d-f84a-46d8-ab94-2660466fb6c1,1,60
2026-09-24T05:19:58.390,POST,/desembolsos,201,236.1,112.6,,542b7ca6-e7ff-480d-8b14-c56768d5c536,1,60
2026-09-24T05:19:58.481,POST,/desembolsos,201,227.2,110.2,,9c53817d-1ac5-49b3-a6b2-b37b62720975,1,60
2026-09-24T05:19:58.573,POST,/desembolsos,201,244.9,121.3,,07be4d94-47d5-4d11-b750-936759e28781,1,60
2026-09-24T05:19:58.694,POST,/desembolsos,201,265.8,113.4,,4630aba0-d013-4996-98e0-6925a9198051,1,60
2026-09-24T05:19:58.794,POST,/desembolsos,201,274.8,153.0,,4de063b5-9256-48ad-8be5-a6ece9f3c543,1,60
2026-09-24T05:19:58.904,POST,/desembolsos,201,242.7,118.6,,5aab92c8-6f91-4a1e-9f04-fe7f1b4c2d5e,1,60
2026-09-24T05:19:58.999,POST,/desembolsos,201,238.0,113.9,,368974d2-4df5-4c75-935e-346daa4d79a9,1,60
2026-09-24T05:19:59.078,POST,/desembolsos,201,237.8,120.3,,4bb9442b-b397-4b19-99b3-f1ea4dd05f57,1,60
2026-09-24T05:19:59.194,POST,/desembolsos,201,243.4,121.6,,5be69b73-a5e5-488d-bd9d-fdf7011f743c,1,60
2026-09-24T05:19:59.306,POST,/desembolsos,201,242.7,119.4,,8416884f-a1ae-4cab-abe0-f5e021c44f3a,1,60
2026-09-24T05:19:59.386,POST,/desembolsos,201,246.4,126.8,,aa45b449-b639-4409-b4ff-ce36bad12485,1,60
2026-09-24T05:19:59.494,POST,/desembolsos,201,230.3,112.4,,68a50adb-08a7-4eb4-88c2-ba73ddd4c6cb,1,60
2026-09-24T05:19:59.574,POST,/desembolsos,201,252.2,119.7,,76ff47fa-17a7-48e9-9d97-24911a9fd3e1,1,60
2026-09-24T05:19:59.688,POST,/desembolsos,201,256.4,138.5,,6abda91a-3915-4a7c-a16f-d7c1cef8ede7,1,60
2026-09-24T05:19:59.795,POST,/desembolsos,201,238.8,118.0,,0da9a1ba-5afc-45f9-ba6f-44d8877df25f,1,60
2026-09-24T05:19:59.908,POST,/desembolsos,201,235.6,115.2,,bd6426b3-d994-4226-8ce6-9b50ac01509e,1,60
2026-09-24T05:19:59.992,POST,/desembolsos,201,233.3,111.2,,645be6d3-9c89-4831-a173-65d6c2a6e048,1,60
2026-09-24T05:20:00.088,POST,/desembolsos,201,237.5,116.4,,60420d8c-38ed-49dc-84d9-0e5482808db8,1,60
2026-09-24T05:20:00.198,POST,/desembolsos,201,237.2,116.3,,2203efb0-2317-467a-a78f-8171a4324b51,1,60
2026-09-24T05:20:00.289,POST,/desembolsos,201,241.7,118.9,,6a322104-47cc-4663-885a-56fe3ecc24b2,1,60
2026-09-24T05:20:00.390,POST,/desembolsos,201,238.4,118.1,,d244c560-a89b-44c2-a68e-47ee59907b98,1,60
2026-09-24T05:20:00.490,POST,/desembolsos,201,241.6,117.3,,3413939e-6932-485c-8b76-34c6f8f97025,1,60
2026-09-24T05:20:00.581,POST,/desembolsos,201,244.2,117.5,,6225e433-f630-45e8-8b59-a5355a3bd8ab,1,60
2026-09-24T05:20:00.698,POST,/desembolsos,201,250.1,127.5,,bf5586ae-dc16-4b10-aae4-56cd371c162c,1,60
2026-09-24T05:20:00.802,POST,/desembolsos,201,247.5,126.9,,2b3cfc9a-406c-48d6-b53c-dd2c98ff9e66,1,60
2026-09-24T05:20:00.883,POST,/desembolsos,201,240.0,114.5,,92412804-74ed-4a71-8dae-b44be7e36ba8,1,60
2026-09-24T05:20:00.997,POST,/desembolsos,201,250.9,126.2,,e533727a-3eb8-4106-9e3c-dd30f1a717de,1,60
2026-09-24T05:20:01.097,POST,/desembolsos,201,240.8,114.6,,7366d3dc-a9d2-4269-aaa0-36981b926d21,1,60
2026-09-24T05:20:01.207,POST,/desembolsos,201,252.8,119.3,,60aa306a-9335-4b98-b5e3-7ea366f813ff,1,60
2026-09-24T05:20:01.290,POST,/desembolsos,201,233.4,116.6,,dedd03df-ca8a-4fe5-8888-f5a0c43eb388,1,60
2026-09-24T05:20:01.382,POST,/desembolsos,201,236.2,115.3,,2fd26ef1-aab6-4503-acfa-00187b48154f,1,60
2026-09-24T05:20:01.490,POST,/desembolsos,201,232.6,114.6,,ccbfaa23-cc18-4cb9-8a60-92c3d552d1c7,1,60
2026-09-24T05:20:01.573,POST,/desembolsos,201,235.5,118.4,,75b67e60-e2b7-4a0b-aa37-b33b1d41cb3b,1,60
2026-09-24T05:20:01.672,POST,/desembolsos,201,231.6,113.2,,f86561ed-8b7b-40d3-95a3-cf4e74a789ba,1,60
2026-09-24T05:20:01.787,POST,/desembolsos,201,236.6,113.2,,fb4da271-2349-4183-b7a0-d979bb8fdc45,1,60
2026-09-24T05:20:01.886,POST,/desembolsos,201,233.4,112.5,,3b7d1ed2-3a2c-4c19-aab2-21819e3fcf8f,1,60
2026-09-24T05:20:02.001,POST,/desembolsos,201,237.9,113.6,,8bde1281-6d77-4fee-afb3-d08e3c6f7427,1,60
2026-09-24T05:20:02.097,POST,/desembolsos,201,234.4,112.6,,6a8ccf3f-db4b-4bc2-a83b-f2cfb511e088,1,60
2026-09-24T05:20:02.181,POST,/desembolsos,201,232.4,111.8,,f060ad90-aa4f-4a4f-8820-eb42a2d59426,1,60
2026-09-24T05:20:02.282,POST,/desembolsos,201,236.5,114.1,,fc5ed56a-f59d-4b19-9468-945a4065a8dd,1,60
2026-09-24T05:20:02.390,POST,/desembolsos,201,235.6,115.0,,b615a370-e304-4e07-83ce-f591c515f4c6,1,60
2026-09-24T05:20:02.490,POST,/desembolsos,201,229.2,110.7,,9a3660b3-6e89-46e4-90ce-74ec6e55c170,1,60
2026-09-24T05:20:02.582,POST,/desembolsos,201,235.3,114.0,,40902c87-523e-479b-8b50-c1dee503538f,1,60
2026-09-24T05:20:02.689,POST,/desembolsos,201,241.9,117.9,,f94909bc-3215-4632-9c87-898cb86750a5,1,60
2026-09-24T05:20:02.803,POST,/desembolsos,201,228.7,111.9,,ea8807f8-ac84-4b76-b64e-a57b3828d90e,1,60
2026-09-24T05:20:02.886,POST,/desembolsos,201,238.9,114.0,,c96dccc5-e53a-4f60-9799-2277ae2289dd,1,60
2026-09-24T05:20:03.000,POST,/desembolsos,201,234.8,116.1,,5b2f7e06-29b3-4f7e-8ca8-dae055d2f591,1,60
2026-09-24T05:20:03.113,POST,/desembolsos,201,227.3,109.3,,b442aca0-f38e-4ccb-997a-063b0b108de2,1,60
2026-09-24T05:20:03.190,POST,/desembolsos,201,237.0,114.6,,ebe10391-0558-4f7f-965e-62314fa4fe1a,1,60
2026-09-24T05:20:03.290,POST,/desembolsos,201,330.2,113.9,,0dabde48-62d3-4230-9326-c208959f0074,1,60
2026-09-24T05:20:03.390,POST,/desembolsos,201,232.7,112.2,,738440eb-0416-4f75-8b74-cb3008c1ebb0,1,60
2026-09-24T05:20:03.490,POST,/desembolsos,201,255.1,130.6,,6e757053-a974-427c-9af0-c37652d21809,1,60
2026-09-24T05:20:03.582,POST,/desembolsos,201,282.2,158.6,,f3e3aa56-7a03-4a8c-95d9-8eab32eb6dc1,1,60
2026-09-24T05:20:03.698,POST,/desembolsos,201,237.2,114.1,,dc84fa6f-ed95-468e-a6c5-a4ec727ca139,1,60
2026-09-24T05:20:03.804,POST,/desembolsos,201,235.3,114.7,,84fc7e24-4989-45f0-845d-22e38b042130,1,60
2026-09-24T05:20:03.887,POST,/desembolsos,201,251.9,129.7,,efe28e77-3afb-4238-b2a2-c415d3a405d9,1,60
2026-09-24T05:20:04.000,POST,/desembolsos,201,232.2,110.3,,766665bb-3f71-46d9-8352-a617a120b715,1,60
2026-09-24T05:20:04.098,POST,/desembolsos,201,261.2,133.9,,f799c1cc-ae9b-40ff-8fb0-5077a1301594,1,60
2026-09-24T05:20:04.190,POST,/desembolsos,201,255.9,135.1,,253da121-8337-4b4b-bccf-42c3866cd605,1,60
2026-09-24T05:20:04.298,POST,/desembolsos,201,228.4,112.0,,ae249329-1d97-4bf3-98a8-5949ba7aa97d,1,60
2026-09-24T05:20:04.390,POST,/desembolsos,201,236.5,116.6,,72a69a44-37f2-416b-9429-5bbdaeb8d0b3,1,60
2026-09-24T05:20:04.490,POST,/desembolsos,201,233.2,112.3,,8131a90f-daf8-4ffc-8c71-9f18a0f483db,1,60
2026-09-24T05:20:04.573,POST,/desembolsos,201,245.2,123.4,,44e09673-0b55-4c37-9e42-4a0aad16f5e6,1,60
2026-09-24T05:20:04.696,POST,/desembolsos,201,247.5,116.0,,dc0d8b11-496a-4cfe-9008-77f2e9005034,1,60
2026-09-24T05:20:04.795,POST,/desembolsos,201,275.4,112.9,,de645d3c-1e33-4589-ad2e-66b28714821b,1,60
2026-09-24T05:20:04.903,POST,/desembolsos,201,309.4,146.9,,ed7efeda-1ad3-4ab0-92d4-bb587013f7c7,1,60
2026-09-24T05:20:04.998,POST,/desembolsos,201,244.4,114.9,,2c252742-fc1f-4f18-a703-785731444765,1,60
2026-09-24T05:20:05.070,POST,/desembolsos,201,249.8,112.7,,0685519e-dbee-4a64-b15c-6f10353984d2,1,60
2026-09-24T05:20:05.181,POST,/desembolsos,201,244.6,111.5,,115af7ed-6eee-41e8-91f4-3ffda137fc1f,1,60
2026-09-24T05:20:05.282,POST,/desembolsos,201,234.5,116.1,,c1ce31d0-b0e9-4cd5-8b75-9a2c4cd44ba2,1,60
2026-09-24T05:20:05.390,POST,/desembolsos,201,254.5,119.1,,bf6beb30-9bbb-4407-b6fd-9a8e76607c6c,1,60
2026-09-24T05:20:05.507,POST,/desembolsos,201,238.4,114.4,,e4dec7df-282a-4413-9252-700f0fff11ba,1,60
2026-09-24T05:20:05.582,POST,/desembolsos,201,307.3,121.5,,a3c51e7d-031f-4015-989b-b15ab26df33e,1,60
2026-09-24T05:20:05.683,POST,/desembolsos,201,263.6,123.7,,b948e2d4-2ef1-4cf9-bd8a-4aea0e5833d6,1,60
2026-09-24T05:20:05.798,POST,/desembolsos,201,251.3,119.3,,5fbee427-5365-4b2d-8421-9d665fcc74ef,1,60
2026-09-24T05:20:05.881,POST,/desembolsos,201,309.1,123.5,,cd4956e4-9fd2-4247-be48-5d1dff5d9349,1,60
2026-09-24T05:20:05.992,POST,/desembolsos,201,286.9,124.0,,d7ec0588-6c4d-48fa-957c-6a05d6e97500,1,60
2026-09-24T05:20:06.106,POST,/desembolsos,201,272.6,155.3,,898137d6-4ffa-43a6-a856-32b3fab69177,1,60
2026-09-24T05:20:06.190,POST,/desembolsos,201,264.4,127.8,,47d51755-143a-4ac6-8907-3283ecdc8613,1,60
2026-09-24T05:20:06.273,POST,/desembolsos,201,252.7,116.4,,9d5beb18-99fc-4f3e-ab27-badc804c928b,1,60
2026-09-24T05:20:06.375,POST,/desembolsos,201,230.0,111.9,,6f7b919f-d810-4bdf-be9c-6bd0d0ea2c8b,1,60
2026-09-24T05:20:06.490,POST,/desembolsos,201,247.8,113.0,,b1de49ad-79b6-4599-8cd4-313ee144d3db,1,60
2026-09-24T05:20:06.582,POST,/desembolsos,201,238.1,113.1,,1888815f-7df1-4565-bd60-410db6ecfe83,1,60
2026-09-24T05:20:06.685,POST,/desembolsos,201,255.5,125.8,,29fda0d6-08ef-45b5-9875-c95c1ee96a42,1,60
2026-09-24T05:20:06.797,POST,/desembolsos,201,257.2,136.3,,16c137e4-053a-4673-876b-4ff7d88d8403,1,60
2026-09-24T05:20:06.888,POST,/desembolsos,201,235.7,112.4,,9d02dc5b-b6e4-4a11-86cc-2e739c2f1464,1,60
2026-09-24T05:20:07.000,POST,/desembolsos,201,232.4,112.5,,ad3b8874-8dc9-48ec-b6d1-508015789340,1,60
2026-09-24T05:20:07.098,POST,/desembolsos,201,239.1,114.9,,50f0cd69-014c-4fea-a084-3151fc388641,1,60
2026-09-24T05:20:07.190,POST,/desembolsos,201,236.9,114.7,,8d316e11-e36d-4d05-8a39-3d69472f8cc0,1,60
2026-09-24T05:20:07.299,POST,/desembolsos,201,233.4,112.9,,f1f5ba1f-9645-4800-844b-b7f0c46b0ba7,1,60
2026-09-24T05:20:07.407,POST,/desembolsos,201,244.3,123.7,,d7b2d060-f2a2-40d7-a2b4-2e4a3c79a788,1,60
2026-09-24T05:20:07.490,POST,/desembolsos,201,252.5,119.1,,81457a81-12d6-422f-976b-dc600930816e,1,60
2026-09-24T05:20:07.602,POST,/desembolsos,201,238.8,113.4,,1f95dc1a-31d4-4c0d-ac63-eaa5e55c40fd,1,60
2026-09-24T05:20:07.688,POST,/desembolsos,201,240.5,113.6,,c9007d74-3263-484f-b5fb-4c097fa3158a,1,60
2026-09-24T05:20:07.788,POST,/desembolsos,201,233.2,113.0,,b7a3a606-6e0b-4030-81dd-e53a0945a494,1,60
2026-09-24T05:20:07.901,POST,/desembolsos,201,233.6,115.1,,c5534176-0397-4809-a0b1-ab721ca286f5,1,60
2026-09-24T05:20:07.984,POST,/desembolsos,201,236.3,113.9,,e29b594b-e769-4a63-80ea-59ee7e10ed8a,1,60
2026-09-24T05:20:08.097,POST,/desembolsos,201,242.0,112.8,,76cd9f26-2cc8-4714-9836-3bea132c8289,1,60
2026-09-24T05:20:08.190,POST,/desembolsos,201,240.0,121.2,,18b30431-08a1-4813-ac23-7fe4dea3cc30,1,60
2026-09-24T05:20:08.290,POST,/desembolsos,201,237.7,117.8,,7c242774-2c35-4d86-aabd-4bd5c21037e8,1,60
2026-09-24T05:20:08.407,POST,/desembolsos,201,234.5,113.7,,6a959c2b-7b00-442a-a80c-9b3e26f8b504,1,60
2026-09-24T05:20:08.482,POST,/desembolsos,201,236.5,114.8,,c620d2be-da44-4dd9-9411-bc2b8d3b3b0f,1,60
2026-09-24T05:20:08.573,POST,/desembolsos,201,237.3,116.6,,0fdf72a5-63ee-4344-9605-b7ea89f17d0f,1,60
2026-09-24T05:20:08.689,POST,/desembolsos,201,250.1,116.2,,9616119f-1b90-4172-b011-29d2e2accb20,1,60
2026-09-24T05:20:08.770,POST,/desembolsos,201,234.5,114.7,,62ad8359-71e3-499e-8fe7-e009a4858f73,1,60
2026-09-24T05:20:08.884,POST,/desembolsos,201,239.9,114.3,,fb34fd66-4ef5-4c3d-9da2-ab3483d0be8a,1,60
2026-09-24T05:20:08.997,POST,/desembolsos,201,243.0,118.6,,b9d132e1-09b6-4bed-85dc-dcad57568d9e,1,60
2026-09-24T05:20:09.096,POST,/desembolsos,201,246.5,126.5,,cbe54979-004f-4516-aad6-a42857f26c9b,1,60
2026-09-24T05:20:09.207,POST,/desembolsos,201,244.1,122.4,,bfb85c12-5ed0-4deb-8a8a-b8a5dd584074,1,60
2026-09-24T05:20:09.290,POST,/desembolsos,201,274.3,117.7,,15172641-b6ec-471c-9768-c2e01ed8f145,1,60
2026-09-24T05:20:09.390,POST,/desembolsos,201,236.1,111.7,,bd463edd-8cf5-4324-9806-1d4365e49c28,1,60
2026-09-24T05:20:09.482,POST,/desembolsos,201,247.0,122.0,,9d201c0a-ca88-4ac5-83c5-1db886d69d08,1,60
2026-09-24T05:20:09.582,POST,/desembolsos,201,243.5,117.0,,cef6c6da-6b47-4bc1-b44a-b1839bd734ce,1,60
2026-09-24T05:20:09.697,POST,/desembolsos,201,231.1,112.6,,66686c1e-2e22-4f8f-b9fb-97df21228f68,1,60
2026-09-24T05:20:09.779,POST,/desembolsos,201,241.5,113.9,,b10461ba-5e02-4ff4-8914-28d8dcc24de3,1,60
2026-09-24T05:20:09.892,POST,/desembolsos,201,281.8,121.1,,32cedfea-6cac-49f9-a42f-34c5bca69b92,1,60
2026-09-24T05:20:10.006,POST,/desembolsos,201,237.7,116.5,,c2fc0ce5-c655-426e-a316-86dd2f8e6c76,1,60
2026-09-24T05:20:10.089,POST,/desembolsos,201,237.4,115.3,,ceb64ecd-3c0e-4c5b-869a-a2fbc1633776,1,60
2026-09-24T05:20:10.174,POST,/desembolsos,201,242.7,116.4,,25815036-456d-4675-9997-5330069502a4,1,60
2026-09-24T05:20:10.290,POST,/desembolsos,201,227.5,109.5,,4c57cb1d-287f-4e11-9e08-cc488b77bf66,1,60
2026-09-24T05:20:10.390,POST,/desembolsos,201,247.4,125.2,,cd0134fb-d4f9-4573-9b1d-ae0cd7cf489b,1,60
2026-09-24T05:20:10.482,POST,/desembolsos,201,232.5,114.3,,34b2e4e3-2340-4fce-84c5-9be4fa9b53f9,1,60
2026-09-24T05:20:10.591,POST,/desembolsos,201,230.8,111.4,,32467688-f476-4c41-bdad-788c70381aab,1,60
2026-09-24T05:20:10.684,POST,/desembolsos,201,234.0,113.6,,159f7bb5-a4fe-4159-ace5-f038b2f3e682,1,60
2026-09-24T05:20:10.793,POST,/desembolsos,201,240.2,115.0,,da8241e3-27cd-43c0-b6d5-385183f92a34,1,60
2026-09-24T05:20:10.886,POST,/desembolsos,201,246.7,115.7,,fe2ded4e-29ef-4ed9-a774-27d9c584aa64,1,60
2026-09-24T05:20:11.001,POST,/desembolsos,201,245.9,118.4,,ca704931-551f-4f42-a262-331430b201b4,1,60
2026-09-24T05:20:11.100,POST,/desembolsos,201,237.9,112.2,,230098b5-1753-4719-b8e9-6fee6032891f,1,60
2026-09-24T05:20:11.181,POST,/desembolsos,201,252.7,126.0,,fe993566-dd59-4406-a4aa-60a8c66cfbb0,1,60
2026-09-24T05:20:11.282,POST,/desembolsos,201,258.3,130.6,,240b8826-76b1-48bb-9501-32f0d6fd16a3,1,60
2026-09-24T05:20:11.391,POST,/desembolsos,201,265.5,131.2,,e68965ea-a40b-4955-b172-9d12c3483b8e,1,60
2026-09-24T05:20:11.482,POST,/desembolsos,201,235.4,112.7,,9914f003-143b-4b1a-bce3-b5be14ee8d05,1,60
2026-09-24T05:20:11.574,POST,/desembolsos,201,245.7,124.7,,f42cf20a-62d6-4368-b847-c23013f896ff,1,60
2026-09-24T05:20:11.698,POST,/desembolsos,201,231.7,113.2,,46d0f2ed-7d0a-455f-a844-05830a711c9e,1,60
2026-09-24T05:20:11.797,POST,/desembolsos,201,235.6,113.5,,7274ef88-62d7-4791-a389-f393e02aeb96,1,60
2026-09-24T05:20:11.897,POST,/desembolsos,201,240.7,114.1,,0c3dc2d6-0ad3-4e99-b79f-e7d020c38dca,1,60
2026-09-24T05:20:11.995,POST,/desembolsos,201,231.3,111.8,,ea253dc0-151b-4e3c-a2ca-c1921e37e336,1,60
2026-09-24T05:20:12.092,POST,/desembolsos,201,233.2,112.8,,36f51ea3-c642-4ae5-ad3b-666962c4ade7,1,60
2026-09-24T05:20:12.190,POST,/desembolsos,201,241.9,116.1,,7a3b45c7-1d80-437a-baa4-4f4b0a602a26,1,60
2026-09-24T05:20:12.282,POST,/desembolsos,201,237.3,121.2,,004805ad-e4b0-4abe-9e51-f4e1b7bbe5f2,1,60
2026-09-24T05:20:12.390,POST,/desembolsos,201,234.8,116.6,,144f5170-f199-4232-a183-81dc4f270c73,1,60
2026-09-24T05:20:12.491,POST,/desembolsos,201,243.2,116.8,,edbfd43c-af50-4f26-a377-2bc242b2599b,1,60
2026-09-24T05:20:12.606,POST,/desembolsos,201,231.3,111.6,,29136ac0-5bf8-4556-844c-63be2b7e577b,1,60
2026-09-24T05:20:12.691,POST,/desembolsos,201,247.1,126.1,,4b5118b0-55f8-40f4-be76-1ef798dbcfce,1,60
2026-09-24T05:20:12.797,POST,/desembolsos,201,235.0,114.1,,bd58887a-d0eb-44c3-96a8-01e839cde688,1,60
2026-09-24T05:20:12.894,POST,/desembolsos,201,231.9,112.4,,88373d75-8906-43e6-8763-e1700aeddd7b,1,60
2026-09-24T05:20:13.004,POST,/desembolsos,201,253.4,112.4,,25b3088d-0dbb-414b-a373-45f2a749438d,1,60
2026-09-24T05:20:13.085,POST,/desembolsos,201,239.7,114.8,,0d436f2b-5394-48af-bd40-1a46cba7d1d5,1,60
2026-09-24T05:20:13.191,POST,/desembolsos,201,238.4,120.7,,f80e38d8-24a4-497e-8add-b77da383e92a,1,60
2026-09-24T05:20:13.282,POST,/desembolsos,201,254.3,133.3,,8baaf270-cc90-4d72-b818-efd97f7f9e55,1,60
2026-09-24T05:20:13.399,POST,/desembolsos,201,237.8,113.3,,329424ba-d237-40f5-82cf-eb071b6014a8,1,60
2026-09-24T05:20:13.490,POST,/desembolsos,201,241.6,119.4,,a7b06c18-61a0-446c-bb70-def8dcd00b53,1,60
2026-09-24T05:20:13.602,POST,/desembolsos,201,245.3,114.3,,fbb0f3a3-89c2-4132-9a7b-2337c0667d26,1,60
2026-09-24T05:20:13.684,POST,/desembolsos,201,245.0,121.4,,a3cc0458-dbcc-4325-9be7-1daec20e5284,1,60
2026-09-24T05:20:13.797,POST,/desembolsos,201,243.8,116.2,,4f9d8ea9-9894-4784-bf81-ba0e7dc74323,1,60
2026-09-24T05:20:13.912,POST,/desembolsos,201,237.1,117.5,,340aaacc-70af-4f16-a409-2ef3923d0565,1,60
2026-09-24T05:20:13.995,POST,/desembolsos,201,255.2,129.2,,f6be63c3-15f9-4d56-8bba-ad2ca3bec15b,1,60
2026-09-24T05:20:14.091,POST,/desembolsos,201,243.3,119.2,,d3be06d3-8c93-4a71-bfed-083b25482228,1,60
2026-09-24T05:20:14.182,POST,/desembolsos,201,268.9,113.4,,1881cdb8-340c-45e2-bd14-5e939de41c2f,1,60
2026-09-24T05:20:14.294,POST,/desembolsos,201,274.0,116.4,,bb48945d-03d9-4752-b5c9-3e55b3a14763,1,60
2026-09-24T05:20:14.399,POST,/desembolsos,201,234.2,111.8,,cd821a53-5ee7-41e5-8411-d58c648ca6c2,1,60
2026-09-24T05:20:14.491,POST,/desembolsos,201,253.4,128.7,,547e8563-b694-44ee-9ecc-69beca88764c,1,60
2026-09-24T05:20:14.582,POST,/desembolsos,201,235.7,114.0,,4826e4b1-a101-4110-9941-ddae2470b106,1,60
2026-09-24T05:20:14.694,POST,/desembolsos,201,265.9,110.0,,205c5e15-2315-419d-bcc0-f4ff7357ce59,1,60
2026-09-24T05:20:14.795,POST,/desembolsos,201,336.4,167.3,,beff46be-50f9-4f5b-8808-c776ba95ec97,1,60
2026-09-24T05:20:14.896,POST,/desembolsos,201,243.0,114.0,,f3f84c80-3f9d-4baa-b92a-3f8ac87bac91,1,60
2026-09-24T05:20:14.994,POST,/desembolsos,201,256.0,137.1,,19e5a7a5-fd87-4b1b-8a85-a6f189c93469,1,60
2026-09-24T05:20:15.092,POST,/desembolsos,201,278.9,157.1,,4a943fbf-fe90-47e2-90a3-2831463d3000,1,60
2026-09-24T05:20:15.191,POST,/desembolsos,201,228.9,111.8,,d93cd1db-d5cf-4e5d-b75a-72f9028bfe8e,1,60
2026-09-24T05:20:15.291,POST,/desembolsos,201,230.7,110.5,,6219da24-d477-423d-8b46-cb4814f4d029,1,60
2026-09-24T05:20:15.366,POST,/desembolsos,201,249.4,127.9,,aae0ba18-276d-4902-b91f-3e6c22185610,1,60
2026-09-24T05:20:15.482,POST,/desembolsos,201,239.7,115.2,,34c8be5a-afef-4741-a65f-fefd31602499,1,60
2026-09-24T05:20:15.582,POST,/desembolsos,201,247.0,124.7,,4ce89842-429a-484b-9024-5b0ab7ff7726,1,60
2026-09-24T05:20:15.691,POST,/desembolsos,201,235.4,113.7,,8e3bc044-1569-47b0-b6bd-b12738b3fa0a,1,60
2026-09-24T05:20:15.804,POST,/desembolsos,201,238.4,115.2,,d6a3911a-0937-460b-b444-9d4e911d9ace,1,60
2026-09-24T05:20:15.896,POST,/desembolsos,201,233.1,111.0,,87aeceae-8a47-4fd2-ba73-839c0ab345c6,1,60
2026-09-24T05:20:15.990,POST,/desembolsos,201,237.7,114.6,,28abf7f1-c9c8-4ff3-aa49-bd28484f66b6,1,60
2026-09-24T05:20:16.088,POST,/desembolsos,201,235.5,112.8,,6d5259cc-38c4-4a96-ae05-669fd2ed2035,1,60
2026-09-24T05:20:16.199,POST,/desembolsos,201,239.1,110.0,,8ceed23d-9256-4cf7-99bd-1ee380e6d48c,1,60
2026-09-24T05:20:16.282,POST,/desembolsos,201,238.6,118.7,,74f356cb-ef75-4b67-b1f4-0defac3d83de,1,60
2026-09-24T05:20:16.390,POST,/desembolsos,201,235.0,114.7,,aaf5368c-1d7c-4e7d-87b9-50ea91016a8b,1,60
2026-09-24T05:20:16.499,POST,/desembolsos,201,235.9,117.1,,aeabd0e3-4c83-4386-b826-8dbbde9cc909,1,60
2026-09-24T05:20:16.582,POST,/desembolsos,201,237.0,117.3,,977bf64b-8ba5-49f8-934f-4a32f8afe3c4,1,60
2026-09-24T05:20:16.699,POST,/desembolsos,201,238.3,119.5,,0d361d4a-ffa2-47e8-b0e7-cbce653d9b2e,1,60
2026-09-24T05:20:16.786,POST,/desembolsos,201,238.6,117.3,,2b014522-c81a-4016-98a2-60d410f34288,1,60
2026-09-24T05:20:16.897,POST,/desembolsos,201,292.1,117.0,,f46b2696-5fff-4e3d-b75a-7f9ec9684be0,1,60
2026-09-24T05:20:16.995,POST,/desembolsos,201,240.9,117.9,,ee13eec7-e0e2-4426-96a3-13bfdc4bd2c6,1,60
2026-09-24T05:20:17.093,POST,/desembolsos,201,231.2,110.9,,288ef2c8-749b-4ccc-8ad2-484c95493c47,1,60
2026-09-24T05:20:17.190,POST,/desembolsos,201,235.6,113.6,,af9f8f7e-f796-41f1-a73f-b89dc5182f25,1,60
2026-09-24T05:20:17.299,POST,/desembolsos,201,239.6,117.3,,7307082f-3cb7-4fd6-9193-614c6de0db50,1,60
2026-09-24T05:20:17.391,POST,/desembolsos,201,244.8,125.0,,f27313f2-5a6b-4d08-991f-a77ce9b76092,1,60
2026-09-24T05:20:17.499,POST,/desembolsos,201,236.2,115.2,,03c4aff5-cba6-43b6-97b5-9e81c4b91415,1,60
2026-09-24T05:20:17.583,POST,/desembolsos,201,244.0,116.9,,6bf7214f-e014-4657-9db8-21d3a78ec14a,1,60
2026-09-24T05:20:17.697,POST,/desembolsos,201,229.9,111.2,,246e5835-0fdd-4c3c-872d-3e9485122069,1,60
2026-09-24T05:20:17.793,POST,/desembolsos,201,239.9,119.2,,06a8e974-b469-4a42-ab74-a1f4049feb9b,1,60
2026-09-24T05:20:17.909,POST,/desembolsos,201,232.6,114.7,,92e14955-edda-4304-a72b-4107097d4177,1,60
2026-09-24T05:20:18.007,POST,/desembolsos,201,242.2,113.5,,f3e128fe-97a5-42db-8a89-67d66f0563a8,1,60
2026-09-24T05:20:18.089,POST,/desembolsos,201,280.8,118.6,,f72cb043-4db7-47ab-8b06-e6f718328f68,1,60
2026-09-24T05:20:18.206,POST,/desembolsos,201,294.5,157.1,,550cd203-e277-47dd-ad91-9bda9397a1ed,1,60
2026-09-24T05:20:18.291,POST,/desembolsos,201,232.5,110.0,,4970e1e3-d216-46c3-a859-3e48d561e406,1,60
2026-09-24T05:20:18.383,POST,/desembolsos,201,284.7,118.4,,fbaca574-4cfe-4a0b-8dff-8553e42f8a2c,1,60
2026-09-24T05:20:18.490,POST,/desembolsos,201,241.1,117.9,,d706bd3b-12c1-4729-9b42-d8206a062cb8,1,60
2026-09-24T05:20:18.583,POST,/desembolsos,201,249.7,112.1,,39ee7fec-53b2-4a8c-828d-c6262a744fca,1,60
2026-09-24T05:20:18.667,POST,/desembolsos,201,240.7,113.7,,9a851c74-5086-49b5-a72c-42eaf02997d6,1,60
2026-09-24T05:20:18.771,POST,/desembolsos,201,240.9,113.8,,fc41745b-e02e-412f-bfbc-dcdb1d41bf39,1,60
2026-09-24T05:20:18.888,POST,/desembolsos,201,236.9,114.2,,87a8b8d2-9fd7-4423-9e7d-bb8c40d674f3,1,60
2026-09-24T05:20:19.002,POST,/desembolsos,201,251.7,115.6,,f71daa64-a2c5-459c-b1a0-48869e70cfbc,1,60
2026-09-24T05:20:19.099,POST,/desembolsos,201,236.8,113.8,,588caa1b-8353-481a-a4d0-7be7724820e7,1,60
2026-09-24T05:20:19.190,POST,/desembolsos,201,233.3,110.6,,b6a0b8b8-5fa0-47a0-ae85-8c370ac66079,1,60
2026-09-24T05:20:19.290,POST,/desembolsos,201,256.6,133.5,,befff1c4-6320-4252-9bd3-9754dd42fff7,1,60
2026-09-24T05:20:19.407,POST,/desembolsos,201,250.2,116.9,,89cd81af-3048-4875-b3a2-f2de48a74ecf,1,60
2026-09-24T05:20:19.499,POST,/desembolsos,201,227.2,111.1,,fa00a492-d9ca-4c7e-b16d-5fe5b8477ab7,1,60
2026-09-24T05:20:19.590,POST,/desembolsos,201,241.4,119.8,,8fa3e7e4-1a17-4bbc-a7c2-adce99d43246,1,60
2026-09-24T05:20:19.709,POST,/desembolsos,201,244.6,122.2,,7324c33c-d4ea-4a0c-8717-72e9abfe167f,1,60
2026-09-24T05:20:19.780,POST,/desembolsos,201,235.8,114.8,,c7f46415-4b09-47ca-9c73-9f76b724de16,1,60
2026-09-24T05:20:19.894,POST,/desembolsos,201,231.7,111.5,,b660ab5f-5f2c-4489-b13c-fd45b4ef48b2,1,60
2026-09-24T05:20:19.993,POST,/desembolsos,201,238.2,117.0,,0a631c55-d6c3-48f0-bb56-2ea755430703,1,60
2026-09-24T05:20:20.091,POST,/desembolsos,201,235.1,115.1,,0b5311d8-ed8a-4b3d-a733-ed9330e6b1bc,1,60
2026-09-24T05:20:20.199,POST,/desembolsos,201,233.9,113.8,,2b3b045b-128d-4ba8-916b-4485169170f2,1,60
2026-09-24T05:20:20.283,POST,/desembolsos,201,235.0,114.5,,95500c4c-f1d3-4ccc-ba5b-653426d9b702,1,60
2026-09-24T05:20:20.391,POST,/desembolsos,201,232.2,111.0,,62d167f2-bece-40a1-82ed-080b2dbd9a26,1,60
2026-09-24T05:20:20.483,POST,/desembolsos,201,252.4,125.6,,9e5e16db-13bc-43bc-a4ef-968e2b5b59c5,1,60
2026-09-24T05:20:20.608,POST,/desembolsos,201,236.7,112.6,,76e62760-9cbf-458f-b85a-e8f77a444581,1,60
2026-09-24T05:20:20.707,POST,/desembolsos,201,239.8,123.4,,704193d7-f609-403d-9635-ff20107197c4,1,60
2026-09-24T05:20:20.787,POST,/desembolsos,201,262.1,142.0,,c3ddc12c-6831-4fa6-833d-56d1c678d760,1,60
2026-09-24T05:20:20.886,POST,/desembolsos,201,233.6,115.5,,f4359076-5be5-46c5-af4b-c3363302df60,1,60
2026-09-24T05:20:20.999,POST,/desembolsos,201,233.2,112.8,,bb80fe9c-c8c3-49c4-921b-71a01ffb0c4a,1,60
2026-09-24T05:20:21.109,POST,/desembolsos,201,231.0,112.4,,09f6ed15-dbe1-497b-8666-5fdf6ee0ef05,1,60
2026-09-24T05:20:21.191,POST,/desembolsos,201,257.3,114.6,,cab2fcc5-d9d3-4e6a-80e2-33235c52d90c,1,60
2026-09-24T05:20:21.291,POST,/desembolsos,201,233.3,111.5,,97f3f7e0-d2e0-452d-a8cf-72b1c5b13e7e,1,60
2026-09-24T05:20:21.399,POST,/desembolsos,201,234.8,113.2,,b69c9017-1f94-44fc-a972-558f4e793ddd,1,60
2026-09-24T05:20:21.499,POST,/desembolsos,201,233.4,113.0,,a97971c6-f7b4-4843-afa2-9fafbb2248b4,1,60
2026-09-24T05:20:21.591,POST,/desembolsos,201,238.2,119.2,,4e21d37a-99d1-4591-b0c6-3f048581ae9c,1,60
2026-09-24T05:20:21.689,POST,/desembolsos,201,237.9,113.7,,e0b4afbe-139b-4975-970f-759294f945cb,1,60
2026-09-24T05:20:21.788,POST,/desembolsos,201,231.5,111.8,,8d0f9f60-a64d-4a30-8bd3-0eafd33c936d,1,60
2026-09-24T05:20:21.887,POST,/desembolsos,201,252.9,114.7,,3e371a0f-8ffe-4d17-8b12-138d1479d33b,1,60
2026-09-24T05:20:21.986,POST,/desembolsos,201,256.6,139.0,,724871f3-19bd-453d-9026-d40fc2e220ab,1,60
2026-09-24T05:20:22.101,POST,/desembolsos,201,232.7,113.2,,1b0b0069-7ae4-426f-8d99-fd6300e41524,1,60
2026-09-24T05:20:22.192,POST,/desembolsos,201,233.0,112.7,,1a3f4960-9fb0-4969-8fac-8e135a9e3673,1,60
2026-09-24T05:20:22.283,POST,/desembolsos,201,242.7,118.9,,c02fe7a7-5be3-4bfd-be68-582fa1fb1d11,1,60
2026-09-24T05:20:22.382,POST,/desembolsos,201,242.2,126.7,,f20229b8-2cf4-4593-9438-87ba1d256bd2,1,60
2026-09-24T05:20:22.499,POST,/desembolsos,201,240.1,112.8,,bbeeae28-cc5e-43bf-b63f-b57988fde57d,1,60
2026-09-24T05:20:22.591,POST,/desembolsos,201,247.8,121.9,,d69bc93a-6a35-40f1-a7b0-d1ef9dd4a120,1,60
2026-09-24T05:20:22.698,POST,/desembolsos,201,256.3,133.1,,7485b9bc-564d-4dd2-aabb-f6bbef91cc47,1,60
2026-09-24T05:20:22.806,POST,/desembolsos,201,255.5,131.9,,4b599844-6604-4fe6-96c4-d0e78c7f5efa,1,60
2026-09-24T05:20:22.888,POST,/desembolsos,201,243.6,114.8,,7d7e64bc-2ad1-41dd-86a0-d0708bb1d7a6,1,60
2026-09-24T05:20:23.002,POST,/desembolsos,201,239.7,118.5,,abe5faf0-af75-47cc-8be7-66983c5b3c01,1,60
2026-09-24T05:20:23.084,POST,/desembolsos,201,235.8,112.7,,3f36de60-b3da-4d41-952d-40bbbe65920a,1,60
2026-09-24T05:20:23.191,POST,/desembolsos,201,239.9,115.2,,aec8b26b-d216-423e-a3ea-8d0597b96cf3,1,60
2026-09-24T05:20:23.283,POST,/desembolsos,201,256.7,125.7,,e71c8296-bf58-4016-b7c7-cf8c291fe53b,1,60
2026-09-24T05:20:23.408,POST,/desembolsos,201,258.6,126.7,,f45983bf-848c-4a9b-be82-9ab26b24d71d,1,60
2026-09-24T05:20:23.500,POST,/desembolsos,201,241.3,112.8,,36dbdeab-61cb-4265-ad84-9cbb3137d8ad,1,60
2026-09-24T05:20:23.599,POST,/desembolsos,201,234.2,110.7,,5436c20b-ac31-43c6-870f-6d714d56c842,1,60
2026-09-24T05:20:23.666,POST,/desembolsos,201,235.6,113.4,,9f44154d-0a67-48b3-b644-184594fc4e44,1,60
2026-09-24T05:20:23.779,POST,/desembolsos,201,235.7,114.2,,031133a6-ae5c-42f0-80bb-aa622e2a9b42,1,60
2026-09-24T05:20:23.882,POST,/desembolsos,201,240.7,111.3,,9eb4b1cc-2af2-42eb-8e52-c4e4e66853c6,1,60
2026-09-24T05:20:23.997,POST,/desembolsos,201,261.3,136.2,,28d6c1fc-c256-4383-923d-7711f228c32e,1,60
2026-09-24T05:20:24.095,POST,/desembolsos,201,272.2,146.4,,c3f36d96-0f38-4726-9778-65fb9f485104,1,60
2026-09-24T05:20:24.183,POST,/desembolsos,201,245.7,125.5,,c5ef61b5-334e-4dc9-a5c5-760cb790cc32,1,60
2026-09-24T05:20:24.291,POST,/desembolsos,201,231.7,112.7,,e4b01242-8d26-490c-a86b-7a2ecb0cdef4,1,60
2026-09-24T05:20:24.391,POST,/desembolsos,201,228.6,112.4,,527487aa-2517-4cca-a9c1-1372711542dd,1,60
2026-09-24T05:20:24.491,POST,/desembolsos,201,265.6,110.4,,6ca9dd83-52c4-4854-a955-d11f85c858fb,1,60
2026-09-24T05:20:24.591,POST,/desembolsos,201,236.4,113.1,,0d7fe0f0-e53d-4ee6-b97b-53311285a6d0,1,60
2026-09-24T05:20:24.696,POST,/desembolsos,201,238.3,112.2,,7604e473-7350-4b9a-aaf2-9c6e94762261,1,60
2026-09-24T05:20:24.796,POST,/desembolsos,201,228.3,109.9,,dcbea83a-049d-46d0-8a62-a02828be29e5,1,60
2026-09-24T05:20:24.887,POST,/desembolsos,201,236.2,113.7,,17f6ac51-beed-41e2-b7a9-76bfd0ee26cd,1,60
2026-09-24T05:20:24.985,POST,/desembolsos,201,231.6,114.2,,a5294061-b023-4117-9125-a3e9a6ff7ad5,1,60
2026-09-24T05:20:25.083,POST,/desembolsos,201,232.6,113.3,,cdf2d519-eb25-4406-9146-c348ec142b90,1,60
2026-09-24T05:20:25.191,POST,/desembolsos,201,267.4,112.5,,f5289289-0558-4e1b-b580-3877299399ea,1,60
2026-09-24T05:20:25.291,POST,/desembolsos,201,283.4,124.6,,c2475d36-b85f-4361-b248-a9af0db322db,1,60
2026-09-24T05:20:25.400,POST,/desembolsos,201,283.1,110.4,,4c6061de-67b5-4f49-b952-81111c7f3e87,1,60
2026-09-24T05:20:25.491,POST,/desembolsos,201,236.9,117.2,,e16e3e72-9d56-438c-8631-56f789b4f631,1,60
2026-09-24T05:20:25.575,POST,/desembolsos,201,234.4,113.5,,50164aff-7d28-42b3-bdc0-95a520b08f15,1,60
2026-09-24T05:20:25.683,POST,/desembolsos,201,238.1,117.0,,b8f4a81d-3b78-4faa-84e9-bdf50aef28ec,1,60
2026-09-24T05:20:25.799,POST,/desembolsos,201,232.8,113.9,,77de94fb-b980-4ffe-b1be-cfcc9e4e8590,1,60
2026-09-24T05:20:25.895,POST,/desembolsos,201,241.2,113.8,,bb68c77c-97b2-4a5b-a6ac-ce753a24916a,1,60
2026-09-24T05:20:26.005,POST,/desembolsos,201,247.1,130.6,,1f6f9e0a-0743-4740-aed4-d3a5a326605a,1,60
2026-09-24T05:20:26.087,POST,/desembolsos,201,291.5,114.3,,103120c8-8181-4664-8927-4ac5ccdf4094,1,60
2026-09-24T05:20:26.187,POST,/desembolsos,201,300.8,177.8,,1df729da-684d-4984-bf5a-b8bd83e60f2b,1,60
2026-09-24T05:20:26.289,POST,/desembolsos,201,232.5,112.7,,9f64a69a-de31-4dbb-aabf-4f063a7dcfbd,1,60
2026-09-24T05:20:26.369,POST,/desembolsos,201,240.6,118.2,,d03342f6-ea8d-4b63-806c-2ea807f2da9d,1,60
2026-09-24T05:20:26.488,POST,/desembolsos,201,242.6,116.3,,8cc04c28-2b03-4055-a2fb-c30ef3645a75,1,60
2026-09-24T05:20:26.585,POST,/desembolsos,201,262.5,142.8,,d38627ca-abd3-4fdb-ae1c-138d42c0940f,1,60
2026-09-24T05:20:26.674,POST,/desembolsos,201,252.2,119.6,,ea74d905-74dd-4480-ad9c-ba8db43cbfc4,1,60
2026-09-24T05:20:26.790,POST,/desembolsos,201,256.8,127.2,,4f0fb235-eb21-47da-abfe-94c73c3babe9,1,60
2026-09-24T05:20:26.901,POST,/desembolsos,201,228.4,111.3,,ac6e54d5-bcfc-4c4c-944e-e825839b730d,1,60
2026-09-24T05:20:26.999,POST,/desembolsos,201,240.5,117.2,,d3aa6f27-f3fc-42f4-bd36-9adc92d6b1ec,1,60
2026-09-24T05:20:27.081,POST,/desembolsos,201,240.2,120.0,,fbbb1333-1989-4448-a79f-26f65a1fd849,1,60
2026-09-24T05:20:27.183,POST,/desembolsos,201,244.0,119.6,,8e038e91-d5b2-4296-b71c-29f4379e7a29,1,60
2026-09-24T05:20:27.302,POST,/desembolsos,201,270.4,118.3,,7962e749-ba49-4970-bb10-71a329e34c2b,1,60
2026-09-24T05:20:27.408,POST,/desembolsos,201,233.0,113.1,,adcd0764-b0e1-438c-a5a9-08295c2842ff,1,60
2026-09-24T05:20:27.500,POST,/desembolsos,201,247.6,127.0,,78d81c95-0932-454d-a627-e4bb9df128b3,1,60
2026-09-24T05:20:27.570,POST,/desembolsos,201,236.4,115.3,,6a659902-b3e3-49b1-8351-7b3f3984f0f1,1,60
2026-09-24T05:20:27.687,POST,/desembolsos,201,239.4,112.4,,48cc258c-738b-4aa5-abe0-ae8d47862c8e,1,60
2026-09-24T05:20:27.779,POST,/desembolsos,201,239.5,113.4,,a7aab896-ea92-4403-a3f2-6f3064f815c6,1,60
2026-09-24T05:20:27.910,POST,/desembolsos,201,266.1,144.6,,806849d6-192b-45ed-bb11-3444986d09d0,1,60
2026-09-24T05:20:27.992,POST,/desembolsos,201,233.9,113.3,,e3e7e3cd-cba2-4282-846f-8771d4528b5b,1,60
2026-09-24T05:20:28.091,POST,/desembolsos,201,236.4,114.2,,2e163446-8754-4dd6-8a8c-237fc6d2ac1b,1,60
2026-09-24T05:20:28.191,POST,/desembolsos,201,237.0,113.4,,cea895a8-3b91-41bb-9ff2-a1ade0d38106,1,60
2026-09-24T05:20:28.292,POST,/desembolsos,201,235.4,112.5,,c071378e-eda4-4448-9dee-8ccc862aa691,1,60
2026-09-24T05:20:28.391,POST,/desembolsos,201,229.4,111.7,,063e045b-c013-42a6-9c24-09bd626090e8,1,60
2026-09-24T05:20:28.492,POST,/desembolsos,201,231.0,112.7,,982cd8e1-aa8f-4090-8ccb-f68da24fbd38,1,60
2026-09-24T05:20:28.591,POST,/desembolsos,201,233.7,112.3,,6e9d9e62-5270-4a1e-8f91-5e680bb59bbc,1,60
2026-09-24T05:20:28.684,POST,/desembolsos,201,236.1,120.0,,62fa0661-eafb-465f-8515-0485979c7e9b,1,60
2026-09-24T05:20:28.803,POST,/desembolsos,201,239.1,112.1,,31c15a9d-1fc3-48e9-bc01-361268a58963,1,60
2026-09-24T05:20:28.886,POST,/desembolsos,201,233.0,114.2,,a95127e2-f70c-4e6b-b667-6c3a01155f1a,1,60
2026-09-24T05:20:28.985,POST,/desembolsos,201,234.3,110.5,,04769d94-8600-4998-81c4-8e20bd47a595,1,60
2026-09-24T05:20:29.080,POST,/desembolsos,201,241.2,112.1,,b9ba18cf-77ac-46eb-931e-b2205fcb9b2c,1,60
2026-09-24T05:20:29.174,POST,/desembolsos,201,273.3,147.1,,1e09d2fc-a136-4eee-86a3-ff7ab5377394,1,60
2026-09-24T05:20:29.282,POST,/desembolsos,201,260.0,142.8,,987738a3-3b59-4d9e-a16c-c68e2badaaf3,1,60
2026-09-24T05:20:29.416,POST,/desembolsos,201,248.6,122.8,,acbea9b8-e96e-4eb8-ac76-98660ec50cac,1,60
2026-09-24T05:20:29.491,POST,/desembolsos,201,244.1,120.9,,4f26adae-f708-430b-ad32-df946833ce9f,1,60
2026-09-24T05:20:29.583,POST,/desembolsos,201,231.3,112.2,,4805e33a-2151-4109-a231-885d1127bba4,1,60
2026-09-24T05:20:29.684,POST,/desembolsos,201,235.5,111.8,,2b68eee9-b248-475a-bbd1-40d08efc95e4,1,60
2026-09-24T05:20:29.797,POST,/desembolsos,201,235.9,113.6,,7408bf13-2d5b-48ec-b24e-b1057b313329,1,60
2026-09-24T05:20:29.895,POST,/desembolsos,201,240.6,118.3,,bb5b95da-1156-4c4e-9c3a-d05d191345e3,1,60
2026-09-24T05:20:29.994,POST,/desembolsos,201,236.3,114.4,,a60f63d8-49ec-421c-9e15-05cf10b4877c,1,60
2026-09-24T05:20:30.096,POST,/desembolsos,201,230.7,113.1,,9039ca94-82cb-4011-a1c8-e68d8c6a16cd,1,60
2026-09-24T05:20:30.200,POST,/desembolsos,201,233.4,111.6,,6039ab0d-d230-4836-bedc-45e9966f3d8d,1,60
2026-09-24T05:20:30.275,POST,/desembolsos,201,233.0,113.2,,e369d593-c9db-478e-bb76-bbded37f6eea,1,60
2026-09-24T05:20:30.383,POST,/desembolsos,201,263.8,112.8,,85b85638-c3a1-4250-9741-9a3e24df6511,1,60
2026-09-24T05:20:30.490,POST,/desembolsos,201,229.3,110.3,,6e145f83-b66a-4958-b1e3-045c85e29081,1,60
2026-09-24T05:20:30.592,POST,/desembolsos,201,242.2,120.6,,7232c063-8e37-4bb7-82a5-c37d394fa636,1,60
2026-09-24T05:20:30.699,POST,/desembolsos,201,236.3,113.3,,52c6448c-54b0-40e6-a4e8-8637afbc355b,1,60
2026-09-24T05:20:30.795,POST,/desembolsos,201,240.8,110.7,,4c6aec9a-1bf5-43e9-bf6b-03b9fe260cff,1,60
2026-09-24T05:20:30.894,POST,/desembolsos,201,259.1,113.6,,bb7c5f5b-6631-4c22-80d7-b6d351d536a8,1,60
2026-09-24T05:20:30.994,POST,/desembolsos,201,236.9,115.8,,c2d32ad5-dc28-468c-a070-466f1af4f862,1,60
2026-09-24T05:20:31.093,POST,/desembolsos,201,245.9,127.1,,962e3d00-6a7c-4f70-9bb7-3bccee8f538a,1,60
2026-09-24T05:20:31.200,POST,/desembolsos,201,245.6,124.6,,dad6ccaa-f470-40b9-b8d7-59cc05828676,1,60
2026-09-24T05:20:31.292,POST,/desembolsos,201,240.8,121.1,,cb572d2c-0a3d-4978-8119-6db6b1e3a08d,1,60
2026-09-24T05:20:31.391,POST,/desembolsos,201,257.9,121.5,,8bdd25b5-5539-4e29-874f-38f77135e82f,1,60
2026-09-24T05:20:31.492,POST,/desembolsos,201,247.7,112.9,,9f0f8761-e484-4e08-aeed-7cec88e49717,1,60
2026-09-24T05:20:31.583,POST,/desembolsos,201,239.0,117.2,,ad4dc2b2-49af-4562-909a-dcdfb8bbe290,1,60
2026-09-24T05:20:31.684,POST,/desembolsos,201,248.1,122.2,,fe78baf3-4731-4f6a-8d07-8b0cd768bea4,1,60
2026-09-24T05:20:31.793,POST,/desembolsos,201,254.6,130.5,,309fea43-7d72-4138-9252-e836a8aa3afc,1,60
2026-09-24T05:20:31.907,POST,/desembolsos,201,237.9,113.7,,6a0ec224-3bed-46f3-b135-0e5db5b0a149,1,60
2026-09-24T05:20:32.006,POST,/desembolsos,201,255.7,113.1,,ee9d37b7-4149-4822-83d1-ecf7f919ed8a,1,60
2026-09-24T05:20:32.087,POST,/desembolsos,201,255.5,112.0,,21bbee58-7b6c-49b9-8411-5aa1cde841c2,1,60
2026-09-24T05:20:32.191,POST,/desembolsos,201,227.1,110.1,,eb645254-c401-42a8-85ec-f2c1594e8051,1,60
2026-09-24T05:20:32.283,POST,/desembolsos,201,238.1,114.9,,250a62b6-690f-4955-99e9-fb3d27587bcc,1,60
2026-09-24T05:20:32.392,POST,/desembolsos,201,256.8,112.4,,a78e5415-511c-47c0-8b13-3eba02e4fb05,1,60
2026-09-24T05:20:32.492,POST,/desembolsos,201,232.1,110.2,,99d5e062-f9d0-459c-bc66-81e8bf638975,1,60
2026-09-24T05:20:32.592,POST,/desembolsos,201,238.1,113.5,,856ffea4-3b98-46b9-961c-a84f83283494,1,60
2026-09-24T05:20:32.691,POST,/desembolsos,201,264.1,116.8,,1ca2ecdb-226a-445e-8ddd-0eeeee20693e,1,60
2026-09-24T05:20:32.792,POST,/desembolsos,201,229.5,111.1,,ff7882f2-15b6-4410-b4d6-4103acf87ce8,1,60
2026-09-24T05:20:32.890,POST,/desembolsos,201,235.6,113.0,,f4c501a7-79e9-4a02-b66f-bba51c4ec4ce,1,60
2026-09-24T05:20:32.989,POST,/desembolsos,201,237.1,113.0,,6d9224d9-63bd-4dac-a261-f08a6973b88c,1,60
2026-09-24T05:20:33.087,POST,/desembolsos,201,227.0,109.9,,c7de19af-7ec3-443c-974b-f6ed78b1d198,1,60
2026-09-24T05:20:33.191,POST,/desembolsos,201,231.7,113.3,,936b9933-cf75-4944-ae6c-6623652e616c,1,60
2026-09-24T05:20:33.303,POST,/desembolsos,201,241.8,112.3,,851bed9d-94c4-49c5-9dfb-be63feac9795,1,60
2026-09-24T05:20:33.389,POST,/desembolsos,201,227.7,111.6,,141336d0-3058-4b2b-85c4-2cc172738d2e,1,60
2026-09-24T05:20:33.490,POST,/desembolsos,201,233.8,113.0,,4a1bfdee-d800-47e0-b38d-f31406bcf0ca,1,60
2026-09-24T05:20:33.582,POST,/desembolsos,201,230.3,112.8,,436dc88c-41fb-4bb7-b57c-30897ec42114,1,60
2026-09-24T05:20:33.694,POST,/desembolsos,201,234.4,110.7,,50811159-4903-476a-ac62-46a1a7b7bb7c,1,60
2026-09-24T05:20:33.790,POST,/desembolsos,201,232.1,112.6,,ebcc041d-62b8-4770-b0d4-e4ca9555bcf5,1,60
2026-09-24T05:20:33.900,POST,/desembolsos,201,243.9,116.0,,c00fac73-f7a3-4224-a9f1-25a1ad47b47c,1,60
2026-09-24T05:20:34.015,POST,/desembolsos,201,251.4,128.6,,c4e81233-a16d-4bd2-8136-3bee93ce00e8,1,60
2026-09-24T05:20:34.098,POST,/desembolsos,201,235.6,113.9,,d617c5c8-0862-4429-b2e2-e509d5443a1a,1,60
2026-09-24T05:20:34.192,POST,/desembolsos,201,242.3,118.6,,827f606a-bd53-4624-8033-939162fe4cb5,1,60
2026-09-24T05:20:34.300,POST,/desembolsos,201,229.0,111.9,,8e728b0e-e2d2-4bf5-bfa3-42fc55a8340f,1,60
2026-09-24T05:20:34.392,POST,/desembolsos,201,233.7,114.2,,8dbb252b-79c6-4bf6-a1ad-c378882af238,1,60
2026-09-24T05:20:34.483,POST,/desembolsos,201,235.4,115.5,,5e690940-6264-4f46-8ec9-f3b266eb8b51,1,60
2026-09-24T05:20:34.591,POST,/desembolsos,201,262.9,112.7,,bc737fb6-11fe-48e3-90bd-d8e7368c6be4,1,60
2026-09-24T05:20:34.698,POST,/desembolsos,201,238.0,114.2,,f3e7a6f2-9b76-4ae6-9b45-8a4b0b6a1239,1,60
2026-09-24T05:20:34.797,POST,/desembolsos,201,236.3,115.0,,588a9a50-0263-4cce-97b4-3da61b739c03,1,60
2026-09-24T05:20:34.904,POST,/desembolsos,201,228.1,110.2,,88520029-688f-4bb6-abe5-2b332a1e2b3a,1,60
2026-09-24T05:20:34.998,POST,/desembolsos,201,240.2,119.7,,2afb5d01-5087-4e90-96a2-0ac6d39933b2,1,60
2026-09-24T05:20:35.095,POST,/desembolsos,201,245.2,123.0,,336d7218-debd-4cce-9a01-0226d2874b3e,1,60
2026-09-24T05:20:35.200,POST,/desembolsos,201,254.7,133.6,,19931e89-4e5d-474d-85eb-998dbd28e6b7,1,60
2026-09-24T05:20:35.300,POST,/desembolsos,201,241.8,112.2,,28458938-883d-4386-9aac-7b692a32abd7,1,60
2026-09-24T05:20:35.384,POST,/desembolsos,201,248.5,123.0,,2ddffda9-6ca6-4e5f-b5a2-0bfd0d45afdd,1,60
2026-09-24T05:20:35.492,POST,/desembolsos,201,244.4,123.4,,7c4c0a5e-0889-4730-8337-13d2acad29cf,1,60
2026-09-24T05:20:35.584,POST,/desembolsos,201,254.7,116.8,,5c2b17f9-080f-44df-93bd-c60f6f3ee420,1,60
2026-09-24T05:20:35.700,POST,/desembolsos,201,259.4,138.6,,0004aa83-605c-4f52-9288-04209e154f4c,1,60
2026-09-24T05:20:35.792,POST,/desembolsos,201,281.8,120.8,,fc0b227d-3ed5-4b8d-a9cb-e3c5e213253e,1,60
2026-09-24T05:20:35.895,POST,/desembolsos,201,237.3,117.2,,07bcb187-7c93-4d03-894b-387b1e99d724,1,60
2026-09-24T05:20:35.986,POST,/desembolsos,201,244.9,123.9,,c7944e36-a707-4686-8ab2-8149d3e0dc3c,1,60
2026-09-24T05:20:36.074,POST,/desembolsos,201,237.3,111.2,,f02e66ee-1f61-4160-adaf-0b1dee19f597,1,60
2026-09-24T05:20:36.184,POST,/desembolsos,201,266.6,126.9,,4749a6d7-3bbb-46d0-a886-88bbdd2eb3be,1,60
2026-09-24T05:20:36.307,POST,/desembolsos,201,264.8,140.8,,01b829fa-a99d-4146-858f-501b6c473beb,1,60
2026-09-24T05:20:36.400,POST,/desembolsos,201,266.2,122.7,,e3c040cc-8410-406d-ae25-41a2f7b17565,1,60
2026-09-24T05:20:36.491,POST,/desembolsos,201,299.2,174.8,,e3f42675-12be-41ad-be51-01b40f20c447,1,60
2026-09-24T05:20:36.591,POST,/desembolsos,201,242.3,121.5,,af74662f-6edc-4932-a190-e6f9815c0e32,1,60
2026-09-24T05:20:36.691,POST,/desembolsos,201,237.9,113.6,,fc551516-1df2-467a-a7c4-caabc22f733a,1,60
2026-09-24T05:20:36.789,POST,/desembolsos,201,243.6,113.6,,1a63fb29-7757-441d-bd0f-8eaa4c6f7863,1,60
2026-09-24T05:20:36.896,POST,/desembolsos,201,239.7,114.8,,3b8d60d7-d523-4462-b153-91fae2c16ef1,1,60
2026-09-24T05:20:36.992,POST,/desembolsos,201,282.3,113.8,,a74c5861-a03a-4996-acd3-5259e63aa99f,1,60
2026-09-24T05:20:37.090,POST,/desembolsos,201,234.6,112.9,,462e2a3d-96bc-401a-a8b9-ee86c279906f,1,60
2026-09-24T05:20:37.183,POST,/desembolsos,201,237.0,113.9,,9cacac4a-1fde-401b-a526-685a2dacd85b,1,60
2026-09-24T05:20:37.275,POST,/desembolsos,201,232.3,109.2,,a54a42b2-e0a4-4cf8-97c7-bee12bc69a57,1,60
2026-09-24T05:20:37.374,POST,/desembolsos,201,235.6,113.9,,faa8a6b2-e862-4fab-8f48-f8f6d3aeff65,1,60
2026-09-24T05:20:37.508,POST,/desembolsos,201,236.0,113.1,,4421c2f9-7859-4eeb-8808-b9b32c770939,1,60
2026-09-24T05:20:37.576,POST,/desembolsos,201,227.6,110.6,,4dc20a54-8b12-4075-a0ff-61dfef63b50a,1,60
2026-09-24T05:20:37.676,POST,/desembolsos,201,239.8,118.1,,de3abef3-80fe-4d2f-90e0-2db5b45c6c16,1,60
2026-09-24T05:20:37.790,POST,/desembolsos,201,237.7,112.0,,38afca07-4b44-4f6c-965f-551e4d5c1448,1,60
2026-09-24T05:20:37.887,POST,/desembolsos,201,234.9,114.6,,132b7d1d-03cc-44a5-b617-49be1ad730b8,1,60
2026-09-24T05:20:37.997,POST,/desembolsos,201,255.1,113.6,,b8964ad5-0f55-4868-a736-90fe9e3f8f67,1,60
2026-09-24T05:20:38.096,POST,/desembolsos,201,236.8,117.5,,b369d1c9-166f-4b80-80e5-170d2fa2b2f2,1,60
2026-09-24T05:20:38.191,POST,/desembolsos,201,244.5,119.4,,0065027a-9a36-4cb8-9095-53abd21b7814,1,60
2026-09-24T05:20:38.292,POST,/desembolsos,201,270.8,144.6,,fc70351e-f7a6-4af1-affb-f4605cb6e77f,1,60
2026-09-24T05:20:38.383,POST,/desembolsos,201,246.1,120.3,,104f1bc1-5116-4650-96b3-4a0110953ebf,1,60
2026-09-24T05:20:38.484,POST,/desembolsos,201,234.4,116.7,,e8c33fd0-a8ad-4953-b437-dba28cbd96d0,1,60
2026-09-24T05:20:38.592,POST,/desembolsos,201,243.8,112.2,,0603042d-a77b-4eba-9f17-df0ef3bbc45a,1,60
2026-09-24T05:20:38.675,POST,/desembolsos,201,236.8,116.1,,90110fc4-f8b4-4936-8b36-acc730dc3efa,1,60
2026-09-24T05:20:38.788,POST,/desembolsos,201,238.8,110.8,,e73dd79c-8c58-4cef-aaee-9b36c10a1a7e,1,60
2026-09-24T05:20:38.888,POST,/desembolsos,201,251.4,132.6,,66d1eca2-605c-46c2-b869-8a23803a7944,1,60
2026-09-24T05:20:38.983,POST,/desembolsos,201,263.8,143.7,,d370cd68-33c6-4565-ba81-ed69912476b8,1,60
2026-09-24T05:20:39.097,POST,/desembolsos,201,233.7,113.4,,dd71f4f1-f00c-4e9f-ba47-8fd9e02a21ba,1,60
2026-09-24T05:20:39.191,POST,/desembolsos,201,238.0,113.9,,d59e4572-9942-4f75-b583-e991df99c2df,1,60
2026-09-24T05:20:39.292,POST,/desembolsos,201,241.3,118.9,,b138fac4-87a9-4304-b453-f7171cb685c3,1,60
2026-09-24T05:20:39.400,POST,/desembolsos,201,229.6,112.6,,b1d59522-3f93-400a-bfe1-0904082e1687,1,60
2026-09-24T05:20:39.500,POST,/desembolsos,201,235.0,114.7,,6aacae91-e91f-452e-a63c-d7ae0aaf77c7,1,60
2026-09-24T05:20:39.601,POST,/desembolsos,201,237.8,115.3,,9116bac0-0bfd-43ad-8667-f2ecd3d54b03,1,60
2026-09-24T05:20:39.699,POST,/desembolsos,201,232.3,110.7,,146c08eb-b669-4601-9544-2b8df2a6f5e4,1,60
2026-09-24T05:20:39.799,POST,/desembolsos,201,242.4,121.1,,11e41da5-cfb5-4e59-b3dc-ecb178b98fbb,1,60
2026-09-24T05:20:39.898,POST,/desembolsos,201,233.4,113.4,,f5c02db9-506c-47ed-935d-971c59e0d0cc,1,60
2026-09-24T05:20:39.996,POST,/desembolsos,201,229.5,113.5,,12f1e12b-f7d8-4aaa-a41c-e64b46a1f45f,1,60
2026-09-24T05:20:40.106,POST,/desembolsos,201,237.7,116.6,,996febc6-e7ea-46bb-bd1f-4017c033fbf1,1,60
2026-09-24T05:20:40.201,POST,/desembolsos,201,246.8,118.8,,dec52d4f-74c9-4697-86bb-6617db4b69a5,1,60
2026-09-24T05:20:40.292,POST,/desembolsos,201,241.2,117.1,,b5107e80-f101-4b75-90a8-853967f6d0ea,1,60
2026-09-24T05:20:40.393,POST,/desembolsos,201,238.1,117.0,,5f13870b-cdd5-47b3-a816-3e1a39fc3071,1,60
2026-09-24T05:20:40.483,POST,/desembolsos,201,236.7,113.9,,12a6351c-875b-4aff-94cd-92fed932874a,1,60
2026-09-24T05:20:40.597,POST,/desembolsos,201,236.1,115.8,,6c70887c-7237-4ac8-a9c9-555c113bd66e,1,60
2026-09-24T05:20:40.699,POST,/desembolsos,201,235.5,113.5,,5cd068c9-917a-46cb-ae92-4951be36f236,1,60
2026-09-24T05:20:40.799,POST,/desembolsos,201,248.4,120.1,,aa60d2ac-e782-41f0-85a7-f9fdee76232f,1,60
2026-09-24T05:20:40.897,POST,/desembolsos,201,246.0,123.2,,1aa0aa9d-5e7a-4f51-8fa6-ec316009e7bb,1,60
2026-09-24T05:20:40.990,POST,/desembolsos,201,233.3,113.6,,1d69a8b1-fbad-4f2b-b2e5-723f2edf7bb4,1,60
2026-09-24T05:20:41.198,POST,/desembolsos,201,304.4,166.9,,763ac422-8354-4053-a3c3-8805bad86465,1,60
2026-09-24T05:20:41.100,POST,/desembolsos,201,402.7,264.9,,94fe6537-48fb-48d0-9218-a42414a9f50d,1,60
2026-09-24T05:20:41.297,POST,/desembolsos,201,241.2,113.1,,301c3cdf-55d1-4a2c-b74a-a01b7366f65f,1,60
2026-09-24T05:20:41.364,POST,/desembolsos,201,260.8,138.4,,ab3bb8d1-c1b8-4942-84be-e96390a7d683,1,60
2026-09-24T05:20:41.495,POST,/desembolsos,201,238.0,116.9,,f0691123-5bdd-478c-b52f-d5755b142368,1,60
2026-09-24T05:20:41.592,POST,/desembolsos,201,239.4,112.7,,f739c2f8-d2df-45f9-bff4-51837262a367,1,60
2026-09-24T05:20:41.704,POST,/desembolsos,201,231.0,110.3,,6ed8e488-366a-4f43-a83d-16ae8efa50af,1,60
2026-09-24T05:20:41.797,POST,/desembolsos,201,257.2,121.6,,a763b76a-2db9-4898-bda6-3ac77aa26e19,1,60
2026-09-24T05:20:41.907,POST,/desembolsos,201,263.4,113.5,,62ba3078-b312-4a64-8029-3023da9e4802,1,60
2026-09-24T05:20:41.991,POST,/desembolsos,201,228.9,111.1,,216df64b-3692-44ea-ab31-26ff75cd4832,1,60
2026-09-24T05:20:42.100,POST,/desembolsos,201,231.9,112.6,,bf9e300c-39f4-4ce1-96fc-b60d9cdbe7df,1,60
2026-09-24T05:20:42.192,POST,/desembolsos,201,237.9,113.6,,1ff73f28-181c-4c94-8f97-aa4c600982e7,1,60
2026-09-24T05:20:42.284,POST,/desembolsos,201,228.6,110.9,,5b2a5797-f21b-49d1-b386-c1e6a84353a5,1,60
2026-09-24T05:20:42.393,POST,/desembolsos,201,240.9,115.2,,0f8a0361-e14e-44a2-8375-68a0e652b169,1,60
2026-09-24T05:20:42.509,POST,/desembolsos,201,246.4,126.6,,3c101f9d-7db9-47c7-b9fb-0644b97bb6cc,1,60
2026-09-24T05:20:42.592,POST,/desembolsos,201,232.4,109.8,,c807d5af-93be-44ad-9252-8ad226bb01f9,1,60
2026-09-24T05:20:42.700,POST,/desembolsos,201,239.6,114.6,,f309936b-d565-472e-92b3-35ee5628e55b,1,60
2026-09-24T05:20:42.792,POST,/desembolsos,201,243.7,115.7,,e5e76991-6ba4-4fb9-a2eb-d27a9c3da616,1,60
2026-09-24T05:20:42.892,POST,/desembolsos,201,231.3,112.8,,0237a2a5-41fc-4f71-b234-1128d4695c00,1,60
2026-09-24T05:20:42.990,POST,/desembolsos,201,233.0,111.7,,7af25604-30b4-4409-8f4a-ef2619b2809c,1,60
2026-09-24T05:20:43.089,POST,/desembolsos,201,263.7,113.1,,0bfe110c-92d1-456d-b3df-f574d7c1d198,1,60
2026-09-24T05:20:43.202,POST,/desembolsos,201,227.2,111.3,,4fd00d44-ed76-4b16-b8cb-a924945fd43a,1,60
2026-09-24T05:20:43.300,POST,/desembolsos,201,262.7,112.6,,762c2b63-07d3-4529-96fc-572c5f51bd62,1,60
2026-09-24T05:20:43.383,POST,/desembolsos,201,234.1,113.4,,df95afbb-422d-4a2d-b686-1db0e04adf0f,1,60
2026-09-24T05:20:43.492,POST,/desembolsos,201,230.7,111.6,,4aa24d89-300e-4f40-b603-a7bdc53a7039,1,60
2026-09-24T05:20:43.584,POST,/desembolsos,201,236.1,113.7,,95f6bbf0-6f33-4fb3-a90d-e4bb1fdacdf5,1,60
2026-09-24T05:20:43.675,POST,/desembolsos,201,238.0,114.0,,dbb1f038-182f-4eb7-ac11-2b8b42ef4376,1,60
2026-09-24T05:20:43.775,POST,/desembolsos,201,259.7,112.5,,253d3e37-b22e-4a4e-a08b-dd1b7fa38426,1,60
2026-09-24T05:20:43.884,POST,/desembolsos,201,263.5,112.8,,df192a2a-08b8-491c-8722-7f40c99447bc,1,60
2026-09-24T05:20:43.980,POST,/desembolsos,201,248.2,121.9,,9ff575cd-c4e8-4819-bc5f-2bf255fcda80,1,60
2026-09-24T05:20:44.091,POST,/desembolsos,201,229.8,110.1,,065e9cf1-7553-4eb5-a5b1-08609f3f188d,1,60
2026-09-24T05:20:44.193,POST,/desembolsos,201,230.9,112.7,,b1570f31-8111-4d90-8a66-1847c0546d61,1,60
2026-09-24T05:20:44.284,POST,/desembolsos,201,235.3,112.7,,a155212f-5625-4050-9c3e-d2647828b2d2,1,60
2026-09-24T05:20:44.384,POST,/desembolsos,201,235.0,115.1,,589cb54b-4446-4c3c-8c22-be148ced2826,1,60
2026-09-24T05:20:44.493,POST,/desembolsos,201,233.1,113.5,,f370a378-4642-413a-ac34-3a7f7dbd3e4b,1,60
2026-09-24T05:20:44.584,POST,/desembolsos,201,239.4,121.2,,a1b765b8-09bb-4383-b32c-f6b3d2d0e7e3,1,60
2026-09-24T05:20:44.682,POST,/desembolsos,201,251.0,131.3,,69f7a3ca-a788-4338-9800-aa322380bdd8,1,60
2026-09-24T05:20:44.783,POST,/desembolsos,201,237.4,114.6,,a7aac791-7d1b-43e3-bd02-f111defef0bc,1,60
2026-09-24T05:20:44.889,POST,/desembolsos,201,238.5,113.2,,cc2b58be-ae80-4b6a-ae09-7a76b5909b7a,1,60
2026-09-24T05:20:45.000,POST,/desembolsos,201,254.2,110.3,,cb940e71-9bc0-4b3f-9007-e9ab6f0e1e08,1,60
2026-09-24T05:20:45.099,POST,/desembolsos,201,275.3,113.0,,17c5bde9-97d5-44b6-b0e4-980038e15584,1,60
2026-09-24T05:20:45.193,POST,/desembolsos,201,239.5,114.6,,4c18d0d6-22a1-4453-8b12-d45e45c10213,1,60
2026-09-24T05:20:45.293,POST,/desembolsos,201,238.9,109.9,,451938b3-7a62-4766-9aec-875d367e5211,1,60
2026-09-24T05:20:45.368,POST,/desembolsos,201,235.8,113.5,,fa71dce6-854f-4237-aa2f-7506974c6600,1,60
2026-09-24T05:20:45.484,POST,/desembolsos,201,231.9,111.8,,926742a0-1cbb-4ea3-a4b5-5c03d723b772,1,60
2026-09-24T05:20:45.592,POST,/desembolsos,201,233.6,115.6,,9e504c04-7382-46ea-8c74-90d970284239,1,60
2026-09-24T05:20:45.692,POST,/desembolsos,201,243.1,117.5,,e333c1b0-3525-4b79-93ac-58bf25bbc45b,1,60
2026-09-24T05:20:45.790,POST,/desembolsos,201,286.2,113.0,,2306e40e-77fc-4cc1-b161-7c459ad85151,1,60
2026-09-24T05:20:45.888,POST,/desembolsos,201,228.5,112.5,,3e178bfd-0ce1-43d4-8f80-35d5471bc982,1,60
2026-09-24T05:20:46.000,POST,/desembolsos,201,235.2,112.0,,b351617a-53a5-4183-be0e-676ec548d7d9,1,60
2026-09-24T05:20:46.098,POST,/desembolsos,201,230.4,111.4,,74ae00d2-daea-4804-a7f4-fbeb6285ffc7,1,60
2026-09-24T05:20:46.192,POST,/desembolsos,201,229.2,111.3,,456c4854-a191-4430-b022-b7fce5fb5cfd,1,60
2026-09-24T05:20:46.293,POST,/desembolsos,201,233.2,113.0,,1cfa6b8e-90de-4f90-b809-6f80d14521cf,1,60
2026-09-24T05:20:46.384,POST,/desembolsos,201,241.6,124.0,,6363dec9-e898-4e4e-9efe-365e2a80e10c,1,60
2026-09-24T05:20:46.493,POST,/desembolsos,201,254.7,121.1,,a1c63553-0d45-4213-a830-e96804b868db,1,60
2026-09-24T05:20:46.585,POST,/desembolsos,201,252.6,131.0,,43f79e7d-c395-42ff-a278-02fd1f4ac543,1,60
2026-09-24T05:20:46.699,POST,/desembolsos,201,233.7,112.1,,799df755-ec48-455a-8b54-b76048d9d019,1,60
2026-09-24T05:20:46.794,POST,/desembolsos,201,245.1,112.3,,b647c875-f038-4ced-be41-acb7772ea4de,1,60
2026-09-24T05:20:46.896,POST,/desembolsos,201,262.2,143.2,,1f2177df-8dc7-4119-abd7-b64c01c6dc78,1,60
2026-09-24T05:20:46.991,POST,/desembolsos,201,241.4,119.2,,14eb5b37-3f14-48f9-aa5a-933d1f7f90cc,1,60
2026-09-24T05:20:47.092,POST,/desembolsos,201,237.5,110.1,,c3879b6e-c52f-4e01-b2c1-f539eea84b5f,1,60
2026-09-24T05:20:47.192,POST,/desembolsos,201,233.7,112.4,,c050188a-cac4-4c18-ac8f-29552c31187b,1,60
2026-09-24T05:20:47.293,POST,/desembolsos,201,233.9,112.9,,5659d8c9-23d1-4dbb-ad73-7404e1a5b332,1,60
2026-09-24T05:20:47.393,POST,/desembolsos,201,233.2,110.2,,030069f8-dbe8-4119-aa16-232b8ed725db,1,60
2026-09-24T05:20:47.501,POST,/desembolsos,201,231.8,113.0,,3ff95158-d0e0-4d01-a05f-c0cebdd8a277,1,60
2026-09-24T05:20:47.584,POST,/desembolsos,201,244.4,114.2,,a68eb1dd-28a3-49e9-a807-0ac72ad7f0cc,1,60
2026-09-24T05:20:47.697,POST,/desembolsos,201,241.3,121.5,,ed3ce4af-5229-405a-a71b-c1cb8527c6b0,1,60
2026-09-24T05:20:47.798,POST,/desembolsos,201,259.5,112.4,,33930e78-d5df-4671-95d9-258a02e6f093,1,60
2026-09-24T05:20:47.897,POST,/desembolsos,201,231.0,113.2,,2fcc6d0f-26ea-42a9-8c62-9413733c2433,1,60
2026-09-24T05:20:47.998,POST,/desembolsos,201,229.6,111.9,,98e338fe-77c0-4eb4-bc8b-663a3442b545,1,60
2026-09-24T05:20:48.095,POST,/desembolsos,201,234.2,115.4,,be6dd509-80ad-497e-9b84-bb79ce39d189,1,60
2026-09-24T05:20:48.193,POST,/desembolsos,201,256.8,130.0,,ba95351f-6466-40fe-aee0-95ed317546b0,1,60
2026-09-24T05:20:48.292,POST,/desembolsos,201,243.6,121.5,,db4efcac-125f-4818-b6ef-8862adfa57b3,1,60
2026-09-24T05:20:48.400,POST,/desembolsos,201,240.9,118.5,,a1088d28-dd29-4322-b92e-b9f9cb237cdb,1,60
2026-09-24T05:20:48.492,POST,/desembolsos,201,245.4,121.3,,3554c52d-c352-4ebd-895d-d97f6bb398fd,1,60
2026-09-24T05:20:48.583,POST,/desembolsos,201,236.4,115.1,,e8bc2c1d-6ab8-462e-8ea7-690064caeff4,1,60
2026-09-24T05:20:48.675,POST,/desembolsos,201,249.0,125.9,,215553e2-4617-452b-a045-0fb25bd11d21,1,60
2026-09-24T05:20:48.789,POST,/desembolsos,201,277.8,119.3,,d5e473ae-75ea-4bca-b2c4-3af9b3dc6f99,1,60
2026-09-24T05:20:48.889,POST,/desembolsos,201,235.2,115.3,,799184d0-0ba7-496f-a6d0-15a5abbf1025,1,60
2026-09-24T05:20:49.001,POST,/desembolsos,201,244.0,117.3,,eb982028-c16c-42c9-9c2b-d31c69ecf83b,1,60
2026-09-24T05:20:49.109,POST,/desembolsos,201,237.8,113.5,,e37c7ed0-e7a4-4070-973e-c4a14dba1026,1,60
2026-09-24T05:20:49.184,POST,/desembolsos,201,247.9,128.0,,727847be-ac5b-4eed-8d29-7a717b4ec455,1,60
2026-09-24T05:20:49.284,POST,/desembolsos,201,251.5,113.6,,57ec6113-0483-453d-8f46-1d8c9f94f323,1,60
2026-09-24T05:20:49.394,POST,/desembolsos,201,256.0,130.0,,5487f387-6060-4273-9c0d-055ab44a0f81,1,60
2026-09-24T05:20:49.510,POST,/desembolsos,201,252.1,112.0,,7ee7ba0d-4a9c-4c95-a05f-e7e2748f82b9,1,60
2026-09-24T05:20:49.600,POST,/desembolsos,201,277.4,119.9,,4e8f9e7b-5c8f-4330-9a1f-c4045aa25776,1,60
2026-09-24T05:20:49.700,POST,/desembolsos,201,245.2,123.0,,912f2785-55e8-4a75-b2ca-fdc4f268d6b0,1,60
2026-09-24T05:20:49.798,POST,/desembolsos,201,240.8,112.6,,8961a719-1be2-4885-b036-fe861c0c8b82,1,60
2026-09-24T05:20:49.897,POST,/desembolsos,201,241.8,121.8,,537998e2-13f6-4287-b9a8-47837fe73891,1,60
2026-09-24T05:20:49.994,POST,/desembolsos,201,235.9,115.2,,f793ecf1-39b8-400b-9849-285de3e5c13d,1,60
2026-09-24T05:20:50.108,POST,/desembolsos,201,250.0,117.1,,4f0968c6-5feb-4ff2-89e7-b73da774c490,1,60
2026-09-24T05:20:50.184,POST,/desembolsos,201,234.2,112.5,,adb13ac4-138c-4774-ad41-9ebd7cd74bae,1,60
2026-09-24T05:20:50.285,POST,/desembolsos,201,233.0,114.6,,60e5bbe4-5c53-469b-8dd5-83cf1835b622,1,60
2026-09-24T05:20:50.393,POST,/desembolsos,201,236.5,110.9,,86a877f6-a9ea-42ba-86ee-6e5eb093cb3a,1,60
2026-09-24T05:20:50.485,POST,/desembolsos,201,237.8,114.2,,a6209f46-1fe5-4cb4-8309-f649aa5b4a26,1,60
2026-09-24T05:20:50.593,POST,/desembolsos,201,239.2,113.4,,110ddb86-73c4-4911-a652-3f29f09a763b,1,60
2026-09-24T05:20:50.693,POST,/desembolsos,201,236.8,113.2,,7c36ae12-a186-4483-a751-2db5613b5736,1,60
2026-09-24T05:20:50.798,POST,/desembolsos,201,239.2,116.5,,b1b440d2-89ae-4ec3-a999-e361edcc43f3,1,60
2026-09-24T05:20:50.896,POST,/desembolsos,201,235.1,113.4,,3efec651-99b7-42f1-bd8f-94f5844593f0,1,60
2026-09-24T05:20:50.995,POST,/desembolsos,201,235.1,111.1,,2e48a295-068a-49f1-8432-7af1c2c7ab3e,1,60
2026-09-24T05:20:51.092,POST,/desembolsos,201,234.6,113.4,,80b6ee02-2a8b-4a6f-95fe-9191d71d6710,1,60
2026-09-24T05:20:51.192,POST,/desembolsos,201,234.3,114.2,,dc59f88b-d61b-42fb-9111-dd3c372e2b18,1,60
2026-09-24T05:20:51.284,POST,/desembolsos,201,234.0,115.0,,d912e53a-7eb3-4b8a-b3e0-bebb0d1bcc1d,1,60
2026-09-24T05:20:51.393,POST,/desembolsos,201,230.4,112.4,,43324e61-2543-4fbc-bd0b-93cdd7da44f2,1,60
2026-09-24T05:20:51.502,POST,/desembolsos,201,231.6,112.6,,546f4f09-e851-41fa-ae94-15889b6e6e3f,1,60
2026-09-24T05:20:51.600,POST,/desembolsos,201,240.9,121.5,,3816c809-d55b-4586-b9ee-6599a309039a,1,60
2026-09-24T05:20:51.699,POST,/desembolsos,201,239.6,114.3,,486a6ada-1532-4485-abe8-210153998284,1,60
2026-09-24T05:20:51.784,POST,/desembolsos,201,254.7,117.2,,07cd4318-84ee-4c38-8dd5-1e1ababc96dc,1,60
2026-09-24T05:20:51.900,POST,/desembolsos,201,258.9,138.7,,4536f2f2-b063-4e11-8aa9-8bf5b523d6c3,1,60
2026-09-24T05:20:51.998,POST,/desembolsos,201,240.1,116.8,,a262bb16-e3e2-473b-94b8-f9789372e05c,1,60
2026-09-24T05:20:52.096,POST,/desembolsos,201,275.3,113.6,,1d61be57-7f97-4504-9a3d-bd26257707e1,1,60
2026-09-24T05:20:52.208,POST,/desembolsos,201,229.3,110.7,,eb75a959-24d6-4ca1-84e9-71b3ab2115dc,1,60
2026-09-24T05:20:52.300,POST,/desembolsos,201,252.7,131.5,,dc409806-e04b-40d1-8e4e-a8a8ba9823c0,1,60
2026-09-24T05:20:52.371,POST,/desembolsos,201,238.5,113.4,,7686f311-0a4f-4de0-b7f2-4f402453c5c9,1,60
2026-09-24T05:20:52.484,POST,/desembolsos,201,235.6,112.8,,26bb81c6-851b-4fe7-b0c7-f8e68991b1fd,1,60
2026-09-24T05:20:52.587,POST,/desembolsos,201,238.4,115.5,,497f09ac-a946-4f35-bb71-a0d0cc84c22a,1,60
2026-09-24T05:20:52.699,POST,/desembolsos,201,237.7,114.5,,6c4c2a9e-16e8-478f-8666-bb2ca58cdf27,1,60
2026-09-24T05:20:52.798,POST,/desembolsos,201,231.0,111.5,,d4ccb9ab-5d99-43bb-b487-fbe6ef73b82f,1,60
2026-09-24T05:20:52.884,POST,/desembolsos,201,260.3,137.1,,beecfeca-8e7c-47e6-9f3e-9209919b810a,1,60
2026-09-24T05:20:52.999,POST,/desembolsos,201,259.3,135.6,,c4bf5b76-5787-48f2-bc57-0956b80cafc5,1,60
2026-09-24T05:20:53.099,POST,/desembolsos,201,246.0,125.1,,a8782ac6-0808-4c09-bf4e-9eb08c5ce734,1,60
2026-09-24T05:20:53.192,POST,/desembolsos,201,243.5,120.5,,ee9c521b-48f7-4cdf-8f8c-ba894be95adb,1,60
2026-09-24T05:20:53.292,POST,/desembolsos,201,241.2,116.9,,7c8fa6e9-b322-4a37-a2f5-9ff445683b0b,1,60
2026-09-24T05:20:53.392,POST,/desembolsos,201,232.4,115.9,,7ae4c7af-2ef0-4cbb-8448-3b2821b9491b,1,60
2026-09-24T05:20:53.492,POST,/desembolsos,201,258.2,130.0,,755190d2-73cf-4bed-91a0-1cc66ec16a9a,1,60
2026-09-24T05:20:53.601,POST,/desembolsos,201,237.9,115.3,,f2e99299-89d6-4f6f-9722-59c61714641b,1,60
2026-09-24T05:20:53.693,POST,/desembolsos,201,248.4,124.1,,4c997aed-1fa3-4604-8d36-cec8786eccaf,1,60
2026-09-24T05:20:53.783,POST,/desembolsos,201,229.2,111.6,,3b22dd96-6446-45a9-9d38-4d898fc4ef07,1,60
2026-09-24T05:20:53.892,POST,/desembolsos,502,238.5,117.2,http_502,c9e1d864-6c33-4f67-a843-97d40567530c,1,60
2026-09-24T05:20:54.297,POST,/desembolsos,201,241.9,120.8,,1cd8caec-3164-4a58-b049-8180a294da22,1,60
2026-09-24T05:20:54.392,POST,/desembolsos,201,236.7,114.3,,940d2f96-b356-4e3f-aaf7-e5c0d5f2371c,1,60
2026-09-24T05:20:54.505,POST,/desembolsos,201,240.9,116.8,,d50d242c-e203-448f-92ec-7dac497e88ba,1,60
2026-09-24T05:20:54.584,POST,/desembolsos,201,234.4,112.6,,13bdc358-5b8f-4009-a6bc-f6865291c96a,1,60
2026-09-24T05:20:54.692,POST,/desembolsos,201,264.2,112.8,,daffae47-626a-4ce2-87b5-2df6eb89f3fe,1,60
2026-09-24T05:20:54.791,POST,/desembolsos,201,238.7,113.2,,ea0dfccb-3577-4f1d-8305-e77ab8d0aaf1,1,60
2026-09-24T05:20:54.884,POST,/desembolsos,201,231.7,116.4,,cb978124-32cc-4bb5-921e-9c63e1092abb,1,60
2026-09-24T05:20:54.994,POST,/desembolsos,201,232.0,113.4,,efa226f4-6723-4211-b563-91ecc39ffddb,1,60
2026-09-24T05:20:55.087,POST,/desembolsos,201,238.3,113.7,,c7cbc136-f983-4a16-869f-6e72ad356ad0,1,60
2026-09-24T05:20:55.276,POST,/desembolsos,201,230.1,111.8,,2c50c678-8702-44a0-8fd6-4fdcc63b89d6,1,60
2026-09-24T05:20:55.393,POST,/desembolsos,201,225.0,110.7,,f2d7ea01-60e1-4c83-a4ce-5d0dc82dc5fe,1,60
2026-09-24T05:20:55.484,POST,/desembolsos,201,234.1,112.8,,763346fe-d6d3-4331-bbda-f333cd36944c,1,60
2026-09-24T05:20:55.774,POST,/desembolsos,201,237.1,117.8,,fea54bd1-9638-4640-9244-1f2336138a8d,1,60
2026-09-24T05:20:55.999,POST,/desembolsos,201,229.6,110.4,,8fc09291-0e64-4293-83af-28b18dddfd9b,1,60
2026-09-24T05:20:56.201,POST,/desembolsos,201,238.5,118.8,,bb2c506e-d961-4658-b6a8-9a52197d7766,1,60
2026-09-24T05:20:56.285,POST,/desembolsos,201,255.8,139.7,,7b8bfdd8-ecd4-4426-9e54-6f4e42aba84a,1,60
2026-09-24T05:20:56.393,POST,/desembolsos,201,233.5,112.8,,5ba0fa63-992d-4517-b0b8-633186d14a88,1,60
2026-09-24T05:20:56.493,POST,/desembolsos,201,236.4,114.3,,a583844d-22bb-42db-99f5-2d8530a593c9,1,60
2026-09-24T05:20:56.693,POST,/desembolsos,201,233.8,113.1,,e86e2d80-c481-4d6f-8073-586b1a4029c7,1,60
2026-09-24T05:20:56.790,POST,/desembolsos,201,239.0,117.5,,610ca9b2-324e-40e5-b8a2-b9c1d85302c9,1,60
2026-09-24T05:20:56.886,POST,/desembolsos,201,238.4,117.9,,47626f1b-1fa6-47f0-a330-f05f33bd9449,1,60
2026-09-24T05:20:57.093,POST,/desembolsos,201,241.1,121.7,,e8dea574-530c-4a18-98e1-afdb13eac945,1,60
2026-09-24T05:20:57.185,POST,/desembolsos,201,238.6,112.5,,863f1143-1128-40b8-ad8d-f409b4231153,1,60
2026-09-24T05:20:57.285,POST,/desembolsos,201,239.6,113.1,,20999214-fb59-4f32-8c18-18324fdf084c,1,60
2026-09-24T05:20:57.494,POST,/desembolsos,201,241.3,115.0,,50b064b2-13d4-4d38-94b9-06b07833ed8b,1,60
2026-09-24T05:20:57.602,POST,/desembolsos,201,240.7,114.0,,0c436da3-21ba-4077-a6f1-4c05db142153,1,60
2026-09-24T05:20:57.988,POST,/desembolsos,201,244.6,115.6,,3f305d4e-036c-4ac8-9976-475fe0d232b5,1,60
2026-09-24T05:20:58.102,POST,/desembolsos,201,234.7,116.4,,24c83a99-511e-48fd-956f-24bed2d17d23,1,60
2026-09-24T05:20:58.200,POST,/desembolsos,201,240.3,117.6,,b2c85f9c-ed1d-4bda-9ac6-3cc3c5893c45,1,60
2026-09-24T05:20:58.292,POST,/desembolsos,201,248.3,116.2,,e7d720f1-d785-4bd0-a2f8-816b49af472f,1,60
2026-09-24T05:20:58.385,POST,/desembolsos,201,235.9,113.4,,e6adf16d-45f9-4db0-8fd0-2e0039aa943e,1,60
2026-09-24T05:20:58.493,POST,/desembolsos,201,237.2,113.1,,f69283e9-487c-4255-aaaa-d8ac5ff17482,1,60
2026-09-24T05:20:58.604,POST,/desembolsos,201,237.6,118.1,,6bcce558-22b3-4fb9-b9d0-47097a337ecf,1,60
2026-09-24T05:20:58.782,POST,/desembolsos,201,246.8,125.0,,8a63798d-0048-4e4f-9b02-39390fca98f9,1,60
2026-09-24T05:20:58.890,POST,/desembolsos,201,238.0,115.2,,5db1e762-0227-42de-93c2-bc5a3b497e72,1,60
2026-09-24T05:20:59.004,POST,/desembolsos,201,229.4,110.6,,5d1497d8-056f-45da-9159-269937e96e8d,1,60
2026-09-24T05:20:54.007,POST,/desembolsos,0,5502.7,114.9,timeout,9248d238-1f02-4eca-bb66-4e86132b1e8d,1,60
2026-09-24T05:20:54.201,POST,/desembolsos,0,5309.0,115.9,timeout,2a7ed7d1-75b4-441d-a670-15a2070263e8,1,60
2026-09-24T05:20:54.089,POST,/desembolsos,0,5420.6,112.8,timeout,4493d193-3bd1-476e-9291-e0ddc14649b5,1,60
2026-09-24T05:20:59.285,POST,/desembolsos,201,244.9,121.6,,b5f2818e-1330-46ec-b549-39ee9654b8df,1,60
2026-09-24T05:20:59.493,POST,/desembolsos,201,254.6,113.9,,1fa4b0cf-9917-48e5-8f68-d89100075a96,1,60
2026-09-24T05:20:59.593,POST,/desembolsos,201,234.1,113.5,,019b1dfd-6bbc-47d5-8574-1773e87603f3,1,60
2026-09-24T05:20:59.686,POST,/desembolsos,201,243.4,113.2,,966bbc7e-edc3-4176-8b9a-63dceeeb6c8e,1,60
2026-09-24T05:20:59.793,POST,/desembolsos,201,234.4,117.1,,4959730e-0562-45ef-a571-a628b2d806d0,1,60
2026-09-24T05:20:59.992,POST,/desembolsos,201,236.9,114.7,,c45a1986-92a8-400e-9a53-68553bf586ad,1,60
2026-09-24T05:21:00.201,POST,/desembolsos,201,243.2,123.9,,ad8381a5-4fe7-41ce-90d8-705e31f8a014,1,60
2026-09-24T05:20:55.185,POST,/desembolsos,0,5325.8,113.9,timeout,82c23447-2aed-48bf-a155-72b73cc6696b,1,60
2026-09-24T05:20:55.135,POST,/desembolsos,0,5375.4,147.6,timeout,c9e1d864-6c33-4f67-a843-97d40567530c,2,60
2026-09-24T05:21:00.285,POST,/desembolsos,201,239.8,117.3,,5a55068d-a60a-4855-9fa0-3c9c9ac8e2ea,1,60
2026-09-24T05:21:00.477,POST,/desembolsos,201,236.1,119.4,,0e342fd5-c8ab-41f0-b4f5-46aa526d5281,1,60
2026-09-24T05:21:00.510,POST,/desembolsos,201,235.2,115.1,,4493d193-3bd1-476e-9291-e0ddc14649b5,2,60
2026-09-24T05:21:00.594,POST,/desembolsos,201,230.5,111.5,,e1fa592e-8db4-466a-9e04-c6b39ad42465,1,60
2026-09-24T05:21:00.698,POST,/desembolsos,201,233.0,113.8,,c78a7a94-9bf6-4ca6-8c65-e3fa38227c70,1,60
2026-09-24T05:21:00.791,POST,/desembolsos,201,252.3,133.5,,c5438de3-234e-4ff4-811f-64f1315069fe,1,60
2026-09-24T05:21:00.999,POST,/desembolsos,201,239.3,114.0,,5f2de74b-1702-427f-acdf-8b634d6bced1,1,60
2026-09-24T05:21:01.202,POST,/desembolsos,201,250.2,125.0,,63a05ce7-57a3-408b-9b43-ad5496fa6a61,1,60
2026-09-24T05:20:55.586,POST,/desembolsos,0,5924.8,113.9,timeout,1666d6d9-2e9e-4474-a8ca-26bd0e51eb18,1,60
2026-09-24T05:20:55.889,POST,/desembolsos,0,5619.3,113.1,timeout,d15240ff-923b-4fd9-a648-d0c9f1e08a26,1,60
2026-09-24T05:20:55.692,POST,/desembolsos,0,5818.7,119.7,timeout,150fe07f-295d-49cb-a1f7-e602c01bd076,1,60
2026-09-24T05:20:56.100,POST,/desembolsos,0,5410.6,113.2,timeout,0b46b431-69f0-4bc3-8761-a6bb721194c7,1,60
2026-09-24T05:21:01.294,POST,/desembolsos,201,280.8,158.6,,b5be0edb-c514-4bca-ab3b-3b48aa8023f9,1,60
2026-09-24T05:21:01.385,POST,/desembolsos,201,243.4,126.0,,ecc92858-12a4-4eda-8ff2-34196eb73712,1,60
2026-09-24T05:21:01.494,POST,/desembolsos,201,238.9,115.5,,37827bba-fdf6-44c2-b7e3-020f4d27b8cf,1,60
2026-09-24T05:21:01.510,POST,/desembolsos,201,228.0,112.1,,c9e1d864-6c33-4f67-a843-97d40567530c,3,60
2026-09-24T05:21:01.510,POST,/desembolsos,201,236.8,112.2,,82c23447-2aed-48bf-a155-72b73cc6696b,2,60
2026-09-24T05:21:01.801,POST,/desembolsos,201,238.5,113.3,,fe2c63a4-25fe-4b23-aa3e-bd0797f44099,1,60
2026-09-24T05:21:01.898,POST,/desembolsos,201,263.5,142.0,,1cc3f9e1-9d79-4b77-a7bc-d1e33efd90ed,1,60
2026-09-24T05:21:01.994,POST,/desembolsos,201,231.0,110.3,,827ab511-e099-459c-84fd-c5ebd05727e3,1,60
2026-09-24T05:20:56.995,POST,/desembolsos,0,5523.4,117.4,timeout,fa7fb899-6c55-40fe-b29f-018f2c2d8680,1,60
2026-09-24T05:20:56.593,POST,/desembolsos,0,5925.4,114.1,timeout,304ce04b-4b95-444d-8d13-a3d371628f5f,1,60
2026-09-24T05:20:57.385,POST,/desembolsos,0,5134.2,114.8,timeout,cef2512c-7b59-4500-892c-6940608f533a,1,60
2026-09-24T05:21:02.293,POST,/desembolsos,201,237.9,112.0,,87219794-4292-4aa4-9ca0-0a2022c80e57,1,60
2026-09-24T05:21:02.385,POST,/desembolsos,201,256.5,135.3,,9d5b79e0-d228-48ac-868b-49e0d4958823,1,60
2026-09-24T05:21:02.494,POST,/desembolsos,201,243.3,116.6,,66cf6e34-5b6b-4054-a054-a9e4c90fae66,1,60
2026-09-24T05:21:02.518,POST,/desembolsos,201,269.5,123.2,,0b46b431-69f0-4bc3-8761-a6bb721194c7,2,60
2026-09-24T05:21:02.518,POST,/desembolsos,201,278.8,122.5,,150fe07f-295d-49cb-a1f7-e602c01bd076,2,60
2026-09-24T05:21:02.593,POST,/desembolsos,201,232.8,113.7,,96f80856-bdd1-40e5-8910-a4356efe3687,1,60
2026-09-24T05:21:02.686,POST,/desembolsos,201,229.9,111.6,,ea15c77b-fc68-4b86-bb49-48a3360467ca,1,60
2026-09-24T05:21:02.776,POST,/desembolsos,201,231.3,109.8,,90b1dd21-4ab4-4539-a963-205ed69a3af2,1,60
2026-09-24T05:21:02.907,POST,/desembolsos,201,237.4,116.3,,90372c99-eb4d-42b8-840e-13dd7529b90b,1,60
2026-09-24T05:21:03.101,POST,/desembolsos,201,232.9,111.4,,c1441464-40ee-4241-9abb-66e7beb56574,1,60
2026-09-24T05:21:03.202,POST,/desembolsos,201,237.2,112.8,,306f6843-292e-4957-b3ac-80c4ec620a1d,1,60
2026-09-24T05:20:57.703,POST,/desembolsos,0,5807.6,114.1,timeout,a3c7adb9-90a7-442c-a673-55e2c5718a07,1,60
2026-09-24T05:20:57.872,POST,/desembolsos,0,5638.1,120.9,timeout,a1139078-9568-4fc2-9dd8-012b843e9d7f,1,60
2026-09-24T05:20:57.774,POST,/desembolsos,0,5736.1,111.0,timeout,8a473563-732f-4292-877f-f25c8f8435b0,1,60
2026-09-24T05:21:03.510,POST,/desembolsos,201,233.4,111.5,,304ce04b-4b95-444d-8d13-a3d371628f5f,2,60
2026-09-24T05:21:03.510,POST,/desembolsos,201,248.2,111.8,,fa7fb899-6c55-40fe-b29f-018f2c2d8680,2,60
2026-09-24T05:21:03.510,POST,/desembolsos,201,254.5,124.1,,cef2512c-7b59-4500-892c-6940608f533a,2,60
2026-09-24T05:21:03.594,POST,/desembolsos,201,241.9,112.4,,a13db105-8e54-4e14-9123-adfa214befd4,1,60
2026-09-24T05:21:03.914,POST,/desembolsos,201,266.8,114.1,,2d1b9340-c192-413b-83a0-260386daf62c,1,60
2026-09-24T05:21:03.996,POST,/desembolsos,201,231.2,112.7,,f7478d05-ccd9-41ee-af90-2781bcfeb24f,1,60
2026-09-24T05:21:04.094,POST,/desembolsos,201,228.8,110.7,,3307126c-be64-4de0-b55c-69cd71ca40ca,1,60
2026-09-24T05:21:04.180,POST,/desembolsos,201,230.6,113.5,,0b0c60a1-a772-4678-a371-84bde2f4ec69,1,60
2026-09-24T05:20:59.195,POST,/desembolsos,0,5319.4,112.9,timeout,1527ca32-f41f-426c-ba7c-140078203032,1,60
2026-09-24T05:20:58.687,POST,/desembolsos,0,5832.1,112.4,timeout,ceac94a8-a3b8-4027-9369-b4786435ccc4,1,60
2026-09-24T05:20:59.087,POST,/desembolsos,0,5432.1,113.2,timeout,9630fd80-6372-4f88-b837-46947ae14063,1,60
2026-09-24T05:20:59.393,POST,/desembolsos,0,5125.9,133.3,timeout,a4b38470-6796-4394-a83a-17d38af5d3f1,1,60
2026-09-24T05:21:04.294,POST,/desembolsos,201,226.6,109.8,,5d54051e-06fb-4a14-a199-5a3dec7e7fc3,1,60
2026-09-24T05:21:04.394,POST,/desembolsos,201,231.4,112.2,,bca01eb6-60b5-4d8a-b486-8b3afa743285,1,60
2026-09-24T05:21:04.519,POST,/desembolsos,201,253.7,112.4,,a1139078-9568-4fc2-9dd8-012b843e9d7f,2,60
2026-09-24T05:21:04.593,POST,/desembolsos,201,233.8,116.6,,8206092d-15f7-4dcc-b590-5e2137ce86be,1,60
2026-09-24T05:21:04.790,POST,/desembolsos,201,234.8,113.7,,976d8e8b-331b-47a0-954e-587ea712d50b,1,60
2026-09-24T05:21:05.090,POST,/desembolsos,201,240.7,114.6,,b9bad7f7-8fb0-4447-b3b0-64210055fe78,1,60
2026-09-24T05:21:05.176,POST,/desembolsos,201,263.2,111.1,,c9f8baa8-7859-4546-a04e-8a522cf4aa34,1,60
2026-09-24T05:21:00.510,POST,/desembolsos,0,5007.1,115.1,timeout,2a7ed7d1-75b4-441d-a670-15a2070263e8,2,60
2026-09-24T05:21:00.385,POST,/desembolsos,0,5132.3,113.3,timeout,920e0a96-e042-4f47-8253-a2dac1973fd1,1,60
2026-09-24T05:21:00.087,POST,/desembolsos,0,5430.1,132.4,timeout,8a205f18-af3b-477d-8fdd-785917026fe7,1,60
2026-09-24T05:20:59.909,POST,/desembolsos,0,5608.3,111.8,timeout,58fe96de-2f3c-485c-b168-fdaad97aef12,1,60
2026-09-24T05:21:00.510,POST,/desembolsos,0,5007.5,112.5,timeout,9248d238-1f02-4eca-bb66-4e86132b1e8d,2,60
2026-09-24T05:21:05.273,POST,/desembolsos,201,269.2,118.5,,68dc70cd-aeb6-46eb-a873-1532907c2511,1,60
2026-09-24T05:21:05.384,POST,/desembolsos,201,253.8,135.1,,0773956d-0f03-40f9-b96a-9d7961e3c3a9,1,60
2026-09-24T05:21:05.496,POST,/desembolsos,201,254.3,118.9,,9027aa58-bba2-4590-bba4-224cbec59148,1,60
2026-09-24T05:21:05.512,POST,/desembolsos,201,234.5,112.5,,9630fd80-6372-4f88-b837-46947ae14063,2,60
2026-09-24T05:21:05.512,POST,/desembolsos,201,234.5,112.2,,ceac94a8-a3b8-4027-9369-b4786435ccc4,2,60
2026-09-24T05:21:05.512,POST,/desembolsos,201,235.1,112.5,,a4b38470-6796-4394-a83a-17d38af5d3f1,2,60
2026-09-24T05:21:05.512,POST,/desembolsos,201,246.8,120.1,,1527ca32-f41f-426c-ba7c-140078203032,2,60
2026-09-24T05:21:05.592,POST,/desembolsos,201,255.6,134.2,,56b7e3ab-38ac-44d3-a286-c6fe2f59ed20,1,60
2026-09-24T05:21:05.684,POST,/desembolsos,201,256.5,128.0,,806701cd-0549-4090-9e66-f9bda72e2f45,1,60
2026-09-24T05:21:05.790,POST,/desembolsos,201,249.0,114.1,,43e1e382-8ad8-49d8-b28a-59405efa2830,1,60
2026-09-24T05:21:05.889,POST,/desembolsos,201,237.6,115.4,,59dae92d-60c7-49e1-85f8-6138f850d1ea,1,60
2026-09-24T05:21:05.999,POST,/desembolsos,201,248.5,129.5,,4581bf69-e551-4c24-8518-354e1a5d5e8e,1,60
2026-09-24T05:21:06.095,POST,/desembolsos,201,253.2,123.6,,3daefde6-e47d-41e4-8842-477a47f3d1a1,1,60
2026-09-24T05:21:06.194,POST,/desembolsos,201,246.8,114.2,,c48f0e50-7f20-4825-8ad9-b0f8bf076112,1,60
2026-09-24T05:21:00.906,POST,/desembolsos,0,5613.5,112.9,timeout,d8c0c073-d105-4599-9830-3dd9dc0e9e4f,1,60
2026-09-24T05:21:01.087,POST,/desembolsos,0,5432.8,126.1,timeout,cb9ba146-cc93-4e37-b1ac-4c09b3cf3627,1,60
2026-09-24T05:21:06.294,POST,/desembolsos,201,234.9,115.7,,b9414fdf-2f17-4620-b8d9-a74ca9393f81,1,60
2026-09-24T05:21:06.385,POST,/desembolsos,201,239.2,120.1,,4e4a04ef-1120-4437-96c4-2b52de5f181f,1,60
2026-09-24T05:21:06.502,POST,/desembolsos,201,236.4,113.0,,5dfcbef5-7257-4830-a43b-2f461d6a3aeb,1,60
2026-09-24T05:21:06.519,POST,/desembolsos,201,231.7,113.5,,8a205f18-af3b-477d-8fdd-785917026fe7,2,60
2026-09-24T05:21:06.519,POST,/desembolsos,201,231.5,113.2,,920e0a96-e042-4f47-8253-a2dac1973fd1,2,60
2026-09-24T05:21:06.519,POST,/desembolsos,201,232.1,113.0,,2a7ed7d1-75b4-441d-a670-15a2070263e8,3,60
2026-09-24T05:21:06.519,POST,/desembolsos,201,235.0,113.3,,58fe96de-2f3c-485c-b168-fdaad97aef12,2,60
2026-09-24T05:21:06.519,POST,/desembolsos,201,247.1,112.9,,9248d238-1f02-4eca-bb66-4e86132b1e8d,3,60
2026-09-24T05:21:06.593,POST,/desembolsos,201,246.2,127.7,,edc0b995-b7e1-4095-a93a-afc83119ccf8,1,60
2026-09-24T05:21:06.700,POST,/desembolsos,201,249.9,130.4,,cde952b6-2a7c-49de-9edc-87a93a4d27d0,1,60
2026-09-24T05:21:06.800,POST,/desembolsos,201,252.6,113.1,,1086064c-3497-4fbe-8886-1bd94963ae73,1,60
2026-09-24T05:21:06.881,POST,/desembolsos,201,234.0,114.2,,bc086da6-3b5a-4ce6-8dcf-d04a4ea2c6d0,1,60
2026-09-24T05:21:06.976,POST,/desembolsos,201,235.9,113.2,,d71ba25a-b7fd-45ab-9ff5-06364114c8e7,1,60
2026-09-24T05:21:07.087,POST,/desembolsos,201,270.8,114.9,,c1891bbb-8c20-4893-9d50-24060d89152a,1,60
2026-09-24T05:21:07.194,POST,/desembolsos,201,292.2,119.1,,8cd2718a-1031-4478-a506-8ad996261a4e,1,60
2026-09-24T05:21:01.585,POST,/desembolsos,0,5933.0,113.2,timeout,451d7b97-60b3-43fd-b2a8-362db23d1cd1,1,60
2026-09-24T05:21:02.518,POST,/desembolsos,0,4999.6,123.4,timeout,d15240ff-923b-4fd9-a648-d0c9f1e08a26,2,60
2026-09-24T05:21:01.685,POST,/desembolsos,0,5820.6,119.6,timeout,016ef318-3a41-48cd-beb4-3ba8564de469,1,60
2026-09-24T05:21:02.091,POST,/desembolsos,0,5427.4,113.3,timeout,fbe2666e-e483-460e-b06a-8643ffb3fe5f,1,60
2026-09-24T05:21:02.193,POST,/desembolsos,0,5325.1,112.9,timeout,2ce878a8-0f45-4d4a-b780-6dde5f1bb52e,1,60
2026-09-24T05:21:02.518,POST,/desembolsos,0,4998.8,122.4,timeout,1666d6d9-2e9e-4474-a8ca-26bd0e51eb18,2,60
2026-09-24T05:21:07.294,POST,/desembolsos,201,227.1,110.4,,198cedc8-1755-4e1a-bf0f-fc78f5c0788f,1,60
2026-09-24T05:21:07.393,POST,/desembolsos,201,234.1,113.4,,ef5ee35d-62b6-4c77-9879-e3ff2ad4760c,1,60
2026-09-24T05:21:07.485,POST,/desembolsos,201,243.0,117.9,,4145ae4a-c292-43ab-a24c-3fb5a763668a,1,60
2026-09-24T05:21:07.518,POST,/desembolsos,201,237.3,115.0,,d8c0c073-d105-4599-9830-3dd9dc0e9e4f,2,60
2026-09-24T05:21:07.518,POST,/desembolsos,201,237.3,115.1,,cb9ba146-cc93-4e37-b1ac-4c09b3cf3627,2,60
2026-09-24T05:21:07.594,POST,/desembolsos,201,235.7,113.7,,bc0ecf88-6292-406b-bac1-98a3afcfc140,1,60
2026-09-24T05:21:07.693,POST,/desembolsos,201,231.6,110.9,,ba0eae1f-602c-450d-a2a0-23a3d1b9c64f,1,60
2026-09-24T05:21:07.791,POST,/desembolsos,201,273.0,117.5,,80941a90-378e-4fde-9a52-a0ae392dc63d,1,60
2026-09-24T05:21:07.899,POST,/desembolsos,201,237.4,115.2,,b89a64d1-08fc-47f6-9cad-145c6f9c1aa2,1,60
2026-09-24T05:21:07.998,POST,/desembolsos,201,229.2,114.8,,bdc69693-3d52-4411-ac53-a2590346708e,1,60
2026-09-24T05:21:08.112,POST,/desembolsos,201,241.7,115.5,,53a57190-641d-402c-b06a-edc0cd008472,1,60
2026-09-24T05:21:08.186,POST,/desembolsos,201,236.1,113.4,,2876d886-672a-4858-993a-fb6ca6beef40,1,60
2026-09-24T05:21:03.285,POST,/desembolsos,0,5225.9,122.1,timeout,f86193e4-ce9d-4fdb-904d-a2c4c80d2870,1,60
2026-09-24T05:21:02.991,POST,/desembolsos,0,5520.6,126.7,timeout,6030179f-33c6-426a-9623-6976a43be523,1,60
2026-09-24T05:21:03.393,POST,/desembolsos,0,5118.5,124.1,timeout,06b7c96d-0813-432e-95ef-7eb69975950f,1,60
2026-09-24T05:21:03.494,POST,/desembolsos,0,5018.2,115.1,timeout,5b8cedc7-9d20-4f1e-8da0-9e4e15ac9aac,1,60
2026-09-24T05:21:08.286,POST,/desembolsos,201,233.0,110.9,,06d972af-d5d4-4ece-8a3f-675576501013,1,60
2026-09-24T05:21:08.377,POST,/desembolsos,201,238.4,117.5,,9fc381cc-007b-4455-bc34-730cbd6312f9,1,60
2026-09-24T05:21:08.511,POST,/desembolsos,201,247.6,120.8,,2ce878a8-0f45-4d4a-b780-6dde5f1bb52e,2,60
2026-09-24T05:21:08.511,POST,/desembolsos,201,247.8,121.3,,016ef318-3a41-48cd-beb4-3ba8564de469,2,60
2026-09-24T05:21:08.511,POST,/desembolsos,201,248.6,121.6,,d15240ff-923b-4fd9-a648-d0c9f1e08a26,3,60
2026-09-24T05:21:08.511,POST,/desembolsos,201,248.1,121.3,,451d7b97-60b3-43fd-b2a8-362db23d1cd1,2,60
2026-09-24T05:21:08.511,POST,/desembolsos,201,249.8,121.3,,fbe2666e-e483-460e-b06a-8643ffb3fe5f,2,60
2026-09-24T05:21:08.511,POST,/desembolsos,201,250.5,121.7,,1666d6d9-2e9e-4474-a8ca-26bd0e51eb18,3,60
2026-09-24T05:21:08.594,POST,/desembolsos,201,260.3,132.9,,28c70551-4bab-4931-857f-0a580be10129,1,60
2026-09-24T05:21:08.692,POST,/desembolsos,201,258.8,138.8,,5fdc39ee-bb03-4f18-8311-9cd697f06a53,1,60
2026-09-24T05:21:08.788,POST,/desembolsos,201,243.6,114.3,,3d411809-f41d-4142-8a4d-0f735192e56c,1,60
2026-09-24T05:21:08.885,POST,/desembolsos,201,230.2,115.2,,de7b7323-1e4a-4713-979b-6871d2298fbf,1,60
2026-09-24T05:21:09.000,POST,/desembolsos,201,234.2,114.4,,bc97a0dd-f4c7-4920-9474-5830a5df7839,1,60
2026-09-24T05:21:09.098,POST,/desembolsos,201,235.8,113.4,,1b953f1a-8118-45c0-8a2b-ce5645963e21,1,60
2026-09-24T05:21:08.494,POST,/desembolsos,201,876.4,113.2,,df0de89f-11ab-4bf2-b3d6-916e76d62a82,1,60
2026-09-24T05:21:09.185,POST,/desembolsos,201,234.5,118.9,,99e23aa7-2ad2-4964-aa92-27e695f565a8,1,60
2026-09-24T05:21:03.694,POST,/desembolsos,0,5825.2,110.3,timeout,1cb46014-e087-4250-a409-a93c94e52aea,1,60
2026-09-24T05:21:04.502,POST,/desembolsos,0,5017.4,112.1,timeout,d16c48ea-3827-4308-bce7-aaa95c35c95b,1,60
2026-09-24T05:21:04.519,POST,/desembolsos,0,5000.5,110.5,timeout,a3c7adb9-90a7-442c-a673-55e2c5718a07,2,60
2026-09-24T05:21:04.519,POST,/desembolsos,0,5000.5,112.6,timeout,8a473563-732f-4292-877f-f25c8f8435b0,2,60
2026-09-24T05:21:03.798,POST,/desembolsos,0,5722.1,118.0,timeout,04532ec6-88d6-42de-82f8-f4a13a3b88ef,1,60
2026-09-24T05:21:09.285,POST,/desembolsos,201,237.7,117.5,,6f5b8fc3-11ad-488a-ada2-66beebc860c6,1,60
2026-09-24T05:21:09.370,POST,/desembolsos,201,243.0,115.2,,412d27fd-ff20-4103-8d34-7d449a8ec177,1,60
2026-09-24T05:21:09.477,POST,/desembolsos,201,248.1,128.6,,40636f79-ebf4-40aa-b84b-01977c8d23bc,1,60
2026-09-24T05:21:09.520,POST,/desembolsos,201,230.9,110.4,,06b7c96d-0813-432e-95ef-7eb69975950f,2,60
2026-09-24T05:21:09.519,POST,/desembolsos,201,239.3,117.5,,f86193e4-ce9d-4fdb-904d-a2c4c80d2870,2,60
2026-09-24T05:21:09.520,POST,/desembolsos,201,241.2,117.1,,6030179f-33c6-426a-9623-6976a43be523,2,60
2026-09-24T05:21:09.520,POST,/desembolsos,201,241.8,117.1,,5b8cedc7-9d20-4f1e-8da0-9e4e15ac9aac,2,60
2026-09-24T05:21:09.594,POST,/desembolsos,201,232.3,114.2,,d53d90c4-f66f-44bc-8a9b-27be1c6aaf4e,1,60
2026-09-24T05:21:09.696,POST,/desembolsos,201,228.7,110.5,,4fca1c4e-d2d2-4c8a-acd8-a21a3a97b95e,1,60
2026-09-24T05:21:09.801,POST,/desembolsos,201,232.2,112.8,,ef054326-5b39-4418-bf6b-19179c1a24fa,1,60
2026-09-24T05:21:09.884,POST,/desembolsos,201,237.5,114.7,,15c009c0-6758-4e13-a413-3e193570abf0,1,60
2026-09-24T05:21:09.993,POST,/desembolsos,201,229.3,111.4,,d836e1b5-664b-49ba-8c90-db184a4cc2dd,1,60
2026-09-24T05:21:10.075,POST,/desembolsos,201,235.6,113.9,,2436ef2a-7c2d-41d8-abe5-ff2359e57b9d,1,60
2026-09-24T05:21:10.169,POST,/desembolsos,201,245.8,124.8,,e5c08b69-68eb-4813-9515-f479604ef719,1,60
2026-09-24T05:21:10.277,POST,/desembolsos,201,235.6,111.4,,7906e5e3-339c-4fdc-b085-19284cab8a58,1,60
2026-09-24T05:21:05.009,POST,/desembolsos,0,5504.5,112.4,timeout,6269023c-e203-4986-8cc1-ba40cbc037dd,1,60
2026-09-24T05:21:04.898,POST,/desembolsos,0,5615.0,111.6,timeout,ad9717f3-16fb-4e3e-b4e4-d68a38a6b235,1,60
2026-09-24T05:21:04.709,POST,/desembolsos,0,5804.2,112.4,timeout,16d51f99-fa05-4454-8765-38a20d595088,1,60
2026-09-24T05:21:10.386,POST,/desembolsos,201,259.1,116.1,,827074e6-af27-4fcc-81ce-83f7de2595e6,1,60
2026-09-24T05:21:10.511,POST,/desembolsos,201,248.1,132.1,,8a473563-732f-4292-877f-f25c8f8435b0,3,60
2026-09-24T05:21:10.511,POST,/desembolsos,201,249.8,132.3,,04532ec6-88d6-42de-82f8-f4a13a3b88ef,2,60
2026-09-24T05:21:10.511,POST,/desembolsos,201,250.1,132.3,,d16c48ea-3827-4308-bce7-aaa95c35c95b,2,60
2026-09-24T05:21:10.511,POST,/desembolsos,201,254.3,132.1,,a3c7adb9-90a7-442c-a673-55e2c5718a07,3,60
2026-09-24T05:21:10.495,POST,/desembolsos,201,266.7,143.9,,fd883f20-5172-4d5d-a8c4-d96a5068add0,1,60
2026-09-24T05:21:10.511,POST,/desembolsos,201,267.0,132.0,,1cb46014-e087-4250-a409-a93c94e52aea,2,60
2026-09-24T05:21:10.594,POST,/desembolsos,201,239.1,116.2,,7eeaa611-55e7-457d-8a24-a2b962415cd7,1,60
2026-09-24T05:21:10.709,POST,/desembolsos,201,242.1,118.3,,5c7e7c90-609c-4722-a259-79485af8596f,1,60
2026-09-24T05:21:10.774,POST,/desembolsos,201,285.9,116.4,,2a5986c9-cf50-4377-a52e-d309e4cf52b0,1,60
2026-09-24T05:21:10.889,POST,/desembolsos,201,240.7,114.3,,e6c91945-eedd-4745-b0ca-e2197d1a61a4,1,60
2026-09-24T05:21:11.003,POST,/desembolsos,201,233.2,115.4,,806ac7de-a7f2-492f-bd0d-028d4bb50d0c,1,60
2026-09-24T05:21:11.085,POST,/desembolsos,201,240.3,119.2,,bf4dc1e7-6f3c-4875-90d4-942a608a808e,1,60
2026-09-24T05:21:11.194,POST,/desembolsos,201,235.2,117.2,,52560a7c-2507-4290-948b-e1e37414bdd0,1,60
2026-09-24T05:21:11.294,POST,/desembolsos,201,229.9,110.9,,5aa19f4d-b05c-460d-bdf5-f51369f50dfb,1,60
2026-09-24T05:21:11.385,POST,/desembolsos,201,230.1,110.5,,dc14402b-de82-47d8-950c-c1339515f006,1,60
2026-09-24T05:21:11.494,POST,/desembolsos,201,240.8,118.8,,9f32dc28-ae41-4733-a615-05ade43f4cda,1,60
2026-09-24T05:21:11.511,POST,/desembolsos,201,230.7,113.0,,ad9717f3-16fb-4e3e-b4e4-d68a38a6b235,2,60
2026-09-24T05:21:11.511,POST,/desembolsos,201,231.2,113.4,,16d51f99-fa05-4454-8765-38a20d595088,2,60
2026-09-24T05:21:11.511,POST,/desembolsos,201,232.1,113.2,,6269023c-e203-4986-8cc1-ba40cbc037dd,2,60
2026-09-24T05:21:11.594,POST,/desembolsos,201,248.9,112.7,,60dbb3d2-b401-4041-9514-408e112c7ac4,1,60
2026-09-24T05:21:11.700,POST,/desembolsos,201,246.8,130.5,,c809933a-52cc-4cd1-8c24-7afc0e169bdf,1,60
2026-09-24T05:21:11.800,POST,/desembolsos,201,239.3,118.3,,f7438cb8-b468-4be9-88b1-44f3ef565a9b,1,60
2026-09-24T05:21:11.899,POST,/desembolsos,201,251.9,127.6,,1f3589d3-5f1f-4a99-b07a-be4a935553d5,1,60
2026-09-24T05:21:11.998,POST,/desembolsos,201,233.3,111.7,,4de7161a-c43b-46c7-8bf3-005a40f1e8f2,1,60
2026-09-24T05:21:12.109,POST,/desembolsos,201,239.3,116.3,,4effc675-0f3e-45c2-b273-2ca50ce2e5da,1,60
2026-09-24T05:21:12.202,POST,/desembolsos,201,231.4,112.4,,90bf3712-1e48-407e-8973-5cf73e702084,1,60
2026-09-24T05:21:12.294,POST,/desembolsos,201,246.4,124.7,,fd656f04-d08a-4d0d-8293-deae8149a92f,1,60
2026-09-24T05:21:12.402,POST,/desembolsos,201,235.3,113.1,,8677449c-2b3c-4bf7-9ca4-1e2709531524,1,60
2026-09-24T05:21:12.486,POST,/desembolsos,201,233.5,113.1,,b7dcf923-81a3-4679-a4fc-b3c416f2eaf4,1,60
2026-09-24T05:21:12.587,POST,/desembolsos,201,243.3,121.5,,f58c47a3-30c7-43fc-a017-93f0a9117a9e,1,60
2026-09-24T05:21:12.708,POST,/desembolsos,201,240.6,114.5,,4b34b966-2dbb-41ae-a7f8-d92bc4626ea2,1,60
2026-09-24T05:21:12.791,POST,/desembolsos,201,239.0,114.9,,de9f8698-6891-4098-b2f8-e4be77c5f0ac,1,60
2026-09-24T05:21:12.891,POST,/desembolsos,201,232.6,113.0,,2240ae80-193b-4b25-9d56-d2150ffa8bb9,1,60
2026-09-24T05:21:13.004,POST,/desembolsos,201,245.3,126.0,,f8bc4fad-4808-47d8-a239-f5c84d06f1b8,1,60
2026-09-24T05:21:13.102,POST,/desembolsos,201,234.1,112.9,,1c2aa2c7-c2a7-410a-94a8-40194d7ca268,1,60
2026-09-24T05:21:13.194,POST,/desembolsos,201,229.3,110.2,,9f55c161-7a6f-495c-a6a2-c0754411e94f,1,60
2026-09-24T05:21:13.294,POST,/desembolsos,201,234.0,113.0,,0ffcfdce-cfb2-4380-b88c-ebca380fab00,1,60
2026-09-24T05:21:13.386,POST,/desembolsos,201,233.1,112.1,,5a8daea8-d6cb-4525-88b8-3ffe03f3afa1,1,60
2026-09-24T05:21:13.494,POST,/desembolsos,201,229.5,111.6,,4cf9c99e-32ca-47ca-9c13-7027eef7ce0b,1,60
2026-09-24T05:21:13.594,POST,/desembolsos,201,233.5,113.7,,cbd3c1c4-161d-48d1-b886-f4ca4b4181fe,1,60
2026-09-24T05:21:13.695,POST,/desembolsos,201,247.3,126.5,,1d4746fe-c465-4410-89da-5a40091991a8,1,60
2026-09-24T05:21:13.800,POST,/desembolsos,201,248.7,130.8,,880fd969-b5d6-45f4-ae8a-9aa84883c728,1,60
2026-09-24T05:21:13.899,POST,/desembolsos,201,232.7,113.4,,9fe56386-2996-4e6e-a3aa-7188dad4a47d,1,60
2026-09-24T05:21:13.999,POST,/desembolsos,201,238.1,114.1,,ad3212b2-652c-4fa3-9cea-a460841d02c1,1,60
2026-09-24T05:21:14.095,POST,/desembolsos,201,226.9,110.6,,99b964f0-6e16-4982-b09b-01d774450421,1,60
2026-09-24T05:21:14.194,POST,/desembolsos,201,235.6,113.0,,c41cce31-f671-42b3-8587-4d9541a3fb84,1,60
2026-09-24T05:21:14.286,POST,/desembolsos,201,236.4,112.8,,f7759c7b-bd7e-4258-bb3b-70869fceab8a,1,60
2026-09-24T05:21:14.369,POST,/desembolsos,201,265.0,113.8,,a5465b1f-a916-4e81-84d8-abf4444c24a2,1,60
2026-09-24T05:21:14.478,POST,/desembolsos,201,231.9,111.4,,4a48342e-2702-4ce8-9448-c481f419423d,1,60
2026-09-24T05:21:14.586,POST,/desembolsos,201,236.2,113.9,,b15d5aac-98c5-496c-a771-0df8da852515,1,60
2026-09-24T05:21:14.694,POST,/desembolsos,201,232.2,113.9,,ad561c7f-2f58-46e5-b817-c4166a99bd8c,1,60
2026-09-24T05:21:14.801,POST,/desembolsos,201,237.5,114.7,,834d6cd1-a48b-49a6-b2b8-700a2cffc9ef,1,60
2026-09-24T05:21:14.895,POST,/desembolsos,201,237.1,113.3,,7904609f-0535-42e6-90db-8d740fda4e06,1,60
2026-09-24T05:21:14.988,POST,/desembolsos,201,239.2,119.3,,60360159-0578-4e5d-97a4-a884fbcdbf9a,1,60
2026-09-24T05:21:15.088,POST,/desembolsos,201,237.3,118.2,,803543e6-9afe-4aea-b80e-3bb384be558e,1,60
2026-09-24T05:21:15.178,POST,/desembolsos,201,254.2,111.6,,502c85e3-f1a2-4d90-a268-38a2bb90588e,1,60
2026-09-24T05:21:15.286,POST,/desembolsos,201,268.3,146.1,,ee0d6386-8a7c-4bc8-b4f2-b1ec7e9aede5,1,60
2026-09-24T05:21:15.377,POST,/desembolsos,201,233.6,113.1,,c88fb059-acf8-42f5-9908-e3d1d08ea4d8,1,60
2026-09-24T05:21:15.485,POST,/desembolsos,201,234.0,113.5,,817ed57d-bfa7-4b24-8693-7824048c1b85,1,60
2026-09-24T05:21:15.586,POST,/desembolsos,201,230.9,111.8,,2a6c1d58-63f8-4a44-b184-e5c9326e4993,1,60
2026-09-24T05:21:15.694,POST,/desembolsos,201,236.5,115.6,,ad597774-875a-42b7-a8e6-8bef244c2de6,1,60
2026-09-24T05:21:15.800,POST,/desembolsos,201,253.2,123.4,,51075268-c530-42d8-9e34-d991af19245f,1,60
2026-09-24T05:21:15.913,POST,/desembolsos,201,228.8,110.6,,530dc20d-bb96-4a0b-9383-14843a9a8bbd,1,60
2026-09-24T05:21:15.992,POST,/desembolsos,201,237.2,113.1,,385a8370-ab27-40d7-824d-a0bc902e6e44,1,60
2026-09-24T05:21:16.090,POST,/desembolsos,201,246.1,112.5,,1a052e38-9b72-40a9-a356-0ab7246ef21a,1,60
2026-09-24T05:21:16.194,POST,/desembolsos,201,238.9,110.2,,d9ce26df-72ea-48e5-80ec-9eb5151c8bf5,1,60
2026-09-24T05:21:16.286,POST,/desembolsos,201,268.7,147.3,,bd5170eb-3ac6-4d56-9fb6-3154e1c7b8da,1,60
2026-09-24T05:21:16.369,POST,/desembolsos,201,231.7,112.0,,b688d9c6-8495-4ae4-9751-b84137625211,1,60
2026-09-24T05:21:16.478,POST,/desembolsos,201,237.4,112.8,,d384d50f-cc9e-40d4-a052-0da9c2a3ba2b,1,60
2026-09-24T05:21:16.578,POST,/desembolsos,201,260.7,140.5,,68290095-425e-4bf9-a8c6-bbc3d6d973b1,1,60
2026-09-24T05:21:16.717,POST,/desembolsos,201,235.5,115.0,,5c16379e-74ef-4527-b848-db1ed175a9b5,1,60
2026-09-24T05:21:16.798,POST,/desembolsos,201,237.0,114.1,,030b9e07-cfab-4cd3-af33-beca29a42672,1,60
2026-09-24T05:21:16.910,POST,/desembolsos,201,234.4,112.0,,34bc4b51-2bfa-477a-82da-c98e10e39b69,1,60
2026-09-24T05:21:16.988,POST,/desembolsos,201,252.7,126.5,,d80de3c5-4052-4b93-a54d-fcbcde45e27f,1,60
2026-09-24T05:21:17.099,POST,/desembolsos,201,235.7,114.6,,51ac60af-f341-4c6a-953c-859fad1b8d56,1,60
2026-09-24T05:21:17.194,POST,/desembolsos,201,240.2,118.5,,0e8ed206-50e2-4e30-81d7-13b70d48fe5f,1,60
2026-09-24T05:21:17.291,POST,/desembolsos,201,236.9,114.5,,63e36977-b531-4176-b34a-da49aa20df88,1,60
2026-09-24T05:21:17.373,POST,/desembolsos,201,228.7,111.4,,9ad7c4b6-2025-4f2b-baf3-70d74d75d82d,1,60
2026-09-24T05:21:17.483,POST,/desembolsos,201,248.6,110.9,,74fae0a3-490d-4be7-85a5-54ae294337ab,1,60
2026-09-24T05:21:17.593,POST,/desembolsos,201,297.2,139.1,,73ed1c6c-567c-478a-809b-a75293a93822,1,60
2026-09-24T05:21:17.692,POST,/desembolsos,201,277.4,150.0,,e3fa3b6c-59f1-4041-9ebf-4f0ff29e7143,1,60
2026-09-24T05:21:17.785,POST,/desembolsos,201,241.6,121.4,,937aeb20-61f6-4e64-82a4-bc4de6369f01,1,60
2026-09-24T05:21:17.885,POST,/desembolsos,201,236.7,114.1,,cc46e63d-381c-4a07-93e5-537f0ec989e6,1,60
2026-09-24T05:21:17.985,POST,/desembolsos,201,243.6,112.8,,83ab7ed2-dfbc-42b0-aa9a-cf06e11de8b5,1,60
2026-09-24T05:21:18.099,POST,/desembolsos,201,234.5,114.2,,3ba6645a-8554-4851-a5c0-6ccaa4ba2bf6,1,60
2026-09-24T05:21:18.196,POST,/desembolsos,201,234.3,115.8,,fd822d6f-1694-4b85-abaa-946d913d5a12,1,60
2026-09-24T05:21:18.310,POST,/desembolsos,201,230.6,112.1,,73a35652-2b88-4767-b700-458dd44a1b6c,1,60
2026-09-24T05:21:18.410,POST,/desembolsos,201,249.4,123.5,,3f5b5990-f6f5-4f93-972a-bb96b21d1570,1,60
2026-09-24T05:21:18.491,POST,/desembolsos,201,240.8,116.9,,eb0b10ec-4166-4e33-8020-e2760bb5d8a3,1,60
2026-09-24T05:21:18.591,POST,/desembolsos,201,250.5,120.6,,b3dca685-d9f4-4c7f-b3b8-4caeadc79290,1,60
2026-09-24T05:21:18.693,POST,/desembolsos,201,263.3,143.3,,a1d2029b-7b44-4b28-9aa1-b892c049ead2,1,60
2026-09-24T05:21:18.807,POST,/desembolsos,201,266.9,144.8,,ae7bde97-5ff7-4d8d-8d20-ea805f26c02b,1,60
2026-09-24T05:21:18.907,POST,/desembolsos,201,236.0,115.4,,0d3f2238-6ccd-47fe-9e64-a0e507f58770,1,60
2026-09-24T05:21:19.003,POST,/desembolsos,201,236.7,114.3,,2f40b7b2-cd38-48ea-a9dc-6cfc44fba7a8,1,60
2026-09-24T05:21:19.101,POST,/desembolsos,201,236.5,113.0,,69309925-cf9f-4e52-bd14-0ea0b86fd954,1,60
2026-09-24T05:21:19.197,POST,/desembolsos,201,239.2,117.5,,40c719fb-ae77-48e4-8e73-d754c75f51e4,1,60
2026-09-24T05:21:19.294,POST,/desembolsos,201,244.6,123.6,,5cf27dd2-95f0-45e0-aa03-03c46c55869e,1,60
2026-09-24T05:21:19.394,POST,/desembolsos,201,256.9,128.6,,ffc3e1a5-184a-4e79-b1ec-ea97e9a1bbe3,1,60
2026-09-24T05:21:19.503,POST,/desembolsos,201,239.3,116.5,,602e9086-4b81-4e74-8411-a548602cee36,1,60
2026-09-24T05:21:19.584,POST,/desembolsos,201,282.2,151.6,,e965f753-4e5d-4b4f-8212-3c8c4ceade39,1,60
2026-09-24T05:21:19.685,POST,/desembolsos,201,260.3,132.7,,4a8da35a-2c78-48c5-a015-db58b15e28b2,1,60
2026-09-24T05:21:19.802,POST,/desembolsos,201,241.9,117.9,,a62d05a0-837c-459f-9353-052ca045e94f,1,60
2026-09-24T05:21:19.883,POST,/desembolsos,201,274.9,113.9,,87ebd8b2-9c04-420e-b98c-21019015b0b1,1,60
2026-09-24T05:21:19.996,POST,/desembolsos,201,279.9,161.7,,39c210c4-4ade-4a56-ba7d-f04e987943cc,1,60
2026-09-24T05:21:20.109,POST,/desembolsos,201,263.6,143.5,,1a335d18-fdb5-4421-a34b-f81c32b45ff9,1,60
2026-09-24T05:21:20.207,POST,/desembolsos,201,274.9,153.2,,364f34bf-28c8-4db1-98c9-11c7f4a9a4ef,1,60
2026-09-24T05:21:20.274,POST,/desembolsos,201,235.1,111.7,,5becddb9-b99f-4916-a647-1fa988b981bb,1,60
2026-09-24T05:21:20.370,POST,/desembolsos,201,287.1,109.4,,1ecbef43-4317-44a5-862a-1fef9ddb51d5,1,60
2026-09-24T05:21:20.471,POST,/desembolsos,201,300.8,168.6,,8524332f-ea4f-4a61-902e-d1287eb4555b,1,60
2026-09-24T05:21:20.610,POST,/desembolsos,201,287.8,168.1,,9ddf6554-5fb0-4dd9-91b7-43236da8b577,1,60
2026-09-24T05:21:20.717,POST,/desembolsos,201,267.1,117.8,,349dfdd9-84cb-42c7-87ab-4dbfd77c93ce,1,60
2026-09-24T05:21:20.814,POST,/desembolsos,201,339.0,121.7,,0098a4db-40ec-4406-a876-745688eb940e,1,60
2026-09-24T05:21:20.896,POST,/desembolsos,201,255.8,113.6,,20bfbc0d-1e55-4780-9171-049bc3ab4d47,1,60
2026-09-24T05:21:20.980,POST,/desembolsos,201,290.7,170.0,,f5f31343-d556-4276-9282-282d31f46547,1,60
2026-09-24T05:21:21.096,POST,/desembolsos,201,246.1,116.1,,33b8887b-31de-4be1-8351-bb0a515e8042,1,60
2026-09-24T05:21:21.192,POST,/desembolsos,201,231.9,114.4,,700da8c4-9ec4-4d0f-8879-5709214eaf64,1,60
2026-09-24T05:21:21.306,POST,/desembolsos,201,258.9,113.2,,d5f14dc8-662a-4da5-bf7e-0804871a7207,1,60
2026-09-24T05:21:21.388,POST,/desembolsos,201,239.1,117.9,,1e9be4a8-6dfd-4df3-952e-95ac5b0b767d,1,60
2026-09-24T05:21:21.485,POST,/desembolsos,201,235.8,114.2,,e848da17-ab1a-4894-8e5c-b7804a38a1d6,1,60
2026-09-24T05:21:21.584,POST,/desembolsos,201,239.7,115.9,,d45feb5e-6c79-4ac3-9107-c17c7725c083,1,60
2026-09-24T05:21:21.709,POST,/desembolsos,201,248.6,118.5,,0407b7a8-2341-43d2-81e8-7be0ee2fe611,1,60
2026-09-24T05:21:21.791,POST,/desembolsos,201,233.2,110.7,,14d0b3a1-d530-47ad-a969-74780e11af44,1,60
2026-09-24T05:21:21.890,POST,/desembolsos,201,241.9,113.7,,a6f2b75f-bc7a-44b2-8da2-083e04a9d42e,1,60
2026-09-24T05:21:21.989,POST,/desembolsos,201,253.7,122.1,,1006fad5-f68f-424a-b249-feec87aa453e,1,60
2026-09-24T05:21:22.103,POST,/desembolsos,201,264.7,111.6,,4aea7306-c6cb-4f6f-abd6-97d6b61bbac6,1,60
2026-09-24T05:21:22.201,POST,/desembolsos,201,237.5,116.6,,39c464b1-4dfa-4ad2-8dc8-5fba580c8328,1,60
2026-09-24T05:21:22.317,POST,/desembolsos,201,244.4,115.8,,5dfcdea3-5db4-4ded-97e7-1acdbe1d6723,1,60
2026-09-24T05:21:22.400,POST,/desembolsos,201,226.0,110.6,,33fc34de-d20a-4bb2-a115-fd6a4a8a4df4,1,60
2026-09-24T05:21:22.498,POST,/desembolsos,201,237.1,114.0,,a9e45169-71e9-4124-a6cc-8e75fc0d576b,1,60
2026-09-24T05:21:22.595,POST,/desembolsos,201,239.6,121.1,,6344ec66-f9b7-4337-9ba0-4eeef7eb983f,1,60
2026-09-24T05:21:22.686,POST,/desembolsos,201,233.0,114.0,,fd8d5779-f88f-4649-bacb-19a30d15d9d5,1,60
2026-09-24T05:21:22.798,POST,/desembolsos,201,238.0,117.7,,7ca7c10a-c94e-4e15-a725-0103693b66bd,1,60
2026-09-24T05:21:22.897,POST,/desembolsos,201,239.5,115.0,,c28ae004-ed96-46a7-a553-42054bf57d6c,1,60
2026-09-24T05:21:22.980,POST,/desembolsos,201,231.9,113.9,,331d405b-f5b8-46c7-9b13-113a3c209fcb,1,60
2026-09-24T05:21:23.093,POST,/desembolsos,201,234.2,112.5,,e53c2f5b-4355-470c-9055-0f8dabae5f26,1,60
2026-09-24T05:21:23.198,POST,/desembolsos,201,240.4,121.1,,1f14752b-fd41-4b5a-901c-65363798d2b4,1,60
2026-09-24T05:21:23.297,POST,/desembolsos,201,232.0,112.2,,abf4fed7-5272-4994-bb29-b7f1adff4b1f,1,60
2026-09-24T05:21:23.397,POST,/desembolsos,201,234.2,113.5,,25d6e180-00ae-4c57-9d23-32f765e1c25f,1,60
2026-09-24T05:21:23.492,POST,/desembolsos,201,241.0,117.6,,e0ea15ca-da8c-46ea-b6eb-04533209f645,1,60
2026-09-24T05:21:23.587,POST,/desembolsos,201,232.1,114.6,,be3b822d-008a-431b-8870-990afccd300a,1,60
2026-09-24T05:21:23.685,POST,/desembolsos,201,235.1,114.8,,8d14b4ee-64fa-4a9d-a719-632b6c46d219,1,60
2026-09-24T05:21:23.777,POST,/desembolsos,201,268.6,114.7,,ba444bb4-dd70-4dfa-a77b-c85b83d65e6b,1,60
2026-09-24T05:21:23.879,POST,/desembolsos,201,265.4,117.8,,d16cc734-66d6-4d76-8a86-511a8df3da6c,1,60
2026-09-24T05:21:23.991,POST,/desembolsos,201,245.2,122.3,,608b08d3-5258-4916-a2c8-4111156daf91,1,60
2026-09-24T05:21:24.090,POST,/desembolsos,201,259.2,115.1,,ca0a3e52-9cc9-4900-956e-82f943fb1800,1,60
2026-09-24T05:21:24.205,POST,/desembolsos,201,254.1,134.4,,085d7d0a-95be-4720-85f3-aaae4b3f8bfa,1,60
2026-09-24T05:21:24.303,POST,/desembolsos,201,238.1,114.0,,8464ac50-b9ee-4137-997c-92d2f755e118,1,60
2026-09-24T05:21:24.401,POST,/desembolsos,201,240.6,112.6,,a1c95083-54b9-4ccd-bf3f-4490bab97077,1,60
2026-09-24T05:21:24.483,POST,/desembolsos,201,232.5,111.8,,5438b4fb-255a-46dd-8c76-882f83929a6b,1,60
2026-09-24T05:21:24.582,POST,/desembolsos,201,241.3,121.4,,809ae365-acba-49d4-829e-1d2606c296be,1,60
2026-09-24T05:21:24.693,POST,/desembolsos,201,280.0,130.5,,10522b59-9f82-4a56-be75-1fa2a9e01be0,1,60
2026-09-24T05:21:24.787,POST,/desembolsos,201,231.7,113.0,,7ac90bc4-db7d-4a49-9886-8e1c2c06dc0a,1,60
2026-09-24T05:21:24.881,POST,/desembolsos,201,232.6,113.6,,7008f0e8-1be5-4ab1-bd10-570eb81fc588,1,60
2026-09-24T05:21:24.994,POST,/desembolsos,201,235.0,112.1,,4f43a424-5775-4acf-9456-465dcc696ed6,1,60
2026-09-24T05:21:25.087,POST,/desembolsos,201,231.3,112.8,,93ee8e88-428e-499d-96d1-0c82409186e8,1,60
2026-09-24T05:21:25.184,POST,/desembolsos,201,266.3,114.2,,1c03d20c-bd19-45e4-9cbd-f3f908ee832b,1,60
2026-09-24T05:21:25.297,POST,/desembolsos,201,272.6,153.3,,6d1aba49-1886-4c47-ac1c-dfb684f694ad,1,60
2026-09-24T05:21:25.394,POST,/desembolsos,201,229.5,113.6,,71c05955-f4d8-401f-b372-f61eb275ec71,1,60
2026-09-24T05:21:25.492,POST,/desembolsos,201,233.3,113.2,,3c88fd7f-d2b3-4e25-bf87-fcdd3f135b72,1,60
2026-09-24T05:21:25.590,POST,/desembolsos,201,234.3,112.6,,2d9013b5-772a-476c-84fd-c386909f3b46,1,60
2026-09-24T05:21:25.685,POST,/desembolsos,201,238.9,116.4,,91f567a7-16bb-46a9-9fa2-179d0af92046,1,60
2026-09-24T05:21:25.801,POST,/desembolsos,201,246.2,123.4,,26648341-94bd-459d-879b-3ee7bb7a1720,1,60
2026-09-24T05:21:25.908,POST,/desembolsos,201,234.5,113.5,,c429356b-f132-48ab-b0eb-43796aa738f6,1,60
2026-09-24T05:21:26.005,POST,/desembolsos,201,231.9,114.5,,8cdf2526-21e6-469a-acca-33d8c8be5822,1,60
2026-09-24T05:21:26.086,POST,/desembolsos,201,230.8,113.0,,dd3afb3e-97a4-414e-abc1-daf7ef4d4945,1,60
2026-09-24T05:21:26.185,POST,/desembolsos,201,231.8,112.5,,d6cd0f03-95eb-4e01-a27c-f9c138285530,1,60
2026-09-24T05:21:26.283,POST,/desembolsos,201,244.3,127.4,,b64998ba-a459-4522-a345-21bba7e6d756,1,60
2026-09-24T05:21:26.410,POST,/desembolsos,201,305.2,112.1,,b58ddf5a-8784-4ef0-b7fa-574b7a464a46,1,60
2026-09-24T05:21:26.490,POST,/desembolsos,201,235.8,113.0,,df8bcb0e-105d-4c7c-ab9f-03afb8f0234b,1,60
2026-09-24T05:21:26.589,POST,/desembolsos,201,244.8,126.6,,7c8881c3-7c08-4adc-93e8-5f457db6472a,1,60
2026-09-24T05:21:26.703,POST,/desembolsos,201,236.7,117.5,,05dd6b90-4275-41a9-84cc-763554be3fc6,1,60
2026-09-24T05:21:26.802,POST,/desembolsos,201,232.0,113.7,,45935575-50b4-4b4f-80c4-5d9748c75c86,1,60
2026-09-24T05:21:26.884,POST,/desembolsos,201,233.0,111.7,,20ca9bc8-0dfc-420f-9d7d-c58bc024e154,1,60
2026-09-24T05:21:26.992,POST,/desembolsos,201,235.8,113.2,,2b266f33-cfc2-4680-ac96-bc69ec06c80c,1,60
2026-09-24T05:21:27.086,POST,/desembolsos,201,235.5,115.0,,7645e093-907a-44ad-a08f-8860e9284a45,1,60
2026-09-24T05:21:27.183,POST,/desembolsos,201,234.7,109.4,,6c75d781-a6ff-4a53-b10c-0bb6bea948bb,1,60
2026-09-24T05:21:27.279,POST,/desembolsos,201,264.3,139.5,,78365776-db71-4294-a907-2e3f6f5bc769,1,60
2026-09-24T05:21:27.391,POST,/desembolsos,201,255.8,133.7,,789a606f-4a4a-4d90-9b7a-a88fbdfcafc5,1,60
2026-09-24T05:21:27.486,POST,/desembolsos,201,233.3,115.6,,38412993-b3a0-4265-9a75-e8820c409020,1,60
2026-09-24T05:21:27.586,POST,/desembolsos,201,232.8,112.5,,0d6cbdbe-896b-45c5-a417-7bddb536c086,1,60
2026-09-24T05:21:27.678,POST,/desembolsos,201,242.6,118.0,,c9d0a3a1-e959-4d62-8157-5a1f85b8ca28,1,60
2026-09-24T05:21:27.794,POST,/desembolsos,201,230.3,114.1,,590cb798-3eef-4509-9f4d-cb0e3352141c,1,60
2026-09-24T05:21:27.905,POST,/desembolsos,201,237.7,114.4,,e1eedfe5-5748-4dbd-b60a-2b6c3879e5c8,1,60
2026-09-24T05:21:28.003,POST,/desembolsos,201,246.4,127.0,,e815a84c-1916-4e98-9a1e-4aea60179cb2,1,60
2026-09-24T05:21:28.117,POST,/desembolsos,201,237.2,117.5,,15444565-192e-4be5-a816-9fc22d9a983e,1,60
2026-09-24T05:21:28.183,POST,/desembolsos,201,245.7,116.6,,1b7bc433-283a-40b8-a2d2-7f2938340d86,1,60
2026-09-24T05:21:28.296,POST,/desembolsos,201,256.1,132.3,,efc9f8ea-4e58-4991-8c24-5ca0d7c30a3f,1,60
2026-09-24T05:21:28.394,POST,/desembolsos,201,240.9,112.1,,08e75470-c265-4827-af0f-57a02f86e7f7,1,60
2026-09-24T05:21:28.492,POST,/desembolsos,201,257.4,116.7,,be7777b9-8c9a-4bb1-beed-5ab4441c8f66,1,60
2026-09-24T05:21:28.594,POST,/desembolsos,201,270.9,119.9,,08e9848c-2f41-4d3b-9c90-3a3a73e04c09,1,60
2026-09-24T05:21:28.694,POST,/desembolsos,201,233.1,114.5,,af55e5db-135b-45dd-9aa7-42b1581404f8,1,60
2026-09-24T05:21:28.793,POST,/desembolsos,201,237.1,115.9,,fdae595c-80ae-4d14-92a7-07c9fe452f78,1,60
2026-09-24T05:21:28.864,POST,/desembolsos,201,235.6,112.6,,db884938-e175-474d-90c4-729986518e7a,1,60
2026-09-24T05:21:28.969,POST,/desembolsos,201,242.1,117.4,,433d4a6b-54fc-49c3-8691-5047cd9a6499,1,60
2026-09-24T05:21:29.078,POST,/desembolsos,201,231.9,114.1,,8d157d7f-7fd2-460a-8dc4-8d026c83b802,1,60
2026-09-24T05:21:29.178,POST,/desembolsos,201,229.5,112.9,,bec22f0e-eb2f-4377-8cee-aebbf95704e7,1,60
2026-09-24T05:21:29.292,POST,/desembolsos,201,243.8,117.6,,85551d23-0745-498e-9b5c-97d0432d9f0d,1,60
2026-09-24T05:21:29.409,POST,/desembolsos,201,248.3,118.9,,1de7f817-8cef-4af7-9db3-fc1e54a4f5b9,1,60
2026-09-24T05:21:29.489,POST,/desembolsos,201,259.0,128.7,,cbe29c84-3392-4172-bf18-4c0c2fe3b13e,1,60
2026-09-24T05:21:29.602,POST,/desembolsos,201,230.6,112.4,,fcc8d51e-e743-478f-a830-d9c383944190,1,60
2026-09-24T05:21:29.679,POST,/desembolsos,201,236.8,114.3,,e2c56324-b69c-4de2-92f3-3eb414cadab3,1,60
2026-09-24T05:21:29.792,POST,/desembolsos,201,291.2,115.4,,32f81577-54ff-4975-9deb-8ee8a8deee75,1,60
2026-09-24T05:21:29.891,POST,/desembolsos,201,236.5,110.9,,765b7366-e4fb-4e0d-9446-74aef309f243,1,60
2026-09-24T05:21:29.988,POST,/desembolsos,201,270.6,138.6,,cd07af35-17e5-47a8-a0f2-b073739754aa,1,60
2026-09-24T05:21:30.083,POST,/desembolsos,201,275.1,156.4,,473fc6c9-feda-4fcb-9277-9f1c8b704e15,1,60
2026-09-24T05:21:30.185,POST,/desembolsos,201,232.5,113.1,,ac78f5ce-26e9-43a9-a58f-4e5580ced17f,1,60
2026-09-24T05:21:30.259,POST,/desembolsos,201,242.8,116.6,,f9effb00-f0c8-4cdf-9e21-9b60007f4c1d,1,60
2026-09-24T05:21:30.372,POST,/desembolsos,201,240.2,114.2,,2f63ea79-02e0-4122-9ef4-51e73523633b,1,60
2026-09-24T05:21:30.484,POST,/desembolsos,201,243.0,117.0,,ed407dde-602e-486e-9973-6e1f64c2540a,1,60
2026-09-24T05:21:30.594,POST,/desembolsos,201,231.3,112.2,,5e5da06e-0406-4266-91e5-e5b7c72432ba,1,60
2026-09-24T05:21:30.703,POST,/desembolsos,201,239.5,115.6,,912de793-592f-4fb1-8c16-91e9540e99ce,1,60
2026-09-24T05:21:30.801,POST,/desembolsos,201,233.2,115.1,,1eb5c26c-f7b9-4014-bf74-dde6ccdcc7f6,1,60
2026-09-24T05:21:30.884,POST,/desembolsos,201,243.5,113.9,,622ba377-6541-4dd1-a4b4-c371bc173392,1,60
2026-09-24T05:21:30.981,POST,/desembolsos,201,233.9,114.6,,8548e83a-6c83-4225-9e81-65cea9ea08f1,1,60
2026-09-24T05:21:31.086,POST,/desembolsos,201,231.9,112.4,,2171f73d-1675-49a8-93ba-5cff3f10f80f,1,60
2026-09-24T05:21:31.192,POST,/desembolsos,201,232.9,111.8,,2ad0eaeb-b6c0-4248-ba87-c3228c0731c4,1,60
2026-09-24T05:21:31.292,POST,/desembolsos,201,231.1,112.5,,82e64bd3-86a0-4fae-a06a-a2e2ff441220,1,60
2026-09-24T05:21:31.392,POST,/desembolsos,201,228.5,111.6,,f50cafe4-2690-4b37-a9b0-709e63aeaa92,1,60
2026-09-24T05:21:31.491,POST,/desembolsos,201,233.6,115.1,,8e7599c2-479b-4fb4-b721-9b583cc0686f,1,60
2026-09-24T05:21:31.572,POST,/desembolsos,201,256.2,118.4,,e239df1b-3c61-4000-8eb0-8d2df2895d43,1,60
2026-09-24T05:21:31.687,POST,/desembolsos,201,238.1,115.7,,52c42889-88e5-4c93-a437-20af1cb77cd1,1,60
2026-09-24T05:21:31.802,POST,/desembolsos,201,230.8,110.6,,f596ad6e-9bd4-47b9-be36-b8ddb0c802a4,1,60
2026-09-24T05:21:31.883,POST,/desembolsos,201,238.3,115.8,,6e3b82ee-49c0-4b3e-bc80-db4b358dcace,1,60
2026-09-24T05:21:31.998,POST,/desembolsos,201,234.9,114.1,,c726eb4b-a11e-4648-9440-6e4767c76438,1,60
2026-09-24T05:21:32.097,POST,/desembolsos,201,279.8,111.3,,8d9f4e48-a1ea-4e60-bd13-b395423db927,1,60
2026-09-24T05:21:32.195,POST,/desembolsos,201,231.8,113.7,,c95af38a-5581-428b-9a53-a0ec50b77aca,1,60
2026-09-24T05:21:32.294,POST,/desembolsos,201,235.7,115.8,,31b651e1-9c39-4633-a5b1-af16388d570b,1,60
2026-09-24T05:21:32.376,POST,/desembolsos,201,251.7,122.1,,b45d85f2-0dd1-4142-b9a4-f52e99a2eced,1,60
2026-09-24T05:21:32.490,POST,/desembolsos,201,262.9,139.2,,68aea75f-5bef-45d9-b543-e251cfead450,1,60
2026-09-24T05:21:32.587,POST,/desembolsos,201,274.7,150.3,,4bc7a159-ee04-49d3-973e-10fc0c22f398,1,60
2026-09-24T05:21:32.678,POST,/desembolsos,201,244.4,118.0,,4e70ef40-15cf-4542-93ac-7d55341b30c1,1,60
2026-09-24T05:21:32.795,POST,/desembolsos,201,235.1,113.3,,e5737082-e855-47e9-ab2f-c601b8f5d43e,1,60
2026-09-24T05:21:32.889,POST,/desembolsos,201,281.8,122.7,,bbca854c-7775-4f11-844c-54b3b279f622,1,60
2026-09-24T05:21:32.997,POST,/desembolsos,201,225.3,110.1,,0ae875b6-8b5c-46bd-8b18-018e29a13805,1,60
2026-09-24T05:21:33.080,POST,/desembolsos,201,243.2,114.2,,48c28e62-ba87-4a7a-b4df-dee74b58b733,1,60
2026-09-24T05:21:33.187,POST,/desembolsos,201,250.0,124.2,,058bbf43-a4fc-4ff7-b094-073fa34b5944,1,60
2026-09-24T05:21:33.304,POST,/desembolsos,201,230.4,109.1,,25321fb5-8d55-4769-b157-b6aa626e8189,1,60
2026-09-24T05:21:33.395,POST,/desembolsos,201,238.6,117.2,,816e2ad1-d8b2-485f-82f3-b7c1a24531c3,1,60
2026-09-24T05:21:33.495,POST,/desembolsos,201,283.5,119.4,,279e9d14-4987-40e8-9bfc-c3d471bb059d,1,60
2026-09-24T05:21:33.588,POST,/desembolsos,201,238.6,117.0,,e7605331-5369-4e13-9caf-2486ac3a8157,1,60
2026-09-24T05:21:33.682,POST,/desembolsos,201,245.1,114.5,,85159bcb-bb62-4f10-ac45-7023d12cf5c5,1,60
2026-09-24T05:21:33.769,POST,/desembolsos,201,235.8,114.1,,06989aa4-9a9c-4306-bd37-de82f3e413e1,1,60
2026-09-24T05:21:33.887,POST,/desembolsos,201,234.6,114.4,,2bb8540a-7465-4646-88dc-f985313fcc08,1,60
2026-09-24T05:21:33.997,POST,/desembolsos,201,233.2,114.2,,9ac02a6a-c856-49ee-81d8-9aaced9ebbfc,1,60
2026-09-24T05:21:34.093,POST,/desembolsos,201,241.4,113.5,,c486e9b1-698f-4e70-b88b-1f23a9803542,1,60
2026-09-24T05:21:34.195,POST,/desembolsos,201,228.7,110.0,,bf880f5a-90d2-4b21-9ab7-7ac5b8a70c64,1,60
2026-09-24T05:21:34.286,POST,/desembolsos,201,237.2,113.6,,3401a731-d657-4518-847e-7f02c1f571d6,1,60
2026-09-24T05:21:34.396,POST,/desembolsos,201,242.5,113.5,,4ed83753-7eb7-4dd3-b864-21a24f57c82d,1,60
2026-09-24T05:21:34.495,POST,/desembolsos,201,262.2,135.0,,b4676239-83b7-43c2-8ebb-486069384237,1,60
2026-09-24T05:21:34.588,POST,/desembolsos,201,236.3,114.2,,1dbbb8f7-39bb-412c-8548-991d72fb50ee,1,60
2026-09-24T05:21:34.694,POST,/desembolsos,201,232.9,114.2,,9b1ff893-4aba-481d-964e-6e4d5922a2d0,1,60
2026-09-24T05:21:34.791,POST,/desembolsos,201,229.0,111.2,,a4100e65-ed24-4c71-b391-25f5fbc25bd3,1,60
2026-09-24T05:21:34.901,POST,/desembolsos,201,229.2,111.7,,10f6ebfc-a990-4755-8e3d-c55caf6ea966,1,60
2026-09-24T05:21:34.994,POST,/desembolsos,201,235.5,115.7,,3bdfab64-9e2d-4bb4-93aa-6f0769d0c889,1,60
2026-09-24T05:21:35.087,POST,/desembolsos,201,230.7,111.6,,84053dcd-aa19-48b4-85ad-c9d7d1929c6c,1,60
2026-09-24T05:21:35.196,POST,/desembolsos,201,236.8,113.0,,dd978a52-ba9a-4f0e-be36-102c2731b558,1,60
2026-09-24T05:21:35.286,POST,/desembolsos,201,237.1,118.7,,fe20a3c1-aeda-4e7a-a496-38fc55715dbe,1,60
2026-09-24T05:21:35.395,POST,/desembolsos,201,285.0,113.2,,6162ded1-8736-4d71-a106-1912738fde2e,1,60
2026-09-24T05:21:35.495,POST,/desembolsos,201,344.8,184.9,,c03e611d-7cc3-428f-98e9-b1f3ccc9a68a,1,60
2026-09-24T05:21:35.578,POST,/desembolsos,201,262.3,113.1,,d67c5187-d18d-4097-91e8-8040517bf72e,1,60
2026-09-24T05:21:35.679,POST,/desembolsos,201,272.9,118.8,,487885c1-f665-4dba-b5b4-07dc01474af1,1,60
2026-09-24T05:21:35.797,POST,/desembolsos,201,268.2,148.1,,7a5653f2-9af2-4d2b-95c9-96c547de416b,1,60
2026-09-24T05:21:35.883,POST,/desembolsos,201,237.5,118.1,,20c36b93-da88-428b-ba63-4ae9ebeeb7e8,1,60
2026-09-24T05:21:35.997,POST,/desembolsos,201,231.9,111.7,,a32881ba-0f86-41b4-b6b1-fb97cbb56305,1,60
2026-09-24T05:21:36.062,POST,/desembolsos,201,244.6,124.1,,b8c6239a-390c-4921-a5af-67634f3a8c8b,1,60
2026-09-24T05:21:36.187,POST,/desembolsos,201,237.7,114.8,,2f9e958e-d7c0-42e5-93b9-4bf477315158,1,60
2026-09-24T05:21:36.286,POST,/desembolsos,201,239.3,111.4,,e2d73cb9-0080-475c-8983-dd62a414f347,1,60
2026-09-24T05:21:36.396,POST,/desembolsos,201,250.9,129.9,,5214eafd-cc52-4383-b281-903cbf1ef1b8,1,60
2026-09-24T05:21:36.479,POST,/desembolsos,201,228.9,111.6,,e3889f67-d323-40cd-9ab1-eebb1c44f410,1,60
2026-09-24T05:21:36.587,POST,/desembolsos,201,241.1,113.2,,11c0d23d-ddf8-42c3-b7b6-2e23c24c5bbb,1,60
2026-09-24T05:21:36.679,POST,/desembolsos,201,265.9,120.2,,f03b6dad-e461-49e1-b661-b4d344ac25c3,1,60
2026-09-24T05:21:36.793,POST,/desembolsos,201,232.0,114.2,,beb1f8f0-a993-4e6a-984a-c16a4a04b014,1,60
2026-09-24T05:21:36.874,POST,/desembolsos,201,246.5,126.3,,8edcb537-e0df-4644-81a3-5950f5458258,1,60
2026-09-24T05:21:37.000,POST,/desembolsos,201,232.9,113.4,,e43feba0-966a-49a1-a2e1-17cb35a26886,1,60
2026-09-24T05:21:37.096,POST,/desembolsos,201,237.0,116.9,,7922eedd-eb03-44e6-adeb-b65444e3ef95,1,60
2026-09-24T05:21:37.171,POST,/desembolsos,201,229.3,113.4,,3877fa75-1212-4587-89ff-a0f4c8e3cc77,1,60
2026-09-24T05:21:37.304,POST,/desembolsos,201,234.5,112.5,,d7d23521-1baf-4bb3-9aed-41a13dec8a59,1,60
2026-09-24T05:21:37.395,POST,/desembolsos,201,258.2,114.0,,20dfefa0-9319-4674-95f9-14197ce5c374,1,60
2026-09-24T05:21:37.479,POST,/desembolsos,201,233.0,113.0,,bf048a2b-d3f8-41b4-9e54-14cdd57ac335,1,60
2026-09-24T05:21:37.587,POST,/desembolsos,201,241.4,114.9,,9e3b63cc-fee6-4558-a269-62c784695bc9,1,60
2026-09-24T05:21:37.694,POST,/desembolsos,201,239.7,117.3,,515a24ea-982b-4e75-9764-366b81c4854e,1,60
2026-09-24T05:21:37.795,POST,/desembolsos,201,253.5,111.8,,09a3a356-e870-49a1-a242-818f9feb0877,1,60
2026-09-24T05:21:37.894,POST,/desembolsos,201,240.5,114.0,,4848c7a0-fe0c-42e9-a816-d0d56d366984,1,60
2026-09-24T05:21:37.993,POST,/desembolsos,201,236.1,111.7,,60d0ff20-8184-46ae-809f-dec1805cec96,1,60
2026-09-24T05:21:38.102,POST,/desembolsos,201,236.4,116.7,,e49dd72a-f4dd-4fc1-8172-03ac080f7ea7,1,60
2026-09-24T05:21:38.195,POST,/desembolsos,201,281.2,132.4,,e8c87790-75c2-4c4a-9f32-d24b5bbaad47,1,60
2026-09-24T05:21:38.287,POST,/desembolsos,201,242.7,115.4,,8e8f681f-bf83-4552-b4c3-e35eafbafc7b,1,60
2026-09-24T05:21:38.387,POST,/desembolsos,201,230.7,112.2,,a869fd27-d434-494f-8caa-5bef90a56738,1,60
2026-09-24T05:21:38.495,POST,/desembolsos,201,240.8,114.2,,ded73c0b-aba2-434b-9c1d-783de27cb7b5,1,60
2026-09-24T05:21:38.587,POST,/desembolsos,201,233.3,115.0,,6d015500-4495-4413-a2b0-646119bd9f03,1,60
2026-09-24T05:21:38.695,POST,/desembolsos,201,227.9,110.1,,de7bd4e9-313e-4262-8f25-79b58d3b636b,1,60
2026-09-24T05:21:38.795,POST,/desembolsos,201,233.2,112.6,,a40fc0f1-48f6-43e8-8399-767515c12327,1,60
2026-09-24T05:21:38.887,POST,/desembolsos,201,266.4,112.5,,d1705783-5193-48a8-9f18-fdabd6a73954,1,60
2026-09-24T05:21:38.987,POST,/desembolsos,201,227.7,111.0,,e6a69e83-c841-4a13-9109-79432cb17323,1,60
2026-09-24T05:21:39.083,POST,/desembolsos,201,232.5,113.3,,89c84119-cdfe-4f25-b21e-f3346075dceb,1,60
2026-09-24T05:21:39.179,POST,/desembolsos,201,233.0,113.1,,374a204d-0b0f-4af7-a09a-2532bc043156,1,60
2026-09-24T05:21:39.287,POST,/desembolsos,201,234.4,111.0,,6fa45c26-a42b-4fb3-bb7d-42388f99aaba,1,60
2026-09-24T05:21:39.386,POST,/desembolsos,201,258.2,140.2,,a3862add-e8bc-4f05-86ad-6f86c1c51e1f,1,60
2026-09-24T05:21:39.484,POST,/desembolsos,201,231.6,113.9,,b3d6d5be-047b-47ce-a190-c260a517afcd,1,60
2026-09-24T05:21:39.582,POST,/desembolsos,201,229.2,109.7,,ffcc1ccb-91e9-44fd-bc99-2c78f09f7ffc,1,60
2026-09-24T05:21:39.695,POST,/desembolsos,201,234.5,113.1,,3410645b-5b78-4498-a39c-0164bac8671d,1,60
2026-09-24T05:21:39.793,POST,/desembolsos,201,235.9,113.8,,a76cb8f4-eb62-44e0-a281-5a9ce1c18221,1,60
2026-09-24T05:21:39.904,POST,/desembolsos,201,232.0,112.6,,c2804dd5-7390-4bd4-b537-1408e06fd577,1,60
2026-09-24T05:21:40.003,POST,/desembolsos,201,243.3,115.5,,34d1c180-5572-4b84-8da8-aa6d9d6436d1,1,60
2026-09-24T05:21:40.101,POST,/desembolsos,201,257.8,138.0,,26ed8086-b2ff-4412-8e10-4a209dff9a11,1,60
2026-09-24T05:21:40.182,POST,/desembolsos,201,248.7,132.3,,02c0470b-f45e-4eb1-83c1-bf19b9e57bb2,1,60
2026-09-24T05:21:40.314,POST,/desembolsos,201,230.6,111.0,,53a8688b-ffee-40c9-ba55-0e2fc1b5f779,1,60
2026-09-24T05:21:40.397,POST,/desembolsos,201,237.6,115.0,,5d4a9761-b117-4bac-9cd6-4c00e0e4c6ed,1,60
2026-09-24T05:21:40.494,POST,/desembolsos,201,238.0,114.6,,421ef38c-cc67-4ea5-9fb4-cb8d8ddf007d,1,60
2026-09-24T05:21:40.593,POST,/desembolsos,201,237.5,115.6,,562d7323-4fe2-44a6-aeb0-2f12c160beae,1,60
2026-09-24T05:21:40.695,POST,/desembolsos,201,241.7,116.3,,8d2eecf3-9d92-4d53-8dd2-ef9d0fd9f56c,1,60
2026-09-24T05:21:40.795,POST,/desembolsos,201,227.9,109.7,,da293c97-6a54-4434-8155-29a63f18c5c2,1,60
2026-09-24T05:21:40.888,POST,/desembolsos,201,234.6,113.1,,ca3d46c6-8dff-4625-b973-2b324aec3747,1,60
2026-09-24T05:21:40.996,POST,/desembolsos,201,236.3,117.5,,7434c168-97a8-40d6-8e90-7a9e54955e86,1,60
2026-09-24T05:21:41.080,POST,/desembolsos,201,234.3,116.9,,ab829adf-e9a0-4530-bae4-cd89e49a0ea2,1,60
2026-09-24T05:21:41.195,POST,/desembolsos,201,232.6,111.9,,7e14d012-9edf-4e6c-9afc-b9f3c7b4b0f2,1,60
2026-09-24T05:21:41.295,POST,/desembolsos,201,242.6,118.1,,6b00a6c3-eddc-4dc0-a9da-65e6067d93f9,1,60
2026-09-24T05:21:41.405,POST,/desembolsos,201,234.3,113.3,,942a253d-000d-4f04-b0c6-c60d81d89b08,1,60
2026-09-24T05:21:41.487,POST,/desembolsos,201,244.4,123.6,,55bb6b79-0628-4605-93bd-06a527da8e3c,1,60
2026-09-24T05:21:41.588,POST,/desembolsos,201,330.3,206.1,,e7b412ba-9228-4a49-95b4-16d111fdf02b,1,60
2026-09-24T05:21:41.696,POST,/desembolsos,201,265.6,115.1,,f790303d-ee1b-446e-ab32-a99bad816543,1,60
2026-09-24T05:21:41.778,POST,/desembolsos,201,234.2,115.9,,69c6186f-d160-46bf-9fd1-839a21eb563b,1,60
2026-09-24T05:21:41.909,POST,/desembolsos,201,235.5,115.1,,d751b791-b6b6-4c4c-b99c-906959c281c6,1,60
2026-09-24T05:21:41.995,POST,/desembolsos,201,257.2,125.5,,4e61ac8f-8e43-4d0c-a2b4-efab433d87c6,1,60
2026-09-24T05:21:42.095,POST,/desembolsos,201,258.8,141.9,,cda065b3-bd51-44b1-b813-0c4d46007ec3,1,60
2026-09-24T05:21:42.187,POST,/desembolsos,201,251.0,119.2,,1d19d85b-1555-4e51-9f21-1dad7854183f,1,60
2026-09-24T05:21:42.296,POST,/desembolsos,201,250.1,124.7,,32dab987-6871-4d78-a48d-2a7cf4140e73,1,60
2026-09-24T05:21:42.396,POST,/desembolsos,201,230.9,111.6,,0bf4b061-559c-4ede-bf5b-a1f2b32be76c,1,60
2026-09-24T05:21:42.488,POST,/desembolsos,201,252.7,127.6,,cae309a0-7fad-4609-8c31-851a554313c1,1,60
2026-09-24T05:21:42.596,POST,/desembolsos,201,232.5,113.1,,1f7b5ef9-4987-42a0-929f-13583d2b8bbd,1,60
2026-09-24T05:21:42.704,POST,/desembolsos,201,229.6,109.6,,0f9a45c4-1db8-44bc-94d5-3fdb02ab48bf,1,60
2026-09-24T05:21:42.785,POST,/desembolsos,201,236.7,114.8,,af2e9cc9-59e4-451f-a472-20151d013371,1,60
2026-09-24T05:21:42.899,POST,/desembolsos,201,235.3,115.7,,02875853-340a-410f-ad76-75266fd97ef6,1,60
2026-09-24T05:21:42.998,POST,/desembolsos,201,231.5,112.0,,3d631a26-4d8a-4590-9dec-11d16f8163c6,1,60
2026-09-24T05:21:43.097,POST,/desembolsos,201,247.5,124.0,,47ed6d04-43eb-4aff-9dd2-25ee65e66e39,1,60
2026-09-24T05:21:43.204,POST,/desembolsos,201,242.2,113.7,,d3cda459-0512-4c36-b481-ef55241d1282,1,60
2026-09-24T05:21:43.296,POST,/desembolsos,201,235.9,118.9,,4012a9ee-167b-4a41-abbd-1a5b82bb56f1,1,60
2026-09-24T05:21:43.388,POST,/desembolsos,201,236.1,113.0,,d3ce8661-436c-43bc-8763-3f055257dc35,1,60
2026-09-24T05:21:43.496,POST,/desembolsos,201,235.9,113.5,,fbc699fd-6b3a-4a83-a143-c8ed77f805d2,1,60
2026-09-24T05:21:43.596,POST,/desembolsos,201,227.3,110.2,,e82b9dd4-746b-440e-b58a-9cc73ceae8bd,1,60
2026-09-24T05:21:43.704,POST,/desembolsos,201,235.5,112.7,,e39b9d78-c103-4706-bddf-c62bcc0eb03e,1,60
2026-09-24T05:21:43.793,POST,/desembolsos,201,232.6,113.6,,9b488611-3781-438c-94eb-095c64072b27,1,60
2026-09-24T05:21:43.874,POST,/desembolsos,201,257.0,113.9,,9e8bd5e8-5337-4ccf-ba43-84a941e7d3d7,1,60
2026-09-24T05:21:43.988,POST,/desembolsos,201,259.5,139.1,,28a47e0a-0182-47b0-a4e9-fddb53beaafa,1,60
2026-09-24T05:21:44.102,POST,/desembolsos,201,231.5,112.5,,2046a34c-682e-483a-a343-1aadce005037,1,60
2026-09-24T05:21:44.179,POST,/desembolsos,201,237.9,118.5,,98bd3716-7971-4146-a04b-b797c8748114,1,60
2026-09-24T05:21:44.296,POST,/desembolsos,201,232.8,114.0,,c3143ed9-6171-4be1-8431-d704cd9186ad,1,60
2026-09-24T05:21:44.388,POST,/desembolsos,201,237.0,117.0,,43d35008-a52d-4a24-a161-dd4114e02454,1,60
2026-09-24T05:21:44.479,POST,/desembolsos,201,262.1,112.6,,f8d3ecd1-2b43-4d4c-9ca6-816096192d09,1,60
2026-09-24T05:21:44.588,POST,/desembolsos,201,262.8,116.7,,0a80190d-1e0e-487b-b335-46f239b04192,1,60
2026-09-24T05:21:44.697,POST,/desembolsos,201,242.4,116.0,,df81d1ef-a2d4-4930-86f0-dcac30145328,1,60
2026-09-24T05:21:44.793,POST,/desembolsos,201,241.8,120.4,,73bab54d-24f4-4212-bec5-352314ba0bbf,1,60
2026-09-24T05:21:44.903,POST,/desembolsos,201,248.0,126.8,,b0c3c4db-0d57-4467-bd56-97a9ce8b96ae,1,60
2026-09-24T05:21:45.012,POST,/desembolsos,201,242.2,119.6,,975d74f0-add7-45f8-8a27-bdbeb2010191,1,60
2026-09-24T05:21:45.093,POST,/desembolsos,201,235.7,111.0,,0c5da146-8689-425c-82b8-bd67aefcdf99,1,60
2026-09-24T05:21:45.196,POST,/desembolsos,201,234.2,112.8,,621e99db-9dcc-495c-a3e6-2a2fecfd0b98,1,60
2026-09-24T05:21:45.304,POST,/desembolsos,201,239.2,113.4,,2f75f0c0-a9ac-45f2-97f4-744c6b4c4705,1,60
2026-09-24T05:21:45.396,POST,/desembolsos,201,237.8,118.7,,562f0716-f5ad-4fbb-9faa-ebadb227877d,1,60
2026-09-24T05:21:45.488,POST,/desembolsos,201,258.4,123.7,,ee471811-c7f5-488b-854a-dc275ea7bb01,1,60
2026-09-24T05:21:45.588,POST,/desembolsos,201,236.3,115.6,,958c9fb5-f057-4300-9907-9909f25629a2,1,60
2026-09-24T05:21:45.690,POST,/desembolsos,201,231.8,111.3,,387961da-56e0-4e7b-bd31-b902c4e93f32,1,60
2026-09-24T05:21:45.778,POST,/desembolsos,201,252.6,117.2,,0564d590-d45d-4a09-8129-009c95c355fc,1,60
2026-09-24T05:21:45.894,POST,/desembolsos,201,253.1,135.3,,273f255b-5d79-41c1-a74e-6b867939b535,1,60
2026-09-24T05:21:45.975,POST,/desembolsos,201,254.2,131.1,,0776ca51-a8c2-416d-b6a7-26fd83e1cec9,1,60
2026-09-24T05:21:46.090,POST,/desembolsos,201,259.5,125.6,,bedc86bf-f0a7-4480-bbbe-6587a7f34749,1,60
2026-09-24T05:21:46.195,POST,/desembolsos,201,252.6,118.6,,5de7f780-5c91-45b6-a52a-f999a0a6c594,1,60
2026-09-24T05:21:46.295,POST,/desembolsos,201,230.6,111.5,,d681596c-fb8a-4e5c-a627-0f3e8f15e301,1,60
2026-09-24T05:21:46.396,POST,/desembolsos,201,237.6,116.5,,efc13b82-df71-452f-807d-d8e8f3069e51,1,60
2026-09-24T05:21:46.487,POST,/desembolsos,201,242.4,117.8,,47f3b57a-2d30-48af-9f9e-d6bc72cc1951,1,60
2026-09-24T05:21:46.580,POST,/desembolsos,201,237.0,118.1,,01757d3a-0950-4c6b-b4e1-4d35017f8023,1,60
2026-09-24T05:21:46.697,POST,/desembolsos,201,247.9,114.1,,084eb1d2-ee6e-422b-8381-c49cab175d8b,1,60
2026-09-24T05:21:46.795,POST,/desembolsos,201,239.2,113.7,,b677f5d6-7937-4d0f-82b6-9f2229f9da7e,1,60
2026-09-24T05:21:46.902,POST,/desembolsos,201,230.7,111.6,,401836f7-4e01-4867-a147-4ecad881431a,1,60
2026-09-24T05:21:46.996,POST,/desembolsos,201,244.2,118.7,,0d4d306d-59fc-4c87-b795-dbc0ddbaf7d9,1,60
2026-09-24T05:21:47.091,POST,/desembolsos,201,240.1,122.4,,bfc55d51-e8a4-4a78-972f-aee2488238a2,1,60
2026-09-24T05:21:47.195,POST,/desembolsos,201,252.4,135.1,,b342acc4-8d8f-4410-85e2-4ffd760a8c19,1,60
2026-09-24T05:21:47.304,POST,/desembolsos,201,266.0,133.9,,9300b965-0f6f-4789-a1b0-a0f76e19df35,1,60
2026-09-24T05:21:47.396,POST,/desembolsos,201,233.4,112.4,,7c3481e3-4305-4cf0-b5e3-91dc16d83702,1,60
2026-09-24T05:21:47.488,POST,/desembolsos,201,255.7,131.9,,2f008077-d973-4c5d-b5fb-619a982be908,1,60
2026-09-24T05:21:47.588,POST,/desembolsos,201,256.4,131.4,,ec0802ce-1838-4ae1-98e7-947828ea1e61,1,60
2026-09-24T05:21:47.718,POST,/desembolsos,201,241.0,115.7,,7830e33d-77c8-40b0-8784-ee1aa0726130,1,60
2026-09-24T05:21:47.800,POST,/desembolsos,201,238.0,110.4,,8f470342-a233-43dd-8bfa-2e7b28e0a256,1,60
2026-09-24T05:21:47.883,POST,/desembolsos,201,235.5,115.3,,073eae2a-2008-4116-aafe-44b1b6a30cc9,1,60
2026-09-24T05:21:47.992,POST,/desembolsos,201,231.9,113.4,,16a2527e-dcb8-47c4-a6a6-d39455bdad20,1,60
2026-09-24T05:21:48.104,POST,/desembolsos,201,228.3,110.2,,b1fa9ec9-a0cd-47bb-a060-6a3f0ddccfde,1,60
2026-09-24T05:21:48.196,POST,/desembolsos,201,237.1,112.5,,66e2b8e4-d79b-4016-bfc5-fac694936bb9,1,60
2026-09-24T05:21:48.296,POST,/desembolsos,201,248.4,126.0,,0a250506-a70d-419c-a09e-cb0d94f57577,1,60
2026-09-24T05:21:48.380,POST,/desembolsos,201,228.1,111.4,,b121662e-ce06-4ce5-820b-be8edf4fc853,1,60
2026-09-24T05:21:48.513,POST,/desembolsos,201,233.5,114.3,,d429f839-bcc6-4d12-8281-22a3e9db6d7f,1,60
2026-09-24T05:21:48.572,POST,/desembolsos,201,260.8,139.3,,fe6d4d0b-3c19-4807-b033-612d35fa63e4,1,60
2026-09-24T05:21:48.694,POST,/desembolsos,201,247.1,126.2,,c12b8562-f5d0-4c03-b0b0-ca6978d4e957,1,60
2026-09-24T05:21:48.793,POST,/desembolsos,201,239.5,117.3,,1e5374aa-1c10-452a-a728-ed8bad65240e,1,60
2026-09-24T05:21:48.893,POST,/desembolsos,201,230.5,112.5,,07dda8e4-32e6-4a8c-b503-7309424802b3,1,60
2026-09-24T05:21:49.004,POST,/desembolsos,201,230.2,111.9,,e043a8ea-4ea1-459c-b4bb-3c6284665e4c,1,60
2026-09-24T05:21:49.085,POST,/desembolsos,201,238.2,113.3,,337cdd71-c312-4153-a3ad-42a65ae7fbb6,1,60
2026-09-24T05:21:49.196,POST,/desembolsos,201,237.0,112.3,,4354669a-a468-4fb9-b8c6-97f3eb679130,1,60
2026-09-24T05:21:49.296,POST,/desembolsos,201,234.4,112.5,,8a3df427-1e67-4c87-ac86-9b96e16c56a0,1,60
2026-09-24T05:21:49.388,POST,/desembolsos,201,236.4,115.7,,625540ef-8217-456e-8b5d-28a5152593e4,1,60
2026-09-24T05:21:49.488,POST,/desembolsos,201,312.5,116.5,,2cd9b6dd-4d99-4fb9-8d8a-5b937d31edee,1,60
2026-09-24T05:21:49.596,POST,/desembolsos,201,231.7,112.3,,d4f36085-92b2-40c2-b05b-e56cc8cfe6b3,1,60
2026-09-24T05:21:49.703,POST,/desembolsos,201,256.2,116.7,,5c12bc90-2c52-4e0a-83df-37df65ae8c43,1,60
2026-09-24T05:21:49.786,POST,/desembolsos,201,307.7,115.7,,79c60507-a412-4de4-a703-0caa3ba98e39,1,60
2026-09-24T05:21:49.999,POST,/desembolsos,201,341.5,162.4,,e26f4418-9b64-44e5-8173-1679747f2e25,1,60
2026-09-24T05:21:50.094,POST,/desembolsos,201,334.0,158.5,,9f44dc26-4617-48ab-9601-8bf1fd729a81,1,60
2026-09-24T05:21:49.902,POST,/desembolsos,201,619.7,439.2,,ef1177c5-c6d7-4db8-a1eb-ae162db8bd0f,1,60
2026-09-24T05:21:50.205,POST,/desembolsos,201,409.4,223.7,,d23a6f2e-e332-4799-bbfc-f515ce91d408,1,60
2026-09-24T05:21:50.296,POST,/desembolsos,201,401.3,150.1,,5ad758d4-2d39-4ce2-897b-8da1d84a306d,1,60
2026-09-24T05:21:50.388,POST,/desembolsos,201,403.8,152.7,,ed28181e-d998-400e-8e66-5b9dec17f2c2,1,60
2026-09-24T05:21:50.480,POST,/desembolsos,201,312.9,148.0,,b73f1106-19fa-42ed-aa3a-7b2e584bba0f,1,60
2026-09-24T05:21:50.588,POST,/desembolsos,201,392.1,204.5,,a8df63dc-2950-48c8-8df8-673d1b16a051,1,60
2026-09-24T05:21:50.695,POST,/desembolsos,201,376.5,117.9,,5f40e640-0245-4f4a-bf78-9f51471965d9,1,60
2026-09-24T05:21:50.778,POST,/desembolsos,201,298.2,113.2,,3fc0915d-273c-429c-bdec-2c52392a11f4,1,60
2026-09-24T05:21:50.892,POST,/desembolsos,201,468.8,185.6,,1aa766d7-18fa-4010-83eb-8e3acb0276bf,1,60
2026-09-24T05:21:50.975,POST,/desembolsos,201,393.0,174.9,,7d00986a-7d2c-47c1-b93e-055703d197ee,1,60
2026-09-24T05:21:51.087,POST,/desembolsos,201,466.5,286.5,,9575f0b5-6805-4423-b31f-c93c45c474fd,1,60
2026-09-24T05:21:51.204,POST,/desembolsos,201,354.7,169.6,,4158a794-8950-4f9b-9ca5-3716051647f2,1,60
2026-09-24T05:21:51.296,POST,/desembolsos,201,338.8,153.2,,e22a7e81-6f78-4134-842b-c41bf4118493,1,60
2026-09-24T05:21:51.372,POST,/desembolsos,201,357.8,174.3,,5500ed1f-9428-4625-ad41-1928da2e6276,1,60
2026-09-24T05:21:51.488,POST,/desembolsos,201,423.5,160.3,,f0ff4ab3-0a8b-43fa-9141-fb19865fc7df,1,60
2026-09-24T05:21:51.572,POST,/desembolsos,201,361.9,169.4,,9dfdb958-e338-4576-87aa-43dac4facadd,1,60
2026-09-24T05:21:51.703,POST,/desembolsos,201,321.5,132.8,,5c1cddb3-0bbb-495c-9089-39ccc4bdae89,1,60
2026-09-24T05:21:51.798,POST,/desembolsos,201,299.3,125.4,,7488f1e8-ebe4-4572-ba5d-35be215f201a,1,60
2026-09-24T05:21:51.893,POST,/desembolsos,201,297.2,125.2,,b634a27d-ece6-4758-b409-31ef786ee4df,1,60
2026-09-24T05:21:52.004,POST,/desembolsos,201,372.4,185.9,,966430f2-c54c-418e-bffe-5cb0f443eaaf,1,60
2026-09-24T05:21:52.085,POST,/desembolsos,201,386.5,127.3,,5885b45f-e467-49a7-8e6c-58946a884e12,1,60
2026-09-24T05:21:52.188,POST,/desembolsos,201,472.0,111.1,,7dfdb1b8-9f33-4d85-8eea-ae1a11825127,1,60
2026-09-24T05:21:52.296,POST,/desembolsos,201,364.0,175.3,,840a68a3-a6aa-4eed-82c1-049ad2700b4d,1,60
2026-09-24T05:21:52.372,POST,/desembolsos,201,467.4,278.8,,ecfcb4fc-bcc1-409a-afa2-33c06822fb60,1,60
2026-09-24T05:21:52.504,POST,/desembolsos,201,354.5,165.3,,bf6ab2d2-3b3b-4250-b3b2-cc3c47e202ce,1,60
2026-09-24T05:21:52.579,POST,/desembolsos,201,450.3,264.7,,bbc9a3c1-5bc6-413a-9363-1d50a4034fbd,1,60
2026-09-24T05:21:52.703,POST,/desembolsos,201,346.2,151.3,,55459240-db7e-4b4a-b911-bc04838150d8,1,60
2026-09-24T05:21:52.800,POST,/desembolsos,201,342.6,148.5,,6f021243-9cad-456f-8f12-a5cc6a2d0954,1,60
2026-09-24T05:21:52.899,POST,/desembolsos,201,339.9,148.8,,459a3e98-740d-4216-922f-758cb227692e,1,60
2026-09-24T05:21:53.096,POST,/desembolsos,201,307.6,136.2,,c9b6853f-7224-4d80-aa23-fdfe7a0abad9,1,60
2026-09-24T05:21:53.196,POST,/desembolsos,201,397.2,158.9,,170e2c5a-ca76-4387-bff9-de4dd9597017,1,60
2026-09-24T05:21:53.305,POST,/desembolsos,201,377.3,189.6,,a51462d0-d1ba-4693-8985-9762b65836d9,1,60
2026-09-24T05:21:53.488,POST,/desembolsos,201,380.2,124.2,,a5446a34-0749-440d-bf0a-202f4ca6b794,1,60
2026-09-24T05:21:53.703,POST,/desembolsos,201,372.5,183.4,,54e5ba7c-f46b-4a06-998f-b37d41b07f6e,1,60
2026-09-24T05:21:53.588,POST,/desembolsos,201,582.0,394.8,,a44a962d-53ff-4c78-93c3-15c3a81bfb18,1,60
2026-09-24T05:21:53.795,POST,/desembolsos,201,376.9,187.3,,606365f8-17ad-42df-ae20-a35fa8916a96,1,60
2026-09-24T05:21:53.878,POST,/desembolsos,201,455.4,186.4,,22140c50-1ecb-441d-8ee9-c225e20222e1,1,60
2026-09-24T05:21:52.982,POST,/desembolsos,201,1359.2,156.4,,aa4377c7-0446-445d-8c70-e3ceb15987bb,1,60
2026-09-24T05:21:53.975,POST,/desembolsos,201,359.1,181.1,,c1ad965f-7a00-400b-a74d-9d53cc0f8a87,1,60
2026-09-24T05:21:54.069,POST,/desembolsos,201,384.4,193.5,,8f25497b-c3a1-4eba-87f8-fac071067ac2,1,60
2026-09-24T05:21:54.196,POST,/desembolsos,201,352.9,162.0,,0f2a8b55-ebce-4f87-98a9-e95bc19860ae,1,60
2026-09-24T05:21:54.296,POST,/desembolsos,201,331.9,150.5,,7180505b-c5af-480b-b2b4-00b91b2f52f3,1,60
2026-09-24T05:21:54.397,POST,/desembolsos,201,328.4,147.6,,f919d4c3-ec88-4079-8f6d-427f1996c8f5,1,60
2026-09-24T05:21:53.396,POST,/desembolsos,201,1321.1,110.2,,f0f82a2e-b312-4908-a618-87b881ba5b97,1,60
2026-09-24T05:21:54.497,POST,/desembolsos,201,516.0,228.6,,2aae286c-968c-4131-82f4-193371922339,1,60
2026-09-24T05:21:54.588,POST,/desembolsos,201,424.6,146.0,,5d0ea395-8324-4f2c-8f15-db8e8f1721b0,1,60
2026-09-24T05:21:54.884,POST,/desembolsos,201,229.4,110.5,,57124d6a-bdd5-4d20-b96f-efe2be15fecd,1,60
2026-09-24T05:21:54.691,POST,/desembolsos,201,450.9,322.3,,36fc6a46-cfd3-48a9-8aba-9a05d1af4ebb,1,60
2026-09-24T05:21:54.788,POST,/desembolsos,201,353.4,216.0,,73a923bc-fd69-40db-9379-e7494297d957,1,60
2026-09-24T05:21:54.992,POST,/desembolsos,201,250.2,114.7,,d0709858-115e-421a-a765-eea7ec841680,1,60
2026-09-24T05:21:55.089,POST,/desembolsos,201,248.7,125.0,,15e7da9c-40aa-4e6c-9aa6-4883e472f134,1,60
2026-09-24T05:21:55.196,POST,/desembolsos,201,245.1,113.5,,1045452c-8c2b-4165-b2ca-58d7ef7a5c68,1,60
2026-09-24T05:21:55.297,POST,/desembolsos,201,241.4,120.7,,f80ed50c-46b3-4899-af46-7ea70a153cb4,1,60
2026-09-24T05:21:55.388,POST,/desembolsos,201,291.4,115.0,,3a05bad7-2e79-423a-b1a5-d351d3a72063,1,60
2026-09-24T05:21:55.497,POST,/desembolsos,201,252.7,111.8,,c9e2b0d7-61b3-4b08-86b1-7cd389edf868,1,60
2026-09-24T05:21:55.588,POST,/desembolsos,201,272.9,115.1,,a190094d-e7d3-45ae-b523-361872053bfb,1,60
2026-09-24T05:21:55.680,POST,/desembolsos,201,235.6,114.5,,8c6bc2b6-073d-4d9b-8eb0-25138e9a8feb,1,60
2026-09-24T05:21:55.786,POST,/desembolsos,201,230.0,112.3,,a023fbd4-cf6b-43cb-ad46-eaf3e22d7e8c,1,60
2026-09-24T05:21:55.895,POST,/desembolsos,201,238.3,114.7,,da7ce401-0796-46b2-964c-6478bc69ceb8,1,60
2026-09-24T05:21:55.976,POST,/desembolsos,201,233.5,115.3,,84e57a19-d001-4eec-b089-5f97c698b4a2,1,60
2026-09-24T05:21:56.090,POST,/desembolsos,201,232.0,110.5,,96b07b5d-5069-4867-aba7-1d943ce8d20a,1,60
2026-09-24T05:21:56.180,POST,/desembolsos,201,260.4,113.3,,d5865370-6128-4760-b10e-02ee22a98c0b,1,60
2026-09-24T05:21:56.288,POST,/desembolsos,201,269.4,137.4,,bff7adc7-24e8-45e6-83d7-7232bfb833ca,1,60
2026-09-24T05:21:56.380,POST,/desembolsos,201,233.8,114.2,,47c474cf-3d89-4358-a9c1-5055ebc41d77,1,60
2026-09-24T05:21:56.488,POST,/desembolsos,201,243.2,114.5,,2f1347f0-a855-4261-b5c3-c19e4c2428bc,1,60
2026-09-24T05:21:56.589,POST,/desembolsos,201,249.9,126.7,,975aa907-7e8f-4825-b73c-2df117088321,1,60
2026-09-24T05:21:56.690,POST,/desembolsos,201,256.1,112.7,,38aa4542-1e72-4ba2-be74-c90e6257828b,1,60
2026-09-24T05:21:56.794,POST,/desembolsos,201,268.8,117.3,,6b861eb0-5e2b-424a-80a5-e79c25a64f5f,1,60
2026-09-24T05:21:56.904,POST,/desembolsos,201,273.6,149.7,,0f6c88e7-8b89-472c-92a6-e12e051a83d2,1,60
2026-09-24T05:21:57.001,POST,/desembolsos,201,239.9,113.0,,71210498-4d8e-4de8-820b-94c5e4532a6f,1,60
2026-09-24T05:21:57.084,POST,/desembolsos,201,235.6,113.9,,84da7466-82fc-422d-b533-640cb9837682,1,60
2026-09-24T05:21:57.197,POST,/desembolsos,201,233.6,111.3,,da993073-2f11-488b-8f5d-08bf1c800f81,1,60
2026-09-24T05:21:57.305,POST,/desembolsos,201,231.8,112.1,,b487e299-3a24-45d9-863a-4fdbc4608996,1,60
2026-09-24T05:21:57.480,POST,/desembolsos,201,245.1,125.4,,42fa2d71-f8a9-4ce4-9b5a-1214a6f1bbd3,1,60
2026-09-24T05:21:57.605,POST,/desembolsos,201,227.5,111.6,,f35fad87-f726-4f9b-9873-18ff126476d2,1,60
2026-09-24T05:21:57.405,POST,/desembolsos,201,495.4,371.5,,73f01c02-032c-41b1-9935-adf134149fac,1,60
2026-09-24T05:21:57.698,POST,/desembolsos,201,232.0,112.6,,2505a247-ee1e-4b4c-9ec8-14fa639112db,1,60
2026-09-24T05:21:57.799,POST,/desembolsos,201,240.0,122.6,,fe5707c0-de79-4f19-8803-ac9860d0b2ab,1,60
2026-09-24T05:21:57.896,POST,/desembolsos,201,245.5,127.2,,6a59affc-f7e1-481e-a4c5-fe6c6fddc447,1,60
2026-09-24T05:21:57.986,POST,/desembolsos,201,234.3,114.4,,985be3c8-60d2-4eeb-bae3-0486a733d9cf,1,60
2026-09-24T05:21:58.088,POST,/desembolsos,201,244.9,124.2,,fd9b7de8-a5d6-4bfe-83ae-143825458cad,1,60
2026-09-24T05:21:58.189,POST,/desembolsos,201,246.0,128.3,,cd012189-3752-41a3-9499-146a73148601,1,60
2026-09-24T05:21:58.296,POST,/desembolsos,201,241.9,119.2,,c47892bf-5388-49a0-98a7-a55ea05d2e42,1,60
2026-09-24T05:21:58.397,POST,/desembolsos,201,232.3,112.1,,5f41ffac-9c78-48c1-bb24-33d48eaecc24,1,60
2026-09-24T05:21:58.489,POST,/desembolsos,201,250.8,132.1,,2591f67d-4d1a-4062-9064-1cea4fcfe2d7,1,60
2026-09-24T05:21:58.572,POST,/desembolsos,201,257.3,117.0,,04ee58c8-c1b0-4ca4-aca5-e16d0bd5e02a,1,60
2026-09-24T05:21:58.688,POST,/desembolsos,201,259.5,127.4,,113d259a-9aaf-472b-b4d3-7874cf72cc23,1,60
2026-09-24T05:21:58.792,POST,/desembolsos,201,237.5,112.4,,93689a9c-12a9-4060-8b7e-c47c7c6d1ce3,1,60
2026-09-24T05:21:58.890,POST,/desembolsos,201,250.1,116.2,,1522084d-3739-41eb-9f5c-a6a81730db53,1,60
2026-09-24T05:21:59.006,POST,/desembolsos,201,257.2,132.1,,d7a80e6f-89e9-44cc-ad5b-42cbb7df895e,1,60
2026-09-24T05:21:59.104,POST,/desembolsos,201,231.4,110.4,,aee6258b-9535-47cb-8c39-5ae8944e2b43,1,60
2026-09-24T05:21:59.180,POST,/desembolsos,201,246.9,113.5,,1f42953b-1c44-497d-88dc-ea5536844088,1,60
2026-09-24T05:21:59.264,POST,/desembolsos,201,232.0,114.9,,36b2c53e-790a-471d-8c1d-60c96117a87c,1,60
2026-09-24T05:21:59.397,POST,/desembolsos,201,263.7,145.4,,a465a09a-04df-4799-9e9c-7f178d888dce,1,60
2026-09-24T05:21:59.489,POST,/desembolsos,201,273.2,154.2,,58b38e5d-75ca-4c84-8c75-d6d342241a87,1,60
2026-09-24T05:21:59.589,POST,/desembolsos,201,250.5,132.6,,ea27ae7b-7ec6-43d9-8388-75637e01d06a,1,60
2026-09-24T05:21:59.720,POST,/desembolsos,201,230.2,111.6,,11357c5f-522d-4d3c-82c7-d3f7f0cc72c4,1,60
2026-09-24T05:21:59.803,POST,/desembolsos,201,243.9,117.2,,5a1b3868-aaea-438e-8e07-09d5bcc9c0c9,1,60
2026-09-24T05:21:59.902,POST,/desembolsos,201,239.3,117.2,,235c564b-60ba-424b-a9f3-07e273a514c5,1,60
2026-09-24T05:22:00.000,POST,/desembolsos,201,248.8,129.1,,215b785e-4df5-4f74-8797-5808349f7203,1,60
2026-09-24T05:22:00.095,POST,/desembolsos,201,246.5,126.9,,20b514d6-89ff-4d0b-bbe6-f301f41fac4b,1,60
2026-09-24T05:22:00.188,POST,/desembolsos,201,255.0,136.4,,288cd8f8-a904-47ad-89c0-22a4c5fa1f11,1,60
2026-09-24T05:22:00.305,POST,/desembolsos,201,234.1,116.8,,c9eed44d-1cc1-4138-8782-d3074aa2f04c,1,60
2026-09-24T05:22:00.397,POST,/desembolsos,201,236.4,113.7,,5cab35b0-a79b-46ea-a671-ff64ee468ad2,1,60
2026-09-24T05:22:00.497,POST,/desembolsos,201,242.0,119.6,,b4146dea-9e50-42b7-83b4-a0e2abbe99bb,1,60
2026-09-24T05:22:00.597,POST,/desembolsos,201,235.5,111.7,,e1fda788-05bf-4015-97a8-56af17ed85dd,1,60
2026-09-24T05:22:00.703,POST,/desembolsos,201,237.2,118.0,,d7314fe7-e0b6-4bc9-a37e-303db243fb28,1,60
2026-09-24T05:22:00.792,POST,/desembolsos,201,235.2,113.3,,34263777-8d7d-4d22-9220-46bcaa9a8965,1,60
2026-09-24T05:22:00.891,POST,/desembolsos,201,233.5,114.0,,d39b428a-733d-4fd0-9a15-4e63b688acb8,1,60
2026-09-24T05:22:00.987,POST,/desembolsos,201,237.2,114.1,,1241a9f4-51c9-44c8-9aba-a3a48f617122,1,60
2026-09-24T05:22:01.101,POST,/desembolsos,201,247.5,123.8,,38333137-49dc-4a00-b139-cca24255eb60,1,60
2026-09-24T05:22:01.188,POST,/desembolsos,201,238.2,111.8,,b5007779-60d5-4252-9625-345e29588be9,1,60
2026-09-24T05:22:01.297,POST,/desembolsos,201,242.6,116.8,,41b2e81f-e108-4b2e-9945-d0407c785b38,1,60
2026-09-24T05:22:01.405,POST,/desembolsos,201,235.7,112.7,,359c3adf-5e7a-4f42-9f10-36dd76db58a3,1,60
2026-09-24T05:22:01.497,POST,/desembolsos,201,229.3,111.8,,0b8d3c66-36b9-4168-b3e1-5cc3b52bd3af,1,60
2026-09-24T05:22:01.589,POST,/desembolsos,201,234.0,115.1,,c166b3c4-7597-479b-9c88-e291e460b3cf,1,60
2026-09-24T05:22:01.703,POST,/desembolsos,201,231.7,113.1,,80f52047-cf1d-4fcf-938c-3f55c997c508,1,60
2026-09-24T05:22:01.794,POST,/desembolsos,201,238.2,114.5,,08060272-cbec-487c-a8b6-a703acaa58ca,1,60
2026-09-24T05:22:01.908,POST,/desembolsos,201,237.4,113.2,,982c2115-4159-4c1c-921f-6c93fd34b693,1,60
2026-09-24T05:22:01.990,POST,/desembolsos,201,230.0,113.0,,8d4885be-d13d-4e84-9b10-0c3b31e5505c,1,60
2026-09-24T05:22:02.091,POST,/desembolsos,201,228.4,111.8,,81564526-d889-4020-b6d1-67d681196741,1,60
2026-09-24T05:22:02.189,POST,/desembolsos,201,238.6,115.6,,e7ad3914-8441-47d2-8125-190906c61b1b,1,60
2026-09-24T05:22:02.289,POST,/desembolsos,201,233.2,111.4,,8e8d0073-8f73-471b-9eb4-b8044df32876,1,60
2026-09-24T05:22:02.389,POST,/desembolsos,201,249.0,125.3,,21571035-1ded-48ea-96e2-fbb1c9253aee,1,60
2026-09-24T05:22:02.489,POST,/desembolsos,201,241.3,113.0,,78feb39d-3358-4a5f-9eab-b26b21c0c0e9,1,60
2026-09-24T05:22:02.572,POST,/desembolsos,201,252.0,128.4,,16263ec1-5437-4c9d-83f6-d4d120ed80f0,1,60
2026-09-24T05:22:02.700,POST,/desembolsos,201,247.1,124.3,,c100f536-627a-48b1-a0e0-4066e838dfd4,1,60
2026-09-24T05:22:02.798,POST,/desembolsos,201,259.9,133.9,,739ef0a0-f3d9-4095-bd62-ae3eb845b0f2,1,60
2026-09-24T05:22:02.894,POST,/desembolsos,201,234.2,111.1,,9ebd7594-734c-498a-bfef-acc7a00424d7,1,60
2026-09-24T05:22:02.977,POST,/desembolsos,201,243.3,121.8,,593e00b5-681b-4241-a71c-19b2bc9f15d3,1,60
2026-09-24T05:22:03.093,POST,/desembolsos,201,242.3,118.9,,e3eee5e0-c116-4df7-99fc-e0be69091b1f,1,60
2026-09-24T05:22:03.197,POST,/desembolsos,201,236.4,119.7,,98fd3feb-28a2-46db-a170-dcaab200e94f,1,60
2026-09-24T05:22:03.280,POST,/desembolsos,201,239.1,116.5,,f5d37a6e-95fd-402a-9bf4-d38cfa9beb77,1,60
2026-09-24T05:22:03.389,POST,/desembolsos,201,245.1,126.9,,adbc8152-f954-4232-a2a5-fd38509c68fb,1,60
2026-09-24T05:22:03.481,POST,/desembolsos,201,237.6,112.1,,67151e22-611a-4f5c-843a-f50f8dc72f08,1,60
2026-09-24T05:22:03.589,POST,/desembolsos,201,239.2,120.0,,412a93a2-9e84-4d6f-99af-4d7cee3d8ef7,1,60
2026-09-24T05:22:03.703,POST,/desembolsos,201,250.3,113.8,,066bbd47-efb1-49bc-a46a-7ace8414bbd3,1,60
2026-09-24T05:22:03.797,POST,/desembolsos,201,239.7,115.0,,ee633a24-3df7-4e64-a8f4-648c085326dd,1,60
2026-09-24T05:22:03.896,POST,/desembolsos,201,245.8,114.3,,2cf496a8-807a-4709-ad41-00ce1841fdc7,1,60
2026-09-24T05:22:03.993,POST,/desembolsos,201,264.9,142.9,,6e655be0-2134-47b1-b844-36cd1a0bffd5,1,60
2026-09-24T05:22:04.093,POST,/desembolsos,201,227.1,110.8,,0c601cb6-6a14-4525-8ecd-ad9a3bb24173,1,60
2026-09-24T05:22:04.203,POST,/desembolsos,201,237.2,117.0,,6d8a9349-9327-4142-9098-133cf2b62db4,1,60
2026-09-24T05:22:04.305,POST,/desembolsos,201,235.7,113.7,,8561561d-ac57-476c-b521-2e61a09a42ca,1,60
2026-09-24T05:22:04.386,POST,/desembolsos,201,227.6,111.7,,4705c71d-bde4-4976-a5af-8d6776785e89,1,60
2026-09-24T05:22:04.497,POST,/desembolsos,201,235.4,113.1,,3edc2068-d101-4ef0-94e9-cea20da1ac23,1,60
2026-09-24T05:22:04.594,POST,/desembolsos,201,234.5,115.6,,d2677e12-e1dc-49c1-b4a3-c7fb98728ccc,1,60
2026-09-24T05:22:04.696,POST,/desembolsos,201,249.8,119.8,,314cf059-066b-4c00-8b05-2054055206e4,1,60
2026-09-24T05:22:04.804,POST,/desembolsos,201,251.6,115.7,,e568a127-4676-4ec6-b1e9-b1fb7843ccfb,1,60
2026-09-24T05:22:04.893,POST,/desembolsos,201,246.3,122.2,,875c0679-1b83-4919-9397-01492cae76b9,1,60
2026-09-24T05:22:05.000,POST,/desembolsos,201,248.6,113.9,,7982945e-af31-4002-80e2-57aa3cb74742,1,60
2026-09-24T05:22:05.096,POST,/desembolsos,201,273.0,146.0,,708ba6d1-41ff-4158-a6cc-ef6c22d2c784,1,60
2026-09-24T05:22:05.188,POST,/desembolsos,201,246.2,120.9,,ee9165ab-df36-404c-b4e4-40d970a71fbb,1,60
2026-09-24T05:22:05.280,POST,/desembolsos,201,237.8,115.0,,f16843f0-b4a3-43c9-b8d7-6c7c98c7ac55,1,60
2026-09-24T05:22:05.364,POST,/desembolsos,201,236.8,114.3,,7a612bc9-baf3-4d6a-b4c9-47ad15c645d0,1,60
2026-09-24T05:22:05.480,POST,/desembolsos,201,267.7,116.1,,a6811939-9872-43d6-9d7b-f6bfa23b1375,1,60
2026-09-24T05:22:05.597,POST,/desembolsos,201,233.7,116.2,,a1ac9689-1a35-473c-9857-f078e6d3ed9f,1,60
2026-09-24T05:22:05.698,POST,/desembolsos,201,232.6,113.2,,5197f3b0-bf8f-49ba-b5dd-daac4a699d96,1,60
2026-09-24T05:22:05.801,POST,/desembolsos,201,245.9,118.0,,74c0ae54-10e4-4aba-8631-85286147ca7d,1,60
2026-09-24T05:22:05.883,POST,/desembolsos,201,234.4,113.3,,e26dec46-55c2-461d-ad35-a9593516c3f1,1,60
2026-09-24T05:22:05.995,POST,/desembolsos,201,237.0,117.1,,dff161ae-47b2-46a7-959f-175e18072fdb,1,60
2026-09-24T05:22:06.108,POST,/desembolsos,201,245.4,115.0,,7d4bcbe4-e240-429d-ba0e-5777b7a33ddf,1,60
2026-09-24T05:22:06.197,POST,/desembolsos,201,270.8,143.8,,5e950b96-e165-439a-b008-bdb5841dbb1e,1,60
2026-09-24T05:22:06.297,POST,/desembolsos,201,246.2,114.2,,ad78a124-c697-4a99-9535-d83deb35ee16,1,60
2026-09-24T05:22:06.405,POST,/desembolsos,201,243.2,114.2,,5e12ee73-715a-44ce-b0d5-d418b0a5ce02,1,60
2026-09-24T05:22:06.488,POST,/desembolsos,201,233.3,115.6,,de921deb-e9df-499f-a9ce-c11c84380736,1,60
2026-09-24T05:22:06.580,POST,/desembolsos,201,236.2,114.5,,77edccc7-40a3-4b3b-8d34-201f4f99a908,1,60
2026-09-24T05:22:06.694,POST,/desembolsos,201,282.3,115.0,,8373b432-2de5-49e3-810c-487e1409ef88,1,60
2026-09-24T05:22:06.795,POST,/desembolsos,201,230.0,112.7,,3b24cb3c-985b-45b4-90c1-00215bbc8bc8,1,60
2026-09-24T05:22:06.894,POST,/desembolsos,201,245.5,120.6,,9ebd8cc0-5b40-4a14-a012-6735370dcac5,1,60
2026-09-24T05:22:06.977,POST,/desembolsos,201,236.0,116.2,,4388af25-9bdd-4b4a-8bbc-346e52e1b0b0,1,60
2026-09-24T05:22:07.082,POST,/desembolsos,201,232.1,114.2,,5f8bba1b-0a4d-420a-954c-0d1f8ee2d331,1,60
2026-09-24T05:22:07.189,POST,/desembolsos,201,232.3,112.6,,ccc99346-27f5-4cb5-bef6-625a93db7a37,1,60
2026-09-24T05:22:07.289,POST,/desembolsos,201,261.0,123.8,,2d6a22b2-420e-4df0-bf04-38d280f3faba,1,60
2026-09-24T05:22:07.389,POST,/desembolsos,201,227.6,110.9,,876e2a81-1df9-44fc-82e4-056c0f7541fb,1,60
2026-09-24T05:22:07.489,POST,/desembolsos,201,234.9,112.3,,5078c763-05ef-43f3-b859-0af5760f414d,1,60
2026-09-24T05:22:07.589,POST,/desembolsos,201,239.6,114.1,,9427e6c9-61b4-4087-b6e6-413040b78146,1,60
2026-09-24T05:22:07.679,POST,/desembolsos,201,234.4,111.5,,92439311-0968-4b4b-b7bf-d93a6ab4a914,1,60
2026-09-24T05:22:07.785,POST,/desembolsos,201,241.8,117.1,,b57deff4-ac33-4cd4-a2a5-6927adaded81,1,60
2026-09-24T05:22:07.888,POST,/desembolsos,201,246.1,124.4,,a0b5fc83-58b3-4f8a-a3f0-b64a6d138c4f,1,60
2026-09-24T05:22:08.001,POST,/desembolsos,201,228.1,112.0,,c1f97964-4853-447b-8d0f-6726809f9268,1,60
2026-09-24T05:22:08.096,POST,/desembolsos,201,253.7,130.6,,e093bf6d-f544-4a7c-9abd-eae599b78508,1,60
2026-09-24T05:22:08.181,POST,/desembolsos,201,232.4,112.8,,5434e390-a426-48b8-af42-507918fe2b19,1,60
2026-09-24T05:22:08.289,POST,/desembolsos,201,232.7,110.7,,07741e97-9256-4e54-a1e6-81cd7230a71a,1,60
2026-09-24T05:22:08.403,POST,/desembolsos,201,242.8,122.7,,e6b5bda0-6396-41a1-9b1d-4b3fb5fed33e,1,60
2026-09-24T05:22:08.505,POST,/desembolsos,201,250.0,125.8,,691250cc-5b60-407f-bb44-2f994609ea22,1,60
2026-09-24T05:22:08.572,POST,/desembolsos,201,252.8,111.2,,4244a26e-6978-4e79-84fa-d5b531d05db1,1,60
2026-09-24T05:22:08.682,POST,/desembolsos,201,285.0,132.3,,3a1eefb4-a174-4bc2-ae70-df15c597e9c5,1,60
2026-09-24T05:22:08.785,POST,/desembolsos,201,230.7,113.2,,c73b1e5f-008a-45ff-97b1-d6d1bd3bef84,1,60
2026-09-24T05:22:08.883,POST,/desembolsos,201,232.4,115.2,,61da3ea0-09ca-49b7-9f89-b24ec0c06cdd,1,60
2026-09-24T05:22:08.989,POST,/desembolsos,201,237.0,118.1,,41b91bae-8669-4539-8f7a-c53cbec3e2e6,1,60
2026-09-24T05:22:09.097,POST,/desembolsos,201,239.1,115.2,,220336f9-d47b-42f0-8ee9-f2361bf19f91,1,60
2026-09-24T05:22:09.189,POST,/desembolsos,201,230.7,111.8,,d8c61d1a-d77f-4bdd-b24f-8e9a553f35cc,1,60
2026-09-24T05:22:09.289,POST,/desembolsos,201,246.3,114.0,,58783d3b-bcb4-4b01-8045-9abcebcdb306,1,60
2026-09-24T05:22:09.401,POST,/desembolsos,201,251.9,119.8,,030ac527-9c83-44d4-a60d-972ddcd1a136,1,60
2026-09-24T05:22:09.472,POST,/desembolsos,201,238.9,118.1,,e231967f-0a88-457c-a547-f97c73195821,1,60
2026-09-24T05:22:09.589,POST,/desembolsos,201,295.9,111.5,,c7680fd0-e76d-487b-891e-e0d8fbb6753f,1,60
2026-09-24T05:22:09.691,POST,/desembolsos,201,235.4,113.6,,83734054-23f6-4c1a-9fa6-48ef24c6e529,1,60
2026-09-24T05:22:09.779,POST,/desembolsos,201,230.4,111.9,,5f73d72c-7d53-4783-8a43-6823ccb6ec76,1,60
2026-09-24T05:22:09.878,POST,/desembolsos,201,238.9,116.6,,1209be6d-efdd-4a50-a7ca-4c07efee489d,1,60
2026-09-24T05:22:09.992,POST,/desembolsos,201,239.6,116.6,,a5b1d609-524c-423f-8e0b-e77a4e0a0f58,1,60
2026-09-24T05:22:10.089,POST,/desembolsos,201,235.7,114.1,,496c4baf-3b1a-4ff5-966c-da47c068d9ca,1,60
2026-09-24T05:22:10.181,POST,/desembolsos,201,235.8,113.6,,6ec868b7-a6af-461c-952d-aa9622a5d271,1,60
2026-09-24T05:22:10.281,POST,/desembolsos,201,235.5,117.4,,6567698f-ac4d-47f6-874a-5f62621c08b3,1,60
2026-09-24T05:22:10.389,POST,/desembolsos,201,235.5,119.0,,32c24043-9d4b-423c-867f-8c82ead5d9f3,1,60
2026-09-24T05:22:10.489,POST,/desembolsos,201,230.9,112.5,,8aec97bc-9e73-4077-9e88-3cd3a43dc143,1,60
2026-09-24T05:22:10.589,POST,/desembolsos,201,248.8,123.6,,923229d5-3fa4-41b1-a774-2bc3dbcb5bbc,1,60
2026-09-24T05:22:10.697,POST,/desembolsos,201,233.7,114.1,,2b898895-56e4-4378-a0f8-3d5cf4547402,1,60
2026-09-24T05:22:10.779,POST,/desembolsos,201,275.6,116.8,,0a84296e-6313-4d07-bd27-a070a17185f4,1,60
2026-09-24T05:22:10.892,POST,/desembolsos,201,278.8,152.2,,15ad4267-dac1-4deb-aa1b-aa80153678bf,1,60
2026-09-24T05:22:11.008,POST,/desembolsos,201,227.2,109.9,,5b3bcd0b-af6b-4dcb-bd17-48be9f3fdb9b,1,60
2026-09-24T05:22:11.105,POST,/desembolsos,201,239.2,113.3,,d32181fe-27fa-4d46-922b-17201daccc31,1,60
2026-09-24T05:22:11.197,POST,/desembolsos,201,250.1,125.3,,362f34a7-4afc-4413-ace7-6d5b17f90123,1,60
2026-09-24T05:22:11.289,POST,/desembolsos,201,245.4,124.7,,606be496-624f-4543-8d64-7e200ba0fc5b,1,60
2026-09-24T05:22:11.398,POST,/desembolsos,201,231.5,113.4,,34a9109c-1045-46a6-95cb-b8ac460b9c9d,1,60
2026-09-24T05:22:11.473,POST,/desembolsos,201,275.2,145.5,,e71cba14-b77b-442e-a0e2-3a9940432f91,1,60
2026-09-24T05:22:11.589,POST,/desembolsos,201,253.6,133.2,,0165b3f5-0f3c-4b82-ace9-7c214083274d,1,60
2026-09-24T05:22:11.699,POST,/desembolsos,201,238.3,115.2,,c04efdec-86b2-44e7-b592-f3a87529bdb6,1,60
2026-09-24T05:22:11.789,POST,/desembolsos,201,249.2,127.8,,bc120d8a-f23e-4927-9b52-3efb42f55dbb,1,60
2026-09-24T05:22:11.887,POST,/desembolsos,201,263.7,114.9,,d7bc8bc7-b553-48b4-a120-c28692f1f867,1,60
2026-09-24T05:22:12.001,POST,/desembolsos,201,268.3,149.6,,cdd71cfb-d5c3-47bf-86df-ec77d268005c,1,60
2026-09-24T05:22:12.101,POST,/desembolsos,201,231.9,113.9,,199d3687-06c4-4efd-b7c0-ca9e58668e16,1,60
2026-09-24T05:22:12.189,POST,/desembolsos,201,246.8,124.6,,ffe5b66b-2242-4353-8a38-4a9218d1a0e4,1,60
2026-09-24T05:22:12.298,POST,/desembolsos,201,234.9,115.6,,d6ecc776-7a02-426b-aa36-50fff16fcd6b,1,60
2026-09-24T05:22:12.406,POST,/desembolsos,201,246.2,112.2,,65a4d1ee-1f98-4d51-8b5f-4881510bf195,1,60
2026-09-24T05:22:12.489,POST,/desembolsos,201,283.2,163.0,,6751d949-a978-4d7e-82f3-243732f6b54c,1,60
2026-09-24T05:22:12.590,POST,/desembolsos,201,239.2,113.3,,f60ed43f-8c66-43ac-85e6-cffab19651a1,1,60
2026-09-24T05:22:12.691,POST,/desembolsos,201,231.8,111.5,,7e73b160-0e94-43ad-8866-ee1130ddfa57,1,60
2026-09-24T05:22:12.793,POST,/desembolsos,201,237.3,113.0,,7b965c12-7447-47dc-8f05-90b1f67a0b48,1,60
2026-09-24T05:22:12.905,POST,/desembolsos,201,239.3,118.4,,a14f99a5-d3b2-4635-816e-8a2d962766ce,1,60
2026-09-24T05:22:13.003,POST,/desembolsos,201,238.4,114.3,,18de3b8b-e820-48cf-80da-15b39825c5f5,1,60
2026-09-24T05:22:13.102,POST,/desembolsos,201,234.6,112.4,,bb2bb335-1d6b-4f99-985b-1c6dccea1bc4,1,60
2026-09-24T05:22:13.202,POST,/desembolsos,201,241.8,112.9,,307b6af0-14a9-4be7-858c-a9427a18ef8a,1,60
2026-09-24T05:22:13.298,POST,/desembolsos,201,229.4,111.1,,144250ef-b0b1-4aa4-8199-e68d11834d1f,1,60
2026-09-24T05:22:13.404,POST,/desembolsos,201,263.1,113.8,,48fc5bd0-cab7-4a43-a4a8-b000aafe3538,1,60
2026-09-24T05:22:13.502,POST,/desembolsos,201,232.2,112.6,,056541bb-62f7-4b17-bce3-ef4eac6855de,1,60
2026-09-24T05:22:13.583,POST,/desembolsos,201,255.5,133.8,,5b941bd9-be33-4e6a-a98e-7403ca4f21b2,1,60
2026-09-24T05:22:13.667,POST,/desembolsos,201,233.3,112.6,,3a4066b9-2ba0-4ad5-b683-cd5c146830c7,1,60
2026-09-24T05:22:13.779,POST,/desembolsos,201,235.3,117.9,,438b655b-1a58-44d9-ab0b-436c5df6a22f,1,60
2026-09-24T05:22:13.888,POST,/desembolsos,201,234.9,110.1,,9332bd6c-2a25-4ba7-8c5b-6baabd913032,1,60
2026-09-24T05:22:13.987,POST,/desembolsos,201,234.1,113.4,,a716d4ba-69c7-465f-83b0-0a99ccf70e5d,1,60
2026-09-24T05:22:14.085,POST,/desembolsos,201,232.5,112.3,,86793663-5342-4364-ac56-71d86a6cfbc5,1,60
2026-09-24T05:22:14.181,POST,/desembolsos,201,229.0,113.0,,8f61139d-e162-40af-82ba-e80e97b16c6c,1,60
2026-09-24T05:22:14.290,POST,/desembolsos,201,233.5,110.7,,b3520b07-a6ca-43e0-8f19-6360f9b24c8f,1,60
2026-09-24T05:22:14.382,POST,/desembolsos,201,245.1,117.6,,797e14c3-b7bf-44b4-8903-c49c2c341150,1,60
2026-09-24T05:22:14.490,POST,/desembolsos,201,236.0,113.6,,5df9f9d2-eab1-43a5-8bf1-9c4da1216320,1,60
2026-09-24T05:22:14.590,POST,/desembolsos,201,237.7,112.6,,fb09b072-f6b6-43e4-af80-46c4365355d0,1,60
2026-09-24T05:22:14.697,POST,/desembolsos,201,249.2,121.5,,ecebcc35-474a-4a0c-991e-12b7265e1d6e,1,60
2026-09-24T05:22:14.795,POST,/desembolsos,201,244.4,126.1,,334c9c61-6efd-4fb7-9452-b3a843102224,1,60
2026-09-24T05:22:14.906,POST,/desembolsos,201,236.6,114.8,,d007d608-5d10-45d6-af11-0fe10e208a49,1,60
2026-09-24T05:22:14.993,POST,/desembolsos,201,244.8,113.0,,b738e193-7999-45f6-9e84-510319b0c638,1,60
2026-09-24T05:22:15.087,POST,/desembolsos,201,229.3,111.8,,e8f663d6-04e0-4dd4-ba8c-d3e15a0e090b,1,60
2026-09-24T05:22:15.198,POST,/desembolsos,201,232.9,113.2,,784bc1ee-9f2d-451a-a374-d163b4eaa22e,1,60
2026-09-24T05:22:15.298,POST,/desembolsos,201,235.6,112.8,,a3d51de5-ec66-47ae-be3e-7dfa07900ff9,1,60
2026-09-24T05:22:15.398,POST,/desembolsos,201,244.2,127.2,,749f916f-e1b4-4ed4-a47c-0059f9533946,1,60
2026-09-24T05:22:15.498,POST,/desembolsos,201,258.0,135.2,,f0fded04-c267-4249-9287-1f86313f09ea,1,60
2026-09-24T05:22:15.581,POST,/desembolsos,201,249.8,124.9,,3e54e0ec-02cc-4289-b55f-1fd9ec6782d8,1,60
2026-09-24T05:22:15.705,POST,/desembolsos,201,237.9,112.3,,9c1a620b-3b57-4a0e-a313-9077dd7a1ad6,1,60
2026-09-24T05:22:15.803,POST,/desembolsos,201,239.3,120.0,,52a4e520-df95-4e99-b94d-51132a7aede0,1,60
2026-09-24T05:22:15.902,POST,/desembolsos,201,236.1,116.1,,925bf617-7fcb-4525-97ec-a566b3312060,1,60
2026-09-24T05:22:15.998,POST,/desembolsos,201,234.0,111.1,,a281d737-3047-492a-a756-5c1173bebea0,1,60
2026-09-24T05:22:16.097,POST,/desembolsos,201,254.7,135.3,,50946d96-a6fe-46e6-91b9-2148b20e7d29,1,60
2026-09-24T05:22:16.189,POST,/desembolsos,201,246.5,118.4,,60ddb01c-5d06-469b-82d4-ecd57b111061,1,60
2026-09-24T05:22:16.290,POST,/desembolsos,201,226.7,109.6,,533a22d2-9113-4d41-be7d-493e7effcdc0,1,60
2026-09-24T05:22:16.398,POST,/desembolsos,201,238.3,118.4,,a739e2d4-80b7-4cbd-8a0b-e057429ea245,1,60
2026-09-24T05:22:16.490,POST,/desembolsos,201,248.2,127.7,,994a70dc-dfac-408a-abed-231172ff6fc3,1,60
2026-09-24T05:22:16.581,POST,/desembolsos,201,240.0,120.8,,2d7cd67d-ebd2-4988-8811-cdb2c2c4ff12,1,60
2026-09-24T05:22:16.683,POST,/desembolsos,201,252.1,132.0,,60379902-8bfe-4c45-8e13-6ebfc88a98a1,1,60
2026-09-24T05:22:16.788,POST,/desembolsos,201,252.4,133.1,,953e8a61-be01-4f55-a324-23c2c5ee5770,1,60
2026-09-24T05:22:16.885,POST,/desembolsos,201,228.7,110.5,,284e5fbb-5bd8-4080-bb5c-21fd1312e854,1,60
2026-09-24T05:22:16.994,POST,/desembolsos,201,237.1,119.0,,6a5eddad-1ee8-4a72-b118-bce874c46dfc,1,60
2026-09-24T05:22:17.087,POST,/desembolsos,201,257.7,135.0,,c6ad5578-74a7-4552-a8a5-10fcdeb71da5,1,60
2026-09-24T05:22:17.198,POST,/desembolsos,201,252.2,133.4,,6c319fee-12ea-4f5c-b464-33dbf06fce7f,1,60
2026-09-24T05:22:17.290,POST,/desembolsos,201,238.5,112.9,,bf9aee46-a7b7-45c1-b899-cee822543946,1,60
2026-09-24T05:22:17.390,POST,/desembolsos,201,258.1,124.8,,03551e1f-96b0-4935-b897-5762107a6180,1,60
2026-09-24T05:22:17.490,POST,/desembolsos,201,237.3,114.1,,0dc928f9-3796-454a-a762-520f1c984d6c,1,60
2026-09-24T05:22:17.590,POST,/desembolsos,201,237.6,114.8,,325ec807-22dd-4ee1-af6b-6675243326e4,1,60
2026-09-24T05:22:17.688,POST,/desembolsos,201,231.3,113.2,,d284a981-275e-4c4e-b85b-43f23794569b,1,60
2026-09-24T05:22:17.785,POST,/desembolsos,201,237.6,112.9,,1754c4cb-7aae-4255-b38f-07632b0333eb,1,60
2026-09-24T05:22:17.899,POST,/desembolsos,201,238.4,117.7,,da5ecc6f-5434-45ca-a35e-347d9ccace63,1,60
2026-09-24T05:22:17.994,POST,/desembolsos,201,255.1,132.1,,65a1b64c-1094-4fba-ba0e-dfe55d69f4e2,1,60
2026-09-24T05:22:18.089,POST,/desembolsos,201,267.0,145.2,,a3e2b7c5-e5d4-4b46-8131-c49ff69ecafd,1,60
2026-09-24T05:22:18.190,POST,/desembolsos,201,248.9,124.4,,d030a952-e939-4be9-bc73-ba94c32011b5,1,60
2026-09-24T05:22:18.290,POST,/desembolsos,201,232.2,113.2,,e34994d9-b0f0-4628-9021-53a57b06cc6c,1,60
2026-09-24T05:22:18.398,POST,/desembolsos,201,238.7,111.8,,e24f86f4-f47d-4230-8592-09e3281f75e6,1,60
2026-09-24T05:22:18.489,POST,/desembolsos,201,234.7,116.4,,685dec9c-67ba-4a80-8023-788855fb583a,1,60
2026-09-24T05:22:18.590,POST,/desembolsos,201,233.9,112.2,,be0b1a65-95eb-41b0-a02f-8373d5674a12,1,60
2026-09-24T05:22:18.684,POST,/desembolsos,201,238.2,118.9,,5ed93c7f-98d1-4e60-8b44-24344da1bee8,1,60
2026-09-24T05:22:18.802,POST,/desembolsos,201,235.7,114.0,,35a50845-6b5b-46c6-8dd4-a497f6de69f1,1,60
2026-09-24T05:22:18.885,POST,/desembolsos,201,237.8,116.1,,f5d0eb66-feac-4ff5-b65c-96046d007048,1,60
2026-09-24T05:22:18.984,POST,/desembolsos,201,227.8,112.0,,eaf3803e-74fa-43ad-8ba3-86cd9e6e8d87,1,60
2026-09-24T05:22:19.082,POST,/desembolsos,201,250.4,117.6,,de617460-3f0f-4890-885f-90ca4c4c3ad3,1,60
2026-09-24T05:22:19.189,POST,/desembolsos,201,244.0,117.4,,3076e240-ead5-4096-8030-3edb897e71ba,1,60
2026-09-24T05:22:19.306,POST,/desembolsos,201,251.4,127.4,,1d96ea0a-239e-4937-bae4-fb50d0ed1512,1,60
2026-09-24T05:22:19.398,POST,/desembolsos,201,268.6,142.6,,22486128-7233-4caf-877a-e22028cb28a1,1,60
2026-09-24T05:22:19.489,POST,/desembolsos,201,237.6,115.6,,9b7e0c00-bec8-49e3-9e0d-f31ff0fa2e64,1,60
2026-09-24T05:22:19.582,POST,/desembolsos,201,235.6,109.6,,fff510f3-c1f9-4eb9-8a67-bcaa58101402,1,60
2026-09-24T05:22:19.690,POST,/desembolsos,201,239.9,115.3,,384a5335-3452-43bc-a2a6-a4bb7d0d8828,1,60
2026-09-24T05:22:19.788,POST,/desembolsos,201,246.1,124.3,,dc032d3e-1c75-4d2e-a61b-ef8025c82389,1,60
2026-09-24T05:22:19.897,POST,/desembolsos,201,268.1,110.7,,6c61ac56-7ccc-4378-99f5-479d1d42ae4e,1,60
2026-09-24T05:22:19.987,POST,/desembolsos,201,243.6,114.9,,64ea2838-5e52-4889-9dba-a3b95ae94b08,1,60
2026-09-24T05:22:20.101,POST,/desembolsos,201,230.3,112.2,,b36c76b1-c614-47db-a705-d7d3f14ab786,1,60
2026-09-24T05:22:20.165,POST,/desembolsos,201,245.8,110.4,,fe58e2d6-bc9d-437d-8fca-3154ae162e82,1,60
2026-09-24T05:22:20.275,POST,/desembolsos,201,251.3,127.4,,16a9a7d4-7b79-411b-810c-de988a133a30,1,60
2026-09-24T05:22:20.397,POST,/desembolsos,201,254.1,129.2,,b05a6678-1f20-421d-99b6-7b79f78e7020,1,60
2026-09-24T05:22:20.478,POST,/desembolsos,201,266.5,114.9,,ce905137-ea2f-499b-a033-65a11d566cf7,1,60
2026-09-24T05:22:20.590,POST,/desembolsos,201,233.2,113.1,,66fb8c70-2424-454b-983c-c9296c610597,1,60
2026-09-24T05:22:20.697,POST,/desembolsos,201,238.8,117.0,,71a4bed5-b65a-472d-a078-326db4237e78,1,60
2026-09-24T05:22:20.810,POST,/desembolsos,201,230.4,110.6,,c9d17a98-c0fc-4120-8c24-f57a8fe61174,1,60
2026-09-24T05:22:20.890,POST,/desembolsos,201,244.0,117.5,,5e1317b2-4504-4b8b-91dc-f6b8f3c0f52f,1,60
2026-09-24T05:22:21.001,POST,/desembolsos,201,244.2,124.4,,7ea90fbe-ffd2-4dde-b982-25c0c5ce7204,1,60
2026-09-24T05:22:21.075,POST,/desembolsos,201,234.0,113.5,,19a76fda-37c8-4bc6-9b1f-6bef06fdba19,1,60
2026-09-24T05:22:21.188,POST,/desembolsos,201,237.6,111.6,,d0318a40-c18f-4f12-af9c-5a9df39998b2,1,60
2026-09-24T05:22:21.286,POST,/desembolsos,201,243.2,113.6,,ebd8bd43-c93a-4583-9747-7470327a61c4,1,60
2026-09-24T05:22:21.390,POST,/desembolsos,201,247.5,128.4,,7682096d-762f-4eed-ae44-0dfda680a560,1,60
2026-09-24T05:22:21.490,POST,/desembolsos,201,259.0,137.1,,6000e93a-1264-43ef-ae2f-cd9266478f86,1,60
2026-09-24T05:22:21.581,POST,/desembolsos,201,242.9,114.6,,95afec42-5c10-4eb1-b84d-f2b0d47bb35a,1,60
2026-09-24T05:22:21.683,POST,/desembolsos,201,237.8,113.3,,d0dccfd9-beaa-4ffe-8217-d4fd7fcb5932,1,60
2026-09-24T05:22:21.781,POST,/desembolsos,201,243.4,119.1,,6b05d4da-37cc-4446-b3a5-6d05cb6ddff8,1,60
2026-09-24T05:22:21.895,POST,/desembolsos,201,268.3,127.4,,b56af4d2-e2e9-453e-9739-70514d96a1ba,1,60
2026-09-24T05:22:21.998,POST,/desembolsos,201,278.5,116.5,,14666d37-89aa-4b77-8bbf-79e5626bad84,1,60
2026-09-24T05:22:22.096,POST,/desembolsos,201,235.1,111.7,,a3e3204c-c47d-4efa-88cb-6cf1186280b0,1,60
2026-09-24T05:22:22.189,POST,/desembolsos,201,241.8,114.8,,7f655b09-66ec-4e55-99e8-3dc3a833a8f9,1,60
2026-09-24T05:22:22.274,POST,/desembolsos,201,242.4,114.0,,3d91030e-ad13-4129-86b3-9fb7d3fe632e,1,60
2026-09-24T05:22:22.389,POST,/desembolsos,201,227.3,110.9,,c18e89c2-29d1-4869-8dc1-7d7f960a2ea9,1,60
2026-09-24T05:22:22.489,POST,/desembolsos,201,265.2,113.0,,aa58626c-d5d5-48b2-aef7-60dfafd7e5b0,1,60
2026-09-24T05:22:22.598,POST,/desembolsos,201,278.2,157.0,,6d0cfd62-ea6d-4587-aa3e-6b4bbb897f25,1,60
2026-09-24T05:22:22.687,POST,/desembolsos,201,231.9,111.8,,2bfeb86d-e06c-4453-b873-6e4d00cdcc60,1,60
2026-09-24T05:22:22.798,POST,/desembolsos,201,233.6,111.1,,62a2ca7d-4a99-4310-b88e-f432fce2b09d,1,60
2026-09-24T05:22:22.875,POST,/desembolsos,201,231.9,112.7,,43eb5b58-a1b2-4a64-a539-eb305063c547,1,60
2026-09-24T05:22:22.987,POST,/desembolsos,201,234.0,110.9,,6494c5e3-e4a1-47f2-a8d2-d5720c75d614,1,60
2026-09-24T05:22:23.093,POST,/desembolsos,201,233.2,112.7,,f54027e0-372a-4298-b6fb-27e7b57f4ba8,1,60
2026-09-24T05:22:23.198,POST,/desembolsos,201,235.5,112.4,,39b32b1f-2fac-4e94-a6cf-76b744d48080,1,60
2026-09-24T05:22:23.298,POST,/desembolsos,201,255.5,135.2,,d44ac781-21d5-454d-a853-79ccb1b9c1fa,1,60
2026-09-24T05:22:23.398,POST,/desembolsos,201,261.8,142.4,,1cc58214-36d3-4ea7-959f-dcbd08f50b25,1,60
2026-09-24T05:22:23.493,POST,/desembolsos,201,234.8,113.3,,4c9d1c1e-e7d4-484b-98af-201eba7eeaff,1,60
2026-09-24T05:22:23.582,POST,/desembolsos,201,235.1,111.8,,3e3a79bf-2113-4674-9b8e-cadb10b0e253,1,60
2026-09-24T05:22:23.692,POST,/desembolsos,201,241.1,115.2,,f03e68bf-b8ea-49ca-a107-ccc61ddcbfbe,1,60
2026-09-24T05:22:23.797,POST,/desembolsos,201,239.2,116.8,,560d0fee-6f1a-4fc4-9cfe-1fc6b57d1183,1,60
2026-09-24T05:22:23.902,POST,/desembolsos,201,229.8,111.6,,3ff36b1e-6ea6-45fd-b3c5-d80f3a1f137a,1,60
2026-09-24T05:22:23.996,POST,/desembolsos,201,241.1,118.9,,9fc84ae6-9dc1-4f45-a3cc-7003c78a59b3,1,60
2026-09-24T05:22:24.093,POST,/desembolsos,201,240.0,118.1,,4ddfe96d-9b3b-459c-bcef-45a3a8c8cf43,1,60
2026-09-24T05:22:24.181,POST,/desembolsos,201,243.0,121.2,,905946f2-5690-4b79-8069-872601f43283,1,60
2026-09-24T05:22:24.289,POST,/desembolsos,201,276.5,126.6,,98f79230-9a88-4265-8f5e-7bac122b45de,1,60
2026-09-24T05:22:24.407,POST,/desembolsos,201,237.1,114.9,,ef17b7e9-4769-490d-9820-9d81609467f4,1,60
2026-09-24T05:22:24.490,POST,/desembolsos,201,241.9,111.2,,063b639f-787e-4599-b458-03e8586b2158,1,60
2026-09-24T05:22:24.598,POST,/desembolsos,201,242.5,120.6,,ec587114-c4d8-447b-a779-c92f9d142656,1,60
2026-09-24T05:22:24.705,POST,/desembolsos,201,248.4,126.9,,cd40dc0b-00bb-43ca-a949-2d3d885ede7c,1,60
2026-09-24T05:22:24.816,POST,/desembolsos,201,238.6,118.2,,578a0716-6145-4df0-9d34-7b819a92071e,1,60
2026-09-24T05:22:24.911,POST,/desembolsos,201,236.9,113.1,,efa52dd6-3411-4ecb-946e-a321e8ad4c2e,1,60
2026-09-24T05:22:24.987,POST,/desembolsos,201,274.2,112.5,,8b79bc18-ce92-4ffc-9ad0-c8570e9bcdd6,1,60
2026-09-24T05:22:25.083,POST,/desembolsos,201,242.1,119.0,,5b598f2d-358d-4d04-a411-7e3ddf98f989,1,60
2026-09-24T05:22:25.190,POST,/desembolsos,201,245.5,125.6,,a9850881-890e-42df-849b-069c4b41fcdb,1,60
2026-09-24T05:22:25.290,POST,/desembolsos,201,261.5,134.8,,686d2b11-5f27-44c3-b305-fc943cd7e357,1,60
2026-09-24T05:22:25.406,POST,/desembolsos,201,246.4,127.7,,0bf1080e-1e38-4277-b872-9091e5c5e43f,1,60
2026-09-24T05:22:25.507,POST,/desembolsos,201,242.5,116.1,,7ded7acd-0241-4d61-87cd-23698ccf2f03,1,60
2026-09-24T05:22:25.591,POST,/desembolsos,201,239.7,115.6,,d6f9b0d9-9da9-4d3e-b9eb-43a7bf9aac1a,1,60
2026-09-24T05:22:25.700,POST,/desembolsos,201,239.2,120.3,,6e031236-0b24-4878-910f-68a459f36320,1,60
2026-09-24T05:22:25.794,POST,/desembolsos,201,248.0,124.6,,704f8909-b934-4de5-8ac4-86b3859037d0,1,60
2026-09-24T05:22:25.906,POST,/desembolsos,201,249.4,128.4,,7fc33ef4-fc38-499a-b8a8-de7ff679ca5e,1,60
2026-09-24T05:22:26.014,POST,/desembolsos,201,227.1,110.8,,b0f78ba2-db58-4a0b-93e9-806d6ff7b4e2,1,60
2026-09-24T05:22:26.096,POST,/desembolsos,201,235.3,114.8,,ef817299-3a75-488b-b178-d43de392be04,1,60
2026-09-24T05:22:26.190,POST,/desembolsos,201,252.4,117.4,,5b35afb5-bc94-498c-a682-7ca78ac347cb,1,60
2026-09-24T05:22:26.290,POST,/desembolsos,201,237.6,110.5,,f844322a-753b-4f7f-964f-2b16b0ed6871,1,60
2026-09-24T05:22:26.399,POST,/desembolsos,201,230.5,111.4,,4627b99e-61d8-47c8-bd3c-7f5a3f982996,1,60
2026-09-24T05:22:26.490,POST,/desembolsos,201,248.8,124.8,,963d8fff-b290-4a07-a24b-80dfe9a5aebb,1,60
2026-09-24T05:22:26.590,POST,/desembolsos,201,232.5,113.6,,d5f1c7d4-5d25-4628-86d1-a0a50fa422fa,1,60
2026-09-24T05:22:26.676,POST,/desembolsos,201,247.6,120.8,,31876ac1-0ec1-46a7-b23e-8648d925fdb7,1,60
2026-09-24T05:22:26.797,POST,/desembolsos,201,239.4,118.0,,970131a3-aaa3-41bd-82e3-f6d10ebb2c6f,1,60
2026-09-24T05:22:26.913,POST,/desembolsos,201,237.6,110.1,,3fa9c8b2-af77-430d-af0c-7eb9579744e4,1,60
2026-09-24T05:22:27.009,POST,/desembolsos,201,241.8,121.4,,415d6256-071f-4bb4-ba63-376b9cd10595,1,60
2026-09-24T05:22:27.103,POST,/desembolsos,201,257.9,128.3,,e54c28a3-4d6b-471a-8993-a0a4ff6f8276,1,60
2026-09-24T05:22:27.182,POST,/desembolsos,201,242.7,125.2,,0883dcf7-cc06-44ab-8de3-1e4a2c4008e9,1,60
2026-09-24T05:22:27.307,POST,/desembolsos,201,234.3,110.8,,4c38e796-af8e-4d3d-927d-8b8bfdd58f44,1,60
2026-09-24T05:22:27.399,POST,/desembolsos,201,234.1,111.9,,4bbd5ce3-d67b-4842-ad1c-0154803a94e3,1,60
2026-09-24T05:22:27.499,POST,/desembolsos,201,232.9,111.1,,dfeea93a-0b8b-4623-b41c-ff6a95d80ff2,1,60
2026-09-24T05:22:27.590,POST,/desembolsos,201,243.2,117.2,,b93c67cc-a20d-44c6-b683-6bdbe095b6b1,1,60
2026-09-24T05:22:27.688,POST,/desembolsos,201,251.1,127.5,,098ca4ee-c48e-4521-a542-1c5cce3bf1da,1,60
2026-09-24T05:22:27.788,POST,/desembolsos,201,230.5,110.7,,325ab3aa-e500-4479-a1ca-94f8279ba899,1,60
2026-09-24T05:22:27.885,POST,/desembolsos,201,242.2,121.5,,fe28ad31-a3e3-4b52-8cc2-f76e848482f0,1,60
2026-09-24T05:22:27.999,POST,/desembolsos,201,240.6,116.6,,b492f110-5ae2-43b9-9c6d-329676d1e3f1,1,60
2026-09-24T05:22:28.197,POST,/desembolsos,201,231.5,112.8,,088d28b4-71ad-4457-8480-d2a40898cf14,1,60
2026-09-24T05:22:28.293,POST,/desembolsos,201,247.1,128.3,,71d28a9f-1e60-42db-8e28-690ec34ce035,1,60
2026-09-24T05:22:28.095,POST,/desembolsos,201,498.7,374.5,,9ca38d8b-1068-4526-b7d4-91f4fccad04d,1,60
2026-09-24T05:22:28.404,POST,/desembolsos,201,240.6,123.5,,51d4dec7-7759-4831-8a27-7e0e2464c43c,1,60
2026-09-24T05:22:28.487,POST,/desembolsos,201,235.0,116.0,,3577e660-14bb-49ea-a33f-276abbef8bd5,1,60
2026-09-24T05:22:28.586,POST,/desembolsos,201,239.7,114.4,,2fd94b25-6f4c-4a7a-a7ed-5c146ed61d84,1,60
2026-09-24T05:22:28.686,POST,/desembolsos,201,238.2,112.0,,f47faddb-0196-4418-9cf9-744aef7fa26e,1,60
2026-09-24T05:22:28.797,POST,/desembolsos,201,274.1,127.2,,bf1b621a-df4a-48cf-bf2b-7fd23e49f094,1,60
2026-09-24T05:22:28.896,POST,/desembolsos,201,236.1,113.9,,804117db-9214-48b6-b906-d8cc0a5dca58,1,60
2026-09-24T05:22:28.994,POST,/desembolsos,201,237.7,110.8,,2014f749-cd32-4b03-b9e6-6cc502768f13,1,60
2026-09-24T05:22:29.092,POST,/desembolsos,201,244.7,115.2,,8e0b1011-520a-456e-91b8-cc6e536fd521,1,60
2026-09-24T05:22:29.190,POST,/desembolsos,201,260.1,121.8,,355499d2-f8d1-49ac-91c0-c0fcd302869c,1,60
2026-09-24T05:22:29.299,POST,/desembolsos,201,249.2,125.3,,5047e7b5-6b6d-4c14-9be6-1ece90166824,1,60
2026-09-24T05:22:29.399,POST,/desembolsos,201,237.5,114.7,,2e0efcd4-a262-4213-99e4-3dfd2de5049a,1,60
2026-09-24T05:22:29.482,POST,/desembolsos,201,260.5,133.7,,b912173b-440b-4835-9a26-da546d9cd8f4,1,60
2026-09-24T05:22:29.590,POST,/desembolsos,201,261.9,129.8,,e4dd3368-a826-49ac-8b7e-1142e7e6bea2,1,60
2026-09-24T05:22:29.692,POST,/desembolsos,201,280.9,155.1,,587257df-5f39-45b9-bcc3-7ef8032c4ef4,1,60
2026-09-24T05:22:29.804,POST,/desembolsos,201,260.7,124.6,,3a7bebbc-2421-40b3-bb62-dc64308227a1,1,60
2026-09-24T05:22:29.905,POST,/desembolsos,201,267.7,127.1,,c061086c-5e74-4c15-b9c8-404bf41d2749,1,60
2026-09-24T05:22:30.002,POST,/desembolsos,201,267.6,121.4,,6e22c95a-5f3e-4302-b2ac-e7211a3efbe8,1,60
2026-09-24T05:22:30.101,POST,/desembolsos,201,285.8,135.4,,7f221a27-e506-46a6-b608-394165317509,1,60
2026-09-24T05:22:30.182,POST,/desembolsos,201,236.9,111.9,,3b81f490-545b-48c8-b628-d25ad69f595b,1,60
2026-09-24T05:22:30.290,POST,/desembolsos,201,237.7,112.5,,e0d21d46-c501-44d7-ad7f-60d0cbd53e5b,1,60
2026-09-24T05:22:30.382,POST,/desembolsos,201,257.3,125.1,,11bc542c-dbb3-47fe-a592-b213470909b2,1,60
2026-09-24T05:22:30.473,POST,/desembolsos,201,233.5,113.2,,5546e7e7-2679-405e-a2d6-56c255d16b7e,1,60
2026-09-24T05:22:30.574,POST,/desembolsos,201,240.5,118.2,,e809693e-b8f4-4496-a666-40ff4a2b8b18,1,60
2026-09-24T05:22:30.685,POST,/desembolsos,201,243.5,113.9,,b72a9003-7fd6-44bd-b0b8-e2359cf54628,1,60
2026-09-24T05:22:30.797,POST,/desembolsos,201,234.2,111.5,,7958c3aa-4e33-4402-9244-427c4fdeb8c0,1,60
2026-09-24T05:22:30.895,POST,/desembolsos,201,235.0,115.5,,3b1520fc-74ba-4a90-882e-8d0f33fb0f03,1,60
2026-09-24T05:22:30.993,POST,/desembolsos,201,247.1,126.4,,26761ccd-6904-4e03-896e-28f8a49502be,1,60
2026-09-24T05:22:31.093,POST,/desembolsos,201,232.0,111.4,,109f01eb-ef42-4f1f-abff-43d4557348ed,1,60
2026-09-24T05:22:31.199,POST,/desembolsos,201,231.8,113.4,,9fe42367-4ce0-422b-a4ab-75184c097d47,1,60
2026-09-24T05:22:31.282,POST,/desembolsos,201,241.7,112.9,,4f00fa87-acb6-4cca-bcbe-5f8e1eb3557c,1,60
2026-09-24T05:22:31.391,POST,/desembolsos,201,266.5,133.5,,bfc0c2b1-1bba-406a-8dd0-be77078d6272,1,60
2026-09-24T05:22:31.499,POST,/desembolsos,201,283.3,158.6,,cefff279-656c-48d6-b7c4-13bb45c43548,1,60
2026-09-24T05:22:31.582,POST,/desembolsos,201,231.1,112.4,,ace53569-ebd5-4cb6-b441-e42ac5901293,1,60
2026-09-24T05:22:31.693,POST,/desembolsos,201,226.6,110.7,,b71d2a7c-e9ae-4faa-b520-9f52d222c61a,1,60
2026-09-24T05:22:31.781,POST,/desembolsos,201,239.2,116.0,,bbe6fc37-fefc-42c5-a48b-19337e2d4c21,1,60
2026-09-24T05:22:31.888,POST,/desembolsos,201,236.2,113.2,,e6b1c839-b95d-45d9-a095-c2a967e0579b,1,60
2026-09-24T05:22:32.004,POST,/desembolsos,201,235.6,115.4,,19ae0ffe-935c-414d-ab09-9a6216394e2e,1,60
2026-09-24T05:22:32.102,POST,/desembolsos,201,260.2,137.6,,da12c112-9916-42af-81dc-5dfd89309d0b,1,60
2026-09-24T05:22:32.182,POST,/desembolsos,201,240.0,117.6,,9f70f0c0-6a75-46b7-8db6-abb51b2a533a,1,60
2026-09-24T05:22:32.291,POST,/desembolsos,201,231.2,112.8,,724324ee-6703-4faa-9c94-4bf848cd9285,1,60
2026-09-24T05:22:32.391,POST,/desembolsos,201,234.3,113.9,,08659135-8cad-436a-9034-45828605d79c,1,60
2026-09-24T05:22:32.481,POST,/desembolsos,201,236.7,118.7,,704512bb-dc82-402e-890b-9f8d27ce4754,1,60
2026-09-24T05:22:32.582,POST,/desembolsos,201,238.6,115.7,,f7e10d4b-a2ff-48b1-9529-df76c6d8e03e,1,60
2026-09-24T05:22:32.697,POST,/desembolsos,201,238.4,112.9,,daa75046-5cd3-45c4-9b8b-46033e3dc4dd,1,60
2026-09-24T05:22:32.789,POST,/desembolsos,201,283.1,147.3,,ec945b3a-89b8-4ced-b174-c85b334a663c,1,60
2026-09-24T05:22:32.899,POST,/desembolsos,201,288.8,160.3,,e4f9c6cd-685f-480e-865d-550846f2642b,1,60
2026-09-24T05:22:32.997,POST,/desembolsos,201,244.9,119.4,,0ca24c31-2266-4da2-bf25-ac28237bfd12,1,60
2026-09-24T05:22:33.097,POST,/desembolsos,201,236.2,116.0,,3abfc09b-f367-4654-9731-136d8c37f9a3,1,60
2026-09-24T05:22:33.181,POST,/desembolsos,201,237.5,114.8,,327158b5-b972-45b1-8a82-eb85942f5a9a,1,60
2026-09-24T05:22:33.290,POST,/desembolsos,201,242.2,119.1,,57a8bbcb-fc68-4a94-948c-43e5755ec151,1,60
2026-09-24T05:22:33.407,POST,/desembolsos,201,231.8,114.2,,2d225e0f-659a-477e-90d8-1571fb691cfb,1,60
2026-09-24T05:22:33.474,POST,/desembolsos,201,241.2,116.7,,53669d29-7916-4217-bb49-f5681be402fe,1,60
2026-09-24T05:22:33.590,POST,/desembolsos,201,244.2,112.6,,b4c3d3af-ad84-4e8b-9385-c46acf4212b4,1,60
2026-09-24T05:22:33.691,POST,/desembolsos,201,247.8,115.2,,70af4003-f913-4f63-a435-5a021b506158,1,60
2026-09-24T05:22:33.789,POST,/desembolsos,201,240.8,113.8,,91b629ec-4789-4250-ba18-77ad21820e9f,1,60
2026-09-24T05:22:33.888,POST,/desembolsos,201,253.5,119.3,,34ec669e-70d2-45e8-afb5-281ad4d7f065,1,60
2026-09-24T05:22:33.997,POST,/desembolsos,201,233.1,115.1,,72f055d1-358d-473e-b59a-5f6e19315ed0,1,60
2026-09-24T05:22:34.095,POST,/desembolsos,201,237.3,116.2,,9cd56b5a-697f-4c3e-b1ff-bab604cafa9c,1,60
2026-09-24T05:22:34.197,POST,/desembolsos,201,239.9,112.4,,7ed7801c-d237-4b57-93da-d0bdeead6eb9,1,60
2026-09-24T05:22:34.292,POST,/desembolsos,201,240.2,112.1,,2f513589-0e18-44c3-ac7c-29dab7c60f68,1,60
2026-09-24T05:22:34.388,POST,/desembolsos,201,235.8,112.4,,bc21c637-bd7a-4314-8a10-ab245c9f90f6,1,60
2026-09-24T05:22:34.490,POST,/desembolsos,201,234.4,113.6,,3bba4316-20d9-49dc-970b-01f520aeffe5,1,60
2026-09-24T05:22:34.579,POST,/desembolsos,201,253.2,112.3,,f86b3478-7ef7-4072-9736-0dfbd1e1814e,1,60
2026-09-24T05:22:34.682,POST,/desembolsos,201,266.6,113.7,,7a65a655-57f8-4146-8009-244ac3a27a4f,1,60
2026-09-24T05:22:34.774,POST,/desembolsos,201,236.4,117.1,,f5a4cf31-4158-40a4-8140-8b0edb2708dd,1,60
2026-09-24T05:22:34.889,POST,/desembolsos,201,235.5,109.6,,33e04b72-fa72-4003-8a6c-b0d24c779c86,1,60
2026-09-24T05:22:34.996,POST,/desembolsos,201,236.7,113.5,,56d12721-0d08-49b3-aef2-1acfe7d9c878,1,60
2026-09-24T05:22:35.087,POST,/desembolsos,201,320.2,112.9,,16e98c05-a286-4139-9788-898b1295622d,1,60
2026-09-24T05:22:35.191,POST,/desembolsos,201,332.3,216.7,,104a2734-b645-4499-8cf4-3d91a542b1ee,1,60
2026-09-24T05:22:35.291,POST,/desembolsos,201,240.2,116.8,,0b446e38-139a-4da4-9a19-b07362e59ee6,1,60
2026-09-24T05:22:35.391,POST,/desembolsos,201,244.8,122.7,,da181007-8fff-4a6e-a49a-b72c84cd7e7b,1,60
2026-09-24T05:22:35.491,POST,/desembolsos,201,228.4,111.0,,4f75378c-cdef-428a-8b46-0c1981e50f02,1,60
2026-09-24T05:22:35.583,POST,/desembolsos,201,236.3,113.6,,21692ce2-00f7-48ea-b79f-7e3ad45ae706,1,60
2026-09-24T05:22:35.683,POST,/desembolsos,201,245.9,122.7,,25955414-1029-4213-abe8-e05d756a05ca,1,60
2026-09-24T05:22:35.789,POST,/desembolsos,201,240.6,111.8,,f5d5ea2a-a795-45ec-9550-3aae9f67eb44,1,60
2026-09-24T05:22:35.887,POST,/desembolsos,201,239.7,117.7,,dcffe55d-2d17-45d9-84c3-8d8bd3f31114,1,60
2026-09-24T05:22:36.000,POST,/desembolsos,201,237.6,114.6,,c1c978e2-7e91-422b-91a4-f8b33df1d3b9,1,60
2026-09-24T05:22:36.089,POST,/desembolsos,201,232.2,110.6,,21d4464e-79d9-44fc-9618-44bbe2589a28,1,60
2026-09-24T05:22:36.191,POST,/desembolsos,201,232.0,112.4,,d53d30b9-0731-4bcc-9103-ae09aa4480ca,1,60
2026-09-24T05:22:36.299,POST,/desembolsos,201,300.1,117.0,,a661720c-9274-49c1-94ed-87c937e148e3,1,60
2026-09-24T05:22:36.399,POST,/desembolsos,201,231.1,109.7,,2046b20d-12cd-4b90-9ad5-4b1ca3a434d6,1,60
2026-09-24T05:22:36.483,POST,/desembolsos,201,235.5,116.9,,179cf9ec-6bb0-4411-bcab-1e0a3840b61a,1,60
2026-09-24T05:22:36.582,POST,/desembolsos,201,247.9,130.5,,ad06f07d-a52e-4b1b-8f95-f0e3261b633a,1,60
2026-09-24T05:22:36.698,POST,/desembolsos,201,229.8,113.5,,ac5899b3-9fa4-4093-99cd-6fc2f5443c2e,1,60
2026-09-24T05:22:36.795,POST,/desembolsos,201,243.9,115.4,,7979dafd-7248-4c13-9d8f-b196a1bec0b3,1,60
2026-09-24T05:22:36.895,POST,/desembolsos,201,247.0,127.6,,eab3e065-deb1-499f-87d2-4338a0ff7e70,1,60
2026-09-24T05:22:37.006,POST,/desembolsos,201,229.0,110.1,,ee698372-6993-401e-aff6-bbaef47948c8,1,60
2026-09-24T05:22:37.088,POST,/desembolsos,201,240.4,119.1,,3ffc4f17-80a6-4e61-8c77-9ece7170873e,1,60
2026-09-24T05:22:37.190,POST,/desembolsos,201,249.6,125.4,,bb5eb8a1-9216-4067-8fca-07ebd9b7a0e4,1,60
2026-09-24T05:22:37.299,POST,/desembolsos,201,230.4,112.9,,6375b9c2-9f4e-44d9-9836-8e058031e121,1,60
2026-09-24T05:22:37.391,POST,/desembolsos,201,240.5,117.6,,152dd072-65d5-4ed9-8d77-9ffb82d9adf0,1,60
2026-09-24T05:22:37.499,POST,/desembolsos,201,236.2,112.5,,65a57968-3ad7-43f1-9fab-ede39491fb17,1,60
2026-09-24T05:22:37.591,POST,/desembolsos,201,244.9,110.5,,ad4bf14e-086a-4e77-8a42-b4b329828f48,1,60
2026-09-24T05:22:37.674,POST,/desembolsos,201,278.2,132.1,,889fa066-01d3-41b7-a588-6dc17de79ef0,1,60
2026-09-24T05:22:37.790,POST,/desembolsos,201,279.3,159.4,,fa3dd4b3-b0d0-47b1-a209-272e3d257bb8,1,60
2026-09-24T05:22:37.888,POST,/desembolsos,201,240.2,115.1,,e16aaf9a-d6b9-419a-8803-38d49d0f6ddd,1,60
2026-09-24T05:22:38.002,POST,/desembolsos,201,242.9,119.2,,4969e689-7390-41f0-9e6c-f9d5ba02da7b,1,60
2026-09-24T05:22:38.068,POST,/desembolsos,201,267.4,123.6,,04636981-c99b-47d2-a573-9b525a3c20c6,1,60
2026-09-24T05:22:38.190,POST,/desembolsos,201,260.0,125.8,,2be8ed7d-13a2-438c-bd59-4def7d8feb2c,1,60
2026-09-24T05:22:38.282,POST,/desembolsos,201,269.4,126.0,,cf5e1353-45f9-4bd6-95c1-8fe846cb73ec,1,60
2026-09-24T05:22:38.408,POST,/desembolsos,201,249.9,119.6,,304597c4-a24f-40f5-b271-884d4c4f2915,1,60
2026-09-24T05:22:38.491,POST,/desembolsos,201,258.4,116.7,,a7b28737-ff88-4f25-bf13-e6eada252f41,1,60
2026-09-24T05:22:38.607,POST,/desembolsos,201,263.1,142.6,,41fb5ec0-330c-433b-b601-cb318bc412ef,1,60
2026-09-24T05:22:38.707,POST,/desembolsos,201,234.5,113.2,,7452bca9-079f-4951-82e2-040ee8323bbf,1,60
2026-09-24T05:22:38.771,POST,/desembolsos,201,242.8,118.4,,418442e4-18c9-4c5a-b555-03047b9c4a2d,1,60
2026-09-24T05:22:38.869,POST,/desembolsos,201,237.9,119.5,,124825a7-5abe-4b15-ade3-056d7742aced,1,60
2026-09-24T05:22:38.988,POST,/desembolsos,201,229.7,111.8,,50eb2f49-73f4-4118-b0fb-e86ba62dd66a,1,60
2026-09-24T05:22:39.099,POST,/desembolsos,201,233.8,110.6,,c0fbeb88-1ce1-4192-ba0e-5cb0744c5644,1,60
2026-09-24T05:22:39.191,POST,/desembolsos,201,234.6,113.1,,f67324a5-0aa1-4827-9e00-e8f45afc36ff,1,60
2026-09-24T05:22:39.291,POST,/desembolsos,201,238.3,116.7,,4c3ba0e9-3913-473a-b49f-d31549c95409,1,60
2026-09-24T05:22:39.383,POST,/desembolsos,201,233.5,112.0,,d6456023-e5b0-4778-a585-235bc7017b96,1,60
2026-09-24T05:22:39.491,POST,/desembolsos,201,237.8,113.9,,d8346b3c-e365-4869-a1b7-b75f8a66e2ae,1,60
2026-09-24T05:22:39.583,POST,/desembolsos,201,235.4,118.0,,8f1f2536-b906-46d2-a972-a527e1e4cd06,1,60
2026-09-24T05:22:39.682,POST,/desembolsos,201,244.8,117.7,,6624f888-ab70-4137-9d3a-e54f9755128c,1,60
2026-09-24T05:22:39.790,POST,/desembolsos,201,240.6,117.1,,e31d9cd0-b402-4a8d-ab89-ee353ffbf6aa,1,60
2026-09-24T05:22:39.873,POST,/desembolsos,201,237.7,113.4,,e462d149-8e4d-4170-b993-1c271c261298,1,60
2026-09-24T05:22:39.976,POST,/desembolsos,201,235.5,118.0,,7bd2217d-ca16-498a-b279-d077f16891fa,1,60
2026-09-24T05:22:40.086,POST,/desembolsos,201,240.4,118.9,,b11590bf-66c4-4930-b1f9-c13e603a76a0,1,60
2026-09-24T05:22:40.199,POST,/desembolsos,201,237.2,112.4,,301d0cf0-ced7-458c-80ca-70b04d320a76,1,60
2026-09-24T05:22:40.299,POST,/desembolsos,201,228.3,110.0,,77f6ec19-8777-436e-a065-4d23ddeb3645,1,60
2026-09-24T05:22:40.399,POST,/desembolsos,201,240.0,113.0,,10a1393a-97e5-4020-a192-c424388bff62,1,60
2026-09-24T05:22:40.499,POST,/desembolsos,201,241.0,115.5,,7a94c150-7cea-49b9-aa79-622aa5b73e03,1,60
2026-09-24T05:22:40.583,POST,/desembolsos,201,232.2,112.4,,cae161bb-0c53-4188-b9da-cc0c73679cf6,1,60
2026-09-24T05:22:40.694,POST,/desembolsos,201,229.4,111.1,,02b88437-f5c1-416c-8d2b-489c3645e552,1,60
2026-09-24T05:22:40.790,POST,/desembolsos,201,249.7,130.2,,556071c2-0b89-433d-a0a8-fb3213811e7e,1,60
2026-09-24T05:22:40.898,POST,/desembolsos,201,246.8,126.2,,c4046e14-81d2-41a8-9899-1df9cf62902f,1,60
2026-09-24T05:22:40.996,POST,/desembolsos,201,232.0,114.0,,ff9a0dca-3e3b-4e7d-94f8-1ce9e5fa7101,1,60
2026-09-24T05:22:41.096,POST,/desembolsos,201,237.8,114.8,,48f1797f-3a6b-4241-a50e-ae1b5e12825c,1,60
2026-09-24T05:22:41.181,POST,/desembolsos,201,241.5,121.2,,cab9e4ae-91ad-483d-9fa0-1f98222dec35,1,60
2026-09-24T05:22:41.294,POST,/desembolsos,201,236.3,114.9,,011dd9f7-a7c3-478c-9329-ed8bf3f8f9cb,1,60
2026-09-24T05:22:41.398,POST,/desembolsos,201,249.5,116.7,,f14e6944-b038-4d61-97e4-3007b0f9a463,1,60
2026-09-24T05:22:41.494,POST,/desembolsos,201,233.3,116.7,,97e403be-fc0b-4c06-9984-b9a783f0edfd,1,60
2026-09-24T05:22:41.590,POST,/desembolsos,201,240.1,117.5,,77dde6d0-0444-47af-a284-58418029bc37,1,60
2026-09-24T05:22:41.691,POST,/desembolsos,201,240.6,115.4,,1cee10e0-cf2d-468e-bd35-884183e20187,1,60
2026-09-24T05:22:41.798,POST,/desembolsos,201,232.2,114.2,,8dbdf53a-9760-446f-b5ca-1234cbb68a5f,1,60
2026-09-24T05:22:41.895,POST,/desembolsos,201,237.2,114.9,,06f0f7c5-3782-4d32-8ec0-c42d1a0f49de,1,60
2026-09-24T05:22:41.991,POST,/desembolsos,201,236.2,115.7,,3b97fc12-7da5-4ed5-a1e5-fc6b0ba8ed23,1,60
2026-09-24T05:22:42.188,POST,/desembolsos,201,280.9,119.5,,ffdb1204-fe81-45d2-a133-ff17b772d1f2,1,60
2026-09-24T05:22:42.089,POST,/desembolsos,201,380.2,216.0,,507eca93-120d-4da0-b33a-6b6b66e8c350,1,60
2026-09-24T05:22:42.300,POST,/desembolsos,201,283.4,163.7,,25984d63-0d2c-4492-a87a-4067c42ca278,1,60
2026-09-24T05:22:42.399,POST,/desembolsos,201,241.5,112.3,,a1adabdb-1c58-4db0-a22b-d74338c7040a,1,60
2026-09-24T05:22:42.491,POST,/desembolsos,201,240.1,115.4,,7e00990d-1fb3-40b2-bb26-3d6214470e14,1,60
2026-09-24T05:22:42.583,POST,/desembolsos,201,241.2,117.0,,0f52efd8-dc38-4e46-a61a-841909cd4499,1,60
2026-09-24T05:22:42.699,POST,/desembolsos,201,235.4,114.1,,a0b7c267-1eb6-4a67-8961-971aefd78330,1,60
2026-09-24T05:22:42.796,POST,/desembolsos,201,239.3,114.8,,3bb9d622-9152-43a8-9f49-6152b5cdf46a,1,60
2026-09-24T05:22:42.894,POST,/desembolsos,201,257.0,129.3,,db7b3201-bf8f-4476-8817-ea08a028dfbc,1,60
2026-09-24T05:22:42.990,POST,/desembolsos,201,256.0,133.3,,2ba7d14d-9f38-4439-bcd1-6373939a3f19,1,60
2026-09-24T05:22:43.090,POST,/desembolsos,201,245.4,125.2,,e5f54d7b-027f-4381-be7c-013a745c932e,1,60
2026-09-24T05:22:43.183,POST,/desembolsos,201,242.6,112.6,,93ba6f45-d946-4ef4-a1c9-e55eeabe1264,1,60
2026-09-24T05:22:43.291,POST,/desembolsos,201,272.4,110.6,,2260737c-bc68-4b4f-9b99-a5b4b676ab81,1,60
2026-09-24T05:22:43.383,POST,/desembolsos,201,264.9,113.9,,a1d82ed4-a84b-4df6-93de-686fc4b3debd,1,60
2026-09-24T05:22:43.492,POST,/desembolsos,201,274.8,151.8,,6b4f136d-4a12-4f87-973f-ea0ea57af7c0,1,60
2026-09-24T05:22:43.583,POST,/desembolsos,201,238.5,112.9,,13597be9-b907-4da3-8e55-26c4899fc676,1,60
2026-09-24T05:22:43.677,POST,/desembolsos,201,235.5,113.9,,c985bb15-25b5-472e-83dd-e778037a2699,1,60
2026-09-24T05:22:43.787,POST,/desembolsos,201,234.8,114.0,,18237a1f-16a2-4304-83e6-55ba943e5021,1,60
2026-09-24T05:22:43.897,POST,/desembolsos,201,229.1,112.7,,db7d42ae-8926-4e23-822a-2b20399976bb,1,60
2026-09-24T05:22:43.996,POST,/desembolsos,201,237.1,113.6,,b9b3e6a2-865a-4e59-b839-3e667b49860d,1,60
2026-09-24T05:22:44.090,POST,/desembolsos,201,237.2,113.0,,db7ff0c9-c14b-4513-ab12-c4f885375e7a,1,60
2026-09-24T05:22:44.191,POST,/desembolsos,201,256.8,133.9,,158de1e1-6705-4df2-8ea9-900ae35aa6e8,1,60
2026-09-24T05:22:44.291,POST,/desembolsos,201,266.5,142.2,,1cd73d82-94aa-490f-8846-089a53bde918,1,60
2026-09-24T05:22:44.391,POST,/desembolsos,201,239.5,113.5,,50c73e2e-7000-47b7-8b51-d69b126f10cf,1,60
2026-09-24T05:22:44.500,POST,/desembolsos,201,229.0,110.1,,048d2354-657a-469d-b6b5-7e7f33081e09,1,60
2026-09-24T05:22:44.600,POST,/desembolsos,201,244.4,115.8,,a6ecb7e1-603e-4056-82b4-884715a72ebf,1,60
2026-09-24T05:22:44.692,POST,/desembolsos,201,238.3,113.2,,a9201406-abf9-4dd8-80c8-8fadf94c40dc,1,60
2026-09-24T05:22:44.781,POST,/desembolsos,201,228.7,110.9,,f2e107bf-7a27-4f97-9c08-937a1da3f020,1,60
2026-09-24T05:22:44.890,POST,/desembolsos,201,233.2,112.3,,31378c94-04f2-40d4-9d49-7c20e9d8fec2,1,60
2026-09-24T05:22:44.988,POST,/desembolsos,201,234.7,112.8,,641343d7-f4cb-4d98-a515-4bd6d563f34f,1,60
2026-09-24T05:22:45.100,POST,/desembolsos,201,230.7,110.5,,7f3aa4fa-f741-4d71-a1d7-bb23c67d2af2,1,60
2026-09-24T05:22:45.182,POST,/desembolsos,201,232.8,111.9,,a2cb1907-0b0d-49ce-872d-4e14d08c694f,1,60
2026-09-24T05:22:45.291,POST,/desembolsos,201,231.7,112.3,,7215e198-88cc-46eb-b716-662c0e19e000,1,60
2026-09-24T05:22:45.400,POST,/desembolsos,201,227.6,110.2,,ef6b4eed-fe00-48f1-9970-3ad0cc7c92ef,1,60
2026-09-24T05:22:45.499,POST,/desembolsos,201,237.6,116.2,,662ab5e7-1f7c-4e48-9fd6-909f9e0c8c4a,1,60
2026-09-24T05:22:45.591,POST,/desembolsos,201,231.4,112.9,,789c6b65-79e4-45e2-a28d-21f34747acb6,1,60
2026-09-24T05:22:45.702,POST,/desembolsos,201,236.5,112.6,,59a540e9-e13f-418f-b14f-6d87539260f6,1,60
2026-09-24T05:22:45.804,POST,/desembolsos,201,237.4,116.0,,77f2c473-2341-4acb-a428-151f543e97e0,1,60
2026-09-24T05:22:45.887,POST,/desembolsos,201,240.7,118.9,,df1b7235-4d0a-4ef1-850c-d3fefb47d626,1,60
2026-09-24T05:22:46.000,POST,/desembolsos,201,232.1,111.1,,55db7922-3b08-454c-9540-c25f4c578a8d,1,60
2026-09-24T05:22:46.098,POST,/desembolsos,201,230.7,112.9,,502ae82c-4747-4bab-a7e5-8091d273b609,1,60
2026-09-24T05:22:46.183,POST,/desembolsos,201,243.7,122.6,,52f96826-1177-4ced-b3bd-ad8a4ea3b514,1,60
2026-09-24T05:22:46.300,POST,/desembolsos,201,233.9,114.0,,0c3db436-f4b0-4f0c-98e4-d27df4d1948c,1,60
2026-09-24T05:22:46.391,POST,/desembolsos,201,251.1,124.9,,3487a8b8-1d5a-40d7-a540-91cc99ff7ada,1,60
2026-09-24T05:22:46.508,POST,/desembolsos,201,250.2,131.0,,c9689003-d132-405d-97e9-6e39a14ed76d,1,60
2026-09-24T05:22:46.591,POST,/desembolsos,201,237.2,114.5,,c1ec143d-2933-48c1-a377-98375f8837ab,1,60
2026-09-24T05:22:46.692,POST,/desembolsos,201,277.9,119.0,,d7c8661e-68d4-4c5e-93f5-a4c05e94dfbf,1,60
2026-09-24T05:22:46.782,POST,/desembolsos,201,250.4,116.4,,209e99fe-32b3-49f0-b6e7-90b0e488280e,1,60
2026-09-24T05:22:46.898,POST,/desembolsos,201,238.5,122.0,,0fb2824a-ef87-46b5-a4a4-26c1e4589c4f,1,60
2026-09-24T05:22:46.964,POST,/desembolsos,201,248.1,119.0,,698441d1-36e4-4a5e-bdc5-292ec60c639c,1,60
2026-09-24T05:22:47.074,POST,/desembolsos,201,244.2,118.7,,39da39c1-be56-4376-9be2-cde77c457bbc,1,60
2026-09-24T05:22:47.192,POST,/desembolsos,201,271.5,116.1,,74d07a44-57f9-42b7-b01e-ed26d85a303a,1,60
2026-09-24T05:22:47.291,POST,/desembolsos,201,286.4,125.0,,4c095ab0-0f2b-4a17-a49e-19733e3f5a97,1,60
2026-09-24T05:22:47.375,POST,/desembolsos,201,235.8,114.6,,7cf6a3fb-ad0e-4b06-a884-792b26787fa3,1,60
2026-09-24T05:22:47.483,POST,/desembolsos,201,246.3,110.9,,bdfb5c79-8cf5-4be7-bcc7-b67c4a2532bd,1,60
2026-09-24T05:22:47.575,POST,/desembolsos,201,233.9,111.9,,22b4cc9c-1c47-4a41-bbd0-3ebea1fdfed8,1,60
2026-09-24T05:22:47.675,POST,/desembolsos,201,237.5,114.8,,3fdf3d16-4c9b-4585-b9d7-bf4fed8ec080,1,60
2026-09-24T05:22:47.789,POST,/desembolsos,201,241.0,111.1,,d18fb8be-7ece-451b-be74-8e0edbbcafc6,1,60
2026-09-24T05:22:47.897,POST,/desembolsos,201,240.2,113.9,,0ee63c14-f63d-471e-8adc-07303312db48,1,60
2026-09-24T05:22:47.995,POST,/desembolsos,201,238.3,113.0,,ea3f0fe1-7390-4062-9089-9c41e7398b69,1,60
2026-09-24T05:22:48.093,POST,/desembolsos,201,230.5,110.2,,deee52b1-95cc-42c9-b5e2-adc1ccca54e3,1,60
2026-09-24T05:22:48.200,POST,/desembolsos,201,245.1,114.1,,c46062a7-b1f0-4504-ae56-8f45de3ae964,1,60
2026-09-24T05:22:48.308,POST,/desembolsos,201,247.1,120.1,,297cf553-10ab-404d-babe-cd163417d143,1,60
2026-09-24T05:22:48.400,POST,/desembolsos,201,244.8,127.8,,c86101ee-d34a-40f1-b851-a889890044d6,1,60
2026-09-24T05:22:48.499,POST,/desembolsos,201,256.8,134.0,,9ef45493-7c6e-428b-99c2-a0e2bbb074a2,1,60
2026-09-24T05:22:48.583,POST,/desembolsos,201,255.6,125.0,,f76f5282-fb5f-4104-9ac5-1809055c5510,1,60
2026-09-24T05:22:48.708,POST,/desembolsos,201,252.8,126.8,,3428aae6-f440-4903-95e5-7f3d48357aba,1,60
2026-09-24T05:22:48.782,POST,/desembolsos,201,239.8,116.1,,2bcbed26-d36c-4234-aeea-af8cac0c6e7a,1,60
2026-09-24T05:22:48.897,POST,/desembolsos,201,247.2,113.4,,41a908e3-ca7b-4360-b332-4f814ed4eb4f,1,60
2026-09-24T05:22:48.989,POST,/desembolsos,201,235.6,115.3,,0cea1d5c-99cc-4cb2-92e1-6329dd69f432,1,60
2026-09-24T05:22:49.103,POST,/desembolsos,201,247.2,113.5,,8fbb2ea2-c099-4846-9756-8687a766ef24,1,60
2026-09-24T05:22:49.183,POST,/desembolsos,201,247.3,112.4,,1c5650e0-384f-4020-8a8c-2cef6eb0a810,1,60
2026-09-24T05:22:49.283,POST,/desembolsos,201,272.4,110.3,,9b05a639-fbe3-4bcd-8ef7-dca304481711,1,60
2026-09-24T05:22:49.383,POST,/desembolsos,201,276.6,145.5,,e425cadd-81d3-4a75-a393-a624706ff80b,1,60
2026-09-24T05:22:49.492,POST,/desembolsos,201,254.6,117.6,,350975af-4269-4af2-b4fa-43243286ab29,1,60
2026-09-24T05:22:49.592,POST,/desembolsos,201,258.8,117.6,,e9063273-1b07-4b0a-903e-e17b8a212944,1,60
2026-09-24T05:22:49.692,POST,/desembolsos,201,238.1,114.9,,330210e3-49db-41cf-a950-a6cf1acb755f,1,60
2026-09-24T05:22:49.798,POST,/desembolsos,201,245.4,121.5,,8ab05146-0703-4e0a-91cd-b8edfeaa6441,1,60
2026-09-24T05:22:49.890,POST,/desembolsos,201,232.9,111.9,,7dae5a77-aa3a-48c1-b09f-088e132dfec2,1,60
2026-09-24T05:22:49.990,POST,/desembolsos,201,246.8,114.8,,85e62ce5-d0c9-4fdf-8662-59510f3568d8,1,60
2026-09-24T05:22:50.089,POST,/desembolsos,201,247.1,119.6,,2e07472e-6b69-4382-b77b-679e6df19d00,1,60
2026-09-24T05:22:50.183,POST,/desembolsos,201,248.7,125.2,,f23a8ab4-3346-44cb-8583-e9c49c738317,1,60
2026-09-24T05:22:50.300,POST,/desembolsos,201,236.7,116.6,,63d2be2d-fadf-4d0d-a122-bc854b1bf4d5,1,60
2026-09-24T05:22:50.376,POST,/desembolsos,201,276.6,125.4,,592830df-595e-4bb0-9e2c-f23bb45e9263,1,60
2026-09-24T05:22:50.500,POST,/desembolsos,201,258.2,142.3,,49361fd1-5937-48d1-9c61-4c1ed4890d49,1,60
2026-09-24T05:22:50.583,POST,/desembolsos,201,264.3,139.0,,84da8113-9d7c-4e84-ae8e-c516da1da360,1,60
2026-09-24T05:22:50.700,POST,/desembolsos,201,351.6,135.5,,e45bbbf9-32d1-4cd8-acdc-46eef4a9f833,1,60
2026-09-24T05:22:50.798,POST,/desembolsos,201,371.0,249.1,,06969eea-0923-49a8-b147-24db3274a9b2,1,60
2026-09-24T05:22:50.896,POST,/desembolsos,201,285.7,156.1,,4f67754f-c771-445b-8837-c322db45ad2b,1,60
2026-09-24T05:22:50.989,POST,/desembolsos,201,305.8,148.9,,1ca88a39-f7fc-4c59-8bf1-c51883ede178,1,60
2026-09-24T05:22:51.088,POST,/desembolsos,201,234.3,116.7,,b3df1764-6755-42c0-aa5e-2d1fdf5e4a77,1,60
2026-09-24T05:22:51.166,POST,/desembolsos,201,247.4,126.1,,72ed39f2-041b-4f58-bba8-e5fb0285d85b,1,60
2026-09-24T05:22:51.283,POST,/desembolsos,201,264.1,133.5,,22729843-ac18-4d0f-818d-40625b7cadfe,1,60
2026-09-24T05:22:51.383,POST,/desembolsos,201,240.1,117.3,,ed72d71b-5382-458e-9f0b-05bb8bab5171,1,60
2026-09-24T05:22:51.483,POST,/desembolsos,201,259.4,124.4,,f79649b0-cb7f-4c5a-9c69-37d2dbfb5ce8,1,60
2026-09-24T05:22:51.592,POST,/desembolsos,201,260.4,133.6,,c2cf735e-cc91-4cf3-a93c-08d7c99c9ee5,1,60
2026-09-24T05:22:51.692,POST,/desembolsos,201,254.9,114.4,,b1c136ef-4611-4b98-b745-9aa05763bc45,1,60
2026-09-24T05:22:51.789,POST,/desembolsos,201,281.3,158.1,,ad618611-de96-4de2-ad80-67f98fbd5434,1,60
2026-09-24T05:22:51.888,POST,/desembolsos,201,265.5,133.7,,229a4f00-b576-472c-85b7-5c450512deb6,1,60
2026-09-24T05:22:52.000,POST,/desembolsos,201,252.3,116.3,,572a7afe-312b-409f-9fc8-5209d908fac8,1,60
2026-09-24T05:22:52.070,POST,/desembolsos,201,256.2,127.3,,d20b7a09-d048-4ee9-9c37-b8a7d4f7e372,1,60
2026-09-24T05:22:52.184,POST,/desembolsos,201,262.5,126.7,,44d02a49-da8e-487f-b89c-69300c94c3cc,1,60
2026-09-24T05:22:52.292,POST,/desembolsos,201,248.8,118.0,,7e16b007-9f87-48a5-af34-2aab1a1d1198,1,60
2026-09-24T05:22:52.392,POST,/desembolsos,201,251.1,115.7,,d8bee423-620b-4a97-8f39-b05201be51e3,1,60
2026-09-24T05:22:52.492,POST,/desembolsos,201,234.5,114.1,,4ddf8b34-82e5-4947-b459-be1630e8032f,1,60
2026-09-24T05:22:52.583,POST,/desembolsos,201,233.4,118.5,,ebf68457-65ab-49b7-8232-8141035e01b8,1,60
2026-09-24T05:22:52.702,POST,/desembolsos,201,234.2,113.4,,816dc288-a7d1-440d-abc0-caa9eb231d8e,1,60
2026-09-24T05:22:52.796,POST,/desembolsos,201,233.8,113.1,,d80d9b2e-d907-4a65-b746-edecee1ba96e,1,60
2026-09-24T05:22:52.893,POST,/desembolsos,201,234.2,111.9,,fd73ff81-d1c9-474f-89d7-fff66150c328,1,60
2026-09-24T05:22:52.990,POST,/desembolsos,201,234.1,112.0,,e7764811-672a-4681-aee4-4a0ae8f1b1b9,1,60
2026-09-24T05:22:53.099,POST,/desembolsos,201,239.5,114.5,,1b884ada-cc3b-4b1f-9e97-7a8f6d2ed7a2,1,60
2026-09-24T05:22:53.184,POST,/desembolsos,201,245.9,116.9,,de519ab5-af27-45c5-a04a-c2638495aecc,1,60
2026-09-24T05:22:53.292,POST,/desembolsos,201,239.6,115.7,,97190355-cdee-4c9f-a9fc-0af640523a79,1,60
2026-09-24T05:22:53.384,POST,/desembolsos,201,247.6,125.1,,f5496cc9-35f2-4885-879f-f42c955b749d,1,60
2026-09-24T05:22:53.483,POST,/desembolsos,201,233.2,113.5,,8aecdcc0-ce94-4cdd-9877-cd56131cd14d,1,60
2026-09-24T05:22:53.592,POST,/desembolsos,201,239.5,113.5,,bec2362a-2e30-4200-8282-d0ceea5dc3d4,1,60
2026-09-24T05:22:53.705,POST,/desembolsos,201,247.8,118.1,,ca0486d5-c10e-40f6-bc9e-48fbcb597f99,1,60
2026-09-24T05:22:53.790,POST,/desembolsos,201,248.4,117.7,,d4a199d5-20b0-4c00-b6eb-bb50a7dfd630,1,60
2026-09-24T05:22:53.888,POST,/desembolsos,201,244.2,117.3,,eb609e36-3753-466a-800e-57124f57b2ee,1,60
2026-09-24T05:22:54.002,POST,/desembolsos,201,257.1,130.2,,15b66c7c-c469-4cd1-86b5-d3bb51f30912,1,60
2026-09-24T05:22:54.085,POST,/desembolsos,201,233.5,116.8,,5e756c6b-27f1-4732-b7c5-42ef1b8fe933,1,60
2026-09-24T05:22:54.184,POST,/desembolsos,201,234.3,115.5,,a052c026-d0ac-4c6e-a726-410a4e7a9255,1,60
2026-09-24T05:22:54.283,POST,/desembolsos,201,236.0,113.0,,e65b9588-d135-4b65-93d0-ee9844813c7c,1,60
2026-09-24T05:22:54.384,POST,/desembolsos,201,246.8,125.6,,479dfe0b-26eb-41ff-ab44-6089c872678b,1,60
2026-09-24T05:22:54.509,POST,/desembolsos,201,232.2,112.3,,fda1cbd0-8821-4c21-9067-da6015ac5005,1,60
2026-09-24T05:22:54.583,POST,/desembolsos,201,232.3,115.0,,0dd38e11-dfdc-4698-8aa7-a7d2ce9af84c,1,60
2026-09-24T05:22:54.692,POST,/desembolsos,201,238.0,118.2,,429eee8a-57ea-47a5-990d-664afc700544,1,60
2026-09-24T05:22:54.799,POST,/desembolsos,201,236.9,113.6,,69c3fa1a-dcb7-4fb8-bfa0-979d31f7d22a,1,60
2026-09-24T05:22:54.897,POST,/desembolsos,201,232.0,111.6,,635d704f-3afe-43e1-888d-d642e1d5f2e7,1,60
2026-09-24T05:22:55.005,POST,/desembolsos,201,234.1,115.7,,36ce5ea8-5041-4cc5-a3e2-31128f9dad23,1,60
2026-09-24T05:22:55.100,POST,/desembolsos,201,241.3,116.2,,485dfcad-7e20-43e2-aa35-c2a707b55554,1,60
2026-09-24T05:22:55.191,POST,/desembolsos,201,236.5,115.4,,9f50febe-d2d0-49dc-a792-b866787e9b66,1,60
2026-09-24T05:22:55.284,POST,/desembolsos,201,248.9,121.4,,c50b7e0c-9ba2-4f22-bd20-9ada7461f6cc,1,60
2026-09-24T05:22:55.392,POST,/desembolsos,201,259.1,121.2,,f5d5baeb-9fdf-44ef-b12f-8683954ec478,1,60
2026-09-24T05:22:55.500,POST,/desembolsos,201,250.4,116.2,,1675c10c-40a2-4300-8c82-3260eb05e9e6,1,60
2026-09-24T05:22:55.592,POST,/desembolsos,201,296.7,138.9,,d3d04fc9-5945-44a8-8aba-b697e08ce384,1,60
2026-09-24T05:22:55.692,POST,/desembolsos,201,243.0,119.0,,72246277-ed4d-44f5-aa99-05925a5ce0fa,1,60
2026-09-24T05:22:55.799,POST,/desembolsos,201,243.2,120.8,,ac73e8a4-a4ee-44ac-98ae-95d96a8145f5,1,60
2026-09-24T05:22:55.879,POST,/desembolsos,201,249.2,120.1,,9b977633-c55f-447e-9cb1-7dfd3a14cdf2,1,60
2026-09-24T05:22:55.993,POST,/desembolsos,201,244.5,119.2,,63e8989f-6014-4117-9bad-f6222f8b5072,1,60
2026-09-24T05:22:56.108,POST,/desembolsos,201,246.3,122.4,,c199ab41-ccb2-40ea-83da-932632c25597,1,60
2026-09-24T05:22:56.174,POST,/desembolsos,201,234.2,111.1,,631998c0-1963-406d-bed3-424d570239a4,1,60
2026-09-24T05:22:56.284,POST,/desembolsos,201,247.3,123.7,,f4527808-32a6-484f-a72f-95e3b0e55817,1,60
2026-09-24T05:22:56.392,POST,/desembolsos,201,242.3,125.0,,3ca3c62e-33fc-4011-b42c-8ba80826aabf,1,60
2026-09-24T05:22:56.492,POST,/desembolsos,201,229.9,110.5,,fe364a0d-fed7-4e87-a8ef-600b077226d1,1,60
2026-09-24T05:22:56.592,POST,/desembolsos,201,240.3,116.3,,eb56a2fb-bbf8-42ec-8943-e15aedd48165,1,60
2026-09-24T05:22:56.684,POST,/desembolsos,201,263.3,139.9,,c16d39a9-d7b0-44a4-b660-15b88ef71d4b,1,60
2026-09-24T05:22:56.808,POST,/desembolsos,201,248.9,124.4,,e7ddf7bf-b64e-4ab4-9e2e-0c88546f40ef,1,60
2026-09-24T05:22:56.890,POST,/desembolsos,201,235.1,115.0,,d8213fcc-e693-45b5-868b-36b9ff8b0618,1,60
2026-09-24T05:22:56.987,POST,/desembolsos,201,238.9,114.3,,1cc8f57e-2abf-4433-a46b-2e1015a2eabb,1,60
2026-09-24T05:22:57.098,POST,/desembolsos,201,227.0,110.0,,911804c1-d869-49a9-b74d-4e8b1c9259ac,1,60
2026-09-24T05:22:57.199,POST,/desembolsos,201,244.5,118.7,,fcb5af31-7999-455c-bf77-7239583c3bc2,1,60
2026-09-24T05:22:57.289,POST,/desembolsos,201,229.5,112.0,,8f73c685-f237-4dfb-870e-5d30f4de547c,1,60
2026-09-24T05:22:57.401,POST,/desembolsos,201,236.8,111.1,,0a65d59c-6d3c-44a3-a577-12c36c38610d,1,60
2026-09-24T05:22:57.496,POST,/desembolsos,201,242.0,117.3,,ed02d39f-5421-447d-a4a7-6f15328bc984,1,60
2026-09-24T05:22:57.592,POST,/desembolsos,201,242.3,112.6,,34bd4520-e077-4312-95f9-f46b90e60d40,1,60
2026-09-24T05:22:57.683,POST,/desembolsos,201,240.0,111.2,,e61b9e67-1d54-471a-a86f-b4dbf5241cf1,1,60
2026-09-24T05:22:57.793,POST,/desembolsos,201,242.9,114.9,,733117ce-80d8-4aa0-b117-751f1c569f92,1,60
2026-09-24T05:22:57.883,POST,/desembolsos,201,233.3,114.8,,b743d165-cbc8-44d4-a42c-839aa0b5ca23,1,60
2026-09-24T05:22:57.997,POST,/desembolsos,201,245.2,112.2,,585849a3-7aba-4456-9147-86256b02fa99,1,60
2026-09-24T05:22:58.094,POST,/desembolsos,201,264.0,133.8,,6ac3d27f-7894-4b20-a0bf-36b5c3421286,1,60
2026-09-24T05:22:58.184,POST,/desembolsos,201,235.3,112.7,,27606406-ab8a-4f53-bc42-a143205444f5,1,60
2026-09-24T05:22:58.276,POST,/desembolsos,201,233.5,112.4,,116b18d5-edba-4afe-82e9-2fc10ad88403,1,60
2026-09-24T05:22:58.368,POST,/desembolsos,201,236.6,113.8,,97060a3f-1a05-4d81-b04d-68e2684a8f46,1,60
2026-09-24T05:22:58.483,POST,/desembolsos,201,277.4,110.9,,dcf8f74f-8686-4350-aad4-625395419f07,1,60
2026-09-24T05:22:58.583,POST,/desembolsos,201,239.5,112.7,,2b66b9fe-8bb7-40e8-991a-6d05a220998c,1,60
2026-09-24T05:22:58.692,POST,/desembolsos,201,241.2,118.9,,6ccd94b8-5561-46d1-b6c4-294d19ceb27d,1,60
2026-09-24T05:22:58.798,POST,/desembolsos,201,234.6,112.9,,2dffaef8-b798-463d-8042-d9068fcafc09,1,60
2026-09-24T05:22:58.891,POST,/desembolsos,201,230.0,112.0,,3860da52-ddd9-4248-8deb-91425a3b2184,1,60
2026-09-24T05:22:58.989,POST,/desembolsos,201,237.9,114.1,,44498009-ed28-402c-b911-a5804a5d1b85,1,60
2026-09-24T05:22:59.088,POST,/desembolsos,201,262.7,118.2,,ea8c2372-6257-498f-b2f1-8ed578cc98e3,1,60
2026-09-24T05:22:59.201,POST,/desembolsos,201,266.4,150.3,,b5c0fd4c-8af0-4fde-a03c-d9757707c0f6,1,60
2026-09-24T05:22:59.284,POST,/desembolsos,201,249.0,117.5,,dbae5891-caee-4eab-b116-87d7ac05d953,1,60
2026-09-24T05:22:59.384,POST,/desembolsos,201,241.6,114.4,,247711cd-0d44-40b6-8a4a-4c59a29d77a0,1,60
2026-09-24T05:22:59.492,POST,/desembolsos,201,232.1,111.2,,e60cade8-d5ea-4346-a403-879417f8bdd0,1,60
2026-09-24T05:22:59.592,POST,/desembolsos,201,236.8,115.7,,adcb7e98-f3a8-4844-93be-92a7e919f921,1,60
2026-09-24T05:22:59.692,POST,/desembolsos,201,246.8,124.1,,473db289-c4da-45b7-aa93-fc9743b642e0,1,60
2026-09-24T05:22:59.791,POST,/desembolsos,201,241.4,112.0,,b1724a62-4527-4542-8ad0-1824d9747b56,1,60
2026-09-24T05:22:59.889,POST,/desembolsos,201,252.7,129.9,,4664c1c0-beb6-4aed-9d78-3fa277696668,1,60
2026-09-24T05:22:59.999,POST,/desembolsos,201,236.3,114.2,,12bbdd9c-c380-4f1c-996f-720e9354deab,1,60
2026-09-24T05:23:00.111,POST,/desembolsos,201,236.5,116.3,,53ac6d27-4a09-480e-af2e-e82a5811547a,1,60
2026-09-24T05:23:00.201,POST,/desembolsos,201,233.8,113.6,,7f8b8b89-0b29-41c8-bb5c-60e203f62ae4,1,60
2026-09-24T05:23:00.292,POST,/desembolsos,201,246.8,119.0,,ed89e566-3bb6-4b47-95d6-f07b39728625,1,60
2026-09-24T05:23:00.392,POST,/desembolsos,201,231.6,113.9,,d7e0a6e3-744c-4f25-aac5-cce4a42aaa1c,1,60
2026-09-24T05:23:00.501,POST,/desembolsos,201,231.8,112.4,,29475d2a-e962-4f72-b634-c8fd0defbfb1,1,60
2026-09-24T05:23:00.584,POST,/desembolsos,201,231.2,113.6,,1078430b-b48a-4183-a9de-b23fee883a5c,1,60
