timestamp_iso,metodo,endpoint,status_code,latency_ms,connect_ms,error,siniestro_id,intento,hilos_activos
2026-09-24T07:02:52.613,POST,/desembolsos,201,227.4,83.4,,9d467aae-8902-4cb9-af0d-4e510427339c,1,1
2026-09-24T07:02:52.727,POST,/desembolsos,201,181.9,86.8,,01c15b07-e7a9-4991-afa6-224afe566d62,1,2
2026-09-24T07:02:52.811,POST,/desembolsos,201,179.8,88.9,,3e92c2e3-26a4-4916-9b70-3ddc026109da,1,3
2026-09-24T07:02:52.907,POST,/desembolsos,201,182.9,93.5,,58f31ab9-c698-445e-8cd4-b6c5915a9705,1,4
2026-09-24T07:02:53.035,POST,/desembolsos,201,223.7,131.9,,5fbf1050-c3d5-4f2a-8c9a-04ec776c1093,1,5
2026-09-24T07:02:53.118,POST,/desembolsos,201,203.0,90.7,,12f8d8f5-fbe7-4bc7-8618-634368d9f646,1,7
2026-09-24T07:02:53.208,POST,/desembolsos,201,228.0,112.7,,9c66d70f-956c-434a-ad5d-8316ebec874c,1,8
2026-09-24T07:02:53.306,POST,/desembolsos,201,221.6,129.6,,8b41a2b4-01a9-4746-98e8-fb84b3a761cf,1,9
2026-09-24T07:02:53.419,POST,/desembolsos,201,177.5,87.1,,073cdbf8-dfc2-441f-8da0-3c2921aac29b,1,10
2026-09-24T07:02:53.505,POST,/desembolsos,201,175.1,84.0,,ca5be27e-81b8-4308-bf0b-599899b9c01f,1,11
2026-09-24T07:02:53.636,POST,/desembolsos,201,186.4,87.4,,31845874-cc8d-4047-bfea-6ac30a3b7f0a,1,13
2026-09-24T07:02:53.718,POST,/desembolsos,201,188.2,98.5,,2bf2557f-82c8-4fbb-90d8-ae2758a8d916,1,14
2026-09-24T07:02:53.816,POST,/desembolsos,201,219.8,84.7,,c3aa54e6-5c18-4566-bb4b-7806295c723f,1,15
2026-09-24T07:02:53.929,POST,/desembolsos,201,196.0,106.3,,58447dd2-8a90-476a-afcf-1f0e1f6d09a5,1,16
2026-09-24T07:02:54.025,POST,/desembolsos,201,193.0,91.2,,472bfd35-c0c8-471b-bd2d-0a6fcbeea1bc,1,18
2026-09-24T07:02:54.116,POST,/desembolsos,201,186.1,96.9,,62d5d5a1-3abe-4a52-ae2b-27030a9260a5,1,19
2026-09-24T07:02:54.212,POST,/desembolsos,201,175.3,83.0,,93ab1b68-f210-4cc6-9f07-69494bb3fec0,1,20
2026-09-24T07:02:54.323,POST,/desembolsos,201,178.1,89.1,,44ca8355-08b8-4198-b46f-8bc7a475c815,1,21
2026-09-24T07:02:54.434,POST,/desembolsos,201,172.1,84.1,,823f6b52-0e56-4e67-99df-95081afd2aa5,1,22
2026-09-24T07:02:54.518,POST,/desembolsos,201,171.0,83.2,,bc824c95-06bb-447a-b583-07d9b3532b1c,1,23
2026-09-24T07:02:54.636,POST,/desembolsos,201,173.5,83.4,,e22d42f1-edab-4833-954a-8437747bff92,1,25
2026-09-24T07:02:54.716,POST,/desembolsos,201,177.4,83.9,,2331d7ca-aae2-4b5b-8a52-d98dffacd6ec,1,26
2026-09-24T07:02:54.802,POST,/desembolsos,201,188.5,94.0,,35325f43-5423-47e9-b296-636b06784cda,1,27
2026-09-24T07:02:54.932,POST,/desembolsos,201,175.2,84.5,,7c39a986-7bea-474b-ae34-2b6fc5898b70,1,28
2026-09-24T07:02:55.016,POST,/desembolsos,201,227.4,91.2,,25c0b693-ee67-4e24-88a2-fb07987f73f1,1,29
2026-09-24T07:02:55.097,POST,/desembolsos,201,226.2,136.2,,ceace3bd-08b0-43bb-af88-2e89e2b9b44a,1,31
2026-09-24T07:02:55.230,POST,/desembolsos,201,173.9,84.9,,b5f9b6a8-2a28-4a33-8d6f-650b203d12de,1,32
2026-09-24T07:02:55.311,POST,/desembolsos,201,180.6,84.3,,bc55f6d0-f7ad-49cd-b762-b6cc32781df3,1,33
2026-09-24T07:02:55.441,POST,/desembolsos,201,178.2,85.2,,eb90de5d-8b53-45f3-8b5e-dbee83da53d6,1,34
2026-09-24T07:02:55.524,POST,/desembolsos,201,174.7,86.4,,dd01cf46-4f9d-4f27-b62c-c14f7352a5e2,1,36
2026-09-24T07:02:55.607,POST,/desembolsos,201,175.9,86.9,,eccc337b-1117-4a85-8a54-02095c6d0c30,1,37
2026-09-24T07:02:55.733,POST,/desembolsos,201,176.6,86.4,,1f728f8f-4f43-4618-b23c-98dc2574de10,1,38
2026-09-24T07:02:55.819,POST,/desembolsos,201,179.9,83.4,,dc74610d-254f-41e5-a36c-938b427f185c,1,39
2026-09-24T07:02:55.936,POST,/desembolsos,201,178.4,86.2,,eedb6b6a-7e08-410c-9bab-df471bd9d534,1,40
2026-09-24T07:02:56.017,POST,/desembolsos,201,182.7,89.0,,b76b9d26-2ab4-48e4-bede-de2d74659934,1,41
2026-09-24T07:02:56.114,POST,/desembolsos,201,185.6,82.7,,fad8da7f-deaf-4368-86b3-f6cf28113a7b,1,43
2026-09-24T07:02:56.196,POST,/desembolsos,201,184.5,94.2,,badc50c1-eeb6-4487-a165-a313e6e11d50,1,44
2026-09-24T07:02:56.329,POST,/desembolsos,201,182.5,92.7,,ebf6563f-da4b-4d3a-a066-256dd7793f9b,1,45
2026-09-24T07:02:56.409,POST,/desembolsos,201,174.7,85.7,,e3c691ca-6f9f-4aed-8246-929e5129ac87,1,46
2026-09-24T07:02:56.508,POST,/desembolsos,201,172.0,83.9,,e0b5821f-6879-4c2b-934a-1468a0570ca8,1,47
2026-09-24T07:02:56.619,POST,/desembolsos,201,172.8,84.2,,1079a1ec-1273-409e-8423-2fa9f100bf21,1,49
2026-09-24T07:02:56.701,POST,/desembolsos,201,169.8,82.4,,ccbe18d2-c087-4513-b370-458f5ff4fbae,1,50
2026-09-24T07:02:56.842,POST,/desembolsos,201,174.3,86.7,,2a8bb151-55f5-4cdd-94e2-bc0b4ca1b1ef,1,51
2026-09-24T07:02:56.928,POST,/desembolsos,201,175.5,84.4,,2fed788c-410e-4896-b2fa-56cd47857e87,1,52
2026-09-24T07:02:57.009,POST,/desembolsos,201,177.1,84.6,,7ff22ccf-e9d3-4db2-bf89-bf34a7c18146,1,53
2026-09-24T07:02:57.123,POST,/desembolsos,201,176.7,83.3,,6ded3a82-5ede-4ca3-b303-da4d25b4a99f,1,55
2026-09-24T07:02:57.238,POST,/desembolsos,201,181.6,87.7,,03f9e2ae-ffd0-4cde-a41f-ae3bc81f970d,1,56
2026-09-24T07:02:57.317,POST,/desembolsos,201,180.0,89.0,,307cd184-d583-4b1f-af63-8643599bc0a3,1,57
2026-09-24T07:02:57.419,POST,/desembolsos,201,194.8,93.1,,c2eaa137-1d2e-441e-8d79-b11abcd323d1,1,58
2026-09-24T07:02:57.492,POST,/desembolsos,201,193.0,104.2,,a4c67a06-fa9c-4eb6-a615-a8aaec75f194,1,59
2026-09-24T07:02:57.608,POST,/desembolsos,201,173.2,83.4,,57d9f826-502a-47fc-bbd1-d003a589dc1e,1,60
2026-09-24T07:02:57.695,POST,/desembolsos,201,192.7,101.3,,19144892-39f0-428b-92b3-cddba891ccf9,1,60
2026-09-24T07:02:57.824,POST,/desembolsos,201,175.0,84.0,,8a5ed0b2-ea5c-4108-a83a-be85f6e3f802,1,60
2026-09-24T07:02:57.907,POST,/desembolsos,201,191.4,85.1,,03b3cc2f-5deb-401b-8c4b-a8dde5abd7f7,1,60
2026-09-24T07:02:57.999,POST,/desembolsos,201,229.4,99.4,,00daf8c8-c508-4ccc-940b-6e7d97581ab7,1,60
2026-09-24T07:02:58.131,POST,/desembolsos,201,180.1,90.1,,67fdc539-d1ba-419d-9e5b-805d52113f7d,1,60
2026-09-24T07:02:58.212,POST,/desembolsos,201,173.7,84.5,,961fea96-e59a-40d1-8bd7-877fdbbf4674,1,60
2026-09-24T07:02:58.310,POST,/desembolsos,201,175.1,85.5,,eaa9b1c4-62d7-43fe-a912-19825310d2b6,1,60
2026-09-24T07:02:58.426,POST,/desembolsos,201,174.5,83.7,,886ce2d5-ce13-47b9-954f-6e660fd2f0dd,1,60
2026-09-24T07:02:58.537,POST,/desembolsos,201,170.9,81.9,,17f694dc-3f6a-4ff8-a4bd-e0a3ce877327,1,60
2026-09-24T07:02:58.588,POST,/desembolsos,201,187.2,83.6,,57c0cc7a-3db9-488e-9111-1e5013489270,1,60
2026-09-24T07:02:58.708,POST,/desembolsos,201,171.4,81.9,,a85566b9-5c45-4edc-833a-f321221f223c,1,60
2026-09-24T07:02:58.823,POST,/desembolsos,201,176.6,85.1,,abe7a4a2-48f2-4011-b926-bd6de3d3a36b,1,60
2026-09-24T07:02:58.939,POST,/desembolsos,201,180.2,85.1,,d8302980-511f-4732-91ef-df048551e31c,1,60
2026-09-24T07:02:59.019,POST,/desembolsos,201,176.1,84.1,,067a7a03-f44f-4306-93e2-64e14a135a98,1,60
2026-09-24T07:02:59.101,POST,/desembolsos,201,181.0,85.6,,2932a650-049a-46ea-bcbf-a9a265d9766f,1,60
2026-09-24T07:02:59.195,POST,/desembolsos,201,175.4,82.5,,9758279c-3fe4-4aca-b447-5ee3eae902c5,1,60
2026-09-24T07:02:59.314,POST,/desembolsos,201,188.0,100.3,,f078803b-22a1-4e3c-9a7c-69055e691d85,1,60
2026-09-24T07:02:59.413,POST,/desembolsos,201,173.8,83.8,,e5448341-c598-4b14-a136-ab166e2ff7ad,1,60
2026-09-24T07:02:59.533,POST,/desembolsos,201,174.0,86.6,,8352514d-fac6-4c15-9090-f445b736f750,1,60
2026-09-24T07:02:59.618,POST,/desembolsos,201,188.6,87.0,,ea9e1f3e-3eff-4c9f-800c-585f7c077a82,1,60
2026-09-24T07:02:59.692,POST,/desembolsos,201,198.0,101.9,,79d108b5-a046-4e02-957f-111c0f7f1d91,1,60
2026-09-24T07:02:59.824,POST,/desembolsos,201,207.3,88.3,,301aefdb-675f-4f94-b4c9-b31b26cd3bad,1,60
2026-09-24T07:02:59.894,POST,/desembolsos,201,225.7,128.7,,d4485220-b1ee-4d3a-8353-ec3fd1d2c3cc,1,60
2026-09-24T07:03:00.021,POST,/desembolsos,201,186.7,87.5,,644c031f-b0aa-4f56-b54a-0a3ef5e97423,1,60
2026-09-24T07:03:00.099,POST,/desembolsos,201,193.2,102.8,,dde77696-4b88-4a27-b957-10e83fd554ea,1,60
2026-09-24T07:03:00.229,POST,/desembolsos,201,174.5,83.4,,525a454f-e9ab-4406-8e5f-007d5db6aabd,1,60
2026-09-24T07:03:00.311,POST,/desembolsos,201,180.7,91.1,,bcbf23f0-9fb8-46bb-b7d6-e2cec676cef2,1,60
2026-09-24T07:03:00.403,POST,/desembolsos,201,174.8,84.3,,d90e78fb-60d1-4c5e-8aef-929a4007b7ea,1,60
2026-09-24T07:03:00.534,POST,/desembolsos,201,181.9,90.2,,17a06729-f8c2-40aa-8c17-c4bfefd51328,1,60
2026-09-24T07:03:00.608,POST,/desembolsos,201,172.9,83.8,,a76b3bbd-c628-4f54-ab36-a86dcb3b77eb,1,60
2026-09-24T07:03:00.718,POST,/desembolsos,201,215.7,116.3,,b65e1546-5072-4fde-9efb-bbb2b14fde8b,1,60
2026-09-24T07:03:00.816,POST,/desembolsos,201,178.2,88.1,,6154540c-b7e6-4983-9929-c225fc7dbd07,1,60
2026-09-24T07:03:00.929,POST,/desembolsos,201,174.3,85.9,,f920d061-9ac4-4448-b7af-5df3cfc0566b,1,60
2026-09-24T07:03:01.011,POST,/desembolsos,201,176.9,84.1,,33283842-2490-4dda-8b34-4bf73fdef0e9,1,60
2026-09-24T07:03:01.124,POST,/desembolsos,201,209.7,86.5,,03c96480-c296-4afe-90b8-591f24bf75ce,1,60
2026-09-24T07:03:01.200,POST,/desembolsos,201,239.8,123.5,,2df1de32-0f19-480b-bc44-3b6eda733b32,1,60
2026-09-24T07:03:01.328,POST,/desembolsos,201,201.4,101.1,,91e1ce19-af42-43b4-8896-187f6941a9b8,1,60
2026-09-24T07:03:01.425,POST,/desembolsos,201,197.2,98.7,,3256c386-d26e-4ae9-acb3-d11232d4ef02,1,60
2026-09-24T07:03:01.521,POST,/desembolsos,201,183.7,92.7,,ca728920-b48b-4e34-b6a8-3a5d29ac7a05,1,60
2026-09-24T07:03:01.603,POST,/desembolsos,201,197.5,101.5,,a6a84c37-064a-4cf5-8d35-d030d9d53439,1,60
2026-09-24T07:03:01.700,POST,/desembolsos,201,179.6,86.4,,da6994b7-e51b-4733-927c-80d605110e3a,1,60
2026-09-24T07:03:01.833,POST,/desembolsos,201,222.1,124.5,,c6f5bfd6-506f-44e6-a634-7163fb94cebb,1,60
2026-09-24T07:03:01.912,POST,/desembolsos,201,243.5,143.0,,55fb338a-0a0b-4784-920f-d84314eed5d5,1,60
2026-09-24T07:03:02.042,POST,/desembolsos,201,208.4,110.2,,f62b3c80-3a5a-4c47-9d69-b0832fd1f597,1,60
2026-09-24T07:03:02.126,POST,/desembolsos,201,183.4,86.1,,23b71b36-965c-45bf-9591-05afb8bcc37d,1,60
2026-09-24T07:03:02.235,POST,/desembolsos,201,193.5,97.9,,618f3ba9-61a3-4af4-9816-a15b33c854e1,1,60
2026-09-24T07:03:02.332,POST,/desembolsos,201,190.7,94.1,,35e20d26-20f8-486d-bb1d-73af2fb25778,1,60
2026-09-24T07:03:02.415,POST,/desembolsos,201,237.2,91.6,,08b91968-d7c7-4435-a180-8de82aa506df,1,60
2026-09-24T07:03:02.513,POST,/desembolsos,201,223.1,127.5,,399be382-85b7-4f16-9427-e99e54249803,1,60
2026-09-24T07:03:02.612,POST,/desembolsos,201,208.4,118.8,,6d0285b0-671c-4e83-8e66-b88ce23172ed,1,60
2026-09-24T07:03:02.719,POST,/desembolsos,201,178.3,88.0,,b5100223-8a4b-4639-8647-f5fa45cf290a,1,60
2026-09-24T07:03:02.820,POST,/desembolsos,201,171.5,82.0,,af100c83-aae3-430a-9a4c-1ade01732eb8,1,60
2026-09-24T07:03:02.928,POST,/desembolsos,201,173.7,85.0,,27e468d5-46d0-414a-9cdf-c8321ddb2e53,1,60
2026-09-24T07:03:03.009,POST,/desembolsos,201,172.5,83.6,,93592b98-192e-4377-b1bc-ae313739dcef,1,60
2026-09-24T07:03:03.119,POST,/desembolsos,201,177.8,84.1,,52d82ec7-d811-4ab7-866a-d62f3cb8e1cb,1,60
2026-09-24T07:03:03.201,POST,/desembolsos,201,175.0,86.0,,6ab34250-c39b-4188-a938-d776420aeb97,1,60
2026-09-24T07:03:03.321,POST,/desembolsos,201,172.8,84.4,,e29c83a3-7e3c-488c-b36e-be5f05c113da,1,60
2026-09-24T07:03:03.405,POST,/desembolsos,201,179.7,88.8,,41b6fbb3-1cb8-4b25-b5f3-7adb98d9d81b,1,60
2026-09-24T07:03:03.544,POST,/desembolsos,201,184.9,94.8,,7ed70c64-7e76-45f6-b02a-46473f606cda,1,60
2026-09-24T07:03:03.611,POST,/desembolsos,201,188.4,90.3,,f2c0fc23-591e-4d2d-bcb4-6eeb132f33fb,1,60
2026-09-24T07:03:03.725,POST,/desembolsos,201,173.5,84.0,,56b7ad51-f817-49df-8096-5abdeb5bee33,1,60
2026-09-24T07:03:03.803,POST,/desembolsos,201,176.6,84.5,,1457adaa-0b2d-4395-82b5-46b0e0b8068e,1,60
2026-09-24T07:03:03.917,POST,/desembolsos,201,212.4,121.0,,69e0d588-5408-42b8-ae4f-102c10325a69,1,60
2026-09-24T07:03:04.033,POST,/desembolsos,201,172.3,84.8,,f39bc567-9b3a-4723-8171-43757a7fae3f,1,60
2026-09-24T07:03:04.115,POST,/desembolsos,201,175.1,84.1,,aa36ea85-b05f-4d77-97c7-96ad79c91249,1,60
2026-09-24T07:03:04.231,POST,/desembolsos,201,171.4,82.8,,49b89f0e-c274-4a47-ba31-db97b959d3f8,1,60
2026-09-24T07:03:04.309,POST,/desembolsos,201,182.9,84.6,,da35a7c1-cac9-4cc3-ac37-49e12100c75c,1,60
2026-09-24T07:03:04.401,POST,/desembolsos,201,181.0,93.9,,1e4d5c00-a925-4099-a837-d3ed74ba01e4,1,60
2026-09-24T07:03:04.535,POST,/desembolsos,201,177.1,87.1,,88dcbbb1-82df-4221-9337-bf1147ddce09,1,60
2026-09-24T07:03:04.621,POST,/desembolsos,201,171.3,84.5,,31e6c3f7-2bbb-4e53-9944-89c0b03f6ab3,1,60
2026-09-24T07:03:04.703,POST,/desembolsos,201,176.9,85.7,,30e228c2-3df0-457f-9c73-096de9866b83,1,60
2026-09-24T07:03:04.818,POST,/desembolsos,201,181.6,85.1,,eaebb12c-3f4b-4a1f-9204-2eeb2f377ab5,1,60
2026-09-24T07:03:04.927,POST,/desembolsos,201,172.9,84.0,,e2511c79-769e-4d23-9bd2-b1214b5617bd,1,60
2026-09-24T07:03:05.010,POST,/desembolsos,201,175.7,84.0,,e4147060-c98d-49b4-9199-83ab749dbb74,1,60
2026-09-24T07:03:05.119,POST,/desembolsos,201,196.7,85.3,,c758337f-91e4-4f09-b9da-c366ac6c18db,1,60
2026-09-24T07:03:05.227,POST,/desembolsos,201,190.8,91.6,,9de15cb9-f65a-4f75-8e38-455162482825,1,60
2026-09-24T07:03:05.312,POST,/desembolsos,201,179.4,86.5,,a6adbb51-688c-4bd8-bc7d-668b2b92739a,1,60
2026-09-24T07:03:05.435,POST,/desembolsos,201,177.9,84.8,,52f2573e-d818-4b2d-a2a5-d874e0b66022,1,60
2026-09-24T07:03:05.517,POST,/desembolsos,201,181.6,91.7,,b1716f7c-430a-44fd-a490-89b6cb10e7d0,1,60
2026-09-24T07:03:05.604,POST,/desembolsos,201,173.2,84.6,,1fda2f32-788d-4b70-9cfb-a6da887033c7,1,60
2026-09-24T07:03:05.717,POST,/desembolsos,201,223.2,92.0,,d7740b90-9749-4b19-8cae-087f08eaf73f,1,60
2026-09-24T07:03:05.805,POST,/desembolsos,201,217.6,125.3,,d4d72dd8-99ec-4069-99dc-50c9bc625c86,1,60
2026-09-24T07:03:05.924,POST,/desembolsos,201,175.3,87.4,,9765956a-b2da-4f5a-a25b-1c6e2a72180a,1,60
2026-09-24T07:03:06.006,POST,/desembolsos,201,171.4,83.4,,e9b33bc5-407f-4aa1-b5cb-3c8596be86dd,1,60
2026-09-24T07:03:06.083,POST,/desembolsos,201,175.3,83.3,,75bfbc8e-88ef-4335-be2e-15523a122d8c,1,60
2026-09-24T07:03:06.229,POST,/desembolsos,201,173.1,84.2,,39bdcdfc-7589-4b4f-97fd-1a28538436fb,1,60
2026-09-24T07:03:06.312,POST,/desembolsos,201,181.5,85.9,,976be60d-13cd-441b-b7f5-38bfbca3adc0,1,60
2026-09-24T07:03:06.394,POST,/desembolsos,201,187.7,95.8,,84c7faa7-3dea-407b-8117-758f1bf23711,1,60
2026-09-24T07:03:06.492,POST,/desembolsos,201,174.1,83.8,,957881e8-c478-472d-be13-839b0cd24395,1,60
2026-09-24T07:03:06.607,POST,/desembolsos,201,173.9,85.7,,9082a6fd-027f-48e8-b713-7677803eccee,1,60
2026-09-24T07:03:06.724,POST,/desembolsos,201,174.5,83.1,,71e43669-a613-49bc-923c-68f1754d50aa,1,60
2026-09-24T07:03:06.805,POST,/desembolsos,201,177.4,85.5,,d4c236de-86bd-4dfb-a9ac-547b6697ea65,1,60
2026-09-24T07:03:06.898,POST,/desembolsos,201,174.0,85.8,,50d2b1e5-8cb3-4591-8cdc-d11d91535364,1,60
2026-09-24T07:03:07.020,POST,/desembolsos,201,196.4,101.1,,2f57f813-47be-4524-97bf-66192b417271,1,60
2026-09-24T07:03:07.121,POST,/desembolsos,201,183.1,85.8,,b02b52ac-43ca-4bf1-bd20-7220f6630a9c,1,60
2026-09-24T07:03:07.217,POST,/desembolsos,201,168.8,81.3,,54d5b689-fff0-43b9-88dc-c98f5b73f9d9,1,60
2026-09-24T07:03:07.304,POST,/desembolsos,201,173.1,82.2,,e416d5e9-8945-4789-8730-7d5fc1face5f,1,60
2026-09-24T07:03:07.424,POST,/desembolsos,201,172.9,85.3,,12f3ff6e-f059-4c6b-b26e-96e76d8c25f7,1,60
2026-09-24T07:03:07.508,POST,/desembolsos,201,170.2,82.9,,4ce8dbe2-d44f-450e-a901-0511f8a7ab24,1,60
2026-09-24T07:03:07.627,POST,/desembolsos,201,212.6,93.9,,8aaab04c-fea9-4d34-958d-6eebf5e33911,1,60
2026-09-24T07:03:07.716,POST,/desembolsos,201,213.8,118.8,,b98914a3-01d8-4015-a2b3-4e39e9bc2375,1,60
2026-09-24T07:03:07.814,POST,/desembolsos,201,193.8,102.3,,45e0b0bb-ff58-41dd-9e20-f2a6bd184592,1,60
2026-09-24T07:03:07.916,POST,/desembolsos,201,175.0,83.5,,d025ceec-2dc3-46d0-a3de-c4a5126fbea6,1,60
2026-09-24T07:03:08.007,POST,/desembolsos,201,212.5,85.6,,fe6e1a76-f763-4e31-8ca9-3293f390df97,1,60
2026-09-24T07:03:08.091,POST,/desembolsos,201,217.0,129.1,,c5d879d9-91f0-409b-a132-3dd10e429418,1,60
2026-09-24T07:03:08.215,POST,/desembolsos,201,174.6,83.7,,35a817e7-b1a4-405c-bd42-ba569c08c72e,1,60
2026-09-24T07:03:08.308,POST,/desembolsos,201,182.5,81.2,,34febe8d-6f85-4bb9-be2a-ec78401b3e1c,1,60
2026-09-24T07:03:08.424,POST,/desembolsos,201,171.9,83.4,,0b4ff5d1-13f4-4ad6-99b4-84f9c35efa9b,1,60
2026-09-24T07:03:08.490,POST,/desembolsos,201,171.0,82.1,,1687633e-6ea7-4d51-8b14-edd247f0981e,1,60
2026-09-24T07:03:08.634,POST,/desembolsos,201,173.7,82.7,,70f5994f-1daa-43b2-9e85-7ec4fda0787b,1,60
2026-09-24T07:03:08.709,POST,/desembolsos,201,179.3,85.6,,f0f93d1c-e275-4e5a-825d-2c00d5b3c9d2,1,60
2026-09-24T07:03:08.825,POST,/desembolsos,201,179.7,85.1,,74fe5eb5-7161-4fb4-a79e-8ba5ff1d5450,1,60
2026-09-24T07:03:08.910,POST,/desembolsos,201,196.2,95.0,,2ac69f6a-5fc4-44cb-b1a5-bb2d9762bdf7,1,60
2026-09-24T07:03:09.038,POST,/desembolsos,201,173.3,84.2,,dc26cdbb-d382-4325-ac81-ef4b806d15d6,1,60
2026-09-24T07:03:09.104,POST,/desembolsos,201,180.4,91.0,,4b4e7a7e-5134-4d1e-aecc-82d2cee853e6,1,60
2026-09-24T07:03:09.195,POST,/desembolsos,201,175.0,83.7,,0d66da50-afd5-4e21-bde5-461a4bb652dd,1,60
2026-09-24T07:03:09.286,POST,/desembolsos,201,172.4,84.9,,4ea58165-5022-467c-94c1-44fa0d16b208,1,60
2026-09-24T07:03:09.422,POST,/desembolsos,201,174.4,86.5,,c823ce49-6778-4d46-b230-16d526c26cdc,1,60
2026-09-24T07:03:09.508,POST,/desembolsos,201,174.8,84.4,,46a2b0ce-1adc-4925-928a-60a6ed7f5e10,1,60
2026-09-24T07:03:09.629,POST,/desembolsos,201,195.1,87.4,,e0629434-7b2e-4a6d-ac03-8cf17fd5f316,1,60
2026-09-24T07:03:09.715,POST,/desembolsos,201,200.1,108.6,,385e6ab2-df34-4276-875b-147df605e049,1,60
2026-09-24T07:03:09.815,POST,/desembolsos,201,174.0,86.0,,0421edfd-3144-4c4d-abd0-fdfe9105f736,1,60
2026-09-24T07:03:09.901,POST,/desembolsos,201,171.3,82.5,,900261a9-1b72-4c3f-a807-b42cbbfb19c3,1,60
2026-09-24T07:03:10.027,POST,/desembolsos,201,176.6,86.0,,3ec8a558-3388-4a40-a6b0-da779b4c1093,1,60
2026-09-24T07:03:10.111,POST,/desembolsos,201,173.1,82.8,,294a15e5-893e-4f98-8485-0d45f9253fb5,1,60
2026-09-24T07:03:10.227,POST,/desembolsos,201,173.1,86.2,,d011fc3a-a57b-4b66-a031-37d68568a229,1,60
2026-09-24T07:03:10.313,POST,/desembolsos,201,176.4,84.4,,61351f37-0e9c-4dd4-a6be-9a9bffa934e7,1,60
2026-09-24T07:03:10.396,POST,/desembolsos,201,170.7,81.9,,f044137c-37ff-48ff-aa8f-cc39997302f5,1,60
2026-09-24T07:03:10.532,POST,/desembolsos,201,197.8,85.9,,e3691cdc-1786-4c23-9085-a6a91ef6e449,1,60
2026-09-24T07:03:10.603,POST,/desembolsos,201,180.6,85.2,,b1cf8192-5800-48c4-b42d-19ae36477892,1,60
2026-09-24T07:03:10.710,POST,/desembolsos,201,173.8,85.3,,4f5db793-ba6f-4f30-b558-45bf76110574,1,60
2026-09-24T07:03:10.827,POST,/desembolsos,201,173.9,86.3,,a8d17cfb-2759-4af2-9a69-5d0e94d77dd2,1,60
2026-09-24T07:03:10.908,POST,/desembolsos,201,242.7,93.0,,335e7a7b-9214-41aa-881a-6a7c2bdc26f9,1,60
2026-09-24T07:03:11.036,POST,/desembolsos,201,183.5,90.3,,b45daf4c-2803-4bf9-a794-d4526f1058fa,1,60
2026-09-24T07:03:11.116,POST,/desembolsos,201,172.9,84.0,,f5860c8d-9ad2-417f-b690-24f80272818b,1,60
2026-09-24T07:03:11.199,POST,/desembolsos,201,171.8,82.6,,b7ed91e5-c4e9-42bd-879a-b69118e2293e,1,60
2026-09-24T07:03:11.332,POST,/desembolsos,201,177.0,82.1,,d6f48445-cab2-41ee-ac92-9f32c724b42a,1,60
2026-09-24T07:03:11.412,POST,/desembolsos,201,193.8,96.3,,55a7c60a-13e4-4e89-981f-52413ceb4531,1,60
2026-09-24T07:03:11.506,POST,/desembolsos,201,188.2,90.6,,dfd69f28-f191-4311-98f0-d8183b693d9f,1,60
2026-09-24T07:03:11.606,POST,/desembolsos,201,177.6,87.8,,c5e7f7f0-a022-4465-b011-dd6ec7620104,1,60
2026-09-24T07:03:11.693,POST,/desembolsos,201,176.6,83.7,,6f5ed524-6581-4cda-bc6a-911c8bfd75e9,1,60
2026-09-24T07:03:11.822,POST,/desembolsos,201,177.1,89.6,,56b92cc1-5e63-4b4d-9c29-843bc3bef87d,1,60
2026-09-24T07:03:11.943,POST,/desembolsos,201,197.0,95.4,,bfeb4cbe-a2e7-42aa-aff1-eda4cab23d24,1,60
2026-09-24T07:03:12.029,POST,/desembolsos,201,181.0,87.9,,a9f8e973-5d09-4284-bfb0-1f48804de4a9,1,60
2026-09-24T07:03:12.110,POST,/desembolsos,201,182.1,92.2,,5e9ed110-ef18-4c9b-b710-25b960a9c52b,1,60
2026-09-24T07:03:12.202,POST,/desembolsos,201,188.9,81.6,,f45c85a8-5f48-49e8-9565-f0bf84e7b49e,1,60
2026-09-24T07:03:12.326,POST,/desembolsos,201,239.3,143.4,,7c95b962-2a10-49e1-8d98-1e4cfa779bf5,1,60
2026-09-24T07:03:12.423,POST,/desembolsos,201,208.7,118.8,,a9beeae9-eff4-4e10-9cae-cc76e6b558d4,1,60
2026-09-24T07:03:12.534,POST,/desembolsos,201,175.1,83.4,,09225691-fbfb-4dd0-890d-5df5e1f12a1a,1,60
2026-09-24T07:03:12.608,POST,/desembolsos,201,175.3,83.9,,88e982f6-2f83-4a63-9d05-e72a316bf70d,1,60
2026-09-24T07:03:12.709,POST,/desembolsos,201,173.8,84.3,,cb6192a7-b275-4ce8-84b7-48aea14ebcbb,1,60
2026-09-24T07:03:12.822,POST,/desembolsos,201,175.5,85.2,,8e0d9170-4bad-46c4-a66d-b94b31f01380,1,60
2026-09-24T07:03:12.934,POST,/desembolsos,201,227.0,135.3,,43202426-050b-442f-9149-d87ec7df1019,1,60
2026-09-24T07:03:13.029,POST,/desembolsos,201,171.6,84.3,,109b6545-df10-4f26-9b8f-9ae1b2e1339b,1,60
2026-09-24T07:03:13.139,POST,/desembolsos,201,171.8,82.7,,059099f2-4f89-431a-8d6f-c26e8b46eb9d,1,60
2026-09-24T07:03:13.219,POST,/desembolsos,201,175.2,83.5,,833bed57-9149-41e5-b57f-988465c4d8d0,1,60
2026-09-24T07:03:13.304,POST,/desembolsos,201,189.7,87.3,,73056dca-27ff-4023-8285-e648ee439047,1,60
2026-09-24T07:03:13.414,POST,/desembolsos,201,216.8,89.2,,d0d525cd-0efb-46f2-864e-fd7ae3754ec0,1,60
2026-09-24T07:03:13.543,POST,/desembolsos,201,180.4,88.0,,71474ee7-6332-49a7-b6c8-25e5a8fe0306,1,60
2026-09-24T07:03:13.631,POST,/desembolsos,201,178.8,87.7,,bb13720e-8a17-4a0c-b0fe-8c7c90e3607b,1,60
2026-09-24T07:03:13.717,POST,/desembolsos,201,176.4,84.5,,d77ed39c-423e-4004-85c7-459168178bb3,1,60
2026-09-24T07:03:13.826,POST,/desembolsos,201,183.7,86.6,,fd23846b-dd47-48ff-b579-ebe7e5123000,1,60
2026-09-24T07:03:13.940,POST,/desembolsos,201,177.5,85.7,,75825712-47a7-4740-ad64-c42d48cb551a,1,60
2026-09-24T07:03:14.004,POST,/desembolsos,201,172.0,82.9,,06faa893-94c8-488f-a686-7ffbfb9bac13,1,60
2026-09-24T07:03:14.117,POST,/desembolsos,201,232.3,84.9,,7169e2d7-fbff-4b39-8a43-44eef2a5a8b7,1,60
2026-09-24T07:03:14.227,POST,/desembolsos,201,205.8,117.6,,d71a8789-8023-4b85-9335-6cdd4f0064be,1,60
2026-09-24T07:03:14.337,POST,/desembolsos,201,188.5,93.4,,0a740f62-9b78-4eb2-a21b-1db7facbce10,1,60
2026-09-24T07:03:14.414,POST,/desembolsos,201,175.7,87.4,,69936d0f-36e8-4695-994d-139b5a52ec3d,1,60
2026-09-24T07:03:14.525,POST,/desembolsos,201,172.6,84.6,,5928aa92-039d-4a35-80c2-f0e53a2fb73d,1,60
2026-09-24T07:03:14.609,POST,/desembolsos,201,172.6,83.6,,e6f2d8df-caf5-467c-a73f-d48991da017c,1,60
2026-09-24T07:03:14.721,POST,/desembolsos,201,222.4,93.5,,4f0ea31e-7252-452a-a6e7-7c3646cf17e9,1,60
2026-09-24T07:03:14.814,POST,/desembolsos,201,213.5,122.7,,7364dcbb-c6ab-4ebd-9ee6-e38d3570e608,1,60
2026-09-24T07:03:14.937,POST,/desembolsos,201,183.1,88.3,,5a8dc17c-b909-41f5-a332-1580cabcc54d,1,60
2026-09-24T07:03:15.004,POST,/desembolsos,201,173.7,82.8,,976832a1-8947-43c4-a78e-05d61db9634d,1,60
2026-09-24T07:03:15.120,POST,/desembolsos,201,173.2,82.8,,7e089d0d-b138-4bf7-af47-b6acb34ee96c,1,60
2026-09-24T07:03:15.319,POST,/desembolsos,201,197.4,108.3,,a538ec12-ead6-41cb-be0b-47ffd701cfa7,1,60
2026-09-24T07:03:15.411,POST,/desembolsos,201,179.8,84.8,,bd0f5c39-b73a-479c-8acc-f5e30a6aedd8,1,60
2026-09-24T07:03:15.517,POST,/desembolsos,201,181.5,83.6,,dd50ed9d-589f-4ef7-8b39-2b8a779e549a,1,60
2026-09-24T07:03:15.600,POST,/desembolsos,201,180.3,91.0,,8263e4a0-0132-46db-87fd-00836c76ee0a,1,60
2026-09-24T07:03:15.236,POST,/desembolsos,201,649.8,83.9,,9d7dbba7-25f3-41d6-b42d-e39c8f1d389d,1,60
2026-09-24T07:03:15.723,POST,/desembolsos,201,179.4,83.6,,f1a890fe-4396-462a-b9ad-ab899fecc533,1,60
2026-09-24T07:03:15.806,POST,/desembolsos,201,216.5,89.8,,aa49838f-4d09-4d2b-8b20-7fdc66e9abb9,1,60
2026-09-24T07:03:15.926,POST,/desembolsos,201,185.2,96.9,,1006584e-9be5-46c4-9455-479f77d2ebc1,1,60
2026-09-24T07:03:16.021,POST,/desembolsos,201,171.8,83.2,,44ebe4b3-961e-499c-a92c-3333de069d56,1,60
2026-09-24T07:03:16.103,POST,/desembolsos,201,169.9,82.0,,6752e376-982c-4318-993a-3c2f8abbd759,1,60
2026-09-24T07:03:16.222,POST,/desembolsos,201,191.5,94.5,,92adc5b0-14ab-45c6-9489-0a326d9b644c,1,60
2026-09-24T07:03:16.316,POST,/desembolsos,201,182.4,92.4,,0f5c8296-752e-4e33-9fcd-2c8228d2fd3b,1,60
2026-09-24T07:03:16.408,POST,/desembolsos,201,175.8,85.3,,edadbddb-434d-46e1-bca0-ff6ae60c6c19,1,60
2026-09-24T07:03:16.524,POST,/desembolsos,201,173.3,83.2,,642634eb-2298-43bb-ba59-5629ff61b7da,1,60
2026-09-24T07:03:16.584,POST,/desembolsos,201,172.4,83.3,,30f54550-b630-46bd-a48d-7b6b64c1959c,1,60
2026-09-24T07:03:16.726,POST,/desembolsos,201,173.2,85.3,,5a60f4fe-8f1a-4273-82c4-3ec4dee1454f,1,60
2026-09-24T07:03:16.811,POST,/desembolsos,201,180.6,83.7,,7d667e0f-fbaa-46ae-8557-3346c939a410,1,60
2026-09-24T07:03:16.928,POST,/desembolsos,201,171.6,84.7,,6a6c8997-0719-4101-93a7-9e3dd70c61f2,1,60
2026-09-24T07:03:17.011,POST,/desembolsos,201,204.8,83.2,,8831d415-9573-4152-94be-9f6598802a45,1,60
2026-09-24T07:03:17.099,POST,/desembolsos,201,216.4,117.3,,950c232f-d6cc-4045-bc7f-ae509903e211,1,60
2026-09-24T07:03:17.215,POST,/desembolsos,201,186.9,93.8,,a9461142-0331-48d7-9f28-3a7aedfa6241,1,60
2026-09-24T07:03:17.308,POST,/desembolsos,201,184.8,88.7,,234a5891-f4a6-4240-8486-0785139ddca5,1,60
2026-09-24T07:03:17.419,POST,/desembolsos,201,174.3,82.1,,63ba8caf-e490-4cd7-957d-1329ff025749,1,60
2026-09-24T07:03:17.544,POST,/desembolsos,201,172.3,84.1,,952189de-7539-4261-be4e-2e215a8a3dba,1,60
2026-09-24T07:03:17.623,POST,/desembolsos,201,176.3,82.7,,aed3ed59-f0a5-4d2a-89af-cdeaad5bb21c,1,60
2026-09-24T07:03:17.716,POST,/desembolsos,201,188.7,82.4,,314a9156-9ac2-4cf6-aabb-df8acdba6b38,1,60
2026-09-24T07:03:17.828,POST,/desembolsos,201,209.4,117.6,,ffaa3862-efde-4f1e-9eb7-7bb64dfc9841,1,60
2026-09-24T07:03:17.905,POST,/desembolsos,201,209.3,113.1,,fafcee05-f684-42f5-bb44-6a3ade851149,1,60
2026-09-24T07:03:18.018,POST,/desembolsos,201,187.9,95.1,,570c40f5-529c-425b-8165-02df0578f0c6,1,60
2026-09-24T07:03:18.113,POST,/desembolsos,201,211.5,84.7,,efd3d010-11ea-4be1-b0d7-e58128597df6,1,60
2026-09-24T07:03:18.232,POST,/desembolsos,201,179.3,92.2,,c3ad8bc0-45ab-42f7-91ea-36ea48838558,1,60
2026-09-24T07:03:18.324,POST,/desembolsos,201,187.0,87.3,,103b2755-e7d8-4045-88c8-873570dceb1e,1,60
2026-09-24T07:03:18.411,POST,/desembolsos,201,203.4,93.6,,b7b75f2a-378b-405e-9c84-c3a93944d5a0,1,60
2026-09-24T07:03:18.504,POST,/desembolsos,201,187.3,99.7,,e3ca4aa5-b311-46e0-b354-33bf59ab4d75,1,60
2026-09-24T07:03:18.603,POST,/desembolsos,201,177.6,82.6,,1b42f5c0-9d16-413d-bc01-116f6285fe15,1,60
2026-09-24T07:03:18.726,POST,/desembolsos,201,172.5,83.5,,96a20590-2633-4303-848c-6d6ab2c1d73d,1,60
2026-09-24T07:03:18.808,POST,/desembolsos,201,174.6,84.2,,731779dd-483f-448a-9b99-eb6f32903f1c,1,60
2026-09-24T07:03:18.930,POST,/desembolsos,201,211.3,117.4,,b7c6e526-dc95-4fe3-b19d-9287f4a8fa0e,1,60
2026-09-24T07:03:19.023,POST,/desembolsos,201,198.1,106.5,,5e9572a1-de8b-49f5-b8e1-12c199584d59,1,60
2026-09-24T07:03:19.129,POST,/desembolsos,201,180.3,87.1,,47178737-6093-4c58-85bc-f47889c9618d,1,60
2026-09-24T07:03:19.216,POST,/desembolsos,201,177.1,87.9,,e34f1003-152b-4cb5-a310-ea28a25c54ec,1,60
2026-09-24T07:03:19.303,POST,/desembolsos,201,173.6,83.1,,a03f69c0-9a19-420b-957a-d5eda77532ec,1,60
2026-09-24T07:03:19.440,POST,/desembolsos,201,175.1,85.1,,e5a6afc4-f650-4985-9bb7-8f6c754b64cd,1,60
2026-09-24T07:03:19.517,POST,/desembolsos,201,176.2,86.5,,b0a3b1f5-b421-47c8-b844-a7f7e7034676,1,60
2026-09-24T07:03:19.603,POST,/desembolsos,201,173.4,84.0,,dfa7b962-eb2e-4cb3-b0f0-f90aaa14c548,1,60
2026-09-24T07:03:19.693,POST,/desembolsos,201,170.8,83.6,,e1cefa8d-14e4-483b-8ee7-f87732ad26fb,1,60
2026-09-24T07:03:19.826,POST,/desembolsos,201,181.3,92.3,,68038078-518f-4fe6-b7ba-d0e580f5ac2c,1,60
2026-09-24T07:03:19.918,POST,/desembolsos,201,173.3,81.8,,655e1ffe-179e-4f2d-a0e1-c3c72ea39d51,1,60
2026-09-24T07:03:20.007,POST,/desembolsos,201,166.9,81.5,,f1c71020-d8a9-413f-aec4-581971b1ecb8,1,60
2026-09-24T07:03:20.137,POST,/desembolsos,201,178.4,86.2,,8c59b85a-7d94-4297-b76c-9393fcb77b41,1,60
2026-09-24T07:03:20.222,POST,/desembolsos,201,181.1,87.9,,49b0229e-0899-4469-a5d7-559cf8ec4c35,1,60
2026-09-24T07:03:20.309,POST,/desembolsos,201,181.5,93.6,,79800fc8-8d5f-400f-9271-a02c08138d9d,1,60
2026-09-24T07:03:20.423,POST,/desembolsos,201,180.4,91.9,,f756b3ee-8756-466b-8987-01eeb7701429,1,60
2026-09-24T07:03:20.514,POST,/desembolsos,201,170.9,83.6,,8b9644bc-4b20-4b1c-b3c9-a6c9cd87d2f0,1,60
2026-09-24T07:03:20.603,POST,/desembolsos,201,171.8,82.3,,e79aa754-dd36-4797-bbcd-791466cb8d09,1,60
2026-09-24T07:03:20.734,POST,/desembolsos,201,174.4,86.7,,4e406e55-6e2a-438c-9104-5ed33f28ac07,1,60
2026-09-24T07:03:20.820,POST,/desembolsos,201,174.5,82.0,,9aeec1fb-83d0-44db-aa13-c58ed149ca3d,1,60
2026-09-24T07:03:20.937,POST,/desembolsos,201,212.4,122.6,,8601b611-035d-4bf7-b0ac-4fa8a7bffd6b,1,60
2026-09-24T07:03:21.030,POST,/desembolsos,201,172.9,83.4,,72d65038-9bae-4b71-82fc-eec8c9985803,1,60
2026-09-24T07:03:21.113,POST,/desembolsos,201,172.3,83.5,,7178c9ee-4d30-4ed6-ab41-ef25c3caea5b,1,60
2026-09-24T07:03:21.231,POST,/desembolsos,201,173.0,84.0,,f4f8713d-8507-457a-a0b4-e8a31a3f0a3a,1,60
2026-09-24T07:03:21.314,POST,/desembolsos,201,180.0,82.8,,efbcc8ac-2cae-404a-8577-f7c679157adf,1,60
2026-09-24T07:03:21.434,POST,/desembolsos,201,183.7,85.2,,3ce3f7ec-7974-409e-961b-7b1ae6038ba8,1,60
2026-09-24T07:03:21.519,POST,/desembolsos,201,189.7,98.8,,02706fc0-95e3-44e7-9b71-d1c0dba5caa4,1,60
2026-09-24T07:03:21.617,POST,/desembolsos,201,176.0,86.8,,5094f8cf-4ea8-4bc2-9122-91ed33549b9f,1,60
2026-09-24T07:03:21.709,POST,/desembolsos,201,172.9,84.1,,a02c066c-9aa1-48c5-b591-f37c6f016bad,1,60
2026-09-24T07:03:21.836,POST,/desembolsos,201,176.3,82.5,,0bbd4a91-e10f-495e-a037-ff587ece3eab,1,60
2026-09-24T07:03:21.910,POST,/desembolsos,201,171.1,82.2,,80689b24-47fe-4143-b0cc-71ab95e5398b,1,60
2026-09-24T07:03:22.012,POST,/desembolsos,201,179.7,89.7,,4a2bd5d1-b9c5-42f6-89b9-cb7cd0550016,1,60
2026-09-24T07:03:22.121,POST,/desembolsos,201,185.4,84.9,,f5ed0873-b4a2-45f9-ab7a-2a999fa97c89,1,60
2026-09-24T07:03:22.233,POST,/desembolsos,201,213.6,120.5,,982a4ae1-8797-47e1-8b0c-347d4999ece8,1,60
2026-09-24T07:03:22.306,POST,/desembolsos,201,169.6,82.2,,a30ac9fd-050b-4319-a3f7-bdc2e832ac7b,1,60
2026-09-24T07:03:22.435,POST,/desembolsos,201,171.2,84.4,,ba803d66-3d60-4d74-99e3-2ee5593782a0,1,60
2026-09-24T07:03:22.519,POST,/desembolsos,201,175.8,87.3,,5a65ec8f-2506-4bbb-9144-b5d5a5d7b56f,1,60
2026-09-24T07:03:22.636,POST,/desembolsos,201,175.5,85.2,,149c0060-d3d1-4a35-bc21-9c8b9f1d2967,1,60
2026-09-24T07:03:22.718,POST,/desembolsos,201,178.0,87.2,,e0bc9d25-ceca-4a01-b41a-71acd65a2b83,1,60
2026-09-24T07:03:22.834,POST,/desembolsos,201,189.5,92.3,,0234a2f4-2a53-42b3-8461-a4fb0486959e,1,60
2026-09-24T07:03:22.914,POST,/desembolsos,201,187.7,85.8,,fddf0529-bf86-4806-9a65-3b9d53b50006,1,60
2026-09-24T07:03:23.010,POST,/desembolsos,201,187.3,93.6,,47533348-74d3-44ad-9355-61cd22dd0165,1,60
2026-09-24T07:03:23.113,POST,/desembolsos,201,182.2,94.4,,e02761d3-1033-40d3-89c4-24d056441028,1,60
2026-09-24T07:03:23.208,POST,/desembolsos,201,182.3,83.6,,c79bf561-f324-4c6c-adef-ab8c13451d08,1,60
2026-09-24T07:03:23.318,POST,/desembolsos,201,218.3,86.9,,4edb19ea-fa70-4ab3-9a29-4b7fb6bea54e,1,60
2026-09-24T07:03:23.400,POST,/desembolsos,201,173.7,83.6,,4dad8b46-70d9-469b-800a-a841f0da02ce,1,60
2026-09-24T07:03:23.530,POST,/desembolsos,201,193.3,95.5,,3ce49ee4-c667-4d7c-8059-855c8428688d,1,60
2026-09-24T07:03:23.610,POST,/desembolsos,201,211.8,93.8,,2a7a3d1d-7b6e-49c7-885a-b53389cb9594,1,60
2026-09-24T07:03:23.723,POST,/desembolsos,201,186.9,95.3,,03b50b2c-efa7-4100-8a14-7aa8c1b66eee,1,60
2026-09-24T07:03:23.819,POST,/desembolsos,201,184.8,86.1,,1d88bad9-482c-4bfc-a4d1-f5ff1cad4268,1,60
2026-09-24T07:03:23.911,POST,/desembolsos,201,180.6,92.3,,d9cc3f8b-73e6-4651-8cc2-7548ab31c6a6,1,60
2026-09-24T07:03:24.034,POST,/desembolsos,201,205.8,107.5,,ab60ade8-941a-4b82-984c-ea5277cf123a,1,60
2026-09-24T07:03:24.129,POST,/desembolsos,201,200.4,91.3,,5766cd91-4744-4575-a8fd-0139300a7fe4,1,60
2026-09-24T07:03:24.216,POST,/desembolsos,201,192.9,94.6,,3a410bd8-63ec-46df-8b02-d05c559ea3bf,1,60
2026-09-24T07:03:24.314,POST,/desembolsos,201,182.9,93.3,,e2e124ef-e672-4170-a2a2-563a8ede9bdd,1,60
2026-09-24T07:03:24.440,POST,/desembolsos,201,201.8,98.3,,5e103674-aa73-46d3-a2e2-5dbbe5b7b9e1,1,60
2026-09-24T07:03:24.532,POST,/desembolsos,201,171.7,83.7,,7c4e82e2-b7bc-4a31-aef7-78405008c4b6,1,60
2026-09-24T07:03:24.610,POST,/desembolsos,201,178.1,87.5,,7a8d7907-498c-4e04-b15e-b9e8d3f7149b,1,60
2026-09-24T07:03:24.734,POST,/desembolsos,201,174.4,87.0,,2cc15e97-edfe-46a0-a53c-af209a3c302e,1,60
2026-09-24T07:03:24.812,POST,/desembolsos,201,171.3,83.9,,431949b3-a6b5-43de-8310-820e1b17a588,1,60
2026-09-24T07:03:24.896,POST,/desembolsos,201,169.0,81.5,,cb142e86-7252-430d-8180-965c03a9b639,1,60
2026-09-24T07:03:25.027,POST,/desembolsos,201,176.9,83.5,,d4c8f034-80a6-4190-ad82-7671dc5c60d2,1,60
2026-09-24T07:03:25.110,POST,/desembolsos,201,178.5,85.8,,631cbe37-1dd2-4fff-8a2d-b3d5ae555433,1,60
2026-09-24T07:03:25.195,POST,/desembolsos,201,188.6,89.9,,205ada98-61f4-4e58-a4d8-c4e4161736d3,1,60
2026-09-24T07:03:25.321,POST,/desembolsos,201,181.5,92.9,,2a6d0af2-e6c2-4290-9c42-c5f80f2b6591,1,60
2026-09-24T07:03:25.412,POST,/desembolsos,201,173.8,86.6,,ead0f400-3de2-44b9-b822-faf68e6e82fc,1,60
2026-09-24T07:03:25.537,POST,/desembolsos,201,179.1,89.2,,086bf9ee-ac2e-45d3-add6-9078ec2ae246,1,60
2026-09-24T07:03:25.626,POST,/desembolsos,201,177.6,85.9,,c9c6362a-ffb8-449e-98b4-9489922654ee,1,60
2026-09-24T07:03:25.712,POST,/desembolsos,201,182.1,85.8,,1bf28c6e-5421-4800-bb74-3138015d94fc,1,60
2026-09-24T07:03:25.834,POST,/desembolsos,201,176.2,87.0,,49854241-6537-4984-9fa4-a1360369665b,1,60
2026-09-24T07:03:25.920,POST,/desembolsos,201,179.1,83.8,,18dcd1ba-0fd2-4d69-8b2a-d1343d17b2f4,1,60
2026-09-24T07:03:26.005,POST,/desembolsos,201,205.1,95.2,,b6a73f28-e6d0-4553-87e3-b0013b69b174,1,60
2026-09-24T07:03:26.100,POST,/desembolsos,201,203.5,102.8,,0ab60c7c-a0a5-4a51-85da-5368fe963d9f,1,60
2026-09-24T07:03:26.209,POST,/desembolsos,201,183.5,93.1,,77149f52-61bb-4bf0-bf16-3004a2cea03d,1,60
2026-09-24T07:03:26.335,POST,/desembolsos,201,176.4,83.2,,7c9f194b-d2f4-41ff-be8e-24eff91734ba,1,60
2026-09-24T07:03:26.417,POST,/desembolsos,201,195.6,92.0,,558c0662-f90e-44c8-8c32-3449d1323183,1,60
2026-09-24T07:03:26.509,POST,/desembolsos,201,195.1,103.7,,4c69c7c4-0d13-4d98-8217-9b0787f0fb40,1,60
2026-09-24T07:03:26.644,POST,/desembolsos,201,171.2,83.0,,91003090-fd06-44ed-a8cc-567ea0be0290,1,60
2026-09-24T07:03:26.704,POST,/desembolsos,201,200.8,98.3,,ea9b3a01-1410-4a91-a41b-04429615a1f5,1,60
2026-09-24T07:03:26.802,POST,/desembolsos,201,192.0,89.9,,c47ee0a3-dc92-4bc2-91ef-dcd50e23424c,1,60
2026-09-24T07:03:26.938,POST,/desembolsos,201,184.9,83.4,,70394317-2126-4fc8-8cbe-928ac9e19162,1,60
2026-09-24T07:03:27.021,POST,/desembolsos,201,196.4,101.8,,e51a4695-9aeb-4f2a-b2fa-196abe43c2de,1,60
2026-09-24T07:03:27.106,POST,/desembolsos,201,200.4,111.0,,c19b7196-e1e5-4b7c-8d05-1e10ecee7663,1,60
2026-09-24T07:03:27.216,POST,/desembolsos,201,176.5,85.5,,54d480af-f54a-4596-b0cf-443b99097e0a,1,60
2026-09-24T07:03:27.306,POST,/desembolsos,201,187.0,96.5,,19cb8611-7bf5-47e8-935c-4999afd873d2,1,60
2026-09-24T07:03:27.437,POST,/desembolsos,201,180.0,84.7,,9905f5e7-9039-4d8c-84e1-e56fe51b2629,1,60
2026-09-24T07:03:27.494,POST,/desembolsos,201,197.3,85.9,,4c3218ff-e407-45e1-94aa-8ef342e158b8,1,60
2026-09-24T07:03:27.616,POST,/desembolsos,201,192.1,83.3,,6aefff7e-ad98-4ed5-b37b-56a83ffb6251,1,60
2026-09-24T07:03:27.737,POST,/desembolsos,201,180.6,83.0,,f54ff908-68ae-4266-aff0-76357babc174,1,60
2026-09-24T07:03:27.809,POST,/desembolsos,201,178.1,85.3,,363a90a2-0bbe-41fb-8a51-f12542b4b3c8,1,60
2026-09-24T07:03:27.918,POST,/desembolsos,201,189.4,100.7,,1df7cc19-a896-4066-9c4f-895e71da0c89,1,60
2026-09-24T07:03:28.018,POST,/desembolsos,201,176.3,81.8,,786da44a-c2fd-4965-92a3-6147a7873db0,1,60
2026-09-24T07:03:28.127,POST,/desembolsos,201,176.7,82.2,,7a1b9916-1e02-4dcf-b9fe-aee398d297fe,1,60
2026-09-24T07:03:28.209,POST,/desembolsos,201,186.1,94.8,,3c20dfe3-6f39-46cc-abfc-881957d1d925,1,60
2026-09-24T07:03:28.332,POST,/desembolsos,201,194.0,88.6,,447cef1a-bca1-4773-80a3-2ddfc83b57dc,1,60
2026-09-24T07:03:28.420,POST,/desembolsos,201,199.8,106.9,,96063d48-9c52-4c4b-a53e-5bab540f4768,1,60
2026-09-24T07:03:28.526,POST,/desembolsos,201,181.6,88.1,,b0fb127c-54ce-4d28-b5bb-122664a29ce7,1,60
2026-09-24T07:03:28.604,POST,/desembolsos,201,179.5,91.7,,67d3c25e-e4ac-4672-816b-2d61e2939592,1,60
2026-09-24T07:03:28.708,POST,/desembolsos,201,224.4,107.5,,7985694c-5b0c-4f30-a1a9-bc1105411381,1,60
2026-09-24T07:03:28.814,POST,/desembolsos,201,199.5,100.4,,2063f345-6e3f-4e19-b266-e96ed27c9f99,1,60
2026-09-24T07:03:28.915,POST,/desembolsos,201,185.1,95.6,,449ef96e-9175-4c66-a4fe-305bc4dbd2f5,1,60
2026-09-24T07:03:29.009,POST,/desembolsos,201,172.6,84.1,,5d0104c2-bd7e-4acf-8b1f-398b3b862f6e,1,60
2026-09-24T07:03:29.100,POST,/desembolsos,201,173.1,82.6,,06aa4c6e-d22f-4eac-9727-7b98b70f7276,1,60
2026-09-24T07:03:29.231,POST,/desembolsos,201,176.1,89.1,,d1f5ae51-ea41-4f90-bf8f-8898d5c3b604,1,60
2026-09-24T07:03:29.309,POST,/desembolsos,201,180.5,92.1,,223bcbca-7e80-4dc5-8aa2-e8f0d1ba54c4,1,60
2026-09-24T07:03:29.400,POST,/desembolsos,201,174.2,83.4,,1aac3844-a260-4148-ae68-97463809be2e,1,60
2026-09-24T07:03:29.524,POST,/desembolsos,201,171.6,81.8,,c632886d-4b35-4515-8ae8-4ba42a97039f,1,60
2026-09-24T07:03:29.636,POST,/desembolsos,201,176.9,86.0,,d0c597d2-e06b-490e-a8d7-f52a3e66e8c8,1,60
2026-09-24T07:03:29.722,POST,/desembolsos,201,174.5,86.7,,82a7c1a4-204b-497b-a1c1-12f803e2bf13,1,60
2026-09-24T07:03:29.808,POST,/desembolsos,201,170.9,82.4,,508006a6-086d-44ba-ba84-119a6b263e12,1,60
2026-09-24T07:03:29.915,POST,/desembolsos,201,170.0,81.8,,e9b015ca-35e9-4479-893b-7f41eb385891,1,60
2026-09-24T07:03:30.040,POST,/desembolsos,201,170.3,82.1,,79f894b5-05d7-4172-bf70-14455df7153e,1,60
2026-09-24T07:03:30.117,POST,/desembolsos,201,180.7,84.5,,beb1d6f7-3b78-47c1-90dd-b4083deeb122,1,60
2026-09-24T07:03:30.200,POST,/desembolsos,201,199.9,95.1,,424fc803-535b-4a69-b465-a494c4c69bb1,1,60
2026-09-24T07:03:30.295,POST,/desembolsos,201,201.5,105.0,,1e7e9d5c-ce28-4611-909e-add3c2ab8051,1,60
2026-09-24T07:03:30.399,POST,/desembolsos,201,180.1,85.6,,1de16515-7b76-4d87-9c5b-618e5c4e7e6d,1,60
2026-09-24T07:03:30.519,POST,/desembolsos,201,175.6,84.1,,94de675b-4723-4c9e-b06f-7d54c79bf701,1,60
2026-09-24T07:03:30.628,POST,/desembolsos,201,182.5,84.1,,30fc88d6-2dec-46fb-beb2-9f396002cb49,1,60
2026-09-24T07:03:30.695,POST,/desembolsos,201,206.2,103.4,,5297dd01-cbdd-43ba-bf9d-40de6782c1e8,1,60
2026-09-24T07:03:30.810,POST,/desembolsos,201,173.1,85.6,,f448d5d8-2449-4114-ad04-1031845e076b,1,60
2026-09-24T07:03:30.896,POST,/desembolsos,201,172.5,83.9,,660dce76-78f3-4d17-9bdf-57906976fb33,1,60
2026-09-24T07:03:31.031,POST,/desembolsos,201,183.6,94.3,,d0358b33-9ebf-4cad-98f2-b34043363abf,1,60
2026-09-24T07:03:31.125,POST,/desembolsos,201,188.8,84.8,,50cef553-5ac2-47cf-a6ad-77b477faed2f,1,60
2026-09-24T07:03:31.209,POST,/desembolsos,201,209.2,104.2,,fda7b6c4-4ade-459a-8874-5473872c6e4e,1,60
2026-09-24T07:03:31.313,POST,/desembolsos,201,210.0,105.6,,ff3e88e9-8319-4b70-a799-33239c32944a,1,60
2026-09-24T07:03:31.417,POST,/desembolsos,201,187.0,98.0,,610e8663-fce6-4fa5-9c8f-9e5d59eb766c,1,60
2026-09-24T07:03:31.515,POST,/desembolsos,201,216.6,83.4,,10c0723e-f626-4fb2-b625-520c96315daf,1,60
2026-09-24T07:03:31.638,POST,/desembolsos,201,197.9,88.0,,de73e603-d3f2-4120-b32f-137fd087526b,1,60
2026-09-24T07:03:31.719,POST,/desembolsos,201,212.0,117.4,,3457ed52-3238-4b86-9f66-5d8abb10d37e,1,60
2026-09-24T07:03:31.828,POST,/desembolsos,201,181.1,90.5,,5dbc3aea-bc04-4781-8a5b-c963e6c0306d,1,60
2026-09-24T07:03:31.919,POST,/desembolsos,201,174.0,84.1,,0909d742-879b-48b1-bbed-1eac35aa3f0d,1,60
2026-09-24T07:03:32.009,POST,/desembolsos,201,191.0,98.7,,4a575d32-880a-4a84-9392-37024127b68b,1,60
2026-09-24T07:03:32.142,POST,/desembolsos,201,221.5,106.3,,4a36222d-b87c-4454-b85e-aeaf6b448d0f,1,60
2026-09-24T07:03:32.200,POST,/desembolsos,201,203.0,102.1,,8a8ab0d9-5c03-4233-82e1-3a68ab3e4ec6,1,60
2026-09-24T07:03:32.302,POST,/desembolsos,201,192.2,94.6,,5a10a060-e443-4560-8996-be020a8bb18f,1,60
2026-09-24T07:03:32.396,POST,/desembolsos,201,184.1,86.8,,220258fe-c470-4e94-9bcc-cb3f4eed457c,1,60
2026-09-24T07:03:32.520,POST,/desembolsos,201,177.7,91.7,,a228fbfe-4435-4ab0-a87a-614fd0a374f9,1,60
2026-09-24T07:03:32.612,POST,/desembolsos,201,175.6,81.6,,f85f63dc-ffc0-47b1-956a-79b320c1ff81,1,60
2026-09-24T07:03:32.724,POST,/desembolsos,201,177.6,87.0,,7bab2cd4-9661-4373-b9bb-aee58ab9b3bd,1,60
2026-09-24T07:03:32.811,POST,/desembolsos,201,206.2,84.2,,d4a72a46-7e89-4b93-8ca8-cadee621fcc1,1,60
2026-09-24T07:03:32.930,POST,/desembolsos,201,179.8,92.9,,04715c9f-4c1d-456b-835f-24133d0e5e14,1,60
2026-09-24T07:03:33.017,POST,/desembolsos,201,173.7,82.7,,878b0e26-a289-496d-a299-a6f040cacb2e,1,60
2026-09-24T07:03:33.135,POST,/desembolsos,201,184.3,92.2,,6d1c16f4-dab0-41d3-9d8e-972a20910adc,1,60
2026-09-24T07:03:33.226,POST,/desembolsos,201,177.8,85.7,,2a624b91-d887-473a-b3e7-375986786327,1,60
2026-09-24T07:03:33.311,POST,/desembolsos,201,175.4,85.0,,67fcec63-de7e-4512-a136-eec2e0f2b581,1,60
2026-09-24T07:03:33.436,POST,/desembolsos,201,184.3,88.8,,62fc6086-743e-4daf-8b62-306dd52b757a,1,60
2026-09-24T07:03:33.524,POST,/desembolsos,201,180.8,83.7,,97dbcad9-ec5b-433c-92f2-3cc3b3ffbcfe,1,60
2026-09-24T07:03:33.608,POST,/desembolsos,201,180.4,90.3,,d743f38d-4c82-4b7c-b10a-15ff90b811eb,1,60
2026-09-24T07:03:33.736,POST,/desembolsos,201,184.4,92.3,,992500d9-2c82-4735-a134-9bb2bc57b127,1,60
2026-09-24T07:03:33.819,POST,/desembolsos,201,170.1,82.4,,aee4fb13-7408-4e45-b4fe-063bf2409874,1,60
2026-09-24T07:03:33.920,POST,/desembolsos,201,180.9,89.8,,69007d0d-69c9-43ff-9189-66ff1aeaa3d4,1,60
2026-09-24T07:03:34.009,POST,/desembolsos,201,173.9,85.9,,42564d01-661a-4a42-a1f8-21ee5fcd0e04,1,60
2026-09-24T07:03:34.133,POST,/desembolsos,201,178.1,89.6,,cd08bb30-cb88-4c30-b8eb-54d859d037e6,1,60
2026-09-24T07:03:34.221,POST,/desembolsos,201,170.3,82.4,,f9c6ccca-1a1d-407e-b230-dc0533bce194,1,60
2026-09-24T07:03:34.304,POST,/desembolsos,201,178.5,85.8,,0633ded6-4a1f-4f3b-b8a1-66a5d239dd30,1,60
2026-09-24T07:03:34.427,POST,/desembolsos,201,175.7,83.2,,c0f18842-187f-44dd-9819-42bb2bad2f19,1,60
2026-09-24T07:03:34.510,POST,/desembolsos,201,181.1,83.3,,cf675060-3c7d-4318-8f72-da30389c202e,1,60
2026-09-24T07:03:34.602,POST,/desembolsos,201,177.3,88.5,,b4fc8a02-03dc-4fa6-a93a-28532660784d,1,60
2026-09-24T07:03:34.729,POST,/desembolsos,201,174.1,84.4,,c6c1a668-18a1-4741-98b2-532d9456e9c4,1,60
2026-09-24T07:03:34.810,POST,/desembolsos,201,199.5,83.2,,477d985e-e607-4f12-8440-196d0dc2b36a,1,60
2026-09-24T07:03:34.937,POST,/desembolsos,201,173.0,85.2,,47b78322-3081-43d9-8f71-2ce09540b8a6,1,60
2026-09-24T07:03:35.005,POST,/desembolsos,201,174.0,87.3,,604b6ad6-fdfa-40b3-a3cf-cf44bcb2f09f,1,60
2026-09-24T07:03:35.128,POST,/desembolsos,201,176.7,86.0,,5581d84c-b604-4b25-a715-0c1f2051ad0c,1,60
2026-09-24T07:03:35.212,POST,/desembolsos,201,197.0,82.6,,3109f8af-cf6d-4d73-b9ee-a8e488d6824e,1,60
2026-09-24T07:03:35.305,POST,/desembolsos,201,204.0,87.1,,18a464a8-6b8f-43e2-8785-f4874d013639,1,60
2026-09-24T07:03:35.427,POST,/desembolsos,201,179.0,82.3,,60277d18-756c-4fd5-8a70-b82ad0ca5636,1,60
2026-09-24T07:03:35.506,POST,/desembolsos,201,220.6,82.3,,17d3d24a-138f-40fa-acfa-a6fbff32fd84,1,60
2026-09-24T07:03:35.606,POST,/desembolsos,201,226.2,122.6,,596e631c-a4ba-4e11-b966-205c43a629bc,1,60
2026-09-24T07:03:35.721,POST,/desembolsos,201,205.0,104.4,,fb01792e-ef97-464e-a072-1f1cf1945f27,1,60
2026-09-24T07:03:35.831,POST,/desembolsos,201,192.5,88.7,,4a8ff90e-8d66-4636-b2e2-4e8ecd9d4f86,1,60
2026-09-24T07:03:35.920,POST,/desembolsos,201,187.6,92.0,,5c9c4d5b-d473-4311-b0e1-fc3da1343f0a,1,60
2026-09-24T07:03:36.005,POST,/desembolsos,201,187.9,95.8,,c4b0bb53-37bd-435d-939f-79e3de00a481,1,60
2026-09-24T07:03:36.106,POST,/desembolsos,201,184.4,88.8,,5be1fb0a-45e8-4f76-8b9f-0ef54ac3499f,1,60
2026-09-24T07:03:36.227,POST,/desembolsos,201,215.4,107.7,,5c010ac2-05b2-4f90-81b0-0eb17f61173f,1,60
2026-09-24T07:03:36.322,POST,/desembolsos,201,228.0,119.8,,425d45b6-08ea-47c1-b98b-e7edbea199bd,1,60
2026-09-24T07:03:36.417,POST,/desembolsos,201,205.1,102.8,,d04da776-816a-4493-aa82-c7a863a387b0,1,60
2026-09-24T07:03:36.512,POST,/desembolsos,201,191.3,102.5,,4174665d-78ab-44e3-a7ae-eda8e80dec43,1,60
2026-09-24T07:03:36.602,POST,/desembolsos,201,197.5,97.5,,19087b65-4c03-4ee0-ac3f-46ada8b8e8c8,1,60
2026-09-24T07:03:36.710,POST,/desembolsos,201,200.4,88.8,,2a4a4ccd-27f9-4ac8-a05d-30708d559429,1,60
2026-09-24T07:03:36.829,POST,/desembolsos,201,182.8,86.6,,c9f2fe92-49f4-4e38-addb-ba4ecc1117bc,1,60
2026-09-24T07:03:36.941,POST,/desembolsos,201,225.8,90.3,,e4d5454a-0e63-4aa4-8689-815b9ff66be5,1,60
2026-09-24T07:03:37.012,POST,/desembolsos,201,204.6,113.6,,f78ea0b7-49d2-44be-91bf-3b5512a5fd4c,1,60
2026-09-24T07:03:37.115,POST,/desembolsos,201,172.9,85.1,,ba31be68-e7fb-4afc-b6c0-051cb4a1e339,1,60
2026-09-24T07:03:37.322,POST,/desembolsos,201,196.8,87.3,,ef4b5cde-380e-41a9-9830-004bb27f7e21,1,60
2026-09-24T07:03:37.433,POST,/desembolsos,201,206.6,114.5,,75eb1328-fb45-42ba-b176-cc389108a732,1,60
2026-09-24T07:03:37.512,POST,/desembolsos,201,194.6,82.9,,c9429b31-e2a1-496c-b233-fa20bc67e049,1,60
2026-09-24T07:03:37.622,POST,/desembolsos,201,179.7,92.2,,c913caac-a195-4328-8d5f-fc109619f791,1,60
2026-09-24T07:03:37.710,POST,/desembolsos,201,176.9,86.5,,bfd406d1-e97c-4cea-96e2-8935598cee87,1,60
2026-09-24T07:03:37.821,POST,/desembolsos,201,171.8,84.0,,467d4d17-d7ab-4ac5-8c9a-201b8a2b322e,1,60
2026-09-24T07:03:37.899,POST,/desembolsos,201,170.0,81.8,,e13553ce-0792-4417-93b3-c0d0a3311f40,1,60
2026-09-24T07:03:38.026,POST,/desembolsos,201,172.6,85.5,,40b69d7a-76ab-450e-9622-355a5a63ec67,1,60
2026-09-24T07:03:38.107,POST,/desembolsos,201,169.4,82.3,,aa252ac3-eab4-45fa-8853-5bece2e1a415,1,60
2026-09-24T07:03:37.210,POST,/desembolsos,201,1165.0,1077.9,,57f42007-3cd6-43ff-84bb-48dd258ae041,1,60
2026-09-24T07:03:38.228,POST,/desembolsos,201,197.3,109.3,,1e3088e5-a632-4fb5-93f6-1a534281b9af,1,60
2026-09-24T07:03:38.324,POST,/desembolsos,201,173.5,84.1,,7cb8b02f-cfa3-4a4f-8ca0-efe0e3a0a138,1,60
2026-09-24T07:03:38.403,POST,/desembolsos,201,172.1,82.8,,7d6971eb-6ed7-4660-a70e-f18cd87ac0cf,1,60
2026-09-24T07:03:38.529,POST,/desembolsos,201,187.5,86.6,,393f8738-9879-4b64-be6c-502d73ba0915,1,60
2026-09-24T07:03:38.634,POST,/desembolsos,201,169.9,82.8,,54220e14-6bee-46dd-8567-c3efaeb51eab,1,60
2026-09-24T07:03:38.710,POST,/desembolsos,201,169.8,81.9,,2d2297e6-b326-49af-8ff4-c1f68e999921,1,60
2026-09-24T07:03:38.822,POST,/desembolsos,201,204.0,83.7,,833cd9a2-1d34-4573-9240-b309eb5454cd,1,60
2026-09-24T07:03:38.901,POST,/desembolsos,201,212.0,114.9,,07120d4a-0386-4d98-a51b-8c614269ce64,1,60
2026-09-24T07:03:39.013,POST,/desembolsos,201,182.5,94.5,,4bb820b7-3677-44b9-ac88-8256012818f0,1,60
2026-09-24T07:03:39.117,POST,/desembolsos,201,173.0,83.5,,f9cf2238-5eb7-44ef-b478-a1bd21f93923,1,60
2026-09-24T07:03:39.231,POST,/desembolsos,201,172.4,83.1,,574d93a4-aa5e-44f6-aa19-0f45c170df21,1,60
2026-09-24T07:03:39.313,POST,/desembolsos,201,174.4,84.0,,fbdbabe7-3cc9-472d-b771-ea2a593eeca8,1,60
2026-09-24T07:03:39.433,POST,/desembolsos,201,189.0,83.7,,b9946eb7-8840-46fb-9374-ee8c5bfff399,1,60
2026-09-24T07:03:39.511,POST,/desembolsos,201,195.3,106.3,,bf0150d4-da17-4c89-af2b-073d1755f791,1,60
2026-09-24T07:03:39.621,POST,/desembolsos,201,178.0,89.3,,440bb47c-8197-43c5-a732-757acfb0a4c6,1,60
2026-09-24T07:03:39.709,POST,/desembolsos,201,173.3,84.3,,ea5c7dc2-5056-410d-9f24-e63a52fb1231,1,60
2026-09-24T07:03:39.845,POST,/desembolsos,201,177.0,83.0,,8fcfa440-9559-462a-8029-04cf22d04e78,1,60
2026-09-24T07:03:39.924,POST,/desembolsos,201,193.6,98.0,,970f8f55-8efd-4acd-82ae-74c84632f001,1,60
2026-09-24T07:03:40.019,POST,/desembolsos,201,195.4,83.5,,157137a8-6116-4f5d-9c7e-8e9b560d0515,1,60
2026-09-24T07:03:40.117,POST,/desembolsos,201,193.8,96.0,,931dc88b-52ef-4d68-a859-e86d02e616d7,1,60
2026-09-24T07:03:40.212,POST,/desembolsos,201,188.5,95.3,,55864f4b-4858-4b0e-980d-3817c204996e,1,60
2026-09-24T07:03:40.310,POST,/desembolsos,201,191.4,86.6,,b1b39928-e4a1-4212-9f2c-434039a28139,1,60
2026-09-24T07:03:40.435,POST,/desembolsos,201,175.5,83.6,,9586fc53-ab57-4255-b5e6-20987d01d1c5,1,60
2026-09-24T07:03:40.499,POST,/desembolsos,201,186.3,94.9,,30a27bba-c7d7-412a-8f3d-004bbac2a6ce,1,60
2026-09-24T07:03:40.610,POST,/desembolsos,201,182.7,93.0,,55e30238-2eaa-4a63-8857-cc7df3f1fd71,1,60
2026-09-24T07:03:40.703,POST,/desembolsos,201,172.8,84.6,,e04f6303-032a-461c-b759-91522a2fa818,1,60
2026-09-24T07:03:40.823,POST,/desembolsos,201,209.3,114.0,,6686fabe-135a-4e05-8398-ff6f63df30e1,1,60
2026-09-24T07:03:40.918,POST,/desembolsos,201,184.6,98.0,,e36bc0d3-b52b-4dd2-b489-9713c9e75b2b,1,60
2026-09-24T07:03:41.013,POST,/desembolsos,201,179.0,82.4,,c9055d79-2162-45dd-ab9a-f975b0187f4e,1,60
2026-09-24T07:03:41.124,POST,/desembolsos,201,190.8,101.9,,f91fc737-a157-41f4-a3da-fa9824e8b2ce,1,60
2026-09-24T07:03:41.195,POST,/desembolsos,201,173.1,84.6,,358e490f-7be5-4475-87ac-99c62cbf95b5,1,60
2026-09-24T07:03:41.311,POST,/desembolsos,201,175.3,84.4,,b3d5e868-2c8e-4cb9-a888-4766a66f74cf,1,60
2026-09-24T07:03:41.428,POST,/desembolsos,201,179.0,89.6,,0ebe125f-a672-4c62-aadc-18f4ce7bdb5d,1,60
2026-09-24T07:03:41.511,POST,/desembolsos,201,176.5,85.3,,b989654c-47fb-46e8-916c-9aefd5e1a26b,1,60
2026-09-24T07:03:41.602,POST,/desembolsos,201,182.9,91.5,,dee1ffa4-1ada-4cce-a3a2-31cbc217ef26,1,60
2026-09-24T07:03:41.727,POST,/desembolsos,201,236.1,88.6,,399b236c-bd60-4022-8bd9-c5855d8cc26a,1,60
2026-09-24T07:03:41.802,POST,/desembolsos,201,240.7,155.0,,88e99be0-1ecc-4712-8b40-6c6f43e0508d,1,60
2026-09-24T07:03:41.928,POST,/desembolsos,201,178.6,83.4,,99f2f925-bdee-4284-a665-879626482e02,1,60
2026-09-24T07:03:42.007,POST,/desembolsos,201,179.0,90.1,,38bc9515-938f-4c13-96d5-77977fde883e,1,60
2026-09-24T07:03:42.134,POST,/desembolsos,201,173.5,82.7,,90f44ec1-af14-4dd8-afd6-4a43beef32e2,1,60
2026-09-24T07:03:42.214,POST,/desembolsos,201,180.6,89.8,,cedfa3c5-f841-4f29-ab91-dbea9ccb03c4,1,60
2026-09-24T07:03:42.302,POST,/desembolsos,201,170.9,84.1,,a799092d-efe8-4b6c-8407-860184896171,1,60
2026-09-24T07:03:42.428,POST,/desembolsos,201,189.9,85.7,,71674d10-88b0-4e69-ae18-9734bb9c83cf,1,60
2026-09-24T07:03:42.512,POST,/desembolsos,201,194.2,104.5,,7f50d841-f2dc-43fc-9974-d1ed13717a17,1,60
2026-09-24T07:03:42.616,POST,/desembolsos,201,176.8,85.5,,8a17f682-f42b-4f35-ac35-cf983ec7c085,1,60
2026-09-24T07:03:42.701,POST,/desembolsos,201,177.2,85.8,,993a9d30-0a90-4c76-8f46-6a2682394dc6,1,60
2026-09-24T07:03:42.821,POST,/desembolsos,201,223.4,122.7,,9f9d811f-4a25-4434-8c16-b45a6272457a,1,60
2026-09-24T07:03:42.931,POST,/desembolsos,201,188.0,97.8,,e0507407-7d75-48cf-a98b-df8d9a5b67c1,1,60
2026-09-24T07:03:43.026,POST,/desembolsos,201,178.3,85.1,,5e01f638-bee1-43be-8d97-50d1f90c6505,1,60
2026-09-24T07:03:43.104,POST,/desembolsos,201,177.1,88.5,,494de4d6-e676-41d7-a834-5190328f36fc,1,60
2026-09-24T07:03:43.198,POST,/desembolsos,201,183.5,89.1,,436db468-4b91-4fa8-83ba-c10d719e93e2,1,60
2026-09-24T07:03:43.325,POST,/desembolsos,201,176.9,83.8,,748fab44-4e98-4b75-9a9b-ae0550f6840d,1,60
2026-09-24T07:03:43.433,POST,/desembolsos,201,184.7,88.4,,0de2ac4e-bde4-4d77-9d10-d80ac42489f1,1,60
2026-09-24T07:03:43.497,POST,/desembolsos,201,206.2,115.8,,69605260-5910-4bc6-a65f-121effd68985,1,60
2026-09-24T07:03:43.615,POST,/desembolsos,201,187.3,85.5,,a2e4e1c0-c2e9-48cd-9f53-46a7431bd4fb,1,60
2026-09-24T07:03:43.736,POST,/desembolsos,201,185.0,95.2,,5e11c261-5381-42d1-ab66-d432cc9a736a,1,60
2026-09-24T07:03:43.816,POST,/desembolsos,201,207.5,84.6,,85da16ec-75bc-4c7b-9d70-de0ee71203d9,1,60
2026-09-24T07:03:43.913,POST,/desembolsos,201,213.2,123.2,,48448075-ea61-4a94-bdb3-0616f642e3c9,1,60
2026-09-24T07:03:44.022,POST,/desembolsos,201,180.0,85.8,,31576f58-bc73-4ce3-be79-adb71aa8ae6b,1,60
2026-09-24T07:03:44.102,POST,/desembolsos,201,178.2,84.0,,42b5982f-a1fc-406c-9cba-8a57cfe16dfc,1,60
2026-09-24T07:03:44.199,POST,/desembolsos,201,170.5,83.4,,98142aa4-76f0-48e0-88f0-113f5343d607,1,60
2026-09-24T07:03:44.324,POST,/desembolsos,201,178.2,85.5,,05a79a75-af12-4fef-a139-df5f699db748,1,60
2026-09-24T07:03:44.409,POST,/desembolsos,201,169.8,82.0,,704ee540-d3d5-4ce7-a855-808d6de9e60c,1,60
2026-09-24T07:03:44.525,POST,/desembolsos,201,186.7,84.4,,7dee78f7-d6f2-40cd-9d8c-daa67c1c8364,1,60
2026-09-24T07:03:44.604,POST,/desembolsos,201,210.0,92.4,,e87115ab-c3ae-46ea-b0f8-d9e3dec098a1,1,60
2026-09-24T07:03:44.728,POST,/desembolsos,201,183.8,90.5,,773eb5a4-5f1e-4364-a381-cef81756e708,1,60
2026-09-24T07:03:44.806,POST,/desembolsos,201,181.1,90.9,,1e235ac0-3316-4c7d-b79f-923e1216dcd2,1,60
2026-09-24T07:03:44.912,POST,/desembolsos,201,190.0,94.9,,c969ba83-1749-4d86-a511-6303fda87f51,1,60
2026-09-24T07:03:45.040,POST,/desembolsos,201,182.5,84.3,,d4bca400-a179-4ec9-9f5f-d9ec4d443d15,1,60
2026-09-24T07:03:45.102,POST,/desembolsos,201,197.3,99.0,,dcf237bb-c6b9-49dd-bb88-0185be77be28,1,60
2026-09-24T07:03:45.222,POST,/desembolsos,201,181.8,91.5,,a24f9114-70da-445d-8914-a3cc3c47f250,1,60
2026-09-24T07:03:45.313,POST,/desembolsos,201,175.0,88.2,,4f65ec25-cf1a-42e4-950f-32ca7d49c5e8,1,60
2026-09-24T07:03:45.436,POST,/desembolsos,201,202.2,113.8,,6f77f138-0e76-4dc7-a58e-f07b1942a524,1,60
2026-09-24T07:03:45.542,POST,/desembolsos,201,179.1,91.1,,35d6c6d6-957d-445d-8e0e-90ede29a056e,1,60
2026-09-24T07:03:45.632,POST,/desembolsos,201,172.3,84.0,,d04dc873-edbc-480e-9f0a-3fe2e67b5f99,1,60
2026-09-24T07:03:45.714,POST,/desembolsos,201,215.4,82.3,,223e7d56-11d4-404e-8b74-b88bcba59b62,1,60
2026-09-24T07:03:45.821,POST,/desembolsos,201,200.9,110.7,,58087462-a5d3-4570-aba7-6887ede3c9eb,1,60
2026-09-24T07:03:45.930,POST,/desembolsos,201,177.8,85.7,,06ef792d-b980-4e7c-970b-a8f7897085fa,1,60
2026-09-24T07:03:46.014,POST,/desembolsos,201,180.2,88.3,,0a2c9bba-71f3-41c3-972f-0a32a54dd15f,1,60
2026-09-24T07:03:46.103,POST,/desembolsos,201,185.7,91.1,,4b08f27b-951a-49c0-ab2e-7f2f837c8dfd,1,60
2026-09-24T07:03:46.195,POST,/desembolsos,201,171.6,79.8,,640d794b-a1e2-4c53-9182-23e2fa577694,1,60
2026-09-24T07:03:46.310,POST,/desembolsos,201,172.5,84.0,,6cc93f17-cd09-4b5b-ba6b-0821f130aa1c,1,60
2026-09-24T07:03:46.421,POST,/desembolsos,201,170.5,82.6,,c27a5d8d-91bd-4eb8-a65b-bd42f5d8c8cc,1,60
2026-09-24T07:03:46.529,POST,/desembolsos,201,176.4,88.2,,5779d561-8768-474d-906a-bfdea54c40ed,1,60
2026-09-24T07:03:46.614,POST,/desembolsos,201,173.5,83.0,,944a085a-6954-4111-bbb6-61c05e2333a5,1,60
2026-09-24T07:03:46.736,POST,/desembolsos,201,170.2,83.2,,053cdafd-8b5a-4fa4-9b9c-c39a1435e53b,1,60
2026-09-24T07:03:46.815,POST,/desembolsos,201,171.5,81.8,,a166e599-33c4-4439-b8e8-d9274015a7bf,1,60
2026-09-24T07:03:46.940,POST,/desembolsos,201,175.4,85.2,,ba3dd552-82e7-4410-9ec7-062521d32d3f,1,60
2026-09-24T07:03:47.025,POST,/desembolsos,201,179.7,84.4,,49916a0b-6bc5-4cb4-960c-9ce40b22d928,1,60
2026-09-24T07:03:47.115,POST,/desembolsos,201,181.5,88.9,,916cbb03-8b0f-4f08-9646-dfaba1a5b8ff,1,60
2026-09-24T07:03:47.237,POST,/desembolsos,201,168.7,81.3,,57f6edd8-536d-40d6-9ab4-a75713e92dec,1,60
2026-09-24T07:03:47.316,POST,/desembolsos,201,174.8,83.6,,cf7b7934-9d61-41db-b4f0-4c1dbd4e5bde,1,60
2026-09-24T07:03:47.426,POST,/desembolsos,201,198.4,111.0,,492af6bc-254b-4625-90f0-ac7fb8553bc4,1,60
2026-09-24T07:03:47.521,POST,/desembolsos,201,173.0,82.5,,cc0efdf5-0b7a-4a74-a2e2-e85a7baf4bc2,1,60
2026-09-24T07:03:47.615,POST,/desembolsos,201,186.7,83.8,,80eef4fb-7589-4450-836b-8e13d48a0626,1,60
2026-09-24T07:03:47.728,POST,/desembolsos,201,182.5,89.7,,461c9235-87f0-42c4-a0f0-c09a35405b98,1,60
2026-09-24T07:03:47.808,POST,/desembolsos,201,177.5,86.3,,2c61f03f-6e42-4f38-9cec-95ca91bc875f,1,60
2026-09-24T07:03:47.934,POST,/desembolsos,201,172.4,84.4,,c91d8827-d038-41a2-b634-8ecd4a423812,1,60
2026-09-24T07:03:48.016,POST,/desembolsos,201,172.3,83.3,,4230d5b2-3312-4655-b757-4337fafa07f7,1,60
2026-09-24T07:03:48.136,POST,/desembolsos,201,172.1,83.1,,d05c8773-9f59-4103-aab2-d6585bc3714e,1,60
2026-09-24T07:03:48.216,POST,/desembolsos,201,174.1,83.3,,5f5d8531-7500-4a5b-8695-33f5677cf573,1,60
2026-09-24T07:03:48.326,POST,/desembolsos,201,171.7,81.9,,37360f31-ba1b-47c9-9dbe-f711ecd103df,1,60
2026-09-24T07:03:48.437,POST,/desembolsos,201,176.6,88.6,,d960f838-b858-45cc-ab8b-2f5e1c6eff3f,1,60
2026-09-24T07:03:48.516,POST,/desembolsos,201,178.7,85.3,,e16a1c70-fc7b-456e-ac6c-8c397084ce8c,1,60
2026-09-24T07:03:48.611,POST,/desembolsos,201,177.8,89.3,,e907c6d3-eacf-49f3-a0b1-552993404540,1,60
2026-09-24T07:03:48.695,POST,/desembolsos,201,180.7,92.8,,9e5bc5ae-a72a-4d4d-8adf-d0fd32969ef3,1,60
2026-09-24T07:03:48.825,POST,/desembolsos,201,174.0,85.3,,e4144b29-690f-4647-a378-c0f985c5e521,1,60
2026-09-24T07:03:48.935,POST,/desembolsos,201,173.2,83.1,,48a61c00-a659-4fd2-bca5-e253f27d7e4d,1,60
2026-09-24T07:03:49.017,POST,/desembolsos,201,172.6,83.6,,80bc5ce8-0b25-4b0c-b173-0161e8b255ed,1,60
2026-09-24T07:03:49.143,POST,/desembolsos,201,210.3,88.7,,6a9fd7d1-d84e-4d27-b763-2ae4ee68f110,1,60
2026-09-24T07:03:49.218,POST,/desembolsos,201,202.3,110.2,,89a3e0b4-7cd4-4f52-8866-211ae72bf000,1,60
2026-09-24T07:03:49.329,POST,/desembolsos,201,203.1,104.4,,dabd2b2b-f63d-4382-bb4e-1619ff9956fa,1,60
2026-09-24T07:03:49.432,POST,/desembolsos,201,191.4,91.1,,405ad75d-281e-452f-ba6a-7cb613772352,1,60
2026-09-24T07:03:49.514,POST,/desembolsos,201,200.8,102.6,,a0520319-bddc-498b-94f2-d888a309ae99,1,60
2026-09-24T07:03:49.610,POST,/desembolsos,201,184.0,93.0,,77a3ebed-2a81-4d4b-8587-d18530c2f6f2,1,60
2026-09-24T07:03:49.709,POST,/desembolsos,201,174.1,82.7,,4d29aac7-6736-4eb7-a925-ca89b3e013a2,1,60
2026-09-24T07:03:49.832,POST,/desembolsos,201,171.9,85.1,,f02bf1ee-a7c5-4dcd-a701-42b9ba9b83e0,1,60
2026-09-24T07:03:49.911,POST,/desembolsos,201,174.2,87.2,,03081f6e-e23a-409a-adbd-00ca0585450d,1,60
2026-09-24T07:03:50.037,POST,/desembolsos,201,180.0,81.9,,a7ede823-589d-4a59-ad6e-2a4a3ec2e5e0,1,60
2026-09-24T07:03:50.116,POST,/desembolsos,201,193.2,95.1,,06d855ca-4a9c-4892-a54f-719611c14a50,1,60
2026-09-24T07:03:50.209,POST,/desembolsos,201,181.8,94.3,,d3121fe1-f0d4-42b9-865d-d3eafe09ec45,1,60
2026-09-24T07:03:50.304,POST,/desembolsos,201,170.9,82.5,,d8c1b282-2e9f-4e0d-9cd6-219649eed7b9,1,60
2026-09-24T07:03:50.414,POST,/desembolsos,201,174.1,84.0,,e2a04f2d-7325-41b5-963f-691c47aeb797,1,60
2026-09-24T07:03:50.494,POST,/desembolsos,201,170.4,83.8,,5e8f9f5a-b7f3-4e6b-8c66-f259768e7603,1,60
2026-09-24T07:03:50.636,POST,/desembolsos,201,216.0,121.8,,09f8a3d6-9704-4d8f-9c1b-653d193c9311,1,60
2026-09-24T07:03:50.737,POST,/desembolsos,201,185.4,97.1,,61eae7c4-8c00-42f1-9d80-be34224d0443,1,60
2026-09-24T07:03:50.810,POST,/desembolsos,201,178.2,86.3,,486a10b7-5c4e-484c-8cb2-f56112979afa,1,60
2026-09-24T07:03:50.921,POST,/desembolsos,201,170.5,83.8,,d9c4477b-d36b-4ee2-a51c-074bfaead211,1,60
2026-09-24T07:03:51.031,POST,/desembolsos,201,182.8,89.5,,edfc6053-1480-4ae6-9c75-6fbd7840433a,1,60
2026-09-24T07:03:51.119,POST,/desembolsos,201,192.3,84.2,,1b6448cf-89f1-421d-8e9e-4f3e3f882697,1,60
2026-09-24T07:03:51.213,POST,/desembolsos,201,188.4,99.8,,f92e8950-09e6-4296-80c7-1e3c3c766d12,1,60
2026-09-24T07:03:51.313,POST,/desembolsos,201,174.7,84.4,,fab5e2b5-8856-4fdc-aaec-d1ed9774d0a0,1,60
2026-09-24T07:03:51.421,POST,/desembolsos,201,174.6,88.9,,73087f6c-c384-4cfd-8ab0-a822771834a4,1,60
2026-09-24T07:03:51.509,POST,/desembolsos,201,173.8,86.1,,54bd18d8-690e-4ae5-be85-717e49fb1e82,1,60
2026-09-24T07:03:51.630,POST,/desembolsos,201,176.7,85.9,,e63f2a43-e615-4c17-b055-7665b48dab7f,1,60
2026-09-24T07:03:51.713,POST,/desembolsos,201,178.4,86.2,,8c98fd64-481a-4978-9cd0-ddbdfe7c43f8,1,60
2026-09-24T07:03:51.824,POST,/desembolsos,201,175.1,87.4,,870aaed2-d03f-4943-9d45-8683f47323c3,1,60
2026-09-24T07:03:51.904,POST,/desembolsos,201,210.5,86.9,,9e33d505-42a5-4296-ab1c-8e0ce9d89215,1,60
2026-09-24T07:03:52.029,POST,/desembolsos,201,182.8,93.4,,274ba0f4-368d-45a6-8172-48c1cfcc2925,1,60
2026-09-24T07:03:52.121,POST,/desembolsos,201,179.4,84.0,,df120efa-0e24-4346-8d52-43bef272d7de,1,60
2026-09-24T07:03:52.238,POST,/desembolsos,201,176.9,84.5,,9692f91c-e4a9-4404-a9b6-583a4c4385d6,1,60
2026-09-24T07:03:52.321,POST,/desembolsos,201,178.1,87.6,,1ed145f3-d757-4d9d-9f22-d326b28c3039,1,60
2026-09-24T07:03:52.437,POST,/desembolsos,201,173.3,83.3,,9906478e-6623-4965-9577-1406ecbaec9e,1,60
2026-09-24T07:03:52.519,POST,/desembolsos,201,174.2,85.0,,e15d7efd-02ee-4dc2-8dff-c81c33ddce03,1,60
2026-09-24T07:03:52.643,POST,/desembolsos,201,173.7,84.2,,92f9155e-b702-4c90-894f-b6d57293c542,1,60
2026-09-24T07:03:52.721,POST,/desembolsos,201,177.4,85.1,,996c997c-9548-4376-885a-fca8d6537d67,1,60
2026-09-24T07:03:52.806,POST,/desembolsos,201,184.4,85.2,,fab50185-bef1-4062-9944-4f5aeabdc206,1,60
2026-09-24T07:03:52.923,POST,/desembolsos,201,179.1,87.1,,3ae71355-554c-419a-b2c3-2b0a2387c466,1,60
2026-09-24T07:03:53.028,POST,/desembolsos,201,194.2,92.3,,0d4898ee-af77-4db4-884f-c2dc7551ce08,1,60
2026-09-24T07:03:53.101,POST,/desembolsos,201,175.4,85.6,,7dfe2ad3-76d5-402a-be28-a7d74067dbb4,1,60
2026-09-24T07:03:53.221,POST,/desembolsos,201,182.4,88.3,,0420b559-b0ed-4b67-b6a7-89502bc509f4,1,60
2026-09-24T07:03:53.335,POST,/desembolsos,201,178.5,87.4,,ee8bf57f-3604-456d-9e9c-39d89fd89249,1,60
2026-09-24T07:03:53.404,POST,/desembolsos,201,179.6,90.9,,f2a3482b-511a-4582-b6aa-311882e5e48d,1,60
2026-09-24T07:03:53.512,POST,/desembolsos,201,211.6,114.1,,166662f7-9531-443b-8099-4d7794b38a99,1,60
2026-09-24T07:03:53.626,POST,/desembolsos,201,189.0,99.2,,ae248b6d-0fee-4a38-bc6b-83f265be9eea,1,60
2026-09-24T07:03:53.722,POST,/desembolsos,201,191.3,88.0,,df51cd9d-aae4-4327-9397-e802093dd166,1,60
2026-09-24T07:03:53.804,POST,/desembolsos,201,188.2,97.3,,a2bfcc77-69ff-46ec-8b78-c8b638755a7b,1,60
2026-09-24T07:03:53.902,POST,/desembolsos,201,179.3,82.4,,37fe0bd2-9722-4f72-8816-dfba9d205ef9,1,60
2026-09-24T07:03:54.030,POST,/desembolsos,201,171.7,82.3,,b4063c87-0eea-4435-ac87-2c8788ee32b7,1,60
2026-09-24T07:03:54.109,POST,/desembolsos,201,182.0,87.9,,b867cf9b-fa5b-4b4d-9768-d7eb043bcc82,1,60
2026-09-24T07:03:54.226,POST,/desembolsos,201,176.8,86.7,,cd58100d-e692-4509-960f-4b38a949a452,1,60
2026-09-24T07:03:54.312,POST,/desembolsos,201,184.8,85.9,,ab25c78b-1ba0-4a5b-8929-479e1b7e0749,1,60
2026-09-24T07:03:54.397,POST,/desembolsos,201,181.9,94.1,,f2a92624-9ffb-4a5a-b895-3341ed6deb83,1,60
2026-09-24T07:03:54.530,POST,/desembolsos,201,178.2,85.9,,5460098c-6049-4cb1-9413-c70bd0315efd,1,60
2026-09-24T07:03:54.605,POST,/desembolsos,201,190.0,84.3,,04c47552-339e-4049-825e-2fcd88d02a04,1,60
2026-09-24T07:03:54.708,POST,/desembolsos,201,192.3,87.9,,9baf5b19-4d67-4587-97d7-3b6b626572da,1,60
2026-09-24T07:03:54.830,POST,/desembolsos,201,177.0,86.3,,0bd7336f-3d3e-41f4-b3c4-de5610cf6ffd,1,60
2026-09-24T07:03:54.895,POST,/desembolsos,201,174.5,83.0,,32bf2930-f064-4427-92d3-5039189c17df,1,60
2026-09-24T07:03:55.011,POST,/desembolsos,201,173.3,83.0,,a9648056-e7ab-4786-8e0d-380addf1e111,1,60
2026-09-24T07:03:55.124,POST,/desembolsos,201,185.3,98.6,,17b9d1cd-ff91-40b9-a305-23a2ce9dcb62,1,60
2026-09-24T07:03:55.222,POST,/desembolsos,201,175.4,83.8,,a2057c78-4b7c-4749-881c-92bc06c6d383,1,60
2026-09-24T07:03:55.303,POST,/desembolsos,201,177.8,87.2,,fcf7233c-a2c1-435d-94da-5aed1a99fcc6,1,60
2026-09-24T07:03:55.422,POST,/desembolsos,201,212.4,111.8,,1a4e8d4e-4c38-4997-95b3-72cc597c4842,1,60
2026-09-24T07:03:55.520,POST,/desembolsos,201,192.8,100.8,,2265f980-8e4e-4e9a-996c-11dfba2c7f36,1,60
2026-09-24T07:03:55.633,POST,/desembolsos,201,177.2,84.8,,51c73dfa-7cce-43d6-8f88-2beda3aa4436,1,60
2026-09-24T07:03:55.718,POST,/desembolsos,201,173.4,85.0,,f8dc02d3-6a29-42d4-9797-aee8d3abcb3a,1,60
2026-09-24T07:03:55.803,POST,/desembolsos,201,173.5,85.3,,6e0c9ed1-911c-4988-a9f5-116bb02cdd1c,1,60
2026-09-24T07:03:55.932,POST,/desembolsos,201,209.0,83.6,,23e97296-8c65-43a0-bd96-b08e0110b024,1,60
2026-09-24T07:03:56.015,POST,/desembolsos,201,202.8,82.1,,556566a0-ebcd-4941-8341-243fd869aa41,1,60
2026-09-24T07:03:56.129,POST,/desembolsos,201,177.4,88.8,,6f9e06ba-10d9-4881-9488-ff5ef0d4b532,1,60
2026-09-24T07:03:56.210,POST,/desembolsos,201,170.8,82.5,,5aed8684-5055-4728-b4a8-94e164b1f0d1,1,60
2026-09-24T07:03:56.305,POST,/desembolsos,201,181.0,85.6,,2d1b7d1b-f68a-4663-9fdf-ce1680cfa404,1,60
2026-09-24T07:03:56.435,POST,/desembolsos,201,177.6,87.1,,15b5170c-e410-4081-b7ef-3905f9f3ebee,1,60
2026-09-24T07:03:56.644,POST,/desembolsos,201,173.9,85.8,,caae186a-660b-4d4e-91a2-dfb7056dbd65,1,60
2026-09-24T07:03:56.714,POST,/desembolsos,201,187.8,98.4,,3ca91a37-a343-45f0-b6eb-69ecdd1d53a7,1,60
2026-09-24T07:03:56.802,POST,/desembolsos,201,172.9,83.3,,3d3f4f36-191d-47fd-8ecb-897bd48bf6e9,1,60
2026-09-24T07:03:56.929,POST,/desembolsos,201,180.4,91.2,,4075dbf4-5aae-4abf-972b-5d503ed12657,1,60
2026-09-24T07:03:57.013,POST,/desembolsos,201,177.8,85.0,,0ef1af53-d158-4bcd-9519-17377a940e46,1,60
2026-09-24T07:03:57.128,POST,/desembolsos,201,174.5,84.5,,b2c033c7-ded4-4de3-b8db-40ab3fc50af5,1,60
2026-09-24T07:03:57.210,POST,/desembolsos,201,175.9,83.3,,d8c2d812-d3e4-4dac-ada8-28b6a5f4a16d,1,60
2026-09-24T07:03:57.303,POST,/desembolsos,201,173.6,83.3,,48869683-2266-4353-b20e-0101b9762d05,1,60
2026-09-24T07:03:57.421,POST,/desembolsos,201,186.2,90.4,,98e20dbb-92e9-4c57-a8be-1a3f814494af,1,60
2026-09-24T07:03:57.534,POST,/desembolsos,201,181.7,93.3,,943ef6e5-d8b2-479f-b14e-8dbb10e43932,1,60
2026-09-24T07:03:56.521,POST,/desembolsos,201,1193.7,1105.3,,f38530f2-5c6f-40c6-ab52-c761a5a79d44,1,60
2026-09-24T07:03:57.614,POST,/desembolsos,201,184.0,89.4,,4cd666f9-52ee-4b85-af1a-9407c22105ba,1,60
2026-09-24T07:03:57.702,POST,/desembolsos,201,177.1,87.9,,578228c6-c987-4f5d-a7cf-fe66a7f673db,1,60
2026-09-24T07:03:57.820,POST,/desembolsos,201,193.7,93.5,,4e4aa71d-1db0-4344-a7db-79bbc6b6302e,1,60
2026-09-24T07:03:57.913,POST,/desembolsos,201,183.2,90.2,,91e94ab5-2b25-4f47-b7c9-91a75f16a294,1,60
2026-09-24T07:03:57.996,POST,/desembolsos,201,178.1,84.4,,aa8a4e90-0dab-4d4f-9ea6-f7cc3bd0370a,1,60
2026-09-24T07:03:58.121,POST,/desembolsos,201,170.5,82.6,,83d6d61f-d144-45b8-b0a3-92d5cb3c7a04,1,60
2026-09-24T07:03:58.200,POST,/desembolsos,201,176.4,87.9,,d80fb2ec-884b-4385-be7d-d6c5b5a0d499,1,60
2026-09-24T07:03:58.330,POST,/desembolsos,201,184.9,87.9,,ee6bab5a-ba71-4481-b4d7-14f904aa34b6,1,60
2026-09-24T07:03:58.380,POST,/desembolsos,201,176.5,90.1,,84d50f09-e992-43da-bab9-57faa2851adb,1,60
2026-09-24T07:03:58.515,POST,/desembolsos,201,227.7,139.3,,3de89b5b-d0d8-4c44-b89d-06c61a9fb6ae,1,60
2026-09-24T07:03:58.636,POST,/desembolsos,201,191.0,98.0,,61e70803-6bff-493b-911c-37e6534d3fe5,1,60
2026-09-24T07:03:58.711,POST,/desembolsos,201,203.1,96.7,,02275240-3825-43b7-aa54-4fbe33446f67,1,60
2026-09-24T07:03:58.812,POST,/desembolsos,201,185.7,94.3,,084df2d3-8acc-4396-8b2f-41e69f168be4,1,60
2026-09-24T07:03:58.920,POST,/desembolsos,201,179.6,86.5,,19a7b5ea-d0f5-46ed-a2cd-2ef4bf67c52a,1,60
2026-09-24T07:03:59.007,POST,/desembolsos,201,188.4,85.5,,c38ddceb-4056-490e-9b25-3bc546752ea1,1,60
2026-09-24T07:03:59.133,POST,/desembolsos,201,211.7,97.9,,3df6cdfd-1d4c-449a-9056-f77584559a14,1,60
2026-09-24T07:03:59.229,POST,/desembolsos,201,194.9,108.0,,8e757fda-2d57-44a0-b138-933251f9da51,1,60
2026-09-24T07:03:59.325,POST,/desembolsos,201,185.2,90.4,,ff1807cb-4b58-47a9-8223-642fa3af3db1,1,60
2026-09-24T07:03:59.415,POST,/desembolsos,201,174.9,87.2,,3713e9e0-6591-48d6-8d1f-cfa9c5ce96a5,1,60
2026-09-24T07:03:59.510,POST,/desembolsos,201,171.2,81.7,,b98c8ad5-a986-4e36-9350-2c2470373b63,1,60
2026-09-24T07:03:59.622,POST,/desembolsos,201,171.7,83.2,,0ebe9e2a-c8cc-4a33-85dc-d84f8ba3f143,1,60
2026-09-24T07:03:59.704,POST,/desembolsos,201,174.0,84.0,,89b8fb05-2b0b-4623-98cc-733eda840b22,1,60
2026-09-24T07:03:59.788,POST,/desembolsos,201,187.7,90.2,,72a1f8c3-b4ff-4af7-a73f-b524b1ce726d,1,60
2026-09-24T07:03:59.931,POST,/desembolsos,201,182.7,93.0,,80ae59cf-59a6-46c0-b380-77c84f009636,1,60
2026-09-24T07:04:00.024,POST,/desembolsos,201,174.1,85.2,,6a989526-72de-4da4-baf9-c62b51067c7f,1,60
2026-09-24T07:04:00.108,POST,/desembolsos,201,172.5,84.0,,040b2ac9-0589-41f3-8941-230eea3c4f7a,1,60
2026-09-24T07:04:00.226,POST,/desembolsos,201,198.3,86.4,,48055cad-c3d8-46c3-aae8-dbee685ec5c3,1,60
2026-09-24T07:04:00.312,POST,/desembolsos,201,201.7,112.1,,43d0c207-b0a5-46fe-8c6f-9041f61034c9,1,60
2026-09-24T07:04:00.423,POST,/desembolsos,201,179.3,86.7,,cba01adf-294c-46b1-853d-4b8d85821a0e,1,60
2026-09-24T07:04:00.509,POST,/desembolsos,201,185.2,89.4,,030bbe96-5804-45cf-afcb-b6020aa7f2a0,1,60
2026-09-24T07:04:00.598,POST,/desembolsos,201,179.2,91.1,,6738a2df-d5e4-404b-9d9d-f45769dc8b43,1,60
2026-09-24T07:04:00.729,POST,/desembolsos,201,175.9,85.6,,5f1f3b34-a195-4598-9b68-860890a7fe54,1,60
2026-09-24T07:04:00.814,POST,/desembolsos,201,176.0,86.5,,71c0905c-9c1e-404c-bec1-56d0d86eb731,1,60
2026-09-24T07:04:00.931,POST,/desembolsos,201,198.1,89.9,,fb7746aa-bbdd-48a0-87c3-e45173aba327,1,60
2026-09-24T07:04:01.021,POST,/desembolsos,201,195.4,108.3,,14307959-712a-4d3c-8597-eb1f00b3be35,1,60
2026-09-24T07:04:01.119,POST,/desembolsos,201,176.3,87.3,,5b446ba8-a112-49c0-afb3-be765026ec89,1,60
2026-09-24T07:04:01.205,POST,/desembolsos,201,177.3,84.8,,51090b08-9f47-4bd0-bd6b-2348c837dfa9,1,60
2026-09-24T07:04:01.322,POST,/desembolsos,201,184.0,95.5,,5e89e9af-efaa-4961-9b68-ecf4fc743c05,1,60
2026-09-24T07:04:01.417,POST,/desembolsos,201,175.9,83.5,,98b53c6d-acc9-4710-9549-eecfe16c7768,1,60
2026-09-24T07:04:01.506,POST,/desembolsos,201,174.5,83.5,,94eca5bd-994a-476b-92db-589429df6b91,1,60
2026-09-24T07:04:01.629,POST,/desembolsos,201,197.8,109.2,,ef68f29d-de6f-4508-9821-955593a5fd28,1,60
2026-09-24T07:04:01.727,POST,/desembolsos,201,173.6,84.6,,7ba40269-693d-45f8-b7c1-bdb7d3412d40,1,60
2026-09-24T07:04:01.810,POST,/desembolsos,201,203.9,89.4,,f11e21b9-5afc-42ad-8c5c-7bcb3f654397,1,60
2026-09-24T07:04:01.900,POST,/desembolsos,201,208.6,115.6,,5ba7bc03-bd4b-4525-9e95-97de8fc1b905,1,60
2026-09-24T07:04:02.006,POST,/desembolsos,201,179.4,86.9,,12cbdcf5-fa5f-42bb-908e-7448ae25115b,1,60
2026-09-24T07:04:02.118,POST,/desembolsos,201,208.5,119.5,,4b3b53ff-70a1-4505-87f3-5dc8fca4cb99,1,60
2026-09-24T07:04:02.233,POST,/desembolsos,201,192.3,90.5,,a89db791-3116-46a0-8dfb-dabd4b1c6e7e,1,60
2026-09-24T07:04:02.323,POST,/desembolsos,201,192.3,102.1,,53dba026-9231-4a30-8884-3141fe1b91ae,1,60
2026-09-24T07:04:02.412,POST,/desembolsos,201,199.1,99.5,,a651a507-6c2e-4f4e-9e83-a28539d765d1,1,60
2026-09-24T07:04:02.510,POST,/desembolsos,201,189.3,99.6,,e83b1440-e873-49cc-9d85-3d57884f66e5,1,60
2026-09-24T07:04:02.604,POST,/desembolsos,201,176.6,86.7,,700950c7-9347-4846-a16d-74dd0ba3960c,1,60
2026-09-24T07:04:02.697,POST,/desembolsos,201,173.6,84.3,,25a065d2-8d9e-4025-97fa-463064877c2a,1,60
2026-09-24T07:04:02.814,POST,/desembolsos,201,237.7,88.1,,e7133a61-e41b-410f-9be3-1d2bf7d478c2,1,60
2026-09-24T07:04:02.936,POST,/desembolsos,201,199.4,108.8,,dbbdc080-eb35-42d0-b7fb-35f92db617b3,1,60
2026-09-24T07:04:03.036,POST,/desembolsos,201,176.0,82.9,,011bd244-b886-4182-a166-9155adc287c6,1,60
2026-09-24T07:04:03.113,POST,/desembolsos,201,184.4,91.9,,d312fc1f-f6f7-4067-87f2-0612a927f2d4,1,60
2026-09-24T07:04:03.198,POST,/desembolsos,201,173.6,84.4,,d79aec2b-c60b-43f5-90b4-3dae97505180,1,60
2026-09-24T07:04:03.288,POST,/desembolsos,201,172.3,83.8,,b7b3be3f-e43b-449e-a837-41103050bb26,1,60
2026-09-24T07:04:03.430,POST,/desembolsos,201,224.2,98.2,,0634e310-e5e9-42c6-b5e9-b8c42f15ee6d,1,60
2026-09-24T07:04:03.522,POST,/desembolsos,201,215.0,83.3,,94533a89-8088-4767-88a1-930edf932b9b,1,60
2026-09-24T07:04:03.604,POST,/desembolsos,201,216.1,128.2,,4f2b807d-0e2d-4a35-9391-f74617203270,1,60
2026-09-24T07:04:03.729,POST,/desembolsos,201,178.2,87.5,,02b75063-ef71-4088-b16f-f83f4e5d0ab5,1,60
2026-09-24T07:04:03.815,POST,/desembolsos,201,176.3,87.6,,d8c5bd57-50d7-46df-82a8-23d2f88f4ce0,1,60
2026-09-24T07:04:03.905,POST,/desembolsos,201,172.0,84.0,,a9b40ff2-6ffc-45e7-9239-24d6e34ee23e,1,60
2026-09-24T07:04:04.028,POST,/desembolsos,201,196.4,103.7,,d80ed7b0-20f1-4a75-a57c-f17cab002e8d,1,60
2026-09-24T07:04:04.109,POST,/desembolsos,201,174.8,85.8,,3a4953a7-8f84-43a4-8893-1e9f55eadd89,1,60
2026-09-24T07:04:04.224,POST,/desembolsos,201,171.0,83.9,,9b1e9ff3-4b5a-430d-9909-5ff90ec4ceb3,1,60
2026-09-24T07:04:04.304,POST,/desembolsos,201,172.9,82.4,,6739ed15-f39a-4022-b12f-b8b580b8ff46,1,60
2026-09-24T07:04:04.438,POST,/desembolsos,201,173.7,83.9,,f045eb5f-f170-4966-b493-97dfc776de64,1,60
2026-09-24T07:04:04.520,POST,/desembolsos,0,170.0,84.4,conexion: ClientOSError,7650add1-8b52-469b-b93c-842136a52528,1,60
2026-09-24T07:04:04.600,POST,/desembolsos,0,166.0,84.0,conexion: ClientOSError,1f50808f-156d-4b51-9076-b6bf3d44494e,1,60
2026-09-24T07:04:04.716,POST,/desembolsos,0,3002.1,3001.8,timeout,19fdbbeb-503a-4d1e-8816-eefe21fd3e46,1,60
2026-09-24T07:04:04.829,POST,/desembolsos,0,3010.8,3010.3,timeout,1c276af8-554b-4ce0-a935-78f7c790df61,1,60
2026-09-24T07:04:04.917,POST,/desembolsos,0,3005.8,3005.4,timeout,37f5ce81-3b0a-40e4-9082-64c7fd8e1353,1,60
2026-09-24T07:04:05.033,POST,/desembolsos,0,2989.7,2989.3,timeout,df869a97-d839-4b43-bd21-fe2ef3b964b4,1,60
2026-09-24T07:04:05.131,POST,/desembolsos,0,3011.6,3011.2,timeout,61dd43cb-200c-41ce-b105-68228d9c2eaa,1,60
2026-09-24T07:04:05.212,POST,/desembolsos,0,3012.4,3011.8,timeout,e77d4caa-534a-4ef0-bde7-aa56dff8700a,1,60
2026-09-24T07:04:05.328,POST,/desembolsos,0,2994.2,2993.8,timeout,09dbc715-4f3c-4b67-9fbe-d6522384d471,1,60
2026-09-24T07:04:05.438,POST,/desembolsos,0,2982.3,2982.0,timeout,361b5631-5c2b-42ee-a682-af858973f5da,1,60
2026-09-24T07:04:05.537,POST,/desembolsos,0,3030.3,3030.0,timeout,668bcf83-c03b-4813-bf81-26ee25cc53f5,1,60
2026-09-24T07:04:05.618,POST,/desembolsos,0,3013.4,3012.9,timeout,8fdd3b68-2065-42ef-a0fe-e04d16edb23f,1,60
2026-09-24T07:04:05.683,POST,/desembolsos,0,2996.3,2995.9,timeout,7650add1-8b52-469b-b93c-842136a52528,2,60
2026-09-24T07:04:05.716,POST,/desembolsos,0,3010.9,3010.6,timeout,69aafd2d-fcda-4eba-9f8a-11fc4da6afdb,1,60
2026-09-24T07:04:05.773,POST,/desembolsos,0,2987.1,2986.6,timeout,1f50808f-156d-4b51-9076-b6bf3d44494e,2,60
2026-09-24T07:04:05.829,POST,/desembolsos,0,3003.2,3002.8,timeout,188071f6-4a74-46d4-aa46-e2adf9edbeee,1,60
2026-09-24T07:04:05.945,POST,/desembolsos,0,3000.4,3000.1,timeout,17ed4a7e-518f-46f3-9d2e-dd7d0571298c,1,60
2026-09-24T07:04:06.021,POST,/desembolsos,0,3006.7,3006.3,timeout,4e2b84a5-32bb-4346-b4cc-3353f309d3e9,1,60
2026-09-24T07:04:06.120,POST,/desembolsos,0,3020.2,3019.9,timeout,2d17b2fe-86bb-412e-a9d1-b4dd0d982ea8,1,60
2026-09-24T07:04:06.218,POST,/desembolsos,0,3004.1,3003.8,timeout,c9ab4b83-a20e-4d99-a689-51a5e5f43728,1,60
2026-09-24T07:04:06.335,POST,/desembolsos,0,3001.9,3001.5,timeout,0f601175-3c67-4738-b4d3-ec7644b99619,1,60
2026-09-24T07:04:06.433,POST,/desembolsos,0,2995.3,2995.0,timeout,27a55db1-3f8f-4dd2-8e58-e163b0ba5938,1,60
2026-09-24T07:04:06.530,POST,/desembolsos,0,2992.5,2992.1,timeout,b35f57f5-b054-461f-92cf-331b45646b3d,1,60
2026-09-24T07:04:06.628,POST,/desembolsos,0,2993.7,2993.4,timeout,3b795bf1-7cd3-4469-903e-dae3d563ca55,1,60
2026-09-24T07:04:06.726,POST,/desembolsos,0,3002.8,3002.5,timeout,784cb910-abab-48ea-9f5d-a5c3c2bb61bf,1,60
2026-09-24T07:04:06.838,POST,/desembolsos,0,3009.6,3009.3,timeout,2b3cabb8-ba5e-46b9-9c40-7d1a325a6f5d,1,60
2026-09-24T07:04:06.931,POST,/desembolsos,0,2999.3,2999.1,timeout,6a4e64d9-f7c2-4dd5-9e42-5e8ba136a60c,1,60
2026-09-24T07:04:07.021,POST,/desembolsos,0,3007.4,3006.9,timeout,347d2e56-1dd2-421f-b60e-d5fc6f981d81,1,60
2026-09-24T07:04:07.118,POST,/desembolsos,0,3004.6,3004.4,timeout,807ae92d-fae0-4826-9f4c-b020be994069,1,60
2026-09-24T07:04:07.233,POST,/desembolsos,0,2984.4,2984.0,timeout,496a7b65-bb45-4b25-b9d6-30c46a5882c9,1,60
2026-09-24T07:04:07.330,POST,/desembolsos,0,3000.3,3000.0,timeout,de0ec35c-a5a3-44b0-a39e-d4fa65ba9471,1,60
2026-09-24T07:04:07.428,POST,/desembolsos,0,3001.1,3000.7,timeout,fd4cb658-e00f-4e11-823d-377db92a6352,1,60
2026-09-24T07:04:07.527,POST,/desembolsos,0,3011.0,3010.6,timeout,5d77cf23-f694-4c0b-a393-e1f51df2c2b9,1,60
2026-09-24T07:04:07.619,POST,/desembolsos,0,3011.3,3010.8,timeout,3178098b-8015-4bdb-8b30-a4080d37527e,1,60
2026-09-24T07:04:07.718,POST,/desembolsos,0,2993.1,2992.9,timeout,5f6cb716-3097-445d-b009-a409bd229375,1,60
2026-09-24T07:04:07.839,POST,/desembolsos,0,3000.9,3000.6,timeout,bcb2cbbc-a255-4697-b03d-2d2937a99bb3,1,60
2026-09-24T07:04:07.921,POST,/desembolsos,0,3000.2,2999.8,timeout,e5498a0c-26f9-4543-a799-5462c152f6a5,1,60
2026-09-24T07:04:08.021,POST,/desembolsos,0,3013.5,3013.2,timeout,a48f79be-98cd-461b-8588-0306069ea1a4,1,60
2026-09-24T07:04:08.125,POST,/desembolsos,0,3009.7,3009.5,timeout,023940d1-acae-422d-aa67-7fa9db9149f7,1,60
2026-09-24T07:04:08.224,POST,/desembolsos,0,2994.0,2993.8,timeout,4effeaa3-664b-41f7-a68b-64e1a29419e4,1,60
2026-09-24T07:04:08.321,POST,/desembolsos,0,3008.5,3008.1,timeout,1c7a42eb-fe67-4e2c-95cf-d3826192def6,1,60
2026-09-24T07:04:08.419,POST,/desembolsos,0,3006.4,3006.3,timeout,3602bc57-3944-4572-8a4d-4dbd813c0b74,1,60
2026-09-24T07:04:08.535,POST,/desembolsos,0,2999.6,2999.2,timeout,c470d23c-29c5-4d70-a87d-091680426fdd,1,60
2026-09-24T07:04:08.630,POST,/desembolsos,0,3015.8,3015.5,timeout,4437fd1a-4012-466a-a09e-645db43498ec,1,60
2026-09-24T07:04:08.726,POST,/desembolsos,0,2985.9,2985.8,timeout,19fdbbeb-503a-4d1e-8816-eefe21fd3e46,2,60
2026-09-24T07:04:08.726,POST,/desembolsos,0,2985.6,2985.5,timeout,72be5db2-054d-4647-8530-caddbbd2c517,1,60
2026-09-24T07:04:08.831,POST,/desembolsos,0,3017.4,3017.0,timeout,ac87f90a-0837-4acf-a3e0-0c5b4bcc6552,1,60
2026-09-24T07:04:08.863,POST,/desembolsos,0,2985.2,2984.9,timeout,1c276af8-554b-4ce0-a935-78f7c790df61,2,60
2026-09-24T07:04:08.929,POST,/desembolsos,0,2985.0,2985.0,timeout,e80d3b90-f0e5-47da-a624-8954a0991237,1,60
2026-09-24T07:04:08.929,POST,/desembolsos,0,2986.4,2986.0,timeout,37f5ce81-3b0a-40e4-9082-64c7fd8e1353,2,60
2026-09-24T07:04:09.027,POST,/desembolsos,0,3002.5,3002.2,timeout,f1bdf928-9d66-4d32-8a6e-ef35a1c6ee6c,1,60
2026-09-24T07:04:09.027,POST,/desembolsos,0,3001.9,3001.8,timeout,df869a97-d839-4b43-bd21-fe2ef3b964b4,2,60
2026-09-24T07:04:09.139,POST,/desembolsos,0,3002.0,3002.0,timeout,61dd43cb-200c-41ce-b105-68228d9c2eaa,2,60
2026-09-24T07:04:09.139,POST,/desembolsos,0,3003.4,3003.1,timeout,2ac668cf-4f7c-4ffc-88f6-bf14bb6e19ca,1,60
2026-09-24T07:04:09.221,POST,/desembolsos,0,3014.0,3013.9,timeout,fcaf5c7c-d513-4bb2-a38d-f8895da860a0,1,60
2026-09-24T07:04:09.222,POST,/desembolsos,0,3013.5,3013.5,timeout,e77d4caa-534a-4ef0-bde7-aa56dff8700a,2,60
2026-09-24T07:04:09.336,POST,/desembolsos,0,3008.6,3008.5,timeout,43c46fdc-a12f-46d1-a9fc-92a6ee627a97,1,60
2026-09-24T07:04:09.336,POST,/desembolsos,0,3008.3,3007.9,timeout,09dbc715-4f3c-4b67-9fbe-d6522384d471,2,60
2026-09-24T07:04:09.428,POST,/desembolsos,0,3012.0,3011.8,timeout,1f063c33-321e-4b3c-9b32-d8f09fe522a1,1,60
2026-09-24T07:04:09.428,POST,/desembolsos,0,3011.5,3011.4,timeout,361b5631-5c2b-42ee-a682-af858973f5da,2,60
2026-09-24T07:04:09.522,POST,/desembolsos,0,3026.2,3025.9,timeout,750f0643-73b6-4005-b19c-52951d9a6ef7,1,60
2026-09-24T07:04:09.555,POST,/desembolsos,0,2994.1,2993.7,timeout,668bcf83-c03b-4813-bf81-26ee25cc53f5,2,60
2026-09-24T07:04:09.621,POST,/desembolsos,0,3019.9,3019.7,timeout,59ac541d-754c-46d3-89af-489ac3d37cf9,1,60
2026-09-24T07:04:09.656,POST,/desembolsos,0,2985.4,2985.2,timeout,8fdd3b68-2065-42ef-a0fe-e04d16edb23f,2,60
2026-09-24T07:04:09.696,POST,/desembolsos,0,3007.4,3007.3,timeout,4864abe1-a110-44ac-b7e8-77b9b421da55,1,60
2026-09-24T07:04:09.696,POST,/desembolsos,0,3008.6,3008.2,timeout,7650add1-8b52-469b-b93c-842136a52528,3,60
2026-09-24T07:04:09.729,POST,/desembolsos,0,3009.1,3008.9,timeout,69aafd2d-fcda-4eba-9f8a-11fc4da6afdb,2,60
2026-09-24T07:04:09.762,POST,/desembolsos,0,3007.3,3007.0,timeout,1f50808f-156d-4b51-9076-b6bf3d44494e,3,60
2026-09-24T07:04:09.824,POST,/desembolsos,0,2994.6,2994.5,timeout,188071f6-4a74-46d4-aa46-e2adf9edbeee,2,60
2026-09-24T07:04:09.823,POST,/desembolsos,0,2995.4,2995.1,timeout,c4a42d9e-4d1d-4a9a-8727-ae3f8a6d34bf,1,60
2026-09-24T07:04:09.929,POST,/desembolsos,0,2992.6,2992.3,timeout,b901e846-4c5e-4d26-896d-3fc43fce014b,1,60
2026-09-24T07:04:09.946,POST,/desembolsos,0,3008.8,3008.5,timeout,17ed4a7e-518f-46f3-9d2e-dd7d0571298c,2,60
2026-09-24T07:04:10.028,POST,/desembolsos,0,3007.7,3007.6,timeout,4e2b84a5-32bb-4346-b4cc-3353f309d3e9,2,60
2026-09-24T07:04:10.028,POST,/desembolsos,0,3008.6,3008.4,timeout,d287be39-c853-4e23-aeac-126fd25cf018,1,60
2026-09-24T07:04:10.121,POST,/desembolsos,0,2998.1,2997.7,timeout,25264659-bb30-49e0-a0cc-4a900af34911,1,60
2026-09-24T07:04:10.139,POST,/desembolsos,0,3001.4,3001.0,timeout,2d17b2fe-86bb-412e-a9d1-b4dd0d982ea8,2,60
2026-09-24T07:04:10.216,POST,/desembolsos,0,3007.0,3006.9,timeout,c9ab4b83-a20e-4d99-a689-51a5e5f43728,2,60
2026-09-24T07:04:10.216,POST,/desembolsos,0,3008.3,3008.0,timeout,2d3d51bb-c9a9-4c9e-9a90-d94bdc4ed7fe,1,60
2026-09-24T07:04:10.314,POST,/desembolsos,0,3003.3,3003.1,timeout,58318869-cd26-4b6a-b3bf-357aeb7846b9,1,60
2026-09-24T07:04:10.347,POST,/desembolsos,0,2992.6,2992.2,timeout,0f601175-3c67-4738-b4d3-ec7644b99619,2,60
2026-09-24T07:04:10.429,POST,/desembolsos,0,3012.8,3012.7,timeout,27a55db1-3f8f-4dd2-8e58-e163b0ba5938,2,60
2026-09-24T07:04:10.429,POST,/desembolsos,0,3013.7,3013.5,timeout,e8037d1b-b70b-4536-ac11-a940fc0b4073,1,60
2026-09-24T07:04:10.538,POST,/desembolsos,0,3002.2,3001.9,timeout,b35f57f5-b054-461f-92cf-331b45646b3d,2,60
2026-09-24T07:04:10.629,POST,/desembolsos,0,3007.1,3006.7,timeout,3b795bf1-7cd3-4469-903e-dae3d563ca55,2,60
2026-09-24T07:04:10.711,POST,/desembolsos,0,3010.8,3010.5,timeout,784cb910-abab-48ea-9f5d-a5c3c2bb61bf,2,60
2026-09-24T07:04:10.840,POST,/desembolsos,0,3007.3,3007.2,timeout,2b3cabb8-ba5e-46b9-9c40-7d1a325a6f5d,2,60
2026-09-24T07:04:10.921,POST,/desembolsos,0,3017.4,3017.2,timeout,6a4e64d9-f7c2-4dd5-9e42-5e8ba136a60c,2,60
2026-09-24T07:04:11.035,POST,/desembolsos,0,3003.9,3003.7,timeout,347d2e56-1dd2-421f-b60e-d5fc6f981d81,2,60
2026-09-24T07:04:11.134,POST,/desembolsos,0,3014.0,3013.7,timeout,807ae92d-fae0-4826-9f4c-b020be994069,2,60
2026-09-24T07:04:11.217,POST,/desembolsos,0,2998.3,2998.0,timeout,496a7b65-bb45-4b25-b9d6-30c46a5882c9,2,60
2026-09-24T07:04:11.329,POST,/desembolsos,0,3004.2,3004.0,timeout,de0ec35c-a5a3-44b0-a39e-d4fa65ba9471,2,60
2026-09-24T07:04:11.425,POST,/desembolsos,0,2989.1,2988.9,timeout,fd4cb658-e00f-4e11-823d-377db92a6352,2,60
2026-09-24T07:04:11.566,POST,/desembolsos,0,2983.9,2983.4,timeout,5d77cf23-f694-4c0b-a393-e1f51df2c2b9,2,60
2026-09-24T07:04:11.646,POST,/desembolsos,0,3003.8,3003.6,timeout,3178098b-8015-4bdb-8b30-a4080d37527e,2,60
2026-09-24T07:04:11.711,POST,/desembolsos,0,3003.9,3003.5,timeout,5f6cb716-3097-445d-b009-a409bd229375,2,60
2026-09-24T07:04:11.848,POST,/desembolsos,0,2999.7,2999.5,timeout,bcb2cbbc-a255-4697-b03d-2d2937a99bb3,2,60
2026-09-24T07:04:11.913,POST,/desembolsos,0,3024.5,3024.2,timeout,e5498a0c-26f9-4543-a799-5462c152f6a5,2,60
2026-09-24T07:04:12.029,POST,/desembolsos,0,3007.1,3006.9,timeout,a48f79be-98cd-461b-8588-0306069ea1a4,2,60
2026-09-24T07:04:12.143,POST,/desembolsos,0,2991.5,2991.4,timeout,023940d1-acae-422d-aa67-7fa9db9149f7,2,60
2026-09-24T07:04:12.236,POST,/desembolsos,0,2980.8,2980.5,timeout,4effeaa3-664b-41f7-a68b-64e1a29419e4,2,60
2026-09-24T07:04:12.343,POST,/desembolsos,0,3017.8,3017.5,timeout,1c7a42eb-fe67-4e2c-95cf-d3826192def6,2,60
2026-09-24T07:04:12.438,POST,/desembolsos,0,2987.9,2987.6,timeout,3602bc57-3944-4572-8a4d-4dbd813c0b74,2,60
2026-09-24T07:04:12.548,POST,/desembolsos,0,3010.8,3010.6,timeout,c470d23c-29c5-4d70-a87d-091680426fdd,2,60
2026-09-24T07:04:12.642,POST,/desembolsos,0,2997.7,2997.5,timeout,4437fd1a-4012-466a-a09e-645db43498ec,2,60
2026-09-24T07:04:12.705,POST,/desembolsos,0,2999.7,2999.6,timeout,8e34d454-6294-4c23-a91b-d207e62a6bad,1,60
2026-09-24T07:04:12.738,POST,/desembolsos,0,2983.3,2983.3,timeout,72be5db2-054d-4647-8530-caddbbd2c517,2,60
2026-09-24T07:04:12.737,POST,/desembolsos,0,2984.3,2983.9,timeout,19fdbbeb-503a-4d1e-8816-eefe21fd3e46,3,60
2026-09-24T07:04:12.816,POST,/desembolsos,0,3005.8,3005.2,timeout,8e012f00-3ca6-4a5d-bfa6-415ca217e9c7,1,60
2026-09-24T07:04:12.864,POST,/desembolsos,0,3024.3,3024.1,timeout,1c276af8-554b-4ce0-a935-78f7c790df61,3,60
2026-09-24T07:04:12.864,POST,/desembolsos,0,3024.2,3024.1,timeout,ac87f90a-0837-4acf-a3e0-0c5b4bcc6552,2,60
2026-09-24T07:04:12.921,POST,/desembolsos,0,2998.3,2998.3,timeout,e80d3b90-f0e5-47da-a624-8954a0991237,2,60
2026-09-24T07:04:12.921,POST,/desembolsos,0,2999.1,2998.9,timeout,37f5ce81-3b0a-40e4-9082-64c7fd8e1353,3,60
2026-09-24T07:04:13.036,POST,/desembolsos,0,3016.0,3015.8,timeout,df869a97-d839-4b43-bd21-fe2ef3b964b4,3,60
2026-09-24T07:04:13.036,POST,/desembolsos,0,3016.2,3016.1,timeout,f1bdf928-9d66-4d32-8a6e-ef35a1c6ee6c,2,60
2026-09-24T07:04:13.139,POST,/desembolsos,0,2994.1,2994.0,timeout,2ac668cf-4f7c-4ffc-88f6-bf14bb6e19ca,2,60
2026-09-24T07:04:13.139,POST,/desembolsos,0,2995.6,2995.2,timeout,61dd43cb-200c-41ce-b105-68228d9c2eaa,3,60
2026-09-24T07:04:13.227,POST,/desembolsos,0,3006.7,3006.6,timeout,fcaf5c7c-d513-4bb2-a38d-f8895da860a0,2,60
2026-09-24T07:04:13.225,POST,/desembolsos,0,3008.1,3007.5,timeout,e77d4caa-534a-4ef0-bde7-aa56dff8700a,3,60
2026-09-24T07:04:13.339,POST,/desembolsos,0,3007.1,3006.9,timeout,09dbc715-4f3c-4b67-9fbe-d6522384d471,3,60
2026-09-24T07:04:13.339,POST,/desembolsos,0,3006.6,3006.5,timeout,43c46fdc-a12f-46d1-a9fc-92a6ee627a97,2,60
2026-09-24T07:04:13.443,POST,/desembolsos,0,3019.9,3019.8,timeout,1f063c33-321e-4b3c-9b32-d8f09fe522a1,2,60
2026-09-24T07:04:13.443,POST,/desembolsos,0,3020.4,3020.2,timeout,361b5631-5c2b-42ee-a682-af858973f5da,3,60
2026-09-24T07:04:13.540,POST,/desembolsos,0,3005.8,3005.4,timeout,668bcf83-c03b-4813-bf81-26ee25cc53f5,3,60
2026-09-24T07:04:13.540,POST,/desembolsos,0,3004.7,3004.6,timeout,750f0643-73b6-4005-b19c-52951d9a6ef7,2,60
2026-09-24T07:04:13.637,POST,/desembolsos,0,3005.4,3005.3,timeout,59ac541d-754c-46d3-89af-489ac3d37cf9,2,60
2026-09-24T07:04:13.636,POST,/desembolsos,0,3006.2,3006.0,timeout,8fdd3b68-2065-42ef-a0fe-e04d16edb23f,3,60
2026-09-24T07:04:13.701,POST,/desembolsos,0,3007.5,3007.3,timeout,4864abe1-a110-44ac-b7e8-77b9b421da55,2,60
2026-09-24T07:04:13.756,POST,/desembolsos,0,3002.6,3002.4,timeout,69aafd2d-fcda-4eba-9f8a-11fc4da6afdb,3,60
2026-09-24T07:04:13.822,POST,/desembolsos,0,3017.5,3017.2,timeout,188071f6-4a74-46d4-aa46-e2adf9edbeee,3,60
2026-09-24T07:04:13.822,POST,/desembolsos,0,3016.8,3016.7,timeout,c4a42d9e-4d1d-4a9a-8727-ae3f8a6d34bf,2,60
2026-09-24T07:04:13.939,POST,/desembolsos,0,2992.1,2992.0,timeout,b901e846-4c5e-4d26-896d-3fc43fce014b,2,60
2026-09-24T07:04:13.955,POST,/desembolsos,0,2992.6,2992.4,timeout,17ed4a7e-518f-46f3-9d2e-dd7d0571298c,3,60
2026-09-24T07:04:14.039,POST,/desembolsos,0,3003.6,3003.5,timeout,4e2b84a5-32bb-4346-b4cc-3353f309d3e9,3,60
2026-09-24T07:04:14.039,POST,/desembolsos,0,3004.2,3004.0,timeout,d287be39-c853-4e23-aeac-126fd25cf018,2,60
2026-09-24T07:04:14.124,POST,/desembolsos,0,2997.8,2997.5,timeout,25264659-bb30-49e0-a0cc-4a900af34911,2,60
2026-09-24T07:04:14.149,POST,/desembolsos,0,2989.9,2989.6,timeout,2d17b2fe-86bb-412e-a9d1-b4dd0d982ea8,3,60
2026-09-24T07:04:14.215,POST,/desembolsos,0,3003.4,3003.3,timeout,c9ab4b83-a20e-4d99-a689-51a5e5f43728,3,60
2026-09-24T07:04:14.215,POST,/desembolsos,0,3003.0,3003.0,timeout,2d3d51bb-c9a9-4c9e-9a90-d94bdc4ed7fe,2,60
2026-09-24T07:04:14.332,POST,/desembolsos,0,3000.8,3000.5,timeout,58318869-cd26-4b6a-b3bf-357aeb7846b9,2,60
2026-09-24T07:04:14.348,POST,/desembolsos,0,2985.4,2985.2,timeout,0f601175-3c67-4738-b4d3-ec7644b99619,3,60
2026-09-24T07:04:14.449,POST,/desembolsos,0,2998.4,2998.3,timeout,27a55db1-3f8f-4dd2-8e58-e163b0ba5938,3,60
2026-09-24T07:04:14.449,POST,/desembolsos,0,2999.4,2999.1,timeout,e8037d1b-b70b-4536-ac11-a940fc0b4073,2,60
2026-09-24T07:04:14.549,POST,/desembolsos,0,2998.9,2998.7,timeout,b35f57f5-b054-461f-92cf-331b45646b3d,3,60
2026-09-24T07:04:14.649,POST,/desembolsos,0,2997.3,2997.0,timeout,3b795bf1-7cd3-4469-903e-dae3d563ca55,3,60
2026-09-24T07:04:14.715,POST,/desembolsos,0,3010.8,3010.6,timeout,784cb910-abab-48ea-9f5d-a5c3c2bb61bf,3,60
2026-09-24T07:04:14.847,POST,/desembolsos,0,2999.5,2999.3,timeout,2b3cabb8-ba5e-46b9-9c40-7d1a325a6f5d,3,60
2026-09-24T07:04:14.938,POST,/desembolsos,0,2990.6,2990.5,timeout,6a4e64d9-f7c2-4dd5-9e42-5e8ba136a60c,3,60
2026-09-24T07:04:15.037,POST,/desembolsos,0,3002.3,3002.1,timeout,347d2e56-1dd2-421f-b60e-d5fc6f981d81,3,60
2026-09-24T07:04:15.134,POST,/desembolsos,0,3002.1,3001.9,timeout,807ae92d-fae0-4826-9f4c-b020be994069,3,60
2026-09-24T07:04:15.216,POST,/desembolsos,0,3003.3,3003.1,timeout,496a7b65-bb45-4b25-b9d6-30c46a5882c9,3,60
2026-09-24T07:04:15.329,POST,/desembolsos,0,2989.0,2988.8,timeout,de0ec35c-a5a3-44b0-a39e-d4fa65ba9471,3,60
2026-09-24T07:04:15.426,POST,/desembolsos,0,2990.8,2990.7,timeout,fd4cb658-e00f-4e11-823d-377db92a6352,3,60
2026-09-24T07:04:15.558,POST,/desembolsos,0,3003.5,3003.3,timeout,5d77cf23-f694-4c0b-a393-e1f51df2c2b9,3,60
2026-09-24T07:04:15.639,POST,/desembolsos,0,3004.2,3004.0,timeout,3178098b-8015-4bdb-8b30-a4080d37527e,3,60
2026-09-24T07:04:15.721,POST,/desembolsos,0,3004.0,3003.9,timeout,dd7c6943-950c-4090-9e96-75b88f7bb3c9,1,60
2026-09-24T07:04:15.721,POST,/desembolsos,0,3005.0,3004.8,timeout,5f6cb716-3097-445d-b009-a409bd229375,3,60
2026-09-24T07:04:15.855,POST,/desembolsos,0,3015.4,3015.2,timeout,bcb2cbbc-a255-4697-b03d-2d2937a99bb3,3,60
2026-09-24T07:04:15.888,POST,/desembolsos,0,2998.3,2998.1,timeout,dd3ed05e-60e3-4bef-af9c-0bed822de4ee,1,60
2026-09-24T07:04:15.920,POST,/desembolsos,0,2998.8,2998.7,timeout,e5498a0c-26f9-4543-a799-5462c152f6a5,3,60
2026-09-24T07:04:16.003,POST,/desembolsos,0,2996.4,2996.2,timeout,3c40a024-0fac-4429-846a-dc0023e3873f,1,60
2026-09-24T07:04:16.052,POST,/desembolsos,0,3011.5,3011.3,timeout,a48f79be-98cd-461b-8588-0306069ea1a4,3,60
2026-09-24T07:04:16.102,POST,/desembolsos,0,2995.9,2995.7,timeout,bfb32871-d45e-4f1c-8f6e-86693c712bdc,1,60
2026-09-24T07:04:16.135,POST,/desembolsos,0,3011.4,3011.2,timeout,023940d1-acae-422d-aa67-7fa9db9149f7,3,60
2026-09-24T07:04:16.200,POST,/desembolsos,0,2995.7,2995.5,timeout,fa335265-d875-4ccd-a31b-b710e32b2ee0,1,60
2026-09-24T07:04:16.232,POST,/desembolsos,0,2996.3,2996.1,timeout,4effeaa3-664b-41f7-a68b-64e1a29419e4,3,60
2026-09-24T07:04:16.298,POST,/desembolsos,0,2996.5,2996.3,timeout,0be645aa-05d3-4f50-b32c-cd7bb479aa96,1,60
2026-09-24T07:04:16.347,POST,/desembolsos,0,2995.7,2995.6,timeout,1c7a42eb-fe67-4e2c-95cf-d3826192def6,3,60
2026-09-24T07:04:16.398,POST,/desembolsos,0,2991.8,2991.6,timeout,2bc81625-f8bb-4aba-bdad-80bfa1a71548,1,60
2026-09-24T07:04:16.430,POST,/desembolsos,0,3020.2,3020.0,timeout,3602bc57-3944-4572-8a4d-4dbd813c0b74,3,60
2026-09-24T07:04:16.496,POST,/desembolsos,0,3002.1,3001.9,timeout,6f34c21e-f3c8-4642-a9f0-32c2b03624d1,1,60
2026-09-24T07:04:16.545,POST,/desembolsos,0,3006.2,3006.1,timeout,c470d23c-29c5-4d70-a87d-091680426fdd,3,60
2026-09-24T07:04:16.594,POST,/desembolsos,0,3005.7,3005.5,timeout,aee40dc6-bfdf-4121-b3ad-16b64f5df673,1,60
2026-09-24T07:04:16.642,POST,/desembolsos,0,3005.1,3005.0,timeout,4437fd1a-4012-466a-a09e-645db43498ec,3,60
2026-09-24T07:04:16.691,POST,/desembolsos,0,2988.7,2988.5,timeout,e0ca041d-7e4d-486b-a5bb-ceb74c4fb6a7,1,60
2026-09-24T07:04:16.708,POST,/desembolsos,0,3004.3,3004.2,timeout,72be5db2-054d-4647-8530-caddbbd2c517,3,60
2026-09-24T07:04:16.708,POST,/desembolsos,0,3005.1,3004.9,timeout,8e34d454-6294-4c23-a91b-d207e62a6bad,2,60
2026-09-24T07:04:16.798,POST,/desembolsos,0,3006.5,3006.3,timeout,2e199c6c-df64-4e41-912f-6a1621f8fc7e,1,60
2026-09-24T07:04:16.839,POST,/desembolsos,0,3008.7,3008.5,timeout,8e012f00-3ca6-4a5d-bfa6-415ca217e9c7,2,60
2026-09-24T07:04:16.889,POST,/desembolsos,0,3006.5,3006.5,timeout,4ddb0f7c-eb96-4dce-ab85-c405391df454,1,60
2026-09-24T07:04:16.889,POST,/desembolsos,0,3007.2,3007.0,timeout,ac87f90a-0837-4acf-a3e0-0c5b4bcc6552,3,60
2026-09-24T07:04:16.931,POST,/desembolsos,0,2998.1,2997.9,timeout,e80d3b90-f0e5-47da-a624-8954a0991237,3,60
2026-09-24T07:04:16.995,POST,/desembolsos,0,2999.5,2999.4,timeout,668691b2-69c1-4f66-b16c-986dc370a90f,1,60
2026-09-24T07:04:17.043,POST,/desembolsos,0,3001.2,3001.1,timeout,f1bdf928-9d66-4d32-8a6e-ef35a1c6ee6c,3,60
2026-09-24T07:04:17.091,POST,/desembolsos,0,3015.9,3015.6,timeout,fc83d32e-27ee-44d8-9a40-5e3a4d80b28a,1,60
2026-09-24T07:04:17.138,POST,/desembolsos,0,3000.0,2999.9,timeout,2ac668cf-4f7c-4ffc-88f6-bf14bb6e19ca,3,60
2026-09-24T07:04:17.202,POST,/desembolsos,0,3002.9,3002.7,timeout,9614d8e2-f515-46f7-84a6-fba3e3766cd4,1,60
2026-09-24T07:04:17.218,POST,/desembolsos,0,3018.5,3018.4,timeout,fcaf5c7c-d513-4bb2-a38d-f8895da860a0,3,60
2026-09-24T07:04:17.300,POST,/desembolsos,0,3003.7,3003.5,timeout,46559baa-d8b5-4f34-af1b-585b40446993,1,60
2026-09-24T07:04:17.333,POST,/desembolsos,0,3002.9,3002.8,timeout,43c46fdc-a12f-46d1-a9fc-92a6ee627a97,3,60
2026-09-24T07:04:17.397,POST,/desembolsos,0,2989.2,2989.0,timeout,988ada72-8a7c-4394-8a41-aac8f479402c,1,60
2026-09-24T07:04:17.481,POST,/desembolsos,0,2998.9,2998.6,timeout,1f063c33-321e-4b3c-9b32-d8f09fe522a1,3,60
2026-09-24T07:04:17.481,POST,/desembolsos,0,2998.4,2998.3,timeout,0b546d39-6fbd-47fb-a983-720571a4f708,1,60
2026-09-24T07:04:17.548,POST,/desembolsos,0,2997.6,2997.4,timeout,750f0643-73b6-4005-b19c-52951d9a6ef7,3,60
2026-09-24T07:04:17.596,POST,/desembolsos,0,3009.0,3008.9,timeout,4cfb04a7-a2a1-4b4f-8868-5014f850017a,1,60
2026-09-24T07:04:17.645,POST,/desembolsos,0,3008.4,3008.2,timeout,59ac541d-754c-46d3-89af-489ac3d37cf9,3,60
2026-09-24T07:04:17.694,POST,/desembolsos,0,3009.0,3008.8,timeout,00b42093-f0d5-46d1-a0e7-580506d38f0b,1,60
2026-09-24T07:04:17.726,POST,/desembolsos,0,2993.3,2993.1,timeout,4864abe1-a110-44ac-b7e8-77b9b421da55,3,60
2026-09-24T07:04:17.792,POST,/desembolsos,0,3009.4,3009.2,timeout,3812f6d4-3b4f-41da-bb97-9630fa0f825b,1,60
2026-09-24T07:04:17.846,POST,/desembolsos,0,3000.5,3000.4,timeout,c4a42d9e-4d1d-4a9a-8727-ae3f8a6d34bf,3,60
2026-09-24T07:04:17.895,POST,/desembolsos,0,3016.0,3015.8,timeout,b17ff3b9-6b86-4c27-9c75-6056f03085c5,1,60
2026-09-24T07:04:17.929,POST,/desembolsos,0,2982.6,2982.5,timeout,b901e846-4c5e-4d26-896d-3fc43fce014b,3,60
2026-09-24T07:04:17.989,POST,/desembolsos,0,3000.3,3000.1,timeout,1ac89d87-5b22-4abc-a492-270cba0817f8,1,60
2026-09-24T07:04:18.038,POST,/desembolsos,0,2998.3,2998.2,timeout,d287be39-c853-4e23-aeac-126fd25cf018,3,60
2026-09-24T07:04:18.103,POST,/desembolsos,0,2998.5,2998.3,timeout,15bc4b59-6430-4dd4-8d0d-88734b6c298c,1,60
2026-09-24T07:04:18.119,POST,/desembolsos,0,2997.3,2997.1,timeout,25264659-bb30-49e0-a0cc-4a900af34911,3,60
2026-09-24T07:04:18.202,POST,/desembolsos,0,3007.5,3007.3,timeout,6dd534b5-3782-4c9a-8b34-7206a39ddc82,1,60
2026-09-24T07:04:18.219,POST,/desembolsos,0,2991.8,2991.6,timeout,2d3d51bb-c9a9-4c9e-9a90-d94bdc4ed7fe,3,60
2026-09-24T07:04:18.302,POST,/desembolsos,0,3007.1,3006.9,timeout,904f5de8-7b24-4840-8c62-f26db4fff08b,1,60
2026-09-24T07:04:18.334,POST,/desembolsos,0,3006.6,3006.3,timeout,58318869-cd26-4b6a-b3bf-357aeb7846b9,3,60
2026-09-24T07:04:18.400,POST,/desembolsos,0,2989.5,2989.3,timeout,f6d54ef2-4103-4f2b-a30e-655d265d78cd,1,60
2026-09-24T07:04:18.449,POST,/desembolsos,0,3003.9,3003.7,timeout,e8037d1b-b70b-4536-ac11-a940fc0b4073,3,60
2026-09-24T07:04:18.497,POST,/desembolsos,0,3018.9,3018.7,timeout,d8db6605-a3e7-4272-a43b-bcb234821299,1,60
2026-09-24T07:04:18.594,POST,/desembolsos,0,2999.8,2999.6,timeout,fdc1dbfb-b380-4350-afb9-cb3a0a9c9049,1,60
2026-09-24T07:04:18.693,POST,/desembolsos,0,3012.4,3012.2,timeout,c0e4a094-dccd-4ac1-89ea-2f48649c8e86,1,60
2026-09-24T07:04:18.797,POST,/desembolsos,0,2990.8,2990.6,timeout,e0308f68-f0db-421b-bd0a-ba8b9695d3eb,1,60
2026-09-24T07:04:18.886,POST,/desembolsos,0,3003.0,3002.9,timeout,b983ab48-4f9a-4a4f-a3f1-0dac7a53dd44,1,60
2026-09-24T07:04:18.998,POST,/desembolsos,0,3007.1,3006.9,timeout,006148b0-19dc-4512-8644-c16a57cca953,1,60
2026-09-24T07:04:19.097,POST,/desembolsos,0,2989.9,2989.7,timeout,065642aa-d64c-43ba-bdcd-0d0e0a77979e,1,60
2026-09-24T07:04:19.195,POST,/desembolsos,0,3002.7,3002.5,timeout,6f386b09-00c7-435c-9108-745b9f91bc57,1,60
2026-09-24T07:04:19.294,POST,/desembolsos,0,3003.1,3002.9,timeout,f91a5858-9d08-4a3c-8b47-58b9e8b8f4f2,1,60
2026-09-24T07:04:19.388,POST,/desembolsos,0,3006.3,3006.2,timeout,26633d12-5ede-484c-ab56-cfe610a91566,1,60
2026-09-24T07:04:19.497,POST,/desembolsos,0,2993.5,2993.2,timeout,e66171f0-548f-4aac-bcf3-2ad31ecd4755,1,60
2026-09-24T07:04:19.599,POST,/desembolsos,0,2988.2,2988.1,timeout,d940f0a1-4096-4377-b400-3c82fc5d2b56,1,60
2026-09-24T07:04:19.681,POST,/desembolsos,0,3006.1,3006.0,timeout,c11e9acd-d77f-4f89-877e-3b71f83f0464,1,60
2026-09-24T07:04:19.713,POST,/desembolsos,0,3002.9,3002.7,timeout,dd7c6943-950c-4090-9e96-75b88f7bb3c9,2,60
2026-09-24T07:04:19.804,POST,/desembolsos,0,2994.8,2994.7,timeout,992bb577-768b-48ea-b19c-8db19b12bd46,1,60
2026-09-24T07:04:19.896,POST,/desembolsos,0,3001.7,3001.5,timeout,d185012d-e4ab-41f2-b3b9-e94136813030,1,60
2026-09-24T07:04:19.896,POST,/desembolsos,0,3001.3,3001.2,timeout,dd3ed05e-60e3-4bef-af9c-0bed822de4ee,2,60
2026-09-24T07:04:19.995,POST,/desembolsos,0,3001.1,3001.0,timeout,3c40a024-0fac-4429-846a-dc0023e3873f,2,60
2026-09-24T07:04:19.995,POST,/desembolsos,0,3000.7,3000.6,timeout,62c86546-cabe-4efd-b956-a944aa7935a3,1,60
2026-09-24T07:04:20.106,POST,/desembolsos,0,2988.4,2988.2,timeout,bfb32871-d45e-4f1c-8f6e-86693c712bdc,2,60
2026-09-24T07:04:20.106,POST,/desembolsos,0,2987.7,2987.7,timeout,efebe73c-a053-4bc1-8f5c-9446107199b3,1,60
2026-09-24T07:04:20.204,POST,/desembolsos,0,3001.2,3001.1,timeout,b5f10955-5798-44ff-ba50-f5ca542196b5,1,60
2026-09-24T07:04:20.205,POST,/desembolsos,0,3000.5,3000.5,timeout,fa335265-d875-4ccd-a31b-b710e32b2ee0,2,60
2026-09-24T07:04:20.303,POST,/desembolsos,0,3009.4,3009.3,timeout,a7c7f190-4348-4233-bc43-eac6571a3bfb,1,60
2026-09-24T07:04:20.303,POST,/desembolsos,0,3009.0,3009.0,timeout,0be645aa-05d3-4f50-b32c-cd7bb479aa96,2,60
2026-09-24T07:04:20.385,POST,/desembolsos,0,3009.5,3009.3,timeout,2bc81625-f8bb-4aba-bdad-80bfa1a71548,2,60
2026-09-24T07:04:20.385,POST,/desembolsos,0,3009.4,3009.3,timeout,a4b6f4b3-b67a-4e25-b31e-64b968994fb6,1,60
2026-09-24T07:04:20.496,POST,/desembolsos,0,3012.6,3012.5,timeout,c9d562ad-a4e9-4504-9167-1a11a5636fcd,1,60
2026-09-24T07:04:20.496,POST,/desembolsos,0,3013.4,3013.2,timeout,6f34c21e-f3c8-4642-a9f0-32c2b03624d1,2,60
2026-09-24T07:04:20.606,POST,/desembolsos,0,2984.7,2984.6,timeout,aee40dc6-bfdf-4121-b3ad-16b64f5df673,2,60
2026-09-24T07:04:20.606,POST,/desembolsos,0,2985.3,2985.1,timeout,dc5b9f2c-7df1-486a-8ca4-ec76b999dd70,1,60
2026-09-24T07:04:20.686,POST,/desembolsos,0,3002.3,3002.2,timeout,2d2b96df-e1a7-4045-a602-bd214517807b,1,60
2026-09-24T07:04:20.686,POST,/desembolsos,0,3003.0,3002.9,timeout,e0ca041d-7e4d-486b-a5bb-ceb74c4fb6a7,2,60
2026-09-24T07:04:20.719,POST,/desembolsos,0,3018.5,3018.3,timeout,8e34d454-6294-4c23-a91b-d207e62a6bad,3,60
2026-09-24T07:04:20.801,POST,/desembolsos,0,2997.3,2997.1,timeout,98673498-9149-45a3-9455-53a1ffcb5d53,1,60
2026-09-24T07:04:20.802,POST,/desembolsos,0,2996.7,2996.6,timeout,2e199c6c-df64-4e41-912f-6a1621f8fc7e,2,60
2026-09-24T07:04:20.847,POST,/desembolsos,0,3016.9,3016.8,timeout,8e012f00-3ca6-4a5d-bfa6-415ca217e9c7,3,60
2026-09-24T07:04:20.911,POST,/desembolsos,0,3002.8,3002.6,timeout,4667af25-8684-4674-9a54-071308968f4f,1,60
2026-09-24T07:04:20.911,POST,/desembolsos,0,3002.3,3002.2,timeout,4ddb0f7c-eb96-4dce-ab85-c405391df454,2,60
2026-09-24T07:04:20.990,POST,/desembolsos,0,3006.7,3006.6,timeout,668691b2-69c1-4f66-b16c-986dc370a90f,2,60
2026-09-24T07:04:20.990,POST,/desembolsos,0,3007.3,3007.2,timeout,a7371c4c-c215-4ad3-b4d0-b9857edba7bb,1,60
2026-09-24T07:04:21.101,POST,/desembolsos,0,2996.5,2996.3,timeout,cdc15669-54fc-45af-ad35-94363f388f69,1,60
2026-09-24T07:04:21.101,POST,/desembolsos,0,2995.8,2995.7,timeout,fc83d32e-27ee-44d8-9a40-5e3a4d80b28a,2,60
2026-09-24T07:04:21.210,POST,/desembolsos,0,3000.4,3000.3,timeout,f8844636-9df8-44ae-8501-3c35309b43f7,1,60
2026-09-24T07:04:21.210,POST,/desembolsos,0,3001.0,3000.9,timeout,9614d8e2-f515-46f7-84a6-fba3e3766cd4,2,60
2026-09-24T07:04:21.308,POST,/desembolsos,0,2999.5,2999.3,timeout,709db4ec-6787-4ffe-a5ca-c3bbf44c777b,1,60
2026-09-24T07:04:21.308,POST,/desembolsos,0,2999.1,2999.0,timeout,46559baa-d8b5-4f34-af1b-585b40446993,2,60
2026-09-24T07:04:21.389,POST,/desembolsos,0,3001.5,3001.4,timeout,ad53fdf1-9587-4cdf-84c2-2c306c8e459a,1,60
2026-09-24T07:04:21.389,POST,/desembolsos,0,3002.3,3002.0,timeout,988ada72-8a7c-4394-8a41-aac8f479402c,2,60
2026-09-24T07:04:21.484,POST,/desembolsos,0,3005.3,3005.2,timeout,9056cad1-14bf-4366-8b51-22515a8ec1de,1,60
2026-09-24T07:04:21.484,POST,/desembolsos,0,3006.1,3005.9,timeout,0b546d39-6fbd-47fb-a983-720571a4f708,2,60
2026-09-24T07:04:21.594,POST,/desembolsos,0,2995.5,2995.3,timeout,4cfb04a7-a2a1-4b4f-8868-5014f850017a,2,60
2026-09-24T07:04:21.705,POST,/desembolsos,0,2999.4,2999.2,timeout,00b42093-f0d5-46d1-a0e7-580506d38f0b,2,60
2026-09-24T07:04:21.787,POST,/desembolsos,0,3017.0,3016.8,timeout,3812f6d4-3b4f-41da-bb97-9630fa0f825b,2,60
2026-09-24T07:04:21.923,POST,/desembolsos,0,3000.7,3000.5,timeout,b17ff3b9-6b86-4c27-9c75-6056f03085c5,2,60
2026-09-24T07:04:22.005,POST,/desembolsos,0,2999.6,2999.4,timeout,1ac89d87-5b22-4abc-a492-270cba0817f8,2,60
2026-09-24T07:04:22.087,POST,/desembolsos,0,2999.8,2999.6,timeout,15bc4b59-6430-4dd4-8d0d-88734b6c298c,2,60
2026-09-24T07:04:22.231,POST,/desembolsos,0,2987.6,2987.4,timeout,6dd534b5-3782-4c9a-8b34-7206a39ddc82,2,60
2026-09-24T07:04:22.297,POST,/desembolsos,0,3001.1,3000.9,timeout,904f5de8-7b24-4840-8c62-f26db4fff08b,2,60
2026-09-24T07:04:22.395,POST,/desembolsos,0,3011.6,3011.4,timeout,f6d54ef2-4103-4f2b-a30e-655d265d78cd,2,60
2026-09-24T07:04:22.522,POST,/desembolsos,0,3015.6,3015.4,timeout,d8db6605-a3e7-4272-a43b-bcb234821299,2,60
2026-09-24T07:04:22.587,POST,/desembolsos,0,2998.7,2998.4,timeout,fdc1dbfb-b380-4350-afb9-cb3a0a9c9049,2,60
2026-09-24T07:04:22.715,POST,/desembolsos,0,2998.5,2998.3,timeout,c0e4a094-dccd-4ac1-89ea-2f48649c8e86,2,60
2026-09-24T07:04:22.799,POST,/desembolsos,0,2994.7,2994.5,timeout,e0308f68-f0db-421b-bd0a-ba8b9695d3eb,2,60
2026-09-24T07:04:22.897,POST,/desembolsos,0,3009.9,3009.8,timeout,b983ab48-4f9a-4a4f-a3f1-0dac7a53dd44,2,60
2026-09-24T07:04:23.012,POST,/desembolsos,0,3009.8,3009.6,timeout,006148b0-19dc-4512-8644-c16a57cca953,2,60
2026-09-24T07:04:23.093,POST,/desembolsos,0,2995.6,2995.3,timeout,065642aa-d64c-43ba-bdcd-0d0e0a77979e,2,60
2026-09-24T07:04:23.206,POST,/desembolsos,0,2998.5,2998.4,timeout,6f386b09-00c7-435c-9108-745b9f91bc57,2,60
2026-09-24T07:04:23.312,POST,/desembolsos,0,2993.1,2992.9,timeout,f91a5858-9d08-4a3c-8b47-58b9e8b8f4f2,2,60
2026-09-24T07:04:23.394,POST,/desembolsos,0,2991.5,2991.4,timeout,26633d12-5ede-484c-ab56-cfe610a91566,2,60
2026-09-24T07:04:23.508,POST,/desembolsos,0,3004.7,3004.5,timeout,e66171f0-548f-4aac-bcf3-2ad31ecd4755,2,60
2026-09-24T07:04:23.590,POST,/desembolsos,0,3003.6,3003.3,timeout,d940f0a1-4096-4377-b400-3c82fc5d2b56,2,60
2026-09-24T07:04:23.689,POST,/desembolsos,0,3001.2,3001.0,timeout,c11e9acd-d77f-4f89-877e-3b71f83f0464,2,60
2026-09-24T07:04:23.737,POST,/desembolsos,0,2987.2,2987.0,timeout,dd7c6943-950c-4090-9e96-75b88f7bb3c9,3,60
2026-09-24T07:04:23.737,POST,/desembolsos,0,2986.8,2986.7,timeout,b0e887ad-03a1-4702-bf0b-3f92a249971c,1,60
2026-09-24T07:04:23.798,POST,/desembolsos,0,3007.7,3007.6,timeout,992bb577-768b-48ea-b19c-8db19b12bd46,2,60
2026-09-24T07:04:23.864,POST,/desembolsos,0,3010.6,3010.5,timeout,3cc4fd41-7499-453e-a563-4d53a117d4e3,1,60
2026-09-24T07:04:23.897,POST,/desembolsos,0,3009.9,3009.8,timeout,dd3ed05e-60e3-4bef-af9c-0bed822de4ee,3,60
2026-09-24T07:04:23.897,POST,/desembolsos,0,3011.4,3011.2,timeout,d185012d-e4ab-41f2-b3b9-e94136813030,2,60
2026-09-24T07:04:23.996,POST,/desembolsos,0,3008.5,3008.4,timeout,3c40a024-0fac-4429-846a-dc0023e3873f,3,60
2026-09-24T07:04:23.996,POST,/desembolsos,0,3009.2,3009.1,timeout,62c86546-cabe-4efd-b956-a944aa7935a3,2,60
2026-09-24T07:04:24.096,POST,/desembolsos,0,2992.2,2991.9,timeout,bfb32871-d45e-4f1c-8f6e-86693c712bdc,3,60
2026-09-24T07:04:24.096,POST,/desembolsos,0,2991.5,2991.4,timeout,efebe73c-a053-4bc1-8f5c-9446107199b3,2,60
2026-09-24T07:04:24.210,POST,/desembolsos,0,3019.5,3019.3,timeout,fa335265-d875-4ccd-a31b-b710e32b2ee0,3,60
2026-09-24T07:04:24.211,POST,/desembolsos,0,3019.6,3019.5,timeout,b5f10955-5798-44ff-ba50-f5ca542196b5,2,60
2026-09-24T07:04:24.307,POST,/desembolsos,0,3002.4,3002.3,timeout,0be645aa-05d3-4f50-b32c-cd7bb479aa96,3,60
2026-09-24T07:04:24.307,POST,/desembolsos,0,3002.6,3002.5,timeout,a7c7f190-4348-4233-bc43-eac6571a3bfb,2,60
2026-09-24T07:04:24.390,POST,/desembolsos,0,3000.8,3000.6,timeout,a4b6f4b3-b67a-4e25-b31e-64b968994fb6,2,60
2026-09-24T07:04:24.390,POST,/desembolsos,0,3000.9,3000.8,timeout,2bc81625-f8bb-4aba-bdad-80bfa1a71548,3,60
2026-09-24T07:04:24.506,POST,/desembolsos,0,3026.0,3025.8,timeout,c9d562ad-a4e9-4504-9167-1a11a5636fcd,2,60
2026-09-24T07:04:24.506,POST,/desembolsos,0,3025.6,3025.5,timeout,6f34c21e-f3c8-4642-a9f0-32c2b03624d1,3,60
2026-09-24T07:04:24.589,POST,/desembolsos,0,3009.2,3009.0,timeout,dc5b9f2c-7df1-486a-8ca4-ec76b999dd70,2,60
2026-09-24T07:04:24.589,POST,/desembolsos,0,3009.3,3009.2,timeout,aee40dc6-bfdf-4121-b3ad-16b64f5df673,3,60
2026-09-24T07:04:24.687,POST,/desembolsos,0,2991.8,2991.7,timeout,2d2b96df-e1a7-4045-a602-bd214517807b,2,60
2026-09-24T07:04:24.687,POST,/desembolsos,0,2992.5,2992.4,timeout,e0ca041d-7e4d-486b-a5bb-ceb74c4fb6a7,3,60
2026-09-24T07:04:24.804,POST,/desembolsos,0,3006.6,3006.4,timeout,98673498-9149-45a3-9455-53a1ffcb5d53,2,60
2026-09-24T07:04:24.804,POST,/desembolsos,0,3006.0,3005.9,timeout,2e199c6c-df64-4e41-912f-6a1621f8fc7e,3,60
2026-09-24T07:04:24.922,POST,/desembolsos,0,3000.7,3000.6,timeout,4ddb0f7c-eb96-4dce-ab85-c405391df454,3,60
2026-09-24T07:04:24.922,POST,/desembolsos,0,3001.4,3001.3,timeout,4667af25-8684-4674-9a54-071308968f4f,2,60
2026-09-24T07:04:25.004,POST,/desembolsos,0,3001.4,3001.2,timeout,a7371c4c-c215-4ad3-b4d0-b9857edba7bb,2,60
2026-09-24T07:04:25.005,POST,/desembolsos,0,3000.9,3000.8,timeout,668691b2-69c1-4f66-b16c-986dc370a90f,3,60
2026-09-24T07:04:25.086,POST,/desembolsos,0,3007.6,3007.4,timeout,fc83d32e-27ee-44d8-9a40-5e3a4d80b28a,3,60
2026-09-24T07:04:25.086,POST,/desembolsos,0,3007.0,3006.9,timeout,cdc15669-54fc-45af-ad35-94363f388f69,2,60
2026-09-24T07:04:25.218,POST,/desembolsos,0,3008.3,3008.2,timeout,9614d8e2-f515-46f7-84a6-fba3e3766cd4,3,60
2026-09-24T07:04:25.218,POST,/desembolsos,0,3009.0,3008.8,timeout,f8844636-9df8-44ae-8501-3c35309b43f7,2,60
2026-09-24T07:04:25.298,POST,/desembolsos,0,2991.8,2991.8,timeout,709db4ec-6787-4ffe-a5ca-c3bbf44c777b,2,60
2026-09-24T07:04:25.298,POST,/desembolsos,0,2992.4,2992.3,timeout,46559baa-d8b5-4f34-af1b-585b40446993,3,60
2026-09-24T07:04:25.405,POST,/desembolsos,0,2984.9,2984.7,timeout,ad53fdf1-9587-4cdf-84c2-2c306c8e459a,2,60
2026-09-24T07:04:25.405,POST,/desembolsos,0,2984.4,2983.7,timeout,988ada72-8a7c-4394-8a41-aac8f479402c,3,60
2026-09-24T07:04:25.504,POST,/desembolsos,0,2998.5,2998.4,timeout,0b546d39-6fbd-47fb-a983-720571a4f708,3,60
2026-09-24T07:04:25.504,POST,/desembolsos,0,2999.2,2999.0,timeout,9056cad1-14bf-4366-8b51-22515a8ec1de,2,60
2026-09-24T07:04:25.585,POST,/desembolsos,0,3011.9,3011.8,timeout,4cfb04a7-a2a1-4b4f-8868-5014f850017a,3,60
2026-09-24T07:04:25.697,POST,/desembolsos,0,2997.3,2997.1,timeout,00b42093-f0d5-46d1-a0e7-580506d38f0b,3,60
2026-09-24T07:04:25.793,POST,/desembolsos,0,2998.5,2998.4,timeout,3812f6d4-3b4f-41da-bb97-9630fa0f825b,3,60
2026-09-24T07:04:25.939,POST,/desembolsos,0,2985.0,2984.6,timeout,b17ff3b9-6b86-4c27-9c75-6056f03085c5,3,60
2026-09-24T07:04:26.022,POST,/desembolsos,0,2999.5,2999.3,timeout,1ac89d87-5b22-4abc-a492-270cba0817f8,3,60
2026-09-24T07:04:26.089,POST,/desembolsos,0,3009.8,3009.6,timeout,15bc4b59-6430-4dd4-8d0d-88734b6c298c,3,60
2026-09-24T07:04:26.220,POST,/desembolsos,0,2994.7,2994.4,timeout,6dd534b5-3782-4c9a-8b34-7206a39ddc82,3,60
2026-09-24T07:04:26.304,POST,/desembolsos,0,2993.1,2992.8,timeout,904f5de8-7b24-4840-8c62-f26db4fff08b,3,60
2026-09-24T07:04:26.385,POST,/desembolsos,0,3020.8,3020.6,timeout,f6d54ef2-4103-4f2b-a30e-655d265d78cd,3,60
2026-09-24T07:04:26.545,POST,/desembolsos,0,3003.1,3002.8,timeout,d8db6605-a3e7-4272-a43b-bcb234821299,3,60
2026-09-24T07:04:26.593,POST,/desembolsos,0,3004.8,3004.6,timeout,fdc1dbfb-b380-4350-afb9-cb3a0a9c9049,3,60
2026-09-24T07:04:26.722,POST,/desembolsos,0,2998.2,2997.9,timeout,c0e4a094-dccd-4ac1-89ea-2f48649c8e86,3,60
2026-09-24T07:04:26.722,POST,/desembolsos,0,2997.0,2997.0,timeout,bea78bf0-070f-46f8-8732-7ba2820a986b,1,60
2026-09-24T07:04:26.805,POST,/desembolsos,0,2997.0,2996.7,timeout,e0308f68-f0db-421b-bd0a-ba8b9695d3eb,3,60
2026-09-24T07:04:26.907,POST,/desembolsos,0,2991.0,2991.0,timeout,b983ab48-4f9a-4a4f-a3f1-0dac7a53dd44,3,60
2026-09-24T07:04:26.907,POST,/desembolsos,0,2992.1,2991.8,timeout,9850a4c6-f540-4746-8fb4-d91b7fb37c0b,1,60
2026-09-24T07:04:27.005,POST,/desembolsos,0,3009.0,3008.7,timeout,006148b0-19dc-4512-8644-c16a57cca953,3,60
2026-09-24T07:04:27.021,POST,/desembolsos,0,2993.8,2993.5,timeout,13fe120a-e074-44f3-ab3a-f67955c957fa,1,60
2026-09-24T07:04:27.086,POST,/desembolsos,0,3010.6,3010.3,timeout,065642aa-d64c-43ba-bdcd-0d0e0a77979e,3,60
2026-09-24T07:04:27.118,POST,/desembolsos,0,3011.4,3011.2,timeout,c919ba87-0e9b-4f23-8b8d-a9289c24d449,1,60
2026-09-24T07:04:27.197,POST,/desembolsos,0,3010.1,3009.9,timeout,6f386b09-00c7-435c-9108-745b9f91bc57,3,60
2026-09-24T07:04:27.229,POST,/desembolsos,0,3009.5,3009.3,timeout,cea3384c-be45-472f-820e-904c6d529b8b,1,60
2026-09-24T07:04:27.309,POST,/desembolsos,0,3012.2,3012.0,timeout,f91a5858-9d08-4a3c-8b47-58b9e8b8f4f2,3,60
2026-09-24T07:04:27.341,POST,/desembolsos,0,2997.2,2996.8,timeout,54b76948-95e1-44e8-b6eb-702305a701fb,1,60
2026-09-24T07:04:27.390,POST,/desembolsos,0,2997.6,2997.4,timeout,26633d12-5ede-484c-ab56-cfe610a91566,3,60
2026-09-24T07:04:27.439,POST,/desembolsos,0,2997.4,2997.1,timeout,e315eeab-946b-4d46-af92-9670fe9cb7bf,1,60
2026-09-24T07:04:27.531,POST,/desembolsos,0,3000.5,3000.3,timeout,44342a44-42e8-45a7-b278-bf34611baca9,1,60
2026-09-24T07:04:27.531,POST,/desembolsos,0,2999.9,2999.8,timeout,e66171f0-548f-4aac-bcf3-2ad31ecd4755,3,60
2026-09-24T07:04:27.597,POST,/desembolsos,0,3000.7,3000.5,timeout,d940f0a1-4096-4377-b400-3c82fc5d2b56,3,60
2026-09-24T07:04:27.646,POST,/desembolsos,0,3000.4,3000.2,timeout,bea25e61-ddf2-4894-9686-dadb7c39ca3d,1,60
2026-09-24T07:04:27.680,POST,/desembolsos,0,3009.2,3009.0,timeout,c11e9acd-d77f-4f89-877e-3b71f83f0464,3,60
2026-09-24T07:04:27.728,POST,/desembolsos,0,2995.2,2995.1,timeout,2c0b8155-fb5d-4b83-b51b-fe49eacd9608,1,60
2026-09-24T07:04:27.727,POST,/desembolsos,0,2996.3,2995.9,timeout,b0e887ad-03a1-4702-bf0b-3f92a249971c,2,60
2026-09-24T07:04:27.810,POST,/desembolsos,0,2993.8,2993.5,timeout,992bb577-768b-48ea-b19c-8db19b12bd46,3,60
2026-09-24T07:04:27.832,POST,/desembolsos,0,3008.5,3007.8,timeout,401f618c-31fc-4ac1-9b2f-5fbe18ac6fc3,1,60
2026-09-24T07:04:27.873,POST,/desembolsos,0,3008.7,3008.4,timeout,3cc4fd41-7499-453e-a563-4d53a117d4e3,2,60
2026-09-24T07:04:27.906,POST,/desembolsos,0,2975.6,2975.3,timeout,d185012d-e4ab-41f2-b3b9-e94136813030,3,60
2026-09-24T07:04:27.939,POST,/desembolsos,0,2990.9,2990.6,timeout,0cedb919-8e21-4526-a71c-7c8d37a6dd52,1,60
2026-09-24T07:04:28.006,POST,/desembolsos,0,3008.6,3008.5,timeout,62c86546-cabe-4efd-b956-a944aa7935a3,3,60
2026-09-24T07:04:28.044,POST,/desembolsos,0,3002.5,3002.3,timeout,e6db8f7e-8b69-486f-86fd-d6ff982c76b4,1,60
2026-09-24T07:04:28.093,POST,/desembolsos,0,3000.2,3000.0,timeout,efebe73c-a053-4bc1-8f5c-9446107199b3,3,60
2026-09-24T07:04:28.142,POST,/desembolsos,0,3000.6,3000.3,timeout,5f5ca947-2fce-4d3b-b46f-353ab67fa48c,1,60
2026-09-24T07:04:28.227,POST,/desembolsos,0,3013.6,3013.4,timeout,b5f10955-5798-44ff-ba50-f5ca542196b5,3,60
2026-09-24T07:04:28.242,POST,/desembolsos,0,2998.5,2998.2,timeout,3617ec15-c636-40df-afb7-b6d432fdec85,1,60
2026-09-24T07:04:28.290,POST,/desembolsos,0,2999.0,2998.8,timeout,a7c7f190-4348-4233-bc43-eac6571a3bfb,3,60
2026-09-24T07:04:28.339,POST,/desembolsos,0,3000.7,3000.4,timeout,73bbf2c7-ac63-4002-b3e6-ecad965b74d4,1,60
2026-09-24T07:04:28.388,POST,/desembolsos,0,2998.9,2998.5,timeout,a4b6f4b3-b67a-4e25-b31e-64b968994fb6,3,60
2026-09-24T07:04:28.437,POST,/desembolsos,0,2999.9,2999.7,timeout,80e5bb9f-6cf9-4d99-b076-e976a5f50722,1,60
2026-09-24T07:04:28.538,POST,/desembolsos,0,3010.2,3010.1,timeout,c9d562ad-a4e9-4504-9167-1a11a5636fcd,3,60
2026-09-24T07:04:28.536,POST,/desembolsos,0,3011.4,3011.0,timeout,c4cbb1b6-707e-43b9-92a9-b29d2565d986,1,60
2026-09-24T07:04:28.597,POST,/desembolsos,0,3014.1,3013.9,timeout,dc5b9f2c-7df1-486a-8ca4-ec76b999dd70,3,60
2026-09-24T07:04:28.644,POST,/desembolsos,0,2999.0,2998.8,timeout,4b787c26-e4e8-4ebf-a892-9ea0a2732d3e,1,60
2026-09-24T07:04:28.694,POST,/desembolsos,0,3015.8,3015.6,timeout,2d2b96df-e1a7-4045-a602-bd214517807b,3,60
2026-09-24T07:04:28.743,POST,/desembolsos,0,3013.9,3013.7,timeout,f9955d0f-ee57-4647-9a9c-cb367c08f2b8,1,60
2026-09-24T07:04:28.791,POST,/desembolsos,0,2997.5,2997.3,timeout,98673498-9149-45a3-9455-53a1ffcb5d53,3,60
2026-09-24T07:04:28.832,POST,/desembolsos,0,2998.7,2998.4,timeout,6fcb8be9-a0a9-49eb-80dd-c564cad78d27,1,60
2026-09-24T07:04:28.923,POST,/desembolsos,0,3001.2,3000.9,timeout,4667af25-8684-4674-9a54-071308968f4f,3,60
2026-09-24T07:04:28.939,POST,/desembolsos,0,2985.7,2985.4,timeout,fdd76355-525c-40cc-ae6a-a0cb1c7291e5,1,60
2026-09-24T07:04:29.020,POST,/desembolsos,0,3018.6,3018.3,timeout,a7371c4c-c215-4ad3-b4d0-b9857edba7bb,3,60
2026-09-24T07:04:29.037,POST,/desembolsos,0,3002.3,3002.0,timeout,9dfc2799-feea-4d90-90d6-518ff3e51625,1,60
2026-09-24T07:04:29.099,POST,/desembolsos,0,3005.8,3005.6,timeout,cdc15669-54fc-45af-ad35-94363f388f69,3,60
2026-09-24T07:04:29.148,POST,/desembolsos,0,2990.1,2989.8,timeout,af9589df-31c8-42f7-b63d-ad0d2f14fb9f,1,60
2026-09-24T07:04:29.215,POST,/desembolsos,0,3005.3,3005.0,timeout,f8844636-9df8-44ae-8501-3c35309b43f7,3,60
2026-09-24T07:04:29.247,POST,/desembolsos,0,3003.5,3003.3,timeout,d8739e7c-2d1c-4c01-9a65-a1d78fc2a9bd,1,60
2026-09-24T07:04:29.296,POST,/desembolsos,0,3002.2,3002.0,timeout,709db4ec-6787-4ffe-a5ca-c3bbf44c777b,3,60
2026-09-24T07:04:29.345,POST,/desembolsos,0,3002.3,3002.1,timeout,83e4606e-ce08-4e1a-b6fd-a8aefc2d40ed,1,60
2026-09-24T07:04:29.407,POST,/desembolsos,0,3007.2,3007.0,timeout,ad53fdf1-9587-4cdf-84c2-2c306c8e459a,3,60
2026-09-24T07:04:29.437,POST,/desembolsos,0,2977.5,2977.2,timeout,525bb152-80a9-4d8c-b94f-b790810ad4f7,1,60
2026-09-24T07:04:29.515,POST,/desembolsos,0,2998.8,2998.6,timeout,9056cad1-14bf-4366-8b51-22515a8ec1de,3,60
2026-09-24T07:04:29.548,POST,/desembolsos,0,2998.1,2998.0,timeout,06c5a1ef-db7f-4d1a-8804-b3963139fa5a,1,60
2026-09-24T07:04:29.654,POST,/desembolsos,0,2991.2,2990.9,timeout,bdf8d4dc-ccfa-4cd7-93f0-9b92a9a1ece7,1,60
2026-09-24T07:04:29.753,POST,/desembolsos,0,2988.5,2988.2,timeout,ea94babb-aae4-4701-902e-942f9812f839,1,60
2026-09-24T07:04:29.865,POST,/desembolsos,0,3008.9,3008.6,timeout,7f8a8aac-ef1c-4404-ac19-930c7e0b4adb,1,60
2026-09-24T07:04:29.964,POST,/desembolsos,0,3008.6,3008.3,timeout,d186bd13-fe17-455f-9d98-895d749e0b77,1,60
2026-09-24T07:04:30.063,POST,/desembolsos,0,2993.0,2992.7,timeout,f352af8a-140b-4c25-a48e-4fbb32e7d40a,1,60
2026-09-24T07:04:30.130,POST,/desembolsos,0,3008.2,3008.1,timeout,44d3e7d4-40cf-4bcf-bdc6-9b0654d4aafc,1,60
2026-09-24T07:04:30.239,POST,/desembolsos,0,2998.6,2998.4,timeout,be3d3737-7464-4edc-a98c-970735eba3f2,1,60
2026-09-24T07:04:30.338,POST,/desembolsos,0,3010.5,3010.3,timeout,34884784-d858-4e79-bb8e-a2aaba312d21,1,60
2026-09-24T07:04:30.437,POST,/desembolsos,0,2977.8,2977.6,timeout,1fa81054-c716-4e23-aaa6-5873495a0528,1,60
2026-09-24T07:04:30.549,POST,/desembolsos,0,2993.0,2992.8,timeout,842767c4-9d39-4f46-b032-9a915823a677,1,60
2026-09-24T07:04:30.647,POST,/desembolsos,0,3005.4,3005.3,timeout,cbb06171-ecfe-4a60-9749-cde713dd9c1e,1,60
2026-09-24T07:04:30.722,POST,/desembolsos,0,2992.7,2992.4,timeout,bea78bf0-070f-46f8-8732-7ba2820a986b,2,60
2026-09-24T07:04:30.755,POST,/desembolsos,0,3008.0,3007.6,timeout,946fa61a-91fb-47ed-91e4-eee6cc13ef49,1,60
2026-09-24T07:04:30.841,POST,/desembolsos,0,3007.7,3007.5,timeout,0005730e-0d78-45f8-a9d7-10aab48be803,1,60
2026-09-24T07:04:30.882,POST,/desembolsos,0,3001.0,3000.8,timeout,9850a4c6-f540-4746-8fb4-d91b7fb37c0b,2,60
2026-09-24T07:04:30.963,POST,/desembolsos,0,3001.9,3001.6,timeout,97dcbc16-7a65-4c62-9158-cb1356edb4e2,1,60
2026-09-24T07:04:31.013,POST,/desembolsos,0,3002.2,3001.8,timeout,13fe120a-e074-44f3-ab3a-f67955c957fa,2,60
2026-09-24T07:04:31.046,POST,/desembolsos,0,3002.3,3002.1,timeout,c032764c-3f63-44d6-91b2-d6829452bc6a,1,60
2026-09-24T07:04:31.143,POST,/desembolsos,0,3003.5,3003.5,timeout,58730745-575e-4169-bba2-da497a32c74e,1,60
2026-09-24T07:04:31.143,POST,/desembolsos,0,3004.4,3004.2,timeout,c919ba87-0e9b-4f23-8b8d-a9289c24d449,2,60
2026-09-24T07:04:31.240,POST,/desembolsos,0,3003.3,3003.0,timeout,cea3384c-be45-472f-820e-904c6d529b8b,2,60
2026-09-24T07:04:31.256,POST,/desembolsos,0,3003.5,3003.2,timeout,2e1265df-c0e1-4e49-b0c2-e8ddb52047d0,1,60
2026-09-24T07:04:31.338,POST,/desembolsos,0,3003.9,3003.9,timeout,fc25d513-b910-43ce-9d26-6f8a6b07dda3,1,60
2026-09-24T07:04:31.338,POST,/desembolsos,0,3005.4,3005.0,timeout,54b76948-95e1-44e8-b6eb-702305a701fb,2,60
2026-09-24T07:04:31.437,POST,/desembolsos,0,2988.1,2988.0,timeout,8a88d668-ced7-4ac0-a075-c115d15b258b,1,60
2026-09-24T07:04:31.436,POST,/desembolsos,0,2989.0,2988.8,timeout,e315eeab-946b-4d46-af92-9670fe9cb7bf,2,60
2026-09-24T07:04:31.546,POST,/desembolsos,0,3010.9,3010.6,timeout,44342a44-42e8-45a7-b278-bf34611baca9,2,60
2026-09-24T07:04:31.563,POST,/desembolsos,0,2995.0,2994.9,timeout,302f3880-7608-4d5b-b8c8-ebdcde88b9b3,1,60
2026-09-24T07:04:31.644,POST,/desembolsos,0,2993.9,2993.8,timeout,1a7e462b-539e-471c-919a-8471bbc2b02f,1,60
2026-09-24T07:04:31.644,POST,/desembolsos,0,2993.5,2993.5,timeout,bea25e61-ddf2-4894-9686-dadb7c39ca3d,2,60
2026-09-24T07:04:31.710,POST,/desembolsos,0,3009.9,3009.8,timeout,b0e887ad-03a1-4702-bf0b-3f92a249971c,3,60
2026-09-24T07:04:31.710,POST,/desembolsos,0,3010.4,3010.4,timeout,2c0b8155-fb5d-4b83-b51b-fe49eacd9608,2,60
2026-09-24T07:04:31.756,POST,/desembolsos,0,3013.5,3013.3,timeout,95b40939-df28-41ec-9bbf-536696f9cac4,1,60
2026-09-24T07:04:31.857,POST,/desembolsos,0,3007.5,3007.4,timeout,0577d906-4038-4655-be9e-9981c8ef6a32,1,60
2026-09-24T07:04:31.857,POST,/desembolsos,0,3008.2,3008.0,timeout,401f618c-31fc-4ac1-9b2f-5fbe18ac6fc3,2,60
2026-09-24T07:04:31.890,POST,/desembolsos,0,2992.5,2992.1,timeout,3cc4fd41-7499-453e-a563-4d53a117d4e3,3,60
2026-09-24T07:04:31.923,POST,/desembolsos,0,2991.0,2990.8,timeout,0cedb919-8e21-4526-a71c-7c8d37a6dd52,2,60
2026-09-24T07:04:31.956,POST,/desembolsos,0,2993.3,2992.9,timeout,99f12fb3-15bf-4b61-b7ab-45b4ae41ce3c,1,60
2026-09-24T07:04:32.039,POST,/desembolsos,0,3009.4,3009.2,timeout,e6db8f7e-8b69-486f-86fd-d6ff982c76b4,2,60
2026-09-24T07:04:32.055,POST,/desembolsos,0,2993.5,2993.2,timeout,d79de51c-3311-45be-b0e4-147b13213cde,1,60
2026-09-24T07:04:32.137,POST,/desembolsos,0,3009.9,3009.6,timeout,5f5ca947-2fce-4d3b-b46f-353ab67fa48c,2,60
2026-09-24T07:04:32.137,POST,/desembolsos,0,3008.9,3008.9,timeout,24073ac8-b49c-4502-a402-489d5586c6a3,1,60
2026-09-24T07:04:32.249,POST,/desembolsos,0,2996.5,2996.2,timeout,75dfe6da-e04a-4f47-b6b5-bbe443f71865,1,60
2026-09-24T07:04:32.249,POST,/desembolsos,0,2995.5,2995.5,timeout,3617ec15-c636-40df-afb7-b6d432fdec85,2,60
2026-09-24T07:04:32.347,POST,/desembolsos,0,2996.0,2995.8,timeout,73bbf2c7-ac63-4002-b3e6-ecad965b74d4,2,60
2026-09-24T07:04:32.347,POST,/desembolsos,0,2996.2,2996.1,timeout,f72a9d80-7f9e-4b92-a1e1-a9c2ab65b61c,1,60
2026-09-24T07:04:32.414,POST,/desembolsos,0,3012.9,3012.7,timeout,80e5bb9f-6cf9-4d99-b076-e976a5f50722,2,60
2026-09-24T07:04:32.448,POST,/desembolsos,0,3009.0,3008.6,timeout,5a8b6b72-651c-4770-b7b4-6bc29ebbca87,1,60
2026-09-24T07:04:32.546,POST,/desembolsos,0,3009.0,3009.0,timeout,9e3af1c5-8cf4-4d49-9ed3-babd1cbaedbf,1,60
2026-09-24T07:04:32.546,POST,/desembolsos,0,3010.1,3009.8,timeout,c4cbb1b6-707e-43b9-92a9-b29d2565d986,2,60
2026-09-24T07:04:32.644,POST,/desembolsos,0,2995.5,2995.1,timeout,4b787c26-e4e8-4ebf-a892-9ea0a2732d3e,2,60
2026-09-24T07:04:32.774,POST,/desembolsos,0,2997.8,2997.5,timeout,f9955d0f-ee57-4647-9a9c-cb367c08f2b8,2,60
2026-09-24T07:04:32.823,POST,/desembolsos,0,2996.7,2996.4,timeout,6fcb8be9-a0a9-49eb-80dd-c564cad78d27,2,60
2026-09-24T07:04:32.923,POST,/desembolsos,0,2991.8,2991.6,timeout,fdd76355-525c-40cc-ae6a-a0cb1c7291e5,2,60
2026-09-24T07:04:33.056,POST,/desembolsos,0,3001.4,3001.2,timeout,9dfc2799-feea-4d90-90d6-518ff3e51625,2,60
2026-09-24T07:04:33.137,POST,/desembolsos,0,2999.1,2998.9,timeout,af9589df-31c8-42f7-b63d-ad0d2f14fb9f,2,60
2026-09-24T07:04:33.270,POST,/desembolsos,0,3014.5,3014.3,timeout,d8739e7c-2d1c-4c01-9a65-a1d78fc2a9bd,2,60
2026-09-24T07:04:33.349,POST,/desembolsos,0,3002.9,3002.6,timeout,83e4606e-ce08-4e1a-b6fd-a8aefc2d40ed,2,60
2026-09-24T07:04:33.413,POST,/desembolsos,0,3002.1,3001.8,timeout,525bb152-80a9-4d8c-b94f-b790810ad4f7,2,60
2026-09-24T07:04:33.541,POST,/desembolsos,0,3014.6,3014.4,timeout,06c5a1ef-db7f-4d1a-8804-b3963139fa5a,2,60
2026-09-24T07:04:33.652,POST,/desembolsos,0,2988.5,2988.3,timeout,bdf8d4dc-ccfa-4cd7-93f0-9b92a9a1ece7,2,60
2026-09-24T07:04:33.747,POST,/desembolsos,0,3008.3,3008.0,timeout,ea94babb-aae4-4701-902e-942f9812f839,2,60
2026-09-24T07:04:33.882,POST,/desembolsos,0,3000.3,3000.0,timeout,7f8a8aac-ef1c-4404-ac19-930c7e0b4adb,2,60
2026-09-24T07:04:33.965,POST,/desembolsos,0,2999.7,2999.4,timeout,d186bd13-fe17-455f-9d98-895d749e0b77,2,60
2026-09-24T07:04:34.049,POST,/desembolsos,0,3009.0,3008.8,timeout,f352af8a-140b-4c25-a48e-4fbb32e7d40a,2,60
2026-09-24T07:04:34.146,POST,/desembolsos,0,2994.1,2993.8,timeout,44d3e7d4-40cf-4bcf-bdc6-9b0654d4aafc,2,60
2026-09-24T07:04:34.227,POST,/desembolsos,0,3009.5,3009.3,timeout,be3d3737-7464-4edc-a98c-970735eba3f2,2,60
2026-09-24T07:04:34.343,POST,/desembolsos,0,3004.4,3004.1,timeout,34884784-d858-4e79-bb8e-a2aaba312d21,2,60
2026-09-24T07:04:34.424,POST,/desembolsos,0,3006.5,3006.1,timeout,1fa81054-c716-4e23-aaa6-5873495a0528,2,60
2026-09-24T07:04:34.556,POST,/desembolsos,0,3001.5,3001.1,timeout,842767c4-9d39-4f46-b032-9a915823a677,2,60
2026-09-24T07:04:34.637,POST,/desembolsos,0,3002.2,3001.9,timeout,cbb06171-ecfe-4a60-9749-cde713dd9c1e,2,60
2026-09-24T07:04:34.720,POST,/desembolsos,0,3000.0,2999.9,timeout,bea78bf0-070f-46f8-8732-7ba2820a986b,3,60
2026-09-24T07:04:34.719,POST,/desembolsos,0,3001.6,3001.4,timeout,224d8807-c843-4b17-b00e-c91ddb23b757,1,60
2026-09-24T07:04:34.770,POST,/desembolsos,0,2998.5,2998.3,timeout,946fa61a-91fb-47ed-91e4-eee6cc13ef49,2,60
2026-09-24T07:04:34.864,POST,/desembolsos,0,3008.5,3008.2,timeout,0005730e-0d78-45f8-a9d7-10aab48be803,2,60
2026-09-24T07:04:34.882,POST,/desembolsos,0,3016.6,3016.5,timeout,9850a4c6-f540-4746-8fb4-d91b7fb37c0b,3,60
2026-09-24T07:04:34.882,POST,/desembolsos,0,3018.3,3018.1,timeout,228b3729-e6ea-4f05-a3f3-0c56a8dd09af,1,60
2026-09-24T07:04:34.966,POST,/desembolsos,0,2999.4,2999.0,timeout,97dcbc16-7a65-4c62-9158-cb1356edb4e2,2,60
2026-09-24T07:04:35.015,POST,/desembolsos,0,3000.7,3000.5,timeout,13fe120a-e074-44f3-ab3a-f67955c957fa,3,60
2026-09-24T07:04:35.047,POST,/desembolsos,0,2999.9,2999.5,timeout,c032764c-3f63-44d6-91b2-d6829452bc6a,2,60
2026-09-24T07:04:35.147,POST,/desembolsos,0,3009.7,3009.4,timeout,c919ba87-0e9b-4f23-8b8d-a9289c24d449,3,60
2026-09-24T07:04:35.147,POST,/desembolsos,0,3009.3,3009.2,timeout,58730745-575e-4169-bba2-da497a32c74e,2,60
2026-09-24T07:04:35.247,POST,/desembolsos,0,3008.3,3008.2,timeout,cea3384c-be45-472f-820e-904c6d529b8b,3,60
2026-09-24T07:04:35.279,POST,/desembolsos,0,2976.1,2975.9,timeout,2e1265df-c0e1-4e49-b0c2-e8ddb52047d0,2,60
2026-09-24T07:04:35.343,POST,/desembolsos,0,2995.5,2995.4,timeout,54b76948-95e1-44e8-b6eb-702305a701fb,3,60
2026-09-24T07:04:35.343,POST,/desembolsos,0,2995.1,2995.0,timeout,fc25d513-b910-43ce-9d26-6f8a6b07dda3,2,60
2026-09-24T07:04:35.427,POST,/desembolsos,0,3008.4,3008.2,timeout,e315eeab-946b-4d46-af92-9670fe9cb7bf,3,60
2026-09-24T07:04:35.427,POST,/desembolsos,0,3007.9,3007.8,timeout,8a88d668-ced7-4ac0-a075-c115d15b258b,2,60
2026-09-24T07:04:35.556,POST,/desembolsos,0,3010.0,3009.7,timeout,302f3880-7608-4d5b-b8c8-ebdcde88b9b3,2,60
2026-09-24T07:04:35.556,POST,/desembolsos,0,3009.3,3009.3,timeout,44342a44-42e8-45a7-b278-bf34611baca9,3,60
2026-09-24T07:04:35.639,POST,/desembolsos,0,3009.6,3009.4,timeout,bea25e61-ddf2-4894-9686-dadb7c39ca3d,3,60
2026-09-24T07:04:35.639,POST,/desembolsos,0,3009.1,3009.1,timeout,1a7e462b-539e-471c-919a-8471bbc2b02f,2,60
2026-09-24T07:04:35.721,POST,/desembolsos,0,2991.3,2991.0,timeout,2c0b8155-fb5d-4b83-b51b-fe49eacd9608,3,60
2026-09-24T07:04:35.771,POST,/desembolsos,0,2993.3,2993.0,timeout,95b40939-df28-41ec-9bbf-536696f9cac4,2,60
2026-09-24T07:04:35.883,POST,/desembolsos,0,3007.3,3007.2,timeout,0577d906-4038-4655-be9e-9981c8ef6a32,2,60
2026-09-24T07:04:35.883,POST,/desembolsos,0,3008.0,3007.8,timeout,401f618c-31fc-4ac1-9b2f-5fbe18ac6fc3,3,60
2026-09-24T07:04:35.915,POST,/desembolsos,0,3009.6,3009.5,timeout,0cedb919-8e21-4526-a71c-7c8d37a6dd52,3,60
2026-09-24T07:04:35.947,POST,/desembolsos,0,3009.2,3009.0,timeout,99f12fb3-15bf-4b61-b7ab-45b4ae41ce3c,2,60
2026-09-24T07:04:36.056,POST,/desembolsos,0,2981.7,2981.6,timeout,d79de51c-3311-45be-b0e4-147b13213cde,2,60
2026-09-24T07:04:36.056,POST,/desembolsos,0,2982.8,2982.4,timeout,e6db8f7e-8b69-486f-86fd-d6ff982c76b4,3,60
2026-09-24T07:04:36.137,POST,/desembolsos,0,2998.8,2998.6,timeout,24073ac8-b49c-4502-a402-489d5586c6a3,2,60
2026-09-24T07:04:36.137,POST,/desembolsos,0,2998.2,2998.1,timeout,5f5ca947-2fce-4d3b-b46f-353ab67fa48c,3,60
2026-09-24T07:04:36.253,POST,/desembolsos,0,2994.8,2994.7,timeout,75dfe6da-e04a-4f47-b6b5-bbe443f71865,2,60
2026-09-24T07:04:36.252,POST,/desembolsos,0,2995.7,2995.5,timeout,3617ec15-c636-40df-afb7-b6d432fdec85,3,60
2026-09-24T07:04:36.350,POST,/desembolsos,0,2995.2,2994.9,timeout,73bbf2c7-ac63-4002-b3e6-ecad965b74d4,3,60
2026-09-24T07:04:36.350,POST,/desembolsos,0,2994.2,2994.1,timeout,f72a9d80-7f9e-4b92-a1e1-a9c2ab65b61c,2,60
2026-09-24T07:04:36.415,POST,/desembolsos,0,3021.5,3021.3,timeout,80e5bb9f-6cf9-4d99-b076-e976a5f50722,3,60
2026-09-24T07:04:36.446,POST,/desembolsos,0,3021.3,3021.1,timeout,5a8b6b72-651c-4770-b7b4-6bc29ebbca87,2,60
2026-09-24T07:04:36.556,POST,/desembolsos,0,3005.0,3003.6,timeout,9e3af1c5-8cf4-4d49-9ed3-babd1cbaedbf,2,60
2026-09-24T07:04:36.556,POST,/desembolsos,0,3006.0,3005.8,timeout,c4cbb1b6-707e-43b9-92a9-b29d2565d986,3,60
2026-09-24T07:04:36.639,POST,/desembolsos,0,3003.8,3003.5,timeout,4b787c26-e4e8-4ebf-a892-9ea0a2732d3e,3,60
2026-09-24T07:04:36.787,POST,/desembolsos,0,3002.2,3001.8,timeout,f9955d0f-ee57-4647-9a9c-cb367c08f2b8,3,60
2026-09-24T07:04:36.818,POST,/desembolsos,0,3003.1,3002.9,timeout,6fcb8be9-a0a9-49eb-80dd-c564cad78d27,3,60
2026-09-24T07:04:36.915,POST,/desembolsos,0,3017.5,3017.3,timeout,fdd76355-525c-40cc-ae6a-a0cb1c7291e5,3,60
2026-09-24T07:04:37.058,POST,/desembolsos,0,2989.7,2989.4,timeout,9dfc2799-feea-4d90-90d6-518ff3e51625,3,60
2026-09-24T07:04:37.139,POST,/desembolsos,0,3006.0,3005.7,timeout,af9589df-31c8-42f7-b63d-ad0d2f14fb9f,3,60
2026-09-24T07:04:37.285,POST,/desembolsos,0,2974.1,2973.9,timeout,d8739e7c-2d1c-4c01-9a65-a1d78fc2a9bd,3,60
2026-09-24T07:04:37.348,POST,/desembolsos,0,2992.1,2992.0,timeout,83e4606e-ce08-4e1a-b6fd-a8aefc2d40ed,3,60
2026-09-24T07:04:37.429,POST,/desembolsos,0,3010.7,3010.4,timeout,525bb152-80a9-4d8c-b94f-b790810ad4f7,3,60
2026-09-24T07:04:37.557,POST,/desembolsos,0,3010.9,3010.7,timeout,06c5a1ef-db7f-4d1a-8804-b3963139fa5a,3,60
2026-09-24T07:04:37.639,POST,/desembolsos,0,2993.2,2993.0,timeout,bdf8d4dc-ccfa-4cd7-93f0-9b92a9a1ece7,3,60
2026-09-24T07:04:37.720,POST,/desembolsos,0,2995.4,2995.2,timeout,7a71ef1c-dd87-431f-9bdd-3d6d120aa2b4,1,60
2026-09-24T07:04:37.752,POST,/desembolsos,0,3005.1,3004.8,timeout,ea94babb-aae4-4701-902e-942f9812f839,3,60
2026-09-24T07:04:37.900,POST,/desembolsos,0,3006.2,3006.1,timeout,7f8a8aac-ef1c-4404-ac19-930c7e0b4adb,3,60
2026-09-24T07:04:37.900,POST,/desembolsos,0,3007.4,3007.3,timeout,547a55e9-334e-41ee-93ec-47d09f7aca19,1,60
2026-09-24T07:04:37.965,POST,/desembolsos,0,3017.2,3017.0,timeout,d186bd13-fe17-455f-9d98-895d749e0b77,3,60
2026-09-24T07:04:38.015,POST,/desembolsos,0,3001.1,3000.8,timeout,132ac023-fc77-4ffc-953c-4f2966145499,1,60
2026-09-24T07:04:38.047,POST,/desembolsos,0,3001.0,3000.8,timeout,f352af8a-140b-4c25-a48e-4fbb32e7d40a,3,60
2026-09-24T07:04:38.156,POST,/desembolsos,0,2992.3,2992.0,timeout,44d3e7d4-40cf-4bcf-bdc6-9b0654d4aafc,3,60
2026-09-24T07:04:38.156,POST,/desembolsos,0,2991.4,2991.3,timeout,8d3b6289-7260-46bf-991d-b852a1da135c,1,60
2026-09-24T07:04:38.238,POST,/desembolsos,0,2977.1,2976.8,timeout,be3d3737-7464-4edc-a98c-970735eba3f2,3,60
2026-09-24T07:04:38.271,POST,/desembolsos,0,3020.2,3019.8,timeout,8c599ac5-8259-4169-b618-608138424d93,1,60
2026-09-24T07:04:38.338,POST,/desembolsos,0,3002.5,3002.1,timeout,34884784-d858-4e79-bb8e-a2aaba312d21,3,60
2026-09-24T07:04:38.370,POST,/desembolsos,0,3003.2,3002.9,timeout,e6fa13ad-73a4-46b2-8cb4-31e39417ab22,1,60
2026-09-24T07:04:38.435,POST,/desembolsos,0,2987.6,2987.5,timeout,1fa81054-c716-4e23-aaa6-5873495a0528,3,60
2026-09-24T07:04:38.469,POST,/desembolsos,0,3000.7,3000.4,timeout,9bfe4eec-3e41-45d3-9744-0009a5156cd3,1,60
2026-09-24T07:04:38.566,POST,/desembolsos,0,2999.6,2999.5,timeout,842767c4-9d39-4f46-b032-9a915823a677,3,60
2026-09-24T07:04:38.566,POST,/desembolsos,0,3000.5,3000.2,timeout,c5bfe598-e39b-47dd-a6a1-de3d65d59ebc,1,60
2026-09-24T07:04:38.648,POST,/desembolsos,0,2999.3,2999.1,timeout,cbb06171-ecfe-4a60-9749-cde713dd9c1e,3,60
2026-09-24T07:04:38.680,POST,/desembolsos,0,3000.2,2999.8,timeout,b404c4af-6b86-40f8-bed5-df01c361d48c,1,60
2026-09-24T07:04:38.713,POST,/desembolsos,0,3001.5,3001.3,timeout,224d8807-c843-4b17-b00e-c91ddb23b757,2,60
2026-09-24T07:04:38.762,POST,/desembolsos,0,2999.6,2999.5,timeout,8cfcfb50-db98-40dc-8064-606a981b0eb7,1,60
2026-09-24T07:04:38.762,POST,/desembolsos,0,3000.8,3000.5,timeout,946fa61a-91fb-47ed-91e4-eee6cc13ef49,3,60
2026-09-24T07:04:38.890,POST,/desembolsos,0,3002.8,3002.7,timeout,228b3729-e6ea-4f05-a3f3-0c56a8dd09af,2,60
2026-09-24T07:04:38.890,POST,/desembolsos,0,3003.1,3003.0,timeout,082ef92c-955a-4b29-a61f-925b1f3b01f0,1,60
2026-09-24T07:04:38.889,POST,/desembolsos,0,3004.2,3003.9,timeout,0005730e-0d78-45f8-a9d7-10aab48be803,3,60
2026-09-24T07:04:38.972,POST,/desembolsos,0,3001.8,3001.5,timeout,97dcbc16-7a65-4c62-9158-cb1356edb4e2,3,60
2026-09-24T07:04:39.005,POST,/desembolsos,0,3002.3,3002.0,timeout,06b7dfdc-9670-43f1-8376-7eecfda4a3ac,1,60
2026-09-24T07:04:39.037,POST,/desembolsos,0,3002.2,3001.9,timeout,c032764c-3f63-44d6-91b2-d6829452bc6a,3,60
2026-09-24T07:04:39.103,POST,/desembolsos,0,3001.8,3001.6,timeout,43765642-ee09-40c1-ae6f-574c31493ca0,1,60
2026-09-24T07:04:39.136,POST,/desembolsos,0,3001.4,3001.2,timeout,58730745-575e-4169-bba2-da497a32c74e,3,60
2026-09-24T07:04:39.199,POST,/desembolsos,0,3004.2,3003.9,timeout,1302f99f-f72c-411d-a105-c851ded215c7,1,60
2026-09-24T07:04:39.264,POST,/desembolsos,0,3005.0,3004.8,timeout,2e1265df-c0e1-4e49-b0c2-e8ddb52047d0,3,60
2026-09-24T07:04:39.297,POST,/desembolsos,0,3005.9,3005.5,timeout,afa86e66-d976-4854-8986-2fe18e1f38b9,1,60
2026-09-24T07:04:39.345,POST,/desembolsos,0,3005.2,3004.9,timeout,fc25d513-b910-43ce-9d26-6f8a6b07dda3,3,60
2026-09-24T07:04:39.391,POST,/desembolsos,0,2992.4,2992.2,timeout,efe85575-c892-4150-8a5c-e4f24905a204,1,60
2026-09-24T07:04:39.437,POST,/desembolsos,0,2979.5,2979.4,timeout,8a88d668-ced7-4ac0-a075-c115d15b258b,3,60
2026-09-24T07:04:39.498,POST,/desembolsos,0,2999.9,2999.8,timeout,48ea6588-dc5e-42f2-976b-d84265e84596,1,60
2026-09-24T07:04:39.562,POST,/desembolsos,0,3001.5,3001.4,timeout,302f3880-7608-4d5b-b8c8-ebdcde88b9b3,3,60
2026-09-24T07:04:39.595,POST,/desembolsos,0,3001.3,3001.0,timeout,1c090a08-8515-47a7-ab34-08201f6db3e6,1,60
2026-09-24T07:04:39.643,POST,/desembolsos,0,3000.9,3000.7,timeout,1a7e462b-539e-471c-919a-8471bbc2b02f,3,60
2026-09-24T07:04:39.706,POST,/desembolsos,0,2985.7,2985.4,timeout,2ded2313-8cd9-4735-b9e7-e1cf286a5d68,1,60
2026-09-24T07:04:39.772,POST,/desembolsos,0,2999.9,2999.6,timeout,95b40939-df28-41ec-9bbf-536696f9cac4,3,60
2026-09-24T07:04:39.804,POST,/desembolsos,0,3000.1,2999.7,timeout,615fc0ac-64bd-47a3-b46b-51a9430bb0af,1,60
2026-09-24T07:04:39.890,POST,/desembolsos,0,2992.9,2992.7,timeout,0577d906-4038-4655-be9e-9981c8ef6a32,3,60
2026-09-24T07:04:39.890,POST,/desembolsos,0,2993.5,2993.4,timeout,7c71747e-06bf-4d38-9efb-822feb3d1543,1,60
2026-09-24T07:04:39.949,POST,/desembolsos,0,3017.8,3017.5,timeout,99f12fb3-15bf-4b61-b7ab-45b4ae41ce3c,3,60
2026-09-24T07:04:39.997,POST,/desembolsos,0,3002.3,3002.0,timeout,bd5c9744-43aa-473b-97eb-e9dfeb37f0b8,1,60
2026-09-24T07:04:40.046,POST,/desembolsos,0,3002.4,3002.1,timeout,d79de51c-3311-45be-b0e4-147b13213cde,3,60
2026-09-24T07:04:40.096,POST,/desembolsos,0,3001.9,3001.6,timeout,b8ac44d2-2602-4c7f-9594-d7c85326e0aa,1,60
2026-09-24T07:04:40.145,POST,/desembolsos,0,3019.2,3019.0,timeout,24073ac8-b49c-4502-a402-489d5586c6a3,3,60
2026-09-24T07:04:40.195,POST,/desembolsos,0,3001.8,3001.4,timeout,d2711760-ed3c-4955-8117-b94b27cee7b8,1,60
2026-09-24T07:04:40.258,POST,/desembolsos,0,3004.9,3004.5,timeout,75dfe6da-e04a-4f47-b6b5-bbe443f71865,3,60
2026-09-24T07:04:40.290,POST,/desembolsos,0,3005.3,3005.0,timeout,393aa45c-a7bd-4c10-a4c8-c7c5fbea4862,1,60
2026-09-24T07:04:40.341,POST,/desembolsos,0,3005.3,3005.1,timeout,f72a9d80-7f9e-4b92-a1e1-a9c2ab65b61c,3,60
2026-09-24T07:04:40.406,POST,/desembolsos,0,3003.0,3002.7,timeout,48e52677-f8f1-45ca-88f6-12ac1a864a4e,1,60
2026-09-24T07:04:40.487,POST,/desembolsos,0,3004.0,3003.8,timeout,5a8b6b72-651c-4770-b7b4-6bc29ebbca87,3,60
2026-09-24T07:04:40.487,POST,/desembolsos,0,3003.4,3003.3,timeout,e4c8dab7-470d-450e-81a6-b0c031030116,1,60
2026-09-24T07:04:40.567,POST,/desembolsos,0,2988.3,2988.0,timeout,9e3af1c5-8cf4-4d49-9ed3-babd1cbaedbf,3,60
2026-09-24T07:04:40.599,POST,/desembolsos,0,2989.3,2989.0,timeout,f949f5d7-3a62-4aae-bf76-a5226c20f730,1,60
2026-09-24T07:04:40.698,POST,/desembolsos,0,3003.6,3003.2,timeout,610f9bc9-1b17-4bd9-aef7-a2fae766ae83,1,60
2026-09-24T07:04:40.790,POST,/desembolsos,0,3008.7,3008.3,timeout,fbbd47b4-eae4-485f-948f-a556a3a9fd43,1,60
2026-09-24T07:04:40.907,POST,/desembolsos,0,2975.3,2975.1,timeout,b22c0780-b3c7-4daa-bec0-51388448def3,1,60
2026-09-24T07:04:41.015,POST,/desembolsos,0,2992.6,2992.2,timeout,b0b192e0-5c77-4981-96b4-f86d8166703f,1,60
2026-09-24T07:04:41.115,POST,/desembolsos,0,3006.2,3006.0,timeout,ca6f9603-1dbc-4c71-b5cd-3837d9021e0c,1,60
2026-09-24T07:04:41.214,POST,/desembolsos,0,3005.7,3005.4,timeout,13df09c0-af49-47a0-b0fd-0a413adadc64,1,60
2026-09-24T07:04:41.291,POST,/desembolsos,0,3010.6,3010.3,timeout,3bc29e08-9c3a-4f63-a5da-69d24e4f3525,1,60
2026-09-24T07:04:41.422,POST,/desembolsos,0,2996.1,2995.8,timeout,53a6903d-d03f-4561-9dde-aa0b2eff931c,1,60
2026-09-24T07:04:41.518,POST,/desembolsos,0,2998.0,2997.8,timeout,946ac3ce-fba4-4aaa-8f20-513968b36ba5,1,60
2026-09-24T07:04:41.616,POST,/desembolsos,0,3014.0,3013.7,timeout,e7f3e5bb-857d-4eaa-a0df-3c2e612830c0,1,60
2026-09-24T07:04:41.713,POST,/desembolsos,0,3014.0,3013.9,timeout,7a71ef1c-dd87-431f-9bdd-3d6d120aa2b4,2,60
2026-09-24T07:04:41.713,POST,/desembolsos,0,3015.0,3014.7,timeout,ef2ea92b-ea6d-4beb-a3c5-87e8683d0b9f,1,60
2026-09-24T07:04:41.807,POST,/desembolsos,0,2985.4,2985.0,timeout,d50e39aa-f658-41c5-8473-6246c51c7726,1,60
2026-09-24T07:04:41.894,POST,/desembolsos,0,2997.7,2997.4,timeout,547a55e9-334e-41ee-93ec-47d09f7aca19,2,60
2026-09-24T07:04:41.925,POST,/desembolsos,0,3007.2,3006.9,timeout,e3c0eba0-a16d-4d0b-8151-8ebab46dd48f,1,60
2026-09-24T07:04:42.006,POST,/desembolsos,0,3016.8,3016.8,timeout,ac6e2b6e-ad52-4af4-af75-842859b760f7,1,60
2026-09-24T07:04:42.006,POST,/desembolsos,0,3019.1,3018.7,timeout,132ac023-fc77-4ffc-953c-4f2966145499,2,60
2026-09-24T07:04:42.104,POST,/desembolsos,0,3000.8,3000.6,timeout,09dd7caf-a139-40c2-bb0c-081e1bd4c1b3,1,60
2026-09-24T07:04:42.138,POST,/desembolsos,0,3001.1,3000.9,timeout,8d3b6289-7260-46bf-991d-b852a1da135c,2,60
2026-09-24T07:04:42.203,POST,/desembolsos,0,3002.2,3002.0,timeout,72563a63-4c82-4e4a-b4c5-585290a2eff1,1,60
2026-09-24T07:04:42.302,POST,/desembolsos,0,3020.4,3020.2,timeout,8c599ac5-8259-4169-b618-608138424d93,2,60
2026-09-24T07:04:42.302,POST,/desembolsos,0,3019.7,3019.7,timeout,29bc2488-be7f-4efc-b628-2c84f2289d3b,1,60
2026-09-24T07:04:42.382,POST,/desembolsos,0,3003.8,3003.5,timeout,e6fa13ad-73a4-46b2-8cb4-31e39417ab22,2,60
2026-09-24T07:04:42.415,POST,/desembolsos,0,3004.4,3004.1,timeout,eee8aa34-7295-4be1-a61f-1332766a7509,1,60
2026-09-24T07:04:42.465,POST,/desembolsos,0,3004.3,3004.0,timeout,9bfe4eec-3e41-45d3-9744-0009a5156cd3,2,60
2026-09-24T07:04:42.498,POST,/desembolsos,0,3014.8,3014.6,timeout,ec589574-c661-481b-9ba0-b9a5f085f82b,1,60
2026-09-24T07:04:42.564,POST,/desembolsos,0,3001.2,3001.0,timeout,c5bfe598-e39b-47dd-a6a1-de3d65d59ebc,2,60
2026-09-24T07:04:42.596,POST,/desembolsos,0,3002.0,3001.9,timeout,4a4785c4-e61e-40e4-ac76-f8997f79106a,1,60
2026-09-24T07:04:42.691,POST,/desembolsos,0,2988.3,2988.0,timeout,b404c4af-6b86-40f8-bed5-df01c361d48c,2,60
2026-09-24T07:04:42.692,POST,/desembolsos,0,3020.1,3020.1,timeout,2b58235e-337a-430f-a93d-1ff619a46428,1,60
2026-09-24T07:04:42.723,POST,/desembolsos,0,2989.5,2989.2,timeout,224d8807-c843-4b17-b00e-c91ddb23b757,3,60
2026-09-24T07:04:42.771,POST,/desembolsos,0,3006.3,3006.0,timeout,8cfcfb50-db98-40dc-8064-606a981b0eb7,2,60
2026-09-24T07:04:42.804,POST,/desembolsos,0,2990.8,2990.6,timeout,d2d7cf33-b161-48ab-80a9-a1cdc59cf29e,1,60
2026-09-24T07:04:42.883,POST,/desembolsos,0,3010.8,3010.7,timeout,228b3729-e6ea-4f05-a3f3-0c56a8dd09af,3,60
2026-09-24T07:04:42.883,POST,/desembolsos,0,3012.8,3012.5,timeout,082ef92c-955a-4b29-a61f-925b1f3b01f0,2,60
2026-09-24T07:04:42.933,POST,/desembolsos,0,3016.7,3016.3,timeout,16150e3a-aceb-49cc-80b1-5955980b31e8,1,60
2026-09-24T07:04:43.000,POST,/desembolsos,0,3007.1,3006.8,timeout,3bef39b2-71f6-40c8-8b3a-f1f7bbad00f1,1,60
2026-09-24T07:04:43.032,POST,/desembolsos,0,2975.3,2974.9,timeout,06b7dfdc-9670-43f1-8376-7eecfda4a3ac,2,60
2026-09-24T07:04:43.098,POST,/desembolsos,0,3000.1,2999.9,timeout,1e785b29-c9a9-46e3-9934-6d6cb0df19bf,1,60
2026-09-24T07:04:43.098,POST,/desembolsos,0,2999.7,2999.6,timeout,43765642-ee09-40c1-ae6f-574c31493ca0,2,60
2026-09-24T07:04:43.196,POST,/desembolsos,0,2999.3,2999.2,timeout,524c5a53-5d71-4528-af6e-2364d5f04bd7,1,60
2026-09-24T07:04:43.196,POST,/desembolsos,0,3000.2,2999.9,timeout,1302f99f-f72c-411d-a105-c851ded215c7,2,60
2026-09-24T07:04:43.295,POST,/desembolsos,0,2998.9,2998.7,timeout,99b2dce4-b092-4fdd-ba1e-ece47e4237d8,1,60
2026-09-24T07:04:43.295,POST,/desembolsos,0,2998.2,2998.2,timeout,afa86e66-d976-4854-8986-2fe18e1f38b9,2,60
2026-09-24T07:04:43.408,POST,/desembolsos,0,2986.1,2985.8,timeout,efe85575-c892-4150-8a5c-e4f24905a204,2,60
2026-09-24T07:04:43.408,POST,/desembolsos,0,2985.1,2985.0,timeout,8c8c9ea1-af79-4f54-b0f3-6e46d620eafc,1,60
2026-09-24T07:04:43.491,POST,/desembolsos,0,3000.8,3000.6,timeout,48ea6588-dc5e-42f2-976b-d84265e84596,2,60
2026-09-24T07:04:43.507,POST,/desembolsos,0,3001.0,3000.7,timeout,912c6184-fc32-4f8b-9380-55f2aed87729,1,60
2026-09-24T07:04:43.587,POST,/desembolsos,0,3004.7,3004.4,timeout,1c090a08-8515-47a7-ab34-08201f6db3e6,2,60
2026-09-24T07:04:43.620,POST,/desembolsos,0,3002.8,3002.4,timeout,08f0d44f-4500-4987-98b7-7c40ee8d9b54,1,60
2026-09-24T07:04:43.701,POST,/desembolsos,0,3022.3,3022.1,timeout,2ded2313-8cd9-4735-b9e7-e1cf286a5d68,2,60
2026-09-24T07:04:43.799,POST,/desembolsos,0,2990.8,2990.6,timeout,615fc0ac-64bd-47a3-b46b-51a9430bb0af,2,60
2026-09-24T07:04:43.882,POST,/desembolsos,0,3007.4,3007.1,timeout,7c71747e-06bf-4d38-9efb-822feb3d1543,2,60
2026-09-24T07:04:44.007,POST,/desembolsos,0,3011.0,3010.7,timeout,bd5c9744-43aa-473b-97eb-e9dfeb37f0b8,2,60
2026-09-24T07:04:44.088,POST,/desembolsos,0,3012.8,3012.4,timeout,b8ac44d2-2602-4c7f-9594-d7c85326e0aa,2,60
2026-09-24T07:04:44.203,POST,/desembolsos,0,2997.5,2997.1,timeout,d2711760-ed3c-4955-8117-b94b27cee7b8,2,60
2026-09-24T07:04:44.302,POST,/desembolsos,0,2997.1,2996.8,timeout,393aa45c-a7bd-4c10-a4c8-c7c5fbea4862,2,60
2026-09-24T07:04:44.401,POST,/desembolsos,0,2995.0,2994.7,timeout,48e52677-f8f1-45ca-88f6-12ac1a864a4e,2,60
2026-09-24T07:04:44.499,POST,/desembolsos,0,3007.7,3007.3,timeout,e4c8dab7-470d-450e-81a6-b0c031030116,2,60
2026-09-24T07:04:44.598,POST,/desembolsos,0,2990.7,2990.5,timeout,f949f5d7-3a62-4aae-bf76-a5226c20f730,2,60
2026-09-24T07:04:44.695,POST,/desembolsos,0,3001.6,3001.3,timeout,610f9bc9-1b17-4bd9-aef7-a2fae766ae83,2,60
2026-09-24T07:04:44.791,POST,/desembolsos,0,3003.9,3003.5,timeout,fbbd47b4-eae4-485f-948f-a556a3a9fd43,2,60
2026-09-24T07:04:44.890,POST,/desembolsos,0,3003.4,3003.0,timeout,b22c0780-b3c7-4daa-bec0-51388448def3,2,60
2026-09-24T07:04:45.024,POST,/desembolsos,0,3000.9,3000.7,timeout,b0b192e0-5c77-4981-96b4-f86d8166703f,2,60
2026-09-24T07:04:45.122,POST,/desembolsos,0,3001.2,3000.8,timeout,ca6f9603-1dbc-4c71-b5cd-3837d9021e0c,2,60
2026-09-24T07:04:45.222,POST,/desembolsos,0,3002.1,3001.8,timeout,13df09c0-af49-47a0-b0fd-0a413adadc64,2,60
2026-09-24T07:04:45.321,POST,/desembolsos,0,3001.9,3001.5,timeout,3bc29e08-9c3a-4f63-a5da-69d24e4f3525,2,60
2026-09-24T07:04:45.419,POST,/desembolsos,0,3001.3,3001.1,timeout,53a6903d-d03f-4561-9dde-aa0b2eff931c,2,60
2026-09-24T07:04:45.513,POST,/desembolsos,0,3008.3,3008.1,timeout,946ac3ce-fba4-4aaa-8f20-513968b36ba5,2,60
2026-09-24T07:04:45.646,POST,/desembolsos,0,3006.4,3006.0,timeout,e7f3e5bb-857d-4eaa-a0df-3c2e612830c0,2,60
2026-09-24T07:04:45.712,POST,/desembolsos,0,3001.3,3001.3,timeout,7a71ef1c-dd87-431f-9bdd-3d6d120aa2b4,3,60
2026-09-24T07:04:45.712,POST,/desembolsos,0,3002.5,3002.3,timeout,24e8119f-7d72-40ee-a63a-1ec9998dd3f3,1,60
2026-09-24T07:04:45.714,POST,/desembolsos,0,3001.7,3001.6,timeout,ef2ea92b-ea6d-4beb-a3c5-87e8683d0b9f,2,60
2026-09-24T07:04:45.794,POST,/desembolsos,0,3002.2,3001.8,timeout,d50e39aa-f658-41c5-8473-6246c51c7726,2,60
2026-09-24T07:04:45.895,POST,/desembolsos,0,3001.5,3001.2,timeout,33fbc575-aa09-4319-b3da-0d0d81296129,1,60
2026-09-24T07:04:45.895,POST,/desembolsos,0,3000.8,3000.8,timeout,547a55e9-334e-41ee-93ec-47d09f7aca19,3,60
2026-09-24T07:04:45.950,POST,/desembolsos,0,3016.0,3015.9,timeout,e3c0eba0-a16d-4d0b-8151-8ebab46dd48f,2,60
2026-09-24T07:04:46.006,POST,/desembolsos,0,3008.8,3008.6,timeout,ac6e2b6e-ad52-4af4-af75-842859b760f7,2,60
2026-09-24T07:04:46.006,POST,/desembolsos,0,3008.1,3008.1,timeout,132ac023-fc77-4ffc-953c-4f2966145499,3,60
2026-09-24T07:04:46.098,POST,/desembolsos,0,3013.3,3012.9,timeout,09dd7caf-a139-40c2-bb0c-081e1bd4c1b3,2,60
2026-09-24T07:04:46.146,POST,/desembolsos,0,3016.4,3016.1,timeout,8d3b6289-7260-46bf-991d-b852a1da135c,3,60
2026-09-24T07:04:46.196,POST,/desembolsos,0,3000.0,2999.7,timeout,72563a63-4c82-4e4a-b4c5-585290a2eff1,2,60
2026-09-24T07:04:46.327,POST,/desembolsos,0,2995.7,2995.6,timeout,8c599ac5-8259-4169-b618-608138424d93,3,60
2026-09-24T07:04:46.327,POST,/desembolsos,0,2997.3,2997.1,timeout,29bc2488-be7f-4efc-b628-2c84f2289d3b,2,60
2026-09-24T07:04:46.393,POST,/desembolsos,0,3010.1,3009.9,timeout,e6fa13ad-73a4-46b2-8cb4-31e39417ab22,3,60
2026-09-24T07:04:46.427,POST,/desembolsos,0,3008.5,3008.2,timeout,eee8aa34-7295-4be1-a61f-1332766a7509,2,60
2026-09-24T07:04:46.475,POST,/desembolsos,0,3020.7,3020.3,timeout,9bfe4eec-3e41-45d3-9744-0009a5156cd3,3,60
2026-09-24T07:04:46.508,POST,/desembolsos,0,3018.7,3018.5,timeout,ec589574-c661-481b-9ba0-b9a5f085f82b,2,60
2026-09-24T07:04:46.558,POST,/desembolsos,0,3001.7,3001.4,timeout,c5bfe598-e39b-47dd-a6a1-de3d65d59ebc,3,60
2026-09-24T07:04:46.592,POST,/desembolsos,0,2999.5,2999.3,timeout,4a4785c4-e61e-40e4-ac76-f8997f79106a,2,60
2026-09-24T07:04:46.690,POST,/desembolsos,0,2998.2,2997.9,timeout,b404c4af-6b86-40f8-bed5-df01c361d48c,3,60
2026-09-24T07:04:46.723,POST,/desembolsos,0,3012.1,3011.9,timeout,2b58235e-337a-430f-a93d-1ff619a46428,2,60
2026-09-24T07:04:46.789,POST,/desembolsos,0,3026.8,3026.5,timeout,8cfcfb50-db98-40dc-8064-606a981b0eb7,3,60
2026-09-24T07:04:46.789,POST,/desembolsos,0,3026.0,3025.9,timeout,d2d7cf33-b161-48ab-80a9-a1cdc59cf29e,2,60
2026-09-24T07:04:46.887,POST,/desembolsos,0,3009.4,3009.1,timeout,082ef92c-955a-4b29-a61f-925b1f3b01f0,3,60
2026-09-24T07:04:46.966,POST,/desembolsos,0,3009.6,3009.2,timeout,16150e3a-aceb-49cc-80b1-5955980b31e8,2,60
2026-09-24T07:04:47.016,POST,/desembolsos,0,3008.7,3008.3,timeout,06b7dfdc-9670-43f1-8376-7eecfda4a3ac,3,60
2026-09-24T07:04:47.017,POST,/desembolsos,0,3008.6,3008.5,timeout,3bef39b2-71f6-40c8-8b3a-f1f7bbad00f1,2,60
2026-09-24T07:04:47.100,POST,/desembolsos,0,3007.5,3007.4,timeout,1e785b29-c9a9-46e3-9934-6d6cb0df19bf,2,60
2026-09-24T07:04:47.099,POST,/desembolsos,0,3008.8,3008.4,timeout,43765642-ee09-40c1-ae6f-574c31493ca0,3,60
2026-09-24T07:04:47.199,POST,/desembolsos,0,3008.8,3008.5,timeout,524c5a53-5d71-4528-af6e-2364d5f04bd7,2,60
2026-09-24T07:04:47.199,POST,/desembolsos,0,3007.9,3007.8,timeout,1302f99f-f72c-411d-a105-c851ded215c7,3,60
2026-09-24T07:04:47.299,POST,/desembolsos,0,2995.2,2995.1,timeout,afa86e66-d976-4854-8986-2fe18e1f38b9,3,60
2026-09-24T07:04:47.298,POST,/desembolsos,0,2996.4,2996.1,timeout,99b2dce4-b092-4fdd-ba1e-ece47e4237d8,2,60
2026-09-24T07:04:47.395,POST,/desembolsos,0,2996.4,2996.2,timeout,8c8c9ea1-af79-4f54-b0f3-6e46d620eafc,2,60
2026-09-24T07:04:47.395,POST,/desembolsos,0,2997.3,2997.1,timeout,efe85575-c892-4150-8a5c-e4f24905a204,3,60
2026-09-24T07:04:47.506,POST,/desembolsos,0,2998.6,2998.6,timeout,912c6184-fc32-4f8b-9380-55f2aed87729,2,60
2026-09-24T07:04:47.506,POST,/desembolsos,0,2999.6,2999.4,timeout,48ea6588-dc5e-42f2-976b-d84265e84596,3,60
2026-09-24T07:04:47.587,POST,/desembolsos,0,3000.7,3000.4,timeout,1c090a08-8515-47a7-ab34-08201f6db3e6,3,60
2026-09-24T07:04:47.632,POST,/desembolsos,0,3004.2,3004.0,timeout,08f0d44f-4500-4987-98b7-7c40ee8d9b54,2,60
2026-09-24T07:04:47.713,POST,/desembolsos,0,3005.5,3005.3,timeout,2ded2313-8cd9-4735-b9e7-e1cf286a5d68,3,60
2026-09-24T07:04:47.795,POST,/desembolsos,0,3004.2,3004.0,timeout,615fc0ac-64bd-47a3-b46b-51a9430bb0af,3,60
2026-09-24T07:04:47.894,POST,/desembolsos,0,2988.6,2988.5,timeout,7c71747e-06bf-4d38-9efb-822feb3d1543,3,60
2026-09-24T07:04:48.024,POST,/desembolsos,0,3006.5,3006.0,timeout,bd5c9744-43aa-473b-97eb-e9dfeb37f0b8,3,60
2026-09-24T07:04:48.106,POST,/desembolsos,0,3007.2,3007.0,timeout,b8ac44d2-2602-4c7f-9594-d7c85326e0aa,3,60
2026-09-24T07:04:48.207,POST,/desembolsos,0,2989.2,2988.8,timeout,d2711760-ed3c-4955-8117-b94b27cee7b8,3,60
2026-09-24T07:04:48.291,POST,/desembolsos,0,3006.3,3005.9,timeout,393aa45c-a7bd-4c10-a4c8-c7c5fbea4862,3,60
2026-09-24T07:04:48.389,POST,/desembolsos,0,3002.1,3001.7,timeout,48e52677-f8f1-45ca-88f6-12ac1a864a4e,3,60
2026-09-24T07:04:48.521,POST,/desembolsos,0,3013.6,3013.4,timeout,e4c8dab7-470d-450e-81a6-b0c031030116,3,60
2026-09-24T07:04:48.586,POST,/desembolsos,0,3028.0,3027.8,timeout,f949f5d7-3a62-4aae-bf76-a5226c20f730,3,60
2026-09-24T07:04:48.714,POST,/desembolsos,0,2996.7,2996.6,timeout,e9fbbdb7-58ed-41bd-9e04-9348744455ec,1,60
2026-09-24T07:04:48.714,POST,/desembolsos,0,2997.7,2997.5,timeout,610f9bc9-1b17-4bd9-aef7-a2fae766ae83,3,60
2026-09-24T07:04:48.796,POST,/desembolsos,0,2997.2,2997.0,timeout,fbbd47b4-eae4-485f-948f-a556a3a9fd43,3,60
2026-09-24T07:04:48.896,POST,/desembolsos,0,3012.8,3012.6,timeout,3f678ab2-e517-4fa9-b63a-ee017a12bca8,1,60
2026-09-24T07:04:48.896,POST,/desembolsos,0,3012.2,3012.1,timeout,b22c0780-b3c7-4daa-bec0-51388448def3,3,60
2026-09-24T07:04:49.015,POST,/desembolsos,0,3007.2,3007.1,timeout,b0b192e0-5c77-4981-96b4-f86d8166703f,3,60
2026-09-24T07:04:49.015,POST,/desembolsos,0,3008.1,3007.9,timeout,7f759d1b-b65e-41b8-87d5-250ef07fcc2a,1,60
2026-09-24T07:04:49.129,POST,/desembolsos,0,2993.2,2992.8,timeout,ca6f9603-1dbc-4c71-b5cd-3837d9021e0c,3,60
2026-09-24T07:04:49.162,POST,/desembolsos,0,3008.8,3008.6,timeout,3125d9ae-b664-4012-9fe0-e9b2ddce53c0,1,60
2026-09-24T07:04:49.241,POST,/desembolsos,0,3013.3,3012.9,timeout,13df09c0-af49-47a0-b0fd-0a413adadc64,3,60
2026-09-24T07:04:49.323,POST,/desembolsos,0,2995.7,2995.7,timeout,3bc29e08-9c3a-4f63-a5da-69d24e4f3525,3,60
2026-09-24T07:04:49.323,POST,/desembolsos,0,2996.8,2996.6,timeout,a1c862d9-43ae-4a59-aad8-66a8aec03d71,1,60
2026-09-24T07:04:49.435,POST,/desembolsos,0,2998.6,2998.5,timeout,3fec8b2c-6def-4ff7-92f1-bee8f2359c61,1,60
2026-09-24T07:04:49.434,POST,/desembolsos,0,2999.4,2999.3,timeout,53a6903d-d03f-4561-9dde-aa0b2eff931c,3,60
2026-09-24T07:04:49.527,POST,/desembolsos,0,3003.9,3003.8,timeout,946ac3ce-fba4-4aaa-8f20-513968b36ba5,3,60
2026-09-24T07:04:49.527,POST,/desembolsos,0,3004.8,3004.6,timeout,317c37f9-e99c-4c5e-8020-4755bc8a9355,1,60
2026-09-24T07:04:49.640,POST,/desembolsos,0,3002.6,3002.5,timeout,e7f3e5bb-857d-4eaa-a0df-3c2e612830c0,3,60
2026-09-24T07:04:49.640,POST,/desembolsos,0,3003.3,3003.1,timeout,de897f09-2eff-4100-9254-2365b60efc0b,1,60
2026-09-24T07:04:49.736,POST,/desembolsos,0,2987.3,2987.2,timeout,ef2ea92b-ea6d-4beb-a3c5-87e8683d0b9f,3,60
2026-09-24T07:04:49.736,POST,/desembolsos,0,2986.9,2986.8,timeout,24e8119f-7d72-40ee-a63a-1ec9998dd3f3,2,60
2026-09-24T07:04:49.736,POST,/desembolsos,0,2986.7,2986.6,timeout,d26ff327-cd0b-4a61-b653-99fb5a8d5164,1,60
2026-09-24T07:04:49.815,POST,/desembolsos,0,3003.5,3003.3,timeout,d50e39aa-f658-41c5-8473-6246c51c7726,3,60
2026-09-24T07:04:49.832,POST,/desembolsos,0,2987.6,2987.2,timeout,2bdfeb74-aa27-4354-99c3-f8d8d8923cb2,1,60
2026-09-24T07:04:49.897,POST,/desembolsos,0,3005.9,3005.7,timeout,33fbc575-aa09-4319-b3da-0d0d81296129,2,60
2026-09-24T07:04:49.933,POST,/desembolsos,0,3008.6,3008.2,timeout,50af69cc-812f-4472-9aca-0466368fbddb,1,60
2026-09-24T07:04:49.976,POST,/desembolsos,0,3015.6,3015.3,timeout,e3c0eba0-a16d-4d0b-8151-8ebab46dd48f,3,60
2026-09-24T07:04:50.025,POST,/desembolsos,0,3000.5,3000.3,timeout,ebddd93c-0d88-4efc-8475-37939ab3a1c4,1,60
2026-09-24T07:04:50.025,POST,/desembolsos,0,2999.8,2999.7,timeout,ac6e2b6e-ad52-4af4-af75-842859b760f7,3,60
2026-09-24T07:04:50.108,POST,/desembolsos,0,2984.3,2984.0,timeout,09dd7caf-a139-40c2-bb0c-081e1bd4c1b3,3,60
2026-09-24T07:04:50.141,POST,/desembolsos,0,2999.1,2998.8,timeout,9a731a7a-eab7-467f-ac2b-82ca8762f376,1,60
2026-09-24T07:04:50.208,POST,/desembolsos,0,3016.2,3015.9,timeout,72563a63-4c82-4e4a-b4c5-585290a2eff1,3,60
2026-09-24T07:04:50.240,POST,/desembolsos,0,3000.6,3000.3,timeout,5a2314b0-b350-4397-84d2-65dfe6a4d83c,1,60
2026-09-24T07:04:50.327,POST,/desembolsos,0,2998.3,2998.0,timeout,b9684b39-77a7-4370-bb65-ce16529bf459,1,60
2026-09-24T07:04:50.327,POST,/desembolsos,0,2997.6,2997.5,timeout,29bc2488-be7f-4efc-b628-2c84f2289d3b,3,60
2026-09-24T07:04:50.441,POST,/desembolsos,0,3017.3,3016.9,timeout,1a5fe98a-7f19-447b-9050-6a7716e47704,1,60
2026-09-24T07:04:50.442,POST,/desembolsos,0,3016.4,3016.4,timeout,eee8aa34-7295-4be1-a61f-1332766a7509,3,60
2026-09-24T07:04:50.506,POST,/desembolsos,0,3018.7,3018.6,timeout,ec589574-c661-481b-9ba0-b9a5f085f82b,3,60
2026-09-24T07:04:50.538,POST,/desembolsos,0,3006.5,3006.1,timeout,38702595-51ee-4932-baf5-7a73d55b34d6,1,60
2026-09-24T07:04:50.588,POST,/desembolsos,0,3021.9,3021.7,timeout,4a4785c4-e61e-40e4-ac76-f8997f79106a,3,60
2026-09-24T07:04:50.636,POST,/desembolsos,0,3022.5,3022.3,timeout,2ca4c6ab-865d-42b5-91d4-c27c8b5f0566,1,60
2026-09-24T07:04:50.718,POST,/desembolsos,0,3018.2,3018.0,timeout,2b58235e-337a-430f-a93d-1ff619a46428,3,60
2026-09-24T07:04:50.734,POST,/desembolsos,0,3003.9,3003.8,timeout,bf82a952-2949-4411-b2dc-d6ec9d208726,1,60
2026-09-24T07:04:50.800,POST,/desembolsos,0,3002.3,3002.2,timeout,d2d7cf33-b161-48ab-80a9-a1cdc59cf29e,3,60
2026-09-24T07:04:50.833,POST,/desembolsos,0,3015.6,3015.2,timeout,b3dd5e52-b42e-47ea-bb87-d5f2f8193247,1,60
2026-09-24T07:04:50.949,POST,/desembolsos,0,3011.3,3011.0,timeout,8d211c27-1071-4325-892a-7110e54032d1,1,60
2026-09-24T07:04:50.981,POST,/desembolsos,0,2979.3,2979.0,timeout,16150e3a-aceb-49cc-80b1-5955980b31e8,3,60
2026-09-24T07:04:51.030,POST,/desembolsos,0,2993.9,2993.6,timeout,716a4f5a-7e50-4cec-bd42-c1bbb9265872,1,60
2026-09-24T07:04:51.030,POST,/desembolsos,0,2994.0,2993.9,timeout,3bef39b2-71f6-40c8-8b3a-f1f7bbad00f1,3,60
2026-09-24T07:04:51.114,POST,/desembolsos,0,2985.9,2985.7,timeout,1e785b29-c9a9-46e3-9934-6d6cb0df19bf,3,60
2026-09-24T07:04:51.147,POST,/desembolsos,0,2985.1,2984.6,timeout,71f090fa-444d-4dbd-8532-b4dd0fff110a,1,60
2026-09-24T07:04:51.213,POST,/desembolsos,0,3003.5,3003.1,timeout,524c5a53-5d71-4528-af6e-2364d5f04bd7,3,60
2026-09-24T07:04:51.246,POST,/desembolsos,0,3003.8,3003.5,timeout,e0b9b5eb-8a0d-46e0-b3de-30b825421cfe,1,60
2026-09-24T07:04:51.296,POST,/desembolsos,0,3000.5,3000.3,timeout,99b2dce4-b092-4fdd-ba1e-ece47e4237d8,3,60
2026-09-24T07:04:51.342,POST,/desembolsos,0,3006.6,3006.3,timeout,47548a2c-c0e6-4c9e-be93-b2433d7b18ea,1,60
2026-09-24T07:04:51.391,POST,/desembolsos,0,2991.6,2991.4,timeout,8c8c9ea1-af79-4f54-b0f3-6e46d620eafc,3,60
2026-09-24T07:04:51.439,POST,/desembolsos,0,2991.0,2990.7,timeout,4a47a361-2d4c-4661-826e-b0281466e79e,1,60
2026-09-24T07:04:51.534,POST,/desembolsos,0,2993.2,2993.0,timeout,912c6184-fc32-4f8b-9380-55f2aed87729,3,60
2026-09-24T07:04:51.535,POST,/desembolsos,0,2992.5,2992.4,timeout,0cfe2846-ac61-46c2-8697-927227c97c1a,1,60
2026-09-24T07:04:51.646,POST,/desembolsos,0,3011.1,3010.7,timeout,f9f0cc75-8245-4c84-bf2e-9bc20e9186e1,1,60
2026-09-24T07:04:51.646,POST,/desembolsos,0,3010.8,3010.8,timeout,08f0d44f-4500-4987-98b7-7c40ee8d9b54,3,60
2026-09-24T07:04:51.744,POST,/desembolsos,0,2996.0,2995.7,timeout,eaf6a3fd-bf30-49ec-897d-0e4e54257746,1,60
2026-09-24T07:04:51.844,POST,/desembolsos,0,2993.3,2992.9,timeout,ce4841a8-b320-4f2b-a882-6dee2840b9e6,1,60
2026-09-24T07:04:51.945,POST,/desembolsos,0,3006.3,3006.0,timeout,06def0a2-3efe-479a-ad68-9575b3044b8c,1,60
2026-09-24T07:04:52.040,POST,/desembolsos,0,3026.5,3026.2,timeout,469f5180-4bc6-4e2e-aece-e95619d384fe,1,60
2026-09-24T07:04:52.139,POST,/desembolsos,0,2994.7,2994.4,timeout,09866880-e8c8-40c1-81d4-3df2a4e4c50b,1,60
2026-09-24T07:04:52.255,POST,/desembolsos,0,3021.4,3021.1,timeout,0ce5a3d7-0c23-450f-9ccb-c3427ef8aff4,1,60
2026-09-24T07:04:52.369,POST,/desembolsos,0,3008.3,3008.1,timeout,4d26aa61-d014-4685-b959-bac9123307c6,1,60
2026-09-24T07:04:52.467,POST,/desembolsos,0,2998.7,2998.5,timeout,2d4c286d-0318-4c1b-b4cc-0b6cad2b2cec,1,60
2026-09-24T07:04:52.564,POST,/desembolsos,0,3000.3,3000.1,timeout,b1659872-de81-4cad-b76a-37a625f2f6fa,1,60
2026-09-24T07:04:52.659,POST,/desembolsos,0,3000.6,3000.4,timeout,66ecd382-696e-423f-b36e-58d06019294e,1,60
2026-09-24T07:04:52.722,POST,/desembolsos,0,3001.7,3001.5,timeout,e9fbbdb7-58ed-41bd-9e04-9348744455ec,2,60
2026-09-24T07:04:52.770,POST,/desembolsos,0,2987.2,2986.8,timeout,11a45d87-b063-4a4b-a0b5-272613fe90d1,1,60
2026-09-24T07:04:52.869,POST,/desembolsos,0,3002.4,3002.2,timeout,bbc09db9-4046-4180-b2ee-4be9c7130fa8,1,60
2026-09-24T07:04:52.902,POST,/desembolsos,0,2985.2,2985.0,timeout,3f678ab2-e517-4fa9-b63a-ee017a12bca8,2,60
2026-09-24T07:04:52.991,POST,/desembolsos,0,3007.4,3007.1,timeout,24dccaea-88f9-46c7-afee-0fb8eddd1a4c,1,60
2026-09-24T07:04:53.024,POST,/desembolsos,0,3007.4,3007.1,timeout,7f759d1b-b65e-41b8-87d5-250ef07fcc2a,2,60
2026-09-24T07:04:53.091,POST,/desembolsos,0,3005.1,3004.8,timeout,8b960fc3-58ce-4b11-b57c-181a742af836,1,60
2026-09-24T07:04:53.173,POST,/desembolsos,0,3001.8,3001.5,timeout,3125d9ae-b664-4012-9fe0-e9b2ddce53c0,2,60
2026-09-24T07:04:53.207,POST,/desembolsos,0,3000.9,3000.6,timeout,003a99e6-b9ee-4248-8f68-ebd5c799a975,1,60
2026-09-24T07:04:53.307,POST,/desembolsos,0,2999.9,2999.6,timeout,6713ce04-e1a7-449c-82cc-01657736a7fc,1,60
2026-09-24T07:04:53.324,POST,/desembolsos,0,2999.6,2999.1,timeout,a1c862d9-43ae-4a59-aad8-66a8aec03d71,2,60
2026-09-24T07:04:53.391,POST,/desembolsos,0,2997.6,2997.3,timeout,5f27eb05-8308-4d4e-9822-c7a717e53482,1,60
2026-09-24T07:04:53.441,POST,/desembolsos,0,2996.9,2996.6,timeout,3fec8b2c-6def-4ff7-92f1-bee8f2359c61,2,60
2026-09-24T07:04:53.502,POST,/desembolsos,0,3001.0,3000.7,timeout,35a5eae2-6fb1-43de-b7e3-f53ed86eb709,1,60
2026-09-24T07:04:53.525,POST,/desembolsos,0,3010.6,3010.5,timeout,317c37f9-e99c-4c5e-8020-4755bc8a9355,2,60
2026-09-24T07:04:53.610,POST,/desembolsos,0,2991.6,2991.4,timeout,a905c54e-d403-4d27-a997-2e53677de23d,1,60
2026-09-24T07:04:53.657,POST,/desembolsos,0,2992.3,2992.0,timeout,de897f09-2eff-4100-9254-2365b60efc0b,2,60
2026-09-24T07:04:53.704,POST,/desembolsos,0,2998.4,2998.2,timeout,4327020e-a465-4e54-927f-696021ca4f89,1,60
2026-09-24T07:04:53.736,POST,/desembolsos,0,2997.0,2996.9,timeout,24e8119f-7d72-40ee-a63a-1ec9998dd3f3,3,60
2026-09-24T07:04:53.736,POST,/desembolsos,0,2998.2,2998.0,timeout,d26ff327-cd0b-4a61-b653-99fb5a8d5164,2,60
2026-09-24T07:04:53.801,POST,/desembolsos,0,2999.2,2998.9,timeout,c0abae87-8413-4aca-9da2-317075625017,1,60
2026-09-24T07:04:53.832,POST,/desembolsos,0,2999.1,2998.8,timeout,2bdfeb74-aa27-4354-99c3-f8d8d8923cb2,2,60
2026-09-24T07:04:53.880,POST,/desembolsos,0,3001.5,3001.2,timeout,9559cec1-69dc-4859-984a-5f47fe686bdf,1,60
2026-09-24T07:04:53.880,POST,/desembolsos,0,3000.3,3000.2,timeout,33fbc575-aa09-4319-b3da-0d0d81296129,3,60
2026-09-24T07:04:53.928,POST,/desembolsos,0,3022.3,3022.1,timeout,50af69cc-812f-4472-9aca-0466368fbddb,2,60
2026-09-24T07:04:53.992,POST,/desembolsos,0,3008.9,3008.5,timeout,ee189c25-c01c-48f9-b948-8104ad630b2c,1,60
2026-09-24T07:04:54.024,POST,/desembolsos,0,3009.5,3009.3,timeout,ebddd93c-0d88-4efc-8475-37939ab3a1c4,2,60
2026-09-24T07:04:54.099,POST,/desembolsos,0,3001.2,3001.1,timeout,fb8fe360-f499-4383-beac-5872fbdb8b58,1,60
2026-09-24T07:04:54.131,POST,/desembolsos,0,3000.7,3000.4,timeout,9a731a7a-eab7-467f-ac2b-82ca8762f376,2,60
2026-09-24T07:04:54.195,POST,/desembolsos,0,3003.1,3002.8,timeout,b1206eb0-950c-4532-a1f0-c84af4cdf8fe,1,60
2026-09-24T07:04:54.248,POST,/desembolsos,0,3006.9,3006.5,timeout,5a2314b0-b350-4397-84d2-65dfe6a4d83c,2,60
2026-09-24T07:04:54.296,POST,/desembolsos,0,2990.3,2990.0,timeout,2e119a13-3fde-4052-99a4-69b6d646beeb,1,60
2026-09-24T07:04:54.327,POST,/desembolsos,0,2991.8,2991.4,timeout,b9684b39-77a7-4370-bb65-ce16529bf459,2,60
2026-09-24T07:04:54.382,POST,/desembolsos,0,3001.4,3001.1,timeout,0c172fe4-fd8e-4047-8184-d29392a3048a,1,60
2026-09-24T07:04:54.463,POST,/desembolsos,0,3017.7,3017.5,timeout,1a5fe98a-7f19-447b-9050-6a7716e47704,2,60
2026-09-24T07:04:54.495,POST,/desembolsos,0,3001.7,3001.5,timeout,d540e313-a0df-4d87-8db6-b73364d73680,1,60
2026-09-24T07:04:54.544,POST,/desembolsos,0,3016.5,3016.2,timeout,38702595-51ee-4932-baf5-7a73d55b34d6,2,60
2026-09-24T07:04:54.592,POST,/desembolsos,0,3015.8,3015.4,timeout,eeb3d0fe-ab27-49b7-9fed-57e33de8ffd5,1,60
2026-09-24T07:04:54.657,POST,/desembolsos,0,2999.3,2999.1,timeout,2ca4c6ab-865d-42b5-91d4-c27c8b5f0566,2,60
2026-09-24T07:04:54.706,POST,/desembolsos,0,2996.4,2996.1,timeout,a3d8a314-1b6c-4ad4-8150-8fce81e92794,1,60
2026-09-24T07:04:54.739,POST,/desembolsos,0,3027.8,3027.5,timeout,bf82a952-2949-4411-b2dc-d6ec9d208726,2,60
2026-09-24T07:04:54.837,POST,/desembolsos,0,3012.0,3011.7,timeout,b3dd5e52-b42e-47ea-bb87-d5f2f8193247,2,60
2026-09-24T07:04:54.984,POST,/desembolsos,0,3007.9,3007.6,timeout,8d211c27-1071-4325-892a-7110e54032d1,2,60
2026-09-24T07:04:55.031,POST,/desembolsos,0,2993.6,2993.4,timeout,716a4f5a-7e50-4cec-bd42-c1bbb9265872,2,60
2026-09-24T07:04:55.133,POST,/desembolsos,0,3005.0,3004.8,timeout,71f090fa-444d-4dbd-8532-b4dd0fff110a,2,60
2026-09-24T07:04:55.250,POST,/desembolsos,0,3001.9,3001.6,timeout,e0b9b5eb-8a0d-46e0-b3de-30b825421cfe,2,60
2026-09-24T07:04:55.358,POST,/desembolsos,0,2975.6,2975.4,timeout,47548a2c-c0e6-4c9e-be93-b2433d7b18ea,2,60
2026-09-24T07:04:55.433,POST,/desembolsos,0,2999.2,2999.0,timeout,4a47a361-2d4c-4661-826e-b0281466e79e,2,60
2026-09-24T07:04:55.531,POST,/desembolsos,0,2998.5,2998.3,timeout,0cfe2846-ac61-46c2-8697-927227c97c1a,2,60
2026-09-24T07:04:55.659,POST,/desembolsos,0,3002.2,3002.0,timeout,f9f0cc75-8245-4c84-bf2e-9bc20e9186e1,2,60
2026-09-24T07:04:55.756,POST,/desembolsos,0,3001.0,3000.8,timeout,eaf6a3fd-bf30-49ec-897d-0e4e54257746,2,60
2026-09-24T07:04:55.838,POST,/desembolsos,0,3012.3,3012.1,timeout,ce4841a8-b320-4f2b-a882-6dee2840b9e6,2,60
2026-09-24T07:04:55.966,POST,/desembolsos,0,3000.9,3000.7,timeout,06def0a2-3efe-479a-ad68-9575b3044b8c,2,60
2026-09-24T07:04:56.080,POST,/desembolsos,0,3002.5,3002.3,timeout,469f5180-4bc6-4e2e-aece-e95619d384fe,2,60
2026-09-24T07:04:56.145,POST,/desembolsos,0,3003.7,3003.5,timeout,09866880-e8c8-40c1-81d4-3df2a4e4c50b,2,60
2026-09-24T07:04:56.274,POST,/desembolsos,0,3006.4,3006.2,timeout,0ce5a3d7-0c23-450f-9ccb-c3427ef8aff4,2,60
2026-09-24T07:04:56.372,POST,/desembolsos,0,3017.1,3016.9,timeout,4d26aa61-d014-4685-b959-bac9123307c6,2,60
2026-09-24T07:04:56.486,POST,/desembolsos,0,3010.7,3010.5,timeout,2d4c286d-0318-4c1b-b4cc-0b6cad2b2cec,2,60
2026-09-24T07:04:56.569,POST,/desembolsos,0,3008.4,3008.2,timeout,b1659872-de81-4cad-b76a-37a625f2f6fa,2,60
2026-09-24T07:04:56.650,POST,/desembolsos,0,3007.9,3007.7,timeout,66ecd382-696e-423f-b36e-58d06019294e,2,60
2026-09-24T07:04:56.734,POST,/desembolsos,0,3004.1,3004.0,timeout,35ff05a0-9485-46c6-a7b0-39b596ebda78,1,60
2026-09-24T07:04:56.735,POST,/desembolsos,0,3003.6,3003.5,timeout,e9fbbdb7-58ed-41bd-9e04-9348744455ec,3,60
2026-09-24T07:04:56.783,POST,/desembolsos,0,2989.0,2988.8,timeout,11a45d87-b063-4a4b-a0b5-272613fe90d1,2,60
2026-09-24T07:04:56.881,POST,/desembolsos,0,3017.7,3017.6,timeout,bc3a222a-dbc1-443d-870f-c4a603ee5a1b,1,60
2026-09-24T07:04:56.881,POST,/desembolsos,0,3018.6,3018.4,timeout,bbc09db9-4046-4180-b2ee-4be9c7130fa8,2,60
2026-09-24T07:04:56.881,POST,/desembolsos,0,3017.6,3017.6,timeout,3f678ab2-e517-4fa9-b63a-ee017a12bca8,3,60
2026-09-24T07:04:57.000,POST,/desembolsos,0,3000.8,3000.5,timeout,24dccaea-88f9-46c7-afee-0fb8eddd1a4c,2,60
2026-09-24T07:04:57.034,POST,/desembolsos,0,2999.0,2998.8,timeout,7f759d1b-b65e-41b8-87d5-250ef07fcc2a,3,60
2026-09-24T07:04:57.099,POST,/desembolsos,0,3014.9,3014.7,timeout,8b960fc3-58ce-4b11-b57c-181a742af836,2,60
2026-09-24T07:04:57.164,POST,/desembolsos,0,2998.9,2998.7,timeout,3125d9ae-b664-4012-9fe0-e9b2ddce53c0,3,60
2026-09-24T07:04:57.224,POST,/desembolsos,0,3004.5,3004.3,timeout,003a99e6-b9ee-4248-8f68-ebd5c799a975,2,60
2026-09-24T07:04:57.286,POST,/desembolsos,0,3021.3,3021.2,timeout,6713ce04-e1a7-449c-82cc-01657736a7fc,2,60
2026-09-24T07:04:57.319,POST,/desembolsos,0,3004.8,3004.7,timeout,a1c862d9-43ae-4a59-aad8-66a8aec03d71,3,60
2026-09-24T07:04:57.384,POST,/desembolsos,0,3016.8,3016.6,timeout,5f27eb05-8308-4d4e-9822-c7a717e53482,2,60
2026-09-24T07:04:57.433,POST,/desembolsos,0,2997.9,2997.7,timeout,3fec8b2c-6def-4ff7-92f1-bee8f2359c61,3,60
2026-09-24T07:04:57.497,POST,/desembolsos,0,3012.1,3011.9,timeout,35a5eae2-6fb1-43de-b7e3-f53ed86eb709,2,60
2026-09-24T07:04:57.529,POST,/desembolsos,0,2981.2,2981.0,timeout,317c37f9-e99c-4c5e-8020-4755bc8a9355,3,60
2026-09-24T07:04:57.608,POST,/desembolsos,0,2996.3,2996.2,timeout,a905c54e-d403-4d27-a997-2e53677de23d,2,60
2026-09-24T07:04:57.656,POST,/desembolsos,0,2997.8,2997.5,timeout,de897f09-2eff-4100-9254-2365b60efc0b,3,60
2026-09-24T07:04:57.703,POST,/desembolsos,0,3000.0,2999.8,timeout,4327020e-a465-4e54-927f-696021ca4f89,2,60
2026-09-24T07:04:57.735,POST,/desembolsos,0,2999.7,2999.5,timeout,d26ff327-cd0b-4a61-b653-99fb5a8d5164,3,60
2026-09-24T07:04:57.799,POST,/desembolsos,0,3001.5,3001.3,timeout,c0abae87-8413-4aca-9da2-317075625017,2,60
2026-09-24T07:04:57.832,POST,/desembolsos,0,3000.8,3000.6,timeout,2bdfeb74-aa27-4354-99c3-f8d8d8923cb2,3,60
2026-09-24T07:04:57.882,POST,/desembolsos,0,3000.2,3000.0,timeout,9559cec1-69dc-4859-984a-5f47fe686bdf,2,60
2026-09-24T07:04:57.952,POST,/desembolsos,0,2998.4,2998.2,timeout,50af69cc-812f-4472-9aca-0466368fbddb,3,60
2026-09-24T07:04:57.992,POST,/desembolsos,0,3007.4,3007.3,timeout,ee189c25-c01c-48f9-b948-8104ad630b2c,2,60
2026-09-24T07:04:58.024,POST,/desembolsos,0,3007.1,3007.0,timeout,ebddd93c-0d88-4efc-8475-37939ab3a1c4,3,60
2026-09-24T07:04:58.106,POST,/desembolsos,0,3008.7,3008.5,timeout,fb8fe360-f499-4383-beac-5872fbdb8b58,2,60
2026-09-24T07:04:58.139,POST,/desembolsos,0,2992.2,2992.1,timeout,9a731a7a-eab7-467f-ac2b-82ca8762f376,3,60
2026-09-24T07:04:58.204,POST,/desembolsos,0,2991.9,2991.6,timeout,b1206eb0-950c-4532-a1f0-c84af4cdf8fe,2,60
2026-09-24T07:04:58.284,POST,/desembolsos,0,2994.7,2994.5,timeout,5a2314b0-b350-4397-84d2-65dfe6a4d83c,3,60
2026-09-24T07:04:58.300,POST,/desembolsos,0,2994.7,2994.5,timeout,2e119a13-3fde-4052-99a4-69b6d646beeb,2,60
2026-09-24T07:04:58.333,POST,/desembolsos,0,3011.3,3011.2,timeout,b9684b39-77a7-4370-bb65-ce16529bf459,3,60
2026-09-24T07:04:58.383,POST,/desembolsos,0,3013.4,3013.2,timeout,0c172fe4-fd8e-4047-8184-d29392a3048a,2,60
2026-09-24T07:04:58.481,POST,/desembolsos,0,3008.6,3008.5,timeout,1a5fe98a-7f19-447b-9050-6a7716e47704,3,60
2026-09-24T07:04:58.497,POST,/desembolsos,0,2992.5,2992.3,timeout,d540e313-a0df-4d87-8db6-b73364d73680,2,60
2026-09-24T07:04:58.562,POST,/desembolsos,0,2993.6,2993.4,timeout,38702595-51ee-4932-baf5-7a73d55b34d6,3,60
2026-09-24T07:04:58.612,POST,/desembolsos,0,2995.5,2995.3,timeout,eeb3d0fe-ab27-49b7-9fed-57e33de8ffd5,2,60
2026-09-24T07:04:58.660,POST,/desembolsos,0,2996.5,2996.3,timeout,2ca4c6ab-865d-42b5-91d4-c27c8b5f0566,3,60
2026-09-24T07:04:58.708,POST,/desembolsos,0,3014.5,3014.2,timeout,a3d8a314-1b6c-4ad4-8150-8fce81e92794,2,60
2026-09-24T07:04:58.757,POST,/desembolsos,0,3014.8,3014.7,timeout,bf82a952-2949-4411-b2dc-d6ec9d208726,3,60
2026-09-24T07:04:58.850,POST,/desembolsos,0,3003.8,3003.6,timeout,b3dd5e52-b42e-47ea-bb87-d5f2f8193247,3,60
2026-09-24T07:04:59.000,POST,/desembolsos,0,3009.4,3009.2,timeout,8d211c27-1071-4325-892a-7110e54032d1,3,60
2026-09-24T07:04:59.033,POST,/desembolsos,0,2977.3,2977.1,timeout,716a4f5a-7e50-4cec-bd42-c1bbb9265872,3,60
2026-09-24T07:04:59.148,POST,/desembolsos,0,3009.4,3009.2,timeout,71f090fa-444d-4dbd-8532-b4dd0fff110a,3,60
2026-09-24T07:04:59.248,POST,/desembolsos,0,3008.4,3008.2,timeout,e0b9b5eb-8a0d-46e0-b3de-30b825421cfe,3,60
2026-09-24T07:04:59.358,POST,/desembolsos,0,2996.8,2996.6,timeout,47548a2c-c0e6-4c9e-be93-b2433d7b18ea,3,60
2026-09-24T07:04:59.435,POST,/desembolsos,0,3001.7,3001.5,timeout,4a47a361-2d4c-4661-826e-b0281466e79e,3,60
2026-09-24T07:04:59.528,POST,/desembolsos,0,3006.4,3006.2,timeout,0cfe2846-ac61-46c2-8697-927227c97c1a,3,60
2026-09-24T07:04:59.658,POST,/desembolsos,0,2992.1,2992.0,timeout,f9f0cc75-8245-4c84-bf2e-9bc20e9186e1,3,60
2026-09-24T07:04:59.739,POST,/desembolsos,0,3008.9,3008.8,timeout,756fd17f-2999-48cd-b2af-ac47cb436119,1,60
2026-09-24T07:04:59.771,POST,/desembolsos,0,3009.5,3009.3,timeout,eaf6a3fd-bf30-49ec-897d-0e4e54257746,3,60
2026-09-24T07:04:59.853,POST,/desembolsos,0,3009.6,3009.3,timeout,ce4841a8-b320-4f2b-a882-6dee2840b9e6,3,60
2026-09-24T07:04:59.899,POST,/desembolsos,0,2996.0,2995.8,timeout,b6374a59-b017-4d62-9ebb-cc5cb0d99341,1,60
2026-09-24T07:04:59.967,POST,/desembolsos,0,2992.3,2992.1,timeout,06def0a2-3efe-479a-ad68-9575b3044b8c,3,60
2026-09-24T07:05:00.033,POST,/desembolsos,0,2993.7,2993.5,timeout,1ff18ab5-a7cc-4d5f-8e1f-eded0eedea59,1,60
2026-09-24T07:05:00.081,POST,/desembolsos,0,2994.8,2994.6,timeout,469f5180-4bc6-4e2e-aece-e95619d384fe,3,60
2026-09-24T07:05:00.163,POST,/desembolsos,0,3012.1,3011.9,timeout,09866880-e8c8-40c1-81d4-3df2a4e4c50b,3,60
2026-09-24T07:05:00.163,POST,/desembolsos,0,3011.6,3011.5,timeout,ac5a73c6-40e5-46cb-97c4-e0ee8282e949,1,60
2026-09-24T07:05:00.275,POST,/desembolsos,0,2999.5,2999.2,timeout,0ce5a3d7-0c23-450f-9ccb-c3427ef8aff4,3,60
2026-09-24T07:05:00.324,POST,/desembolsos,0,3000.2,2999.9,timeout,b1c3e833-e4d8-4ab7-babf-9cffd6b8c85f,1,60
2026-09-24T07:05:00.399,POST,/desembolsos,0,3006.4,3006.1,timeout,4d26aa61-d014-4685-b959-bac9123307c6,3,60
2026-09-24T07:05:00.431,POST,/desembolsos,0,2993.2,2993.1,timeout,b0b17756-01c4-4951-ad29-b769f8ad9fa3,1,60
2026-09-24T07:05:00.509,POST,/desembolsos,0,3011.0,3010.9,timeout,2d4c286d-0318-4c1b-b4cc-0b6cad2b2cec,3,60
2026-09-24T07:05:00.541,POST,/desembolsos,0,3012.9,3012.7,timeout,d2afc322-4d43-4652-8845-c7d838a2d9ed,1,60
2026-09-24T07:05:00.573,POST,/desembolsos,0,3012.0,3011.6,timeout,b1659872-de81-4cad-b76a-37a625f2f6fa,3,60
2026-09-24T07:05:00.653,POST,/desembolsos,0,2981.3,2981.0,timeout,47321000-d5f6-45b7-a7d8-eb662d44cb2d,1,60
2026-09-24T07:05:00.653,POST,/desembolsos,0,2980.5,2980.4,timeout,66ecd382-696e-423f-b36e-58d06019294e,3,60
2026-09-24T07:05:00.734,POST,/desembolsos,0,2995.6,2995.4,timeout,35ff05a0-9485-46c6-a7b0-39b596ebda78,2,60
2026-09-24T07:05:00.767,POST,/desembolsos,0,3011.1,3010.8,timeout,79a15d90-d374-4ebc-a82b-40c81eb8390e,1,60
2026-09-24T07:05:00.767,POST,/desembolsos,0,3010.2,3010.1,timeout,11a45d87-b063-4a4b-a0b5-272613fe90d1,3,60
2026-09-24T07:05:00.866,POST,/desembolsos,0,3012.0,3011.7,timeout,1b5713cc-8a6d-4390-ad87-976c14ac4dea,1,60
2026-09-24T07:05:00.882,POST,/desembolsos,0,3011.9,3011.7,timeout,bc3a222a-dbc1-443d-870f-c4a603ee5a1b,2,60
2026-09-24T07:05:00.882,POST,/desembolsos,0,3011.2,3011.1,timeout,bbc09db9-4046-4180-b2ee-4be9c7130fa8,3,60
2026-09-24T07:05:00.967,POST,/desembolsos,0,3009.0,3008.7,timeout,5f5064c3-bcc9-4aa8-9312-b1b4acdcdac3,1,60
2026-09-24T07:05:00.999,POST,/desembolsos,0,2993.4,2993.3,timeout,24dccaea-88f9-46c7-afee-0fb8eddd1a4c,3,60
2026-09-24T07:05:01.064,POST,/desembolsos,0,2994.0,2993.6,timeout,a7d9b8ca-61e2-482d-9d3d-e619bf4e3a95,1,60
2026-09-24T07:05:01.114,POST,/desembolsos,0,3019.5,3019.3,timeout,8b960fc3-58ce-4b11-b57c-181a742af836,3,60
2026-09-24T07:05:01.163,POST,/desembolsos,0,3003.3,3002.9,timeout,0850b3ea-c99d-47ee-9e3b-54889e8c8646,1,60
2026-09-24T07:05:01.229,POST,/desembolsos,0,3000.6,3000.3,timeout,003a99e6-b9ee-4248-8f68-ebd5c799a975,3,60
2026-09-24T07:05:01.278,POST,/desembolsos,0,2997.9,2997.7,timeout,af5aefc1-5a63-4670-8054-5dccb3cda8c4,1,60
2026-09-24T07:05:01.295,POST,/desembolsos,0,3012.6,3012.5,timeout,6713ce04-e1a7-449c-82cc-01657736a7fc,3,60
2026-09-24T07:05:01.395,POST,/desembolsos,0,2994.1,2993.9,timeout,5519b98f-927d-45fe-99ae-21530cd800d0,1,60
2026-09-24T07:05:01.395,POST,/desembolsos,0,2993.1,2993.0,timeout,5f27eb05-8308-4d4e-9822-c7a717e53482,3,60
2026-09-24T07:05:01.489,POST,/desembolsos,0,3015.2,3015.0,timeout,ecec439f-96e1-4fc3-9634-584b71eaa21c,1,60
2026-09-24T07:05:01.522,POST,/desembolsos,0,3014.5,3014.3,timeout,35a5eae2-6fb1-43de-b7e3-f53ed86eb709,3,60
2026-09-24T07:05:01.606,POST,/desembolsos,0,2993.8,2993.8,timeout,a905c54e-d403-4d27-a997-2e53677de23d,3,60
2026-09-24T07:05:01.606,POST,/desembolsos,0,2995.2,2994.9,timeout,d540cabe-953b-42fd-9759-0410f1038bf2,1,60
2026-09-24T07:05:01.689,POST,/desembolsos,0,2997.4,2997.0,timeout,a31e37f4-69e0-4461-8872-b5f2acf03a00,1,60
2026-09-24T07:05:01.721,POST,/desembolsos,0,2998.5,2998.3,timeout,4327020e-a465-4e54-927f-696021ca4f89,3,60
2026-09-24T07:05:01.789,POST,/desembolsos,0,3026.9,3026.8,timeout,436ad477-87a5-4079-8f0f-235a2e31aa7e,1,60
2026-09-24T07:05:01.788,POST,/desembolsos,0,3028.1,3027.8,timeout,c0abae87-8413-4aca-9da2-317075625017,3,60
2026-09-24T07:05:01.887,POST,/desembolsos,0,2993.1,2993.0,timeout,86565118-44ac-47f5-b473-8b1824a9668d,1,60
2026-09-24T07:05:01.887,POST,/desembolsos,0,2994.2,2993.9,timeout,9559cec1-69dc-4859-984a-5f47fe686bdf,3,60
2026-09-24T07:05:02.009,POST,/desembolsos,0,3016.5,3016.3,timeout,2867dd1a-6da5-4718-af52-14ac5f8a4062,1,60
2026-09-24T07:05:02.009,POST,/desembolsos,0,3016.1,3016.0,timeout,ee189c25-c01c-48f9-b948-8104ad630b2c,3,60
2026-09-24T07:05:02.124,POST,/desembolsos,0,3000.7,3000.4,timeout,8895c7b3-a1ec-4880-aab5-0aa9b04859ec,1,60
2026-09-24T07:05:02.124,POST,/desembolsos,0,2999.8,2999.7,timeout,fb8fe360-f499-4383-beac-5872fbdb8b58,3,60
2026-09-24T07:05:02.207,POST,/desembolsos,0,2994.1,2993.8,timeout,b1206eb0-950c-4532-a1f0-c84af4cdf8fe,3,60
2026-09-24T07:05:02.207,POST,/desembolsos,0,2993.1,2993.1,timeout,4a081155-9ac1-4f41-bfdf-b8f4cc6f1656,1,60
2026-09-24T07:05:02.289,POST,/desembolsos,0,3027.9,3027.6,timeout,2e119a13-3fde-4052-99a4-69b6d646beeb,3,60
2026-09-24T07:05:02.322,POST,/desembolsos,0,3026.3,3026.0,timeout,ceb72ef0-f572-4178-8ce7-a3656ca9b0f5,1,60
2026-09-24T07:05:02.403,POST,/desembolsos,0,2979.9,2979.6,timeout,0c172fe4-fd8e-4047-8184-d29392a3048a,3,60
2026-09-24T07:05:02.403,POST,/desembolsos,0,2979.0,2977.4,timeout,fede0d96-79b9-47c6-bfef-de93d85a3634,1,60
2026-09-24T07:05:02.501,POST,/desembolsos,0,2997.5,2997.1,timeout,d540e313-a0df-4d87-8db6-b73364d73680,3,60
2026-09-24T07:05:02.502,POST,/desembolsos,0,2996.5,2996.3,timeout,761d564e-142b-4eff-aa3e-6258f3396d99,1,60
2026-09-24T07:05:02.617,POST,/desembolsos,0,3010.6,3010.2,timeout,7e5b3094-b167-4344-9552-4757059cc9b9,1,60
2026-09-24T07:05:02.617,POST,/desembolsos,0,3009.7,3009.5,timeout,eeb3d0fe-ab27-49b7-9fed-57e33de8ffd5,3,60
2026-09-24T07:05:02.713,POST,/desembolsos,0,3011.3,3011.2,timeout,a3d8a314-1b6c-4ad4-8150-8fce81e92794,3,60
2026-09-24T07:05:02.713,POST,/desembolsos,0,3011.9,3011.8,timeout,efa6b662-f465-43e1-bede-6aef01b94fc8,1,60
2026-09-24T07:05:02.813,POST,/desembolsos,0,2994.5,2994.3,timeout,e0a2f014-0b46-4954-b83a-a5e7f93230e1,1,60
2026-09-24T07:05:02.895,POST,/desembolsos,0,2997.1,2996.9,timeout,8155bc00-a046-4af2-9dcb-f586eaff7e37,1,60
2026-09-24T07:05:03.025,POST,/desembolsos,0,3009.7,3009.4,timeout,ea53b6e0-a130-4293-9384-9c56d55076fe,1,60
2026-09-24T07:05:03.124,POST,/desembolsos,0,3008.1,3007.6,timeout,6906999d-3dbd-4d2b-9e95-2c63a9d54804,1,60
2026-09-24T07:05:03.224,POST,/desembolsos,0,3018.3,3018.0,timeout,bdaa1804-90de-4fc2-a44f-51c8f513f98f,1,60
2026-09-24T07:05:03.323,POST,/desembolsos,0,3003.2,3002.8,timeout,2ab6ab98-3da3-48e9-968f-989866ca6f7d,1,60
2026-09-24T07:05:03.422,POST,/desembolsos,0,3003.3,3003.0,timeout,2c83d0b5-e022-4ba2-b08d-37788ecad6d0,1,60
2026-09-24T07:05:03.520,POST,/desembolsos,0,2988.0,2987.8,timeout,ff1f9ee8-84d2-439c-8830-fa71159f21a1,1,60
2026-09-24T07:05:03.634,POST,/desembolsos,0,3006.2,3006.0,timeout,25cdb490-ff35-4ba8-a26b-d2127b454039,1,60
2026-09-24T07:05:03.730,POST,/desembolsos,0,3009.4,3009.2,timeout,0b67a6d9-3e43-4dd9-aa84-236e6e0a1694,1,60
2026-09-24T07:05:03.747,POST,/desembolsos,0,2993.3,2992.9,timeout,756fd17f-2999-48cd-b2af-ac47cb436119,2,60
2026-09-24T07:05:03.828,POST,/desembolsos,0,2991.1,2990.7,timeout,6b78d18c-e1f2-4362-aea3-24a6b807e5dd,1,60
2026-09-24T07:05:03.894,POST,/desembolsos,0,2989.2,2989.1,timeout,b6374a59-b017-4d62-9ebb-cc5cb0d99341,2,60
2026-09-24T07:05:03.933,POST,/desembolsos,0,3018.5,3018.3,timeout,e4765f31-ba53-401d-a12d-537d2b6cb417,1,60
2026-09-24T07:05:04.025,POST,/desembolsos,0,3002.8,3002.7,timeout,1ff18ab5-a7cc-4d5f-8e1f-eded0eedea59,2,60
2026-09-24T07:05:04.025,POST,/desembolsos,0,3004.0,3003.6,timeout,3ac3fd31-7cb3-4615-b3bd-92081831390c,1,60
2026-09-24T07:05:04.134,POST,/desembolsos,0,3007.1,3007.0,timeout,203f6f0c-4529-4fc3-ac04-350f0b6c8a8d,1,60
2026-09-24T07:05:04.166,POST,/desembolsos,0,3008.7,3008.5,timeout,ac5a73c6-40e5-46cb-97c4-e0ee8282e949,2,60
2026-09-24T07:05:04.245,POST,/desembolsos,0,3011.3,3011.1,timeout,82e88268-1002-4f9b-92d2-3e5a88cce4f1,1,60
2026-09-24T07:05:04.339,POST,/desembolsos,0,2995.3,2995.0,timeout,b1c3e833-e4d8-4ab7-babf-9cffd6b8c85f,2,60
2026-09-24T07:05:04.339,POST,/desembolsos,0,2994.4,2994.3,timeout,6d1fa543-ba75-4615-82c0-5644668c8ff3,1,60
2026-09-24T07:05:04.422,POST,/desembolsos,0,2992.4,2992.0,timeout,b0b17756-01c4-4951-ad29-b769f8ad9fa3,2,60
2026-09-24T07:05:04.422,POST,/desembolsos,0,2991.3,2991.3,timeout,9c2dd417-668f-4dff-8bf1-e5c2aa413dcc,1,60
2026-09-24T07:05:04.536,POST,/desembolsos,0,3010.5,3010.3,timeout,09c97ce3-931e-4dae-9469-972eee837bfb,1,60
2026-09-24T07:05:04.536,POST,/desembolsos,0,3010.1,3010.0,timeout,d2afc322-4d43-4652-8845-c7d838a2d9ed,2,60
2026-09-24T07:05:04.634,POST,/desembolsos,0,3010.3,3010.2,timeout,3a036124-4440-4cb7-8b98-010048b6fecf,1,60
2026-09-24T07:05:04.634,POST,/desembolsos,0,3011.2,3011.0,timeout,47321000-d5f6-45b7-a7d8-eb662d44cb2d,2,60
2026-09-24T07:05:04.719,POST,/desembolsos,0,3003.5,3003.3,timeout,35ff05a0-9485-46c6-a7b0-39b596ebda78,3,60
2026-09-24T07:05:04.752,POST,/desembolsos,0,2988.1,2987.9,timeout,8122c78a-798d-42c7-b3ac-5523f717ecde,1,60
2026-09-24T07:05:04.783,POST,/desembolsos,0,2988.2,2988.0,timeout,79a15d90-d374-4ebc-a82b-40c81eb8390e,2,60
2026-09-24T07:05:04.848,POST,/desembolsos,0,2985.4,2985.1,timeout,f79ab682-c2df-4374-b52b-69a879a4a9a4,1,60
2026-09-24T07:05:04.864,POST,/desembolsos,0,3001.4,3001.0,timeout,1b5713cc-8a6d-4390-ad87-976c14ac4dea,2,60
2026-09-24T07:05:04.881,POST,/desembolsos,0,3016.1,3015.9,timeout,bc3a222a-dbc1-443d-870f-c4a603ee5a1b,3,60
2026-09-24T07:05:04.954,POST,/desembolsos,0,3012.4,3012.1,timeout,1c6f074b-b1f8-44ad-8c3a-d4207faa51c4,1,60
2026-09-24T07:05:04.992,POST,/desembolsos,0,3008.6,3008.2,timeout,5f5064c3-bcc9-4aa8-9312-b1b4acdcdac3,2,60
2026-09-24T07:05:05.042,POST,/desembolsos,0,3007.4,3007.3,timeout,a7d9b8ca-61e2-482d-9d3d-e619bf4e3a95,2,60
2026-09-24T07:05:05.041,POST,/desembolsos,0,3008.5,3008.1,timeout,c932d0f5-8ee4-4920-a25f-5578fe1fc373,1,60
2026-09-24T07:05:05.141,POST,/desembolsos,0,3008.0,3007.7,timeout,8c463072-0d05-4b4d-b902-b46980fa8b21,1,60
2026-09-24T07:05:05.184,POST,/desembolsos,0,2981.9,2981.5,timeout,0850b3ea-c99d-47ee-9e3b-54889e8c8646,2,60
2026-09-24T07:05:05.250,POST,/desembolsos,0,2998.2,2997.9,timeout,9863b829-ed7a-4b74-ae8b-8a56763ba759,1,60
2026-09-24T07:05:05.283,POST,/desembolsos,0,2982.1,2981.7,timeout,af5aefc1-5a63-4670-8054-5dccb3cda8c4,2,60
2026-09-24T07:05:05.348,POST,/desembolsos,0,2996.3,2996.2,timeout,ed1329ff-269a-4d86-af03-21df1a760a91,1,60
2026-09-24T07:05:05.382,POST,/desembolsos,0,3009.3,3009.0,timeout,5519b98f-927d-45fe-99ae-21530cd800d0,2,60
2026-09-24T07:05:05.448,POST,/desembolsos,0,3008.4,3008.1,timeout,28cab798-981e-48c4-90f3-55fdc9990979,1,60
2026-09-24T07:05:05.497,POST,/desembolsos,0,3009.3,3009.0,timeout,ecec439f-96e1-4fc3-9634-584b71eaa21c,2,60
2026-09-24T07:05:05.547,POST,/desembolsos,0,2993.4,2993.1,timeout,dfdb098a-b839-4a76-afa6-985492b2c1a2,1,60
2026-09-24T07:05:05.611,POST,/desembolsos,0,2993.4,2993.2,timeout,d540cabe-953b-42fd-9759-0410f1038bf2,2,60
2026-09-24T07:05:05.645,POST,/desembolsos,0,2992.8,2992.5,timeout,3124f656-7ef4-4152-8f7d-07099642f06d,1,60
2026-09-24T07:05:05.679,POST,/desembolsos,0,3006.8,3006.6,timeout,a31e37f4-69e0-4461-8872-b5f2acf03a00,2,60
2026-09-24T07:05:05.741,POST,/desembolsos,0,3007.4,3007.1,timeout,32f2a0e6-8a2c-481d-8103-53b5a984b2cc,1,60
2026-09-24T07:05:05.807,POST,/desembolsos,0,3007.5,3007.2,timeout,436ad477-87a5-4079-8f0f-235a2e31aa7e,2,60
2026-09-24T07:05:05.891,POST,/desembolsos,0,3003.3,3003.0,timeout,86565118-44ac-47f5-b473-8b1824a9668d,2,60
2026-09-24T07:05:06.033,POST,/desembolsos,0,2977.3,2976.9,timeout,2867dd1a-6da5-4718-af52-14ac5f8a4062,2,60
2026-09-24T07:05:06.131,POST,/desembolsos,0,3008.7,3008.4,timeout,8895c7b3-a1ec-4880-aab5-0aa9b04859ec,2,60
2026-09-24T07:05:06.198,POST,/desembolsos,0,3008.4,3008.0,timeout,4a081155-9ac1-4f41-bfdf-b8f4cc6f1656,2,60
2026-09-24T07:05:06.359,POST,/desembolsos,0,2978.2,2977.9,timeout,ceb72ef0-f572-4178-8ce7-a3656ca9b0f5,2,60
2026-09-24T07:05:06.393,POST,/desembolsos,0,2992.0,2991.6,timeout,fede0d96-79b9-47c6-bfef-de93d85a3634,2,60
2026-09-24T07:05:06.507,POST,/desembolsos,0,3015.9,3015.5,timeout,761d564e-142b-4eff-aa3e-6258f3396d99,2,60
2026-09-24T07:05:06.623,POST,/desembolsos,0,2997.4,2997.0,timeout,7e5b3094-b167-4344-9552-4757059cc9b9,2,60
2026-09-24T07:05:06.739,POST,/desembolsos,0,3010.2,3010.1,timeout,efa6b662-f465-43e1-bede-6aef01b94fc8,2,60
2026-09-24T07:05:06.817,POST,/desembolsos,0,3014.5,3014.1,timeout,e0a2f014-0b46-4954-b83a-a5e7f93230e1,2,60
2026-09-24T07:05:06.884,POST,/desembolsos,0,3013.0,3012.7,timeout,8155bc00-a046-4af2-9dcb-f586eaff7e37,2,60
2026-09-24T07:05:07.029,POST,/desembolsos,0,2989.1,2989.0,timeout,ea53b6e0-a130-4293-9384-9c56d55076fe,2,60
2026-09-24T07:05:07.141,POST,/desembolsos,0,3008.2,3008.0,timeout,6906999d-3dbd-4d2b-9e95-2c63a9d54804,2,60
2026-09-24T07:05:07.256,POST,/desembolsos,0,3009.2,3009.1,timeout,bdaa1804-90de-4fc2-a44f-51c8f513f98f,2,60
2026-09-24T07:05:07.333,POST,/desembolsos,0,3014.2,3013.8,timeout,2ab6ab98-3da3-48e9-968f-989866ca6f7d,2,60
2026-09-24T07:05:07.414,POST,/desembolsos,0,2998.4,2998.2,timeout,2c83d0b5-e022-4ba2-b08d-37788ecad6d0,2,60
2026-09-24T07:05:07.513,POST,/desembolsos,0,2995.7,2995.3,timeout,ff1f9ee8-84d2-439c-8830-fa71159f21a1,2,60
2026-09-24T07:05:07.645,POST,/desembolsos,0,3008.9,3008.8,timeout,25cdb490-ff35-4ba8-a26b-d2127b454039,2,60
2026-09-24T07:05:07.723,POST,/desembolsos,0,3010.6,3010.4,timeout,0618bbbe-230f-456f-ae78-40aec65da104,1,60
2026-09-24T07:05:07.739,POST,/desembolsos,0,3011.3,3011.1,timeout,0b67a6d9-3e43-4dd9-aa84-236e6e0a1694,2,60
2026-09-24T07:05:07.739,POST,/desembolsos,0,3010.5,3010.4,timeout,756fd17f-2999-48cd-b2af-ac47cb436119,3,60
2026-09-24T07:05:07.833,POST,/desembolsos,0,3016.3,3015.9,timeout,6b78d18c-e1f2-4362-aea3-24a6b807e5dd,2,60
2026-09-24T07:05:07.898,POST,/desembolsos,0,2998.1,2998.0,timeout,b6374a59-b017-4d62-9ebb-cc5cb0d99341,3,60
2026-09-24T07:05:07.898,POST,/desembolsos,0,2999.6,2999.4,timeout,1524b3d1-0786-46c7-a662-2e55d3199d01,1,60
2026-09-24T07:05:07.967,POST,/desembolsos,0,3009.3,3009.0,timeout,e4765f31-ba53-401d-a12d-537d2b6cb417,2,60
2026-09-24T07:05:08.033,POST,/desembolsos,0,2974.7,2974.6,timeout,1ff18ab5-a7cc-4d5f-8e1f-eded0eedea59,3,60
2026-09-24T07:05:08.033,POST,/desembolsos,0,2976.1,2975.7,timeout,3ac3fd31-7cb3-4615-b3bd-92081831390c,2,60
2026-09-24T07:05:08.148,POST,/desembolsos,0,2865.0,2864.6,conexion: ClientConnectorError,203f6f0c-4529-4fc3-ac04-350f0b6c8a8d,2,60
2026-09-24T07:05:08.164,POST,/desembolsos,0,2913.1,2912.7,conexion: ClientConnectorError,ac5a73c6-40e5-46cb-97c4-e0ee8282e949,3,60
2026-09-24T07:05:08.264,POST,/desembolsos,0,2918.7,2918.3,conexion: ClientConnectorError,82e88268-1002-4f9b-92d2-3e5a88cce4f1,2,60
2026-09-24T07:05:08.343,POST,/desembolsos,0,2995.8,2995.5,timeout,6d1fa543-ba75-4615-82c0-5644668c8ff3,2,60
2026-09-24T07:05:08.343,POST,/desembolsos,0,2995.8,2995.7,timeout,b1c3e833-e4d8-4ab7-babf-9cffd6b8c85f,3,60
2026-09-24T07:05:08.539,POST,/desembolsos,0,2865.3,2865.3,conexion: ClientConnectorError,09c97ce3-931e-4dae-9469-972eee837bfb,2,60
2026-09-24T07:05:08.539,POST,/desembolsos,0,2866.8,2866.4,conexion: ClientConnectorError,d2afc322-4d43-4652-8845-c7d838a2d9ed,3,60
2026-09-24T07:05:08.423,POST,/desembolsos,0,2997.3,2996.9,timeout,9c2dd417-668f-4dff-8bf1-e5c2aa413dcc,2,60
2026-09-24T07:05:08.423,POST,/desembolsos,0,2996.4,2996.3,timeout,b0b17756-01c4-4951-ad29-b769f8ad9fa3,3,60
2026-09-24T07:05:08.637,POST,/desembolsos,0,2864.9,2864.7,conexion: ClientConnectorError,3a036124-4440-4cb7-8b98-010048b6fecf,2,60
2026-09-24T07:05:08.637,POST,/desembolsos,0,2864.3,2864.2,conexion: ClientConnectorError,47321000-d5f6-45b7-a7d8-eb662d44cb2d,3,60
2026-09-24T07:05:09.140,POST,/desembolsos,0,2458.2,2458.0,conexion: ClientConnectorError,8c463072-0d05-4b4d-b902-b46980fa8b21,2,60
2026-09-24T07:05:08.749,POST,/desembolsos,0,2912.4,2912.3,conexion: ClientConnectorError,8122c78a-798d-42c7-b3ac-5523f717ecde,2,60
2026-09-24T07:05:08.782,POST,/desembolsos,0,2900.4,2900.0,conexion: ClientConnectorError,79a15d90-d374-4ebc-a82b-40c81eb8390e,3,60
2026-09-24T07:05:09.172,POST,/desembolsos,0,2509.9,2509.7,conexion: ClientConnectorError,0850b3ea-c99d-47ee-9e3b-54889e8c8646,3,60
2026-09-24T07:05:09.256,POST,/desembolsos,0,2452.2,2452.2,conexion: ClientConnectorError,af5aefc1-5a63-4670-8054-5dccb3cda8c4,3,60
2026-09-24T07:05:09.255,POST,/desembolsos,0,2453.0,2452.8,conexion: ClientConnectorError,9863b829-ed7a-4b74-ae8b-8a56763ba759,2,60
2026-09-24T07:05:08.848,POST,/desembolsos,0,2875.8,2875.5,conexion: ClientConnectorError,f79ab682-c2df-4374-b52b-69a879a4a9a4,2,60
2026-09-24T07:05:08.865,POST,/desembolsos,0,2908.3,2907.9,conexion: ClientConnectorError,1b5713cc-8a6d-4390-ad87-976c14ac4dea,3,60
2026-09-24T07:05:08.976,POST,/desembolsos,0,2912.3,2912.0,conexion: ClientConnectorError,1c6f074b-b1f8-44ad-8c3a-d4207faa51c4,2,60
2026-09-24T07:05:09.009,POST,/desembolsos,0,2879.9,2879.6,conexion: ClientConnectorError,5f5064c3-bcc9-4aa8-9312-b1b4acdcdac3,3,60
2026-09-24T07:05:09.043,POST,/desembolsos,0,2861.7,2861.5,conexion: ClientConnectorError,c932d0f5-8ee4-4920-a25f-5578fe1fc373,2,60
2026-09-24T07:05:09.043,POST,/desembolsos,0,2861.1,2861.1,conexion: ClientConnectorError,a7d9b8ca-61e2-482d-9d3d-e619bf4e3a95,3,60
2026-09-24T07:05:09.462,POST,/desembolsos,0,2506.3,2506.2,conexion: ClientConnectorError,28cab798-981e-48c4-90f3-55fdc9990979,2,60
2026-09-24T07:05:09.523,POST,/desembolsos,0,2445.8,2445.6,conexion: ClientConnectorError,ecec439f-96e1-4fc3-9634-584b71eaa21c,3,60
2026-09-24T07:05:09.554,POST,/desembolsos,0,2441.8,2441.6,conexion: ClientConnectorError,dfdb098a-b839-4a76-afa6-985492b2c1a2,2,60
2026-09-24T07:05:09.603,POST,/desembolsos,0,2448.2,2447.9,conexion: ClientConnectorError,d540cabe-953b-42fd-9759-0410f1038bf2,3,60
2026-09-24T07:05:09.637,POST,/desembolsos,0,2464.1,2463.9,conexion: ClientConnectorError,3124f656-7ef4-4152-8f7d-07099642f06d,2,60
2026-09-24T07:05:09.685,POST,/desembolsos,0,2492.4,2492.0,conexion: ClientConnectorError,a31e37f4-69e0-4461-8872-b5f2acf03a00,3,60
2026-09-24T07:05:09.749,POST,/desembolsos,0,2492.4,2492.2,conexion: ClientConnectorError,32f2a0e6-8a2c-481d-8103-53b5a984b2cc,2,60
2026-09-24T07:05:09.336,POST,/desembolsos,0,2906.5,2906.1,conexion: ClientConnectorError,ed1329ff-269a-4d86-af03-21df1a760a91,2,60
2026-09-24T07:05:09.385,POST,/desembolsos,0,2874.1,2873.9,conexion: ClientConnectorError,5519b98f-927d-45fe-99ae-21530cd800d0,3,60
2026-09-24T07:05:09.815,POST,/desembolsos,0,2460.9,2459.2,conexion: ClientConnectorError,436ad477-87a5-4079-8f0f-235a2e31aa7e,3,60
2026-09-24T07:05:09.897,POST,/desembolsos,0,2459.9,2459.7,conexion: ClientConnectorError,86565118-44ac-47f5-b473-8b1824a9668d,3,60
2026-09-24T07:05:10.017,POST,/desembolsos,0,2455.1,2454.7,conexion: ClientConnectorError,2867dd1a-6da5-4718-af52-14ac5f8a4062,3,60
2026-09-24T07:05:10.149,POST,/desembolsos,0,2436.5,2436.3,conexion: ClientConnectorError,8895c7b3-a1ec-4880-aab5-0aa9b04859ec,3,60
2026-09-24T07:05:10.199,POST,/desembolsos,0,2443.7,2443.4,conexion: ClientConnectorError,4a081155-9ac1-4f41-bfdf-b8f4cc6f1656,3,60
2026-09-24T07:05:10.348,POST,/desembolsos,0,2487.0,2486.9,conexion: ClientConnectorError,ceb72ef0-f572-4178-8ce7-a3656ca9b0f5,3,60
2026-09-24T07:05:10.397,POST,/desembolsos,0,2454.8,2454.6,conexion: ClientConnectorError,fede0d96-79b9-47c6-bfef-de93d85a3634,3,60
2026-09-24T07:05:10.509,POST,/desembolsos,0,2434.9,2434.7,conexion: ClientConnectorError,761d564e-142b-4eff-aa3e-6258f3396d99,3,60
2026-09-24T07:05:10.619,POST,/desembolsos,0,2439.3,2439.0,conexion: ClientConnectorError,7e5b3094-b167-4344-9552-4757059cc9b9,3,60
2026-09-24T07:05:10.750,POST,/desembolsos,0,2479.1,2479.0,conexion: ClientConnectorError,3f2287e0-4b52-45b4-b8c1-9e17001dc72b,1,60
2026-09-24T07:05:10.750,POST,/desembolsos,0,2480.9,2480.7,conexion: ClientConnectorError,efa6b662-f465-43e1-bede-6aef01b94fc8,3,60
2026-09-24T07:05:10.832,POST,/desembolsos,0,2438.3,2437.9,conexion: ClientConnectorError,e0a2f014-0b46-4954-b83a-a5e7f93230e1,3,60
2026-09-24T07:05:10.897,POST,/desembolsos,0,2433.3,2433.2,conexion: ClientConnectorError,8155bc00-a046-4af2-9dcb-f586eaff7e37,3,60
2026-09-24T07:05:10.897,POST,/desembolsos,0,2469.1,2468.8,conexion: ClientConnectorError,13b39448-8f4f-4595-bf6f-4c2690a9e14c,1,60
2026-09-24T07:05:11.009,POST,/desembolsos,0,2441.8,2441.8,conexion: ClientConnectorError,4b027a29-a612-4758-b685-a6edf0ba92cc,1,60
2026-09-24T07:05:11.009,POST,/desembolsos,0,2442.7,2442.5,conexion: ClientConnectorError,ea53b6e0-a130-4293-9384-9c56d55076fe,3,60
2026-09-24T07:05:11.124,POST,/desembolsos,0,2426.2,2425.8,conexion: ClientConnectorError,d7520ba2-9f17-4592-9744-4759e404d668,1,60
2026-09-24T07:05:11.157,POST,/desembolsos,0,2487.3,2487.0,conexion: ClientConnectorError,6906999d-3dbd-4d2b-9e95-2c63a9d54804,3,60
2026-09-24T07:05:11.273,POST,/desembolsos,0,2483.2,2482.8,conexion: ClientConnectorError,bdaa1804-90de-4fc2-a44f-51c8f513f98f,3,60
2026-09-24T07:05:11.339,POST,/desembolsos,0,2416.3,2416.2,conexion: ClientConnectorError,37cfbcb1-1d8f-4a50-b32f-a23362c3d857,1,60
2026-09-24T07:05:11.339,POST,/desembolsos,0,2481.4,2481.2,conexion: ClientConnectorError,2ab6ab98-3da3-48e9-968f-989866ca6f7d,3,60
2026-09-24T07:05:11.420,POST,/desembolsos,0,2438.5,2438.2,conexion: ClientConnectorError,2c83d0b5-e022-4ba2-b08d-37788ecad6d0,3,60
2026-09-24T07:05:11.452,POST,/desembolsos,0,2502.5,2502.1,conexion: ClientConnectorError,33ebffe6-124b-40fa-9531-c12ead45c06a,1,60
2026-09-24T07:05:11.527,POST,/desembolsos,0,2427.8,2427.4,conexion: ClientConnectorError,ff1f9ee8-84d2-439c-8830-fa71159f21a1,3,60
2026-09-24T07:05:11.527,POST,/desembolsos,0,2457.1,2457.1,conexion: ClientConnectorError,950796ee-c56c-4fa5-8be9-c66704683d41,1,60
2026-09-24T07:05:11.642,POST,/desembolsos,0,2461.3,2461.1,conexion: ClientConnectorError,cf2e96bc-8bf8-4708-aef5-b6596fd64bf2,1,60
2026-09-24T07:05:11.642,POST,/desembolsos,0,2460.8,2460.8,conexion: ClientConnectorError,25cdb490-ff35-4ba8-a26b-d2127b454039,3,60
2026-09-24T07:05:11.723,POST,/desembolsos,0,2460.6,2460.4,conexion: ClientConnectorError,0618bbbe-230f-456f-ae78-40aec65da104,2,60
2026-09-24T07:05:11.756,POST,/desembolsos,0,2472.9,2471.8,conexion: ClientConnectorError,0b67a6d9-3e43-4dd9-aa84-236e6e0a1694,3,60
2026-09-24T07:05:11.756,POST,/desembolsos,0,2474.4,2474.1,conexion: ClientConnectorError,978a0f2d-afb2-4508-8735-6e31e18dad96,1,60
2026-09-24T07:05:11.837,POST,/desembolsos,0,2438.3,2438.0,conexion: ClientConnectorError,1fc22ea1-3247-41a5-8a03-59c4fb8a49be,1,60
2026-09-24T07:05:11.837,POST,/desembolsos,0,2475.1,2475.1,conexion: ClientConnectorError,6b78d18c-e1f2-4362-aea3-24a6b807e5dd,3,60
2026-09-24T07:05:11.886,POST,/desembolsos,0,2461.7,2461.4,conexion: ClientConnectorError,1524b3d1-0786-46c7-a662-2e55d3199d01,2,60
2026-09-24T07:05:11.967,POST,/desembolsos,0,2440.8,2440.6,conexion: ClientConnectorError,e4765f31-ba53-401d-a12d-537d2b6cb417,3,60
2026-09-24T07:05:11.951,POST,/desembolsos,0,2464.5,2464.2,conexion: ClientConnectorError,ada48c7f-cf09-4899-9cb1-9205d35e2d61,1,60
2026-09-24T07:05:12.017,POST,/desembolsos,0,2444.6,2444.5,conexion: ClientConnectorError,203f6f0c-4529-4fc3-ac04-350f0b6c8a8d,3,60
2026-09-24T07:05:12.017,POST,/desembolsos,0,2475.8,2475.6,conexion: ClientConnectorError,3ac3fd31-7cb3-4615-b3bd-92081831390c,3,60
2026-09-24T07:05:12.176,POST,/desembolsos,0,2459.8,2459.0,conexion: ClientConnectorError,82e88268-1002-4f9b-92d2-3e5a88cce4f1,3,60
2026-09-24T07:05:12.241,POST,/desembolsos,0,2461.9,2461.7,conexion: ClientConnectorError,799945d5-1e45-4568-bd7e-33453e67b73e,1,60
2026-09-24T07:05:12.340,POST,/desembolsos,0,2450.7,2450.7,conexion: ClientConnectorError,6d1fa543-ba75-4615-82c0-5644668c8ff3,3,60
2026-09-24T07:05:12.340,POST,/desembolsos,0,2452.0,2451.6,conexion: ClientConnectorError,0c6e3ca7-5fae-4b8d-9cb1-b149f0ddca5c,1,60
2026-09-24T07:05:12.422,POST,/desembolsos,0,2452.3,2451.9,conexion: ClientConnectorError,9c2dd417-668f-4dff-8bf1-e5c2aa413dcc,3,60
2026-09-24T07:05:12.405,POST,/desembolsos,0,2469.1,2468.7,conexion: ClientConnectorError,09c97ce3-931e-4dae-9469-972eee837bfb,3,60
2026-09-24T07:05:12.455,POST,/desembolsos,0,2469.8,2469.5,conexion: ClientConnectorError,74cae7c1-33fd-4765-a945-685120c7b4f2,1,60
2026-09-24T07:05:12.505,POST,/desembolsos,0,2443.9,2443.6,conexion: ClientConnectorError,3a036124-4440-4cb7-8b98-010048b6fecf,3,60
2026-09-24T07:05:12.539,POST,/desembolsos,0,2476.1,2475.8,conexion: ClientConnectorError,c7aa881a-ad7a-47fe-a6b1-aad2a8129884,1,60
2026-09-24T07:05:12.586,POST,/desembolsos,0,2479.5,2479.4,conexion: ClientConnectorError,8c463072-0d05-4b4d-b902-b46980fa8b21,3,60
2026-09-24T07:05:12.052,POST,/desembolsos,0,3014.0,3013.8,timeout,aa4e7c07-8a73-4d6c-ac9c-78ce0e1d46d7,1,60
2026-09-24T07:05:12.633,POST,/desembolsos,0,2440.7,2440.5,conexion: ClientConnectorError,e8dd4d93-70a2-4a16-aee1-2675dfabb439,1,60
2026-09-24T07:05:12.633,POST,/desembolsos,0,2440.8,2440.5,conexion: ClientConnectorError,8122c78a-798d-42c7-b3ac-5523f717ecde,3,60
2026-09-24T07:05:12.143,POST,/desembolsos,0,2989.5,2989.3,timeout,241a6b31-b57e-46da-a968-4a5ccec2c5b3,1,60
2026-09-24T07:05:12.730,POST,/desembolsos,0,2488.1,2487.7,conexion: ClientConnectorError,f79ab682-c2df-4374-b52b-69a879a4a9a4,3,60
2026-09-24T07:05:12.828,POST,/desembolsos,0,2462.0,2461.7,conexion: ClientConnectorError,32a04714-ad1c-4ee6-9a03-c829bc764eb6,1,60
2026-09-24T07:05:12.893,POST,/desembolsos,0,2440.7,2440.4,conexion: ClientConnectorError,1c6f074b-b1f8-44ad-8c3a-d4207faa51c4,3,60
2026-09-24T07:05:12.893,POST,/desembolsos,0,2440.9,2440.8,conexion: ClientConnectorError,c932d0f5-8ee4-4920-a25f-5578fe1fc373,3,60
2026-09-24T07:05:12.943,POST,/desembolsos,0,2463.9,2463.7,conexion: ClientConnectorError,9f257638-cb26-4fef-a782-851503200dde,1,60
2026-09-24T07:05:12.976,POST,/desembolsos,0,2448.2,2447.9,conexion: ClientConnectorError,28cab798-981e-48c4-90f3-55fdc9990979,3,60
2026-09-24T07:05:12.976,POST,/desembolsos,0,2463.2,2463.2,conexion: ClientConnectorError,dfdb098a-b839-4a76-afa6-985492b2c1a2,3,60
2026-09-24T07:05:13.042,POST,/desembolsos,0,2467.8,2467.4,conexion: ClientConnectorError,f13ddfe2-b981-4d8a-9c3d-3677405b6edd,1,60
2026-09-24T07:05:13.118,POST,/desembolsos,0,2476.9,2476.8,conexion: ClientConnectorError,fe95117e-2e44-4c0e-b6b5-8131a307d5b6,1,60
2026-09-24T07:05:13.118,POST,/desembolsos,0,2487.6,2487.4,conexion: ClientConnectorError,3124f656-7ef4-4152-8f7d-07099642f06d,3,60
2026-09-24T07:05:13.216,POST,/desembolsos,0,2446.1,2445.8,conexion: ClientConnectorError,4c317821-fd47-4be7-b14b-01d23b35a57c,1,60
2026-09-24T07:05:12.698,POST,/desembolsos,0,3019.5,3019.3,timeout,9863b829-ed7a-4b74-ae8b-8a56763ba759,3,60
2026-09-24T07:05:12.730,POST,/desembolsos,0,2987.4,2987.4,timeout,ef36fdf4-5f97-4c38-9895-c5efe7457dc9,1,60
2026-09-24T07:05:13.249,POST,/desembolsos,0,2512.1,2511.8,conexion: ClientConnectorError,32f2a0e6-8a2c-481d-8103-53b5a984b2cc,3,60
2026-09-24T07:05:13.348,POST,/desembolsos,0,2497.5,2497.1,conexion: ClientConnectorError,d92732fe-a7fc-41fa-8773-da19ee49ba38,1,60
2026-09-24T07:05:13.446,POST,/desembolsos,0,2438.7,2438.3,conexion: ClientConnectorError,c0f0a85c-bb1d-4358-9eb8-b1380551392f,1,60
2026-09-24T07:05:13.545,POST,/desembolsos,0,2441.0,2440.7,conexion: ClientConnectorError,89715579-5e08-4a9d-b36e-aa06d49a4dbc,1,60
2026-09-24T07:05:13.627,POST,/desembolsos,0,2474.1,2473.8,conexion: ClientConnectorError,5aa6c7be-466f-4c6e-adc5-9d189c144372,1,60
2026-09-24T07:05:13.739,POST,/desembolsos,0,2467.0,2466.8,conexion: ClientConnectorError,03d17b3a-ee53-4518-b172-6306b2a8d0c9,1,60
2026-09-24T07:05:13.249,POST,/desembolsos,0,2998.6,2998.5,timeout,ed1329ff-269a-4d86-af03-21df1a760a91,3,60
2026-09-24T07:05:13.819,POST,/desembolsos,0,2455.0,2454.6,conexion: ClientConnectorError,1cc77b96-8e6e-4f37-a8f7-12349fd66a89,1,60
2026-09-24T07:05:13.952,POST,/desembolsos,0,2500.4,2500.2,conexion: ClientConnectorError,fddd4491-bbbb-483f-af87-c17ceccafbcc,1,60
2026-09-24T07:05:14.050,POST,/desembolsos,0,2480.2,2479.8,conexion: ClientConnectorError,0a9c5fff-d909-4588-a9f6-6c0e9cd6e8ab,1,60
2026-09-24T07:05:14.148,POST,/desembolsos,0,2443.3,2443.0,conexion: ClientConnectorError,c5b0191c-afea-42bb-bc3b-b8479f8201c8,1,60
2026-09-24T07:05:14.209,POST,/desembolsos,0,2464.4,2464.2,conexion: ClientConnectorError,3f2287e0-4b52-45b4-b8c1-9e17001dc72b,2,60
2026-09-24T07:05:14.225,POST,/desembolsos,0,2461.1,2460.9,conexion: ClientConnectorError,f64b94b4-76d8-4b37-8d8c-d25671dacac3,1,60
2026-09-24T07:05:14.340,POST,/desembolsos,0,2452.1,2451.9,conexion: ClientConnectorError,a36771fb-961a-4d4c-af0c-dd65972ab5b3,1,60
2026-09-24T07:05:14.373,POST,/desembolsos,0,2462.6,2462.2,conexion: ClientConnectorError,13b39448-8f4f-4595-bf6f-4c2690a9e14c,2,60
2026-09-24T07:05:14.453,POST,/desembolsos,0,2495.4,2495.3,conexion: ClientConnectorError,4b027a29-a612-4758-b685-a6edf0ba92cc,2,60
2026-09-24T07:05:14.453,POST,/desembolsos,0,2496.2,2496.0,conexion: ClientConnectorError,6a2182c9-0629-4b1f-a273-88d3dc762e18,1,60
2026-09-24T07:05:14.548,POST,/desembolsos,0,2501.3,2501.1,conexion: ClientConnectorError,d00dfa73-4dd6-4e7a-8071-1ba9649248f0,1,60
2026-09-24T07:05:14.548,POST,/desembolsos,0,2500.9,2500.8,conexion: ClientConnectorError,d7520ba2-9f17-4592-9744-4759e404d668,2,60
2026-09-24T07:05:14.659,POST,/desembolsos,0,2457.1,2456.9,conexion: ClientConnectorError,fec917aa-aa4c-4333-a62b-1eb2af301536,1,60
2026-09-24T07:05:14.741,POST,/desembolsos,0,2445.9,2445.6,conexion: ClientConnectorError,e33c52c1-5aec-48a8-9653-ac4024945205,1,60
2026-09-24T07:05:14.758,POST,/desembolsos,0,2488.2,2487.8,conexion: ClientConnectorError,37cfbcb1-1d8f-4a50-b32f-a23362c3d857,2,60
2026-09-24T07:05:14.840,POST,/desembolsos,0,2456.1,2455.8,conexion: ClientConnectorError,61914ce2-7c10-4618-ab63-53058192c58e,1,60
2026-09-24T07:05:14.920,POST,/desembolsos,0,2468.4,2468.2,conexion: ClientConnectorError,4807924a-8790-455e-9366-08810fac8244,1,60
2026-09-24T07:05:14.949,POST,/desembolsos,0,2466.6,2466.3,conexion: ClientConnectorError,33ebffe6-124b-40fa-9531-c12ead45c06a,2,60
2026-09-24T07:05:14.984,POST,/desembolsos,0,2476.1,2475.1,conexion: ClientConnectorError,950796ee-c56c-4fa5-8be9-c66704683d41,2,60
2026-09-24T07:05:15.034,POST,/desembolsos,0,2460.6,2460.3,conexion: ClientConnectorError,ae7eb5d5-271a-4114-b1f6-4a5041ac128b,1,60
2026-09-24T07:05:15.083,POST,/desembolsos,0,2459.1,2459.0,conexion: ClientConnectorError,cf2e96bc-8bf8-4708-aef5-b6596fd64bf2,2,60
2026-09-24T07:05:15.181,POST,/desembolsos,0,2457.8,2457.4,conexion: ClientConnectorError,0618bbbe-230f-456f-ae78-40aec65da104,3,60
2026-09-24T07:05:15.131,POST,/desembolsos,0,2509.1,2508.7,conexion: ClientConnectorError,dd63fe0e-b45e-45af-a7d0-ed3388d406ec,1,60
2026-09-24T07:05:15.218,POST,/desembolsos,0,2440.6,2440.4,conexion: ClientConnectorError,978a0f2d-afb2-4508-8735-6e31e18dad96,2,60
2026-09-24T07:05:15.259,POST,/desembolsos,0,2447.5,2447.2,conexion: ClientConnectorError,66f1d698-0b69-4ab8-b05b-57f87284b6e4,1,60
2026-09-24T07:05:15.259,POST,/desembolsos,0,2446.7,2446.6,conexion: ClientConnectorError,1fc22ea1-3247-41a5-8a03-59c4fb8a49be,2,60
2026-09-24T07:05:15.341,POST,/desembolsos,0,2499.1,2498.7,conexion: ClientConnectorError,1524b3d1-0786-46c7-a662-2e55d3199d01,3,60
2026-09-24T07:05:15.325,POST,/desembolsos,0,2506.6,2506.3,conexion: ClientConnectorError,0548197c-5da7-41eb-886a-11c99980a6b6,1,60
2026-09-24T07:05:15.406,POST,/desembolsos,0,2476.5,2476.1,conexion: ClientConnectorError,ada48c7f-cf09-4899-9cb1-9205d35e2d61,2,60
2026-09-24T07:05:15.438,POST,/desembolsos,0,2443.1,2443.0,conexion: ClientConnectorError,ffab664f-d9e2-487c-ade9-1e06008ae9b3,1,60
2026-09-24T07:05:15.553,POST,/desembolsos,0,2452.5,2452.1,conexion: ClientConnectorError,b65b6102-8acf-4d90-993e-4097032580a3,1,60
2026-09-24T07:05:15.603,POST,/desembolsos,0,2468.9,2468.3,conexion: ClientConnectorError,0d3850f8-a9fe-4f55-80eb-4cef3c9be039,1,60
2026-09-24T07:05:18.038,POST,/desembolsos,201,239.4,94.0,,d7520ba2-9f17-4592-9744-4759e404d668,3,60
2026-09-24T07:05:15.717,POST,/desembolsos,201,2590.1,2452.1,,799945d5-1e45-4568-bd7e-33453e67b73e,2,60
2026-09-24T07:05:16.310,POST,/desembolsos,201,1997.9,1859.3,,32a04714-ad1c-4ee6-9a03-c829bc764eb6,2,60
2026-09-24T07:05:18.038,POST,/desembolsos,201,270.1,94.3,,d00dfa73-4dd6-4e7a-8071-1ba9649248f0,2,60
2026-09-24T07:05:16.884,POST,/desembolsos,201,1424.5,1268.1,,c0f0a85c-bb1d-4358-9eb8-b1380551392f,2,60
2026-09-24T07:05:17.458,POST,/desembolsos,201,849.5,684.2,,fddd4491-bbbb-483f-af87-c17ceccafbcc,2,60
2026-09-24T07:05:18.130,POST,/desembolsos,201,198.9,90.0,,fec917aa-aa4c-4333-a62b-1eb2af301536,2,60
2026-09-24T07:05:16.343,POST,/desembolsos,201,1987.7,1889.7,,fa932b84-995d-4278-83d4-a66edfd28b46,1,60
2026-09-24T07:05:15.749,POST,/desembolsos,201,2585.1,2483.5,,a83127d1-8c7d-4333-88da-4fbbbc006d84,1,60
2026-09-24T07:05:17.524,POST,/desembolsos,201,813.0,696.0,,0a9c5fff-d909-4588-a9f6-6c0e9cd6e8ab,2,60
2026-09-24T07:05:16.982,POST,/desembolsos,201,1359.8,1268.9,,89715579-5e08-4a9d-b36e-aa06d49a4dbc,2,60
2026-09-24T07:05:18.169,POST,/desembolsos,201,176.1,82.7,,e33c52c1-5aec-48a8-9653-ac4024945205,2,60
2026-09-24T07:05:15.803,POST,/desembolsos,201,2542.1,2448.4,,0c6e3ca7-5fae-4b8d-9cb1-b149f0ddca5c,2,60
2026-09-24T07:05:17.637,POST,/desembolsos,201,821.8,682.4,,2abd4a8f-0536-4787-8fd7-67e8bb9a02ff,1,60
2026-09-24T07:05:17.588,POST,/desembolsos,201,873.6,734.3,,c5b0191c-afea-42bb-bc3b-b8479f8201c8,2,60
2026-09-24T07:05:16.409,POST,/desembolsos,201,2052.8,1913.3,,9f257638-cb26-4fef-a782-851503200dde,2,60
2026-09-24T07:05:18.249,POST,/desembolsos,201,212.4,85.3,,37cfbcb1-1d8f-4a50-b32f-a23362c3d857,3,60
2026-09-24T07:05:15.835,POST,/desembolsos,201,2626.7,2487.0,,d76c6c2c-1fc9-412a-a60d-10f7cf134d69,1,60
2026-09-24T07:05:17.670,POST,/desembolsos,201,791.7,677.4,,3f2287e0-4b52-45b4-b8c1-9e17001dc72b,3,60
2026-09-24T07:05:18.266,POST,/desembolsos,201,184.1,83.4,,dc230116-46b7-4d6c-96c4-a985dfafa4d3,1,60
2026-09-24T07:05:16.491,POST,/desembolsos,201,1971.0,1856.7,,f13ddfe2-b981-4d8a-9c3d-3677405b6edd,2,60
2026-09-24T07:05:16.442,POST,/desembolsos,201,2010.2,1896.1,,789f8727-6932-41a1-8a36-e14ad666c074,1,60
2026-09-24T07:05:15.920,POST,/desembolsos,201,2543.8,2443.8,,74cae7c1-33fd-4765-a945-685120c7b4f2,2,60
2026-09-24T07:05:17.671,POST,/desembolsos,201,793.0,683.0,,f64b94b4-76d8-4b37-8d8c-d25671dacac3,2,60
2026-09-24T07:05:18.299,POST,/desembolsos,201,178.0,86.7,,61914ce2-7c10-4618-ab63-53058192c58e,2,60
2026-09-24T07:05:15.921,POST,/desembolsos,201,2618.5,2489.4,,d8ca4b51-608f-47c4-a21d-1ad8eaf870ce,1,60
2026-09-24T07:05:16.524,POST,/desembolsos,201,2026.4,1931.6,,0f06f822-b4fa-42c2-bea7-a64aaf20acdd,1,60
2026-09-24T07:05:18.384,POST,/desembolsos,201,171.9,84.5,,a994681b-ac37-470b-82dc-26e19a131e26,1,60
2026-09-24T07:05:17.115,POST,/desembolsos,201,1442.3,1347.2,,5aa6c7be-466f-4c6e-adc5-9d189c144372,2,60
2026-09-24T07:05:18.384,POST,/desembolsos,201,171.4,83.6,,33ebffe6-124b-40fa-9531-c12ead45c06a,3,60
2026-09-24T07:05:18.384,POST,/desembolsos,201,172.4,84.0,,4807924a-8790-455e-9366-08810fac8244,2,60
2026-09-24T07:05:16.672,POST,/desembolsos,201,1990.8,1864.7,,4c317821-fd47-4be7-b14b-01d23b35a57c,2,60
2026-09-24T07:05:16.590,POST,/desembolsos,201,2077.8,1945.7,,fe95117e-2e44-4c0e-b6b5-8131a307d5b6,2,60
2026-09-24T07:05:18.492,POST,/desembolsos,201,212.1,89.4,,ae7eb5d5-271a-4114-b1f6-4a5041ac128b,2,60
2026-09-24T07:05:18.459,POST,/desembolsos,201,243.2,84.4,,950796ee-c56c-4fa5-8be9-c66704683d41,3,60
2026-09-24T07:05:16.050,POST,/desembolsos,201,2653.6,2485.9,,aa4e7c07-8a73-4d6c-ac9c-78ce0e1d46d7,2,60
2026-09-24T07:05:16.639,POST,/desembolsos,201,2064.6,1897.2,,542e0bbd-16b1-4878-a9fb-828cf5d9f719,1,60
2026-09-24T07:05:18.459,POST,/desembolsos,201,242.6,83.7,,8d73a2c3-4e3b-4725-9151-98ea99381278,1,60
2026-09-24T07:05:16.000,POST,/desembolsos,201,2703.8,2537.0,,c7aa881a-ad7a-47fe-a6b1-aad2a8129884,2,60
2026-09-24T07:05:16.100,POST,/desembolsos,201,2604.2,2481.9,,e8dd4d93-70a2-4a16-aee1-2675dfabb439,2,60
2026-09-24T07:05:16.050,POST,/desembolsos,201,2654.4,2487.7,,4f0b1b39-6cf5-4f13-9db4-8c3c1a0fda86,1,60
2026-09-24T07:05:17.814,POST,/desembolsos,201,889.7,722.8,,a36771fb-961a-4d4c-af0c-dd65972ab5b3,2,60
2026-09-24T07:05:17.862,POST,/desembolsos,201,842.1,681.4,,13b39448-8f4f-4595-bf6f-4c2690a9e14c,3,60
2026-09-24T07:05:17.263,POST,/desembolsos,201,1441.5,1281.0,,1cc77b96-8e6e-4f37-a8f7-12349fd66a89,2,60
2026-09-24T07:05:17.197,POST,/desembolsos,201,1507.2,1340.0,,03d17b3a-ee53-4518-b172-6306b2a8d0c9,2,60
2026-09-24T07:05:17.831,POST,/desembolsos,201,864.1,697.0,,aaf7e085-17a4-401a-aca4-1c5bf0a6d276,1,60
2026-09-24T07:05:16.132,POST,/desembolsos,201,2572.9,2449.0,,74e54f7f-9dcb-4f4f-92a4-92657c21b731,1,60
2026-09-24T07:05:16.132,POST,/desembolsos,201,2571.9,2448.3,,241a6b31-b57e-46da-a968-4a5ccec2c5b3,2,60
2026-09-24T07:05:17.943,POST,/desembolsos,201,814.4,718.6,,6a2182c9-0629-4b1f-a273-88d3dc762e18,2,60
2026-09-24T07:05:17.943,POST,/desembolsos,201,814.0,718.1,,4b027a29-a612-4758-b685-a6edf0ba92cc,3,60
2026-09-24T07:05:16.737,POST,/desembolsos,201,2020.3,1923.9,,ef36fdf4-5f97-4c38-9895-c5efe7457dc9,2,60
2026-09-24T07:05:18.541,POST,/desembolsos,201,220.4,118.4,,cf2e96bc-8bf8-4708-aef5-b6596fd64bf2,3,60
2026-09-24T07:05:18.573,POST,/desembolsos,201,183.1,82.0,,62fc3994-e94f-4e26-b7b2-5c2a2263b6ee,1,60
2026-09-24T07:05:16.834,POST,/desembolsos,201,1977.4,1873.8,,d92732fe-a7fc-41fa-8773-da19ee49ba38,2,60
2026-09-24T07:05:18.639,POST,/desembolsos,201,173.9,85.9,,978a0f2d-afb2-4508-8735-6e31e18dad96,3,60
2026-09-24T07:05:16.247,POST,/desembolsos,201,2566.5,2457.3,,d118c45f-ea3e-4c51-a4df-6a5ec9f8f45c,1,60
2026-09-24T07:05:18.639,POST,/desembolsos,201,193.9,87.0,,dd63fe0e-b45e-45af-a7d0-ed3388d406ec,2,60
2026-09-24T07:05:18.662,POST,/desembolsos,201,173.2,84.3,,da9f66ed-d889-4751-bfd8-cfb7d349e5e6,1,60
2026-09-24T07:05:18.703,POST,/desembolsos,201,190.0,97.9,,66f1d698-0b69-4ab8-b05b-57f87284b6e4,2,60
2026-09-24T07:05:18.702,POST,/desembolsos,201,192.3,100.4,,1fc22ea1-3247-41a5-8a03-59c4fb8a49be,3,60
2026-09-24T07:05:18.785,POST,/desembolsos,201,187.3,91.7,,1e8db218-9b90-40e9-a92d-2bd90dd41ca5,1,60
2026-09-24T07:05:18.827,POST,/desembolsos,201,176.6,83.9,,0548197c-5da7-41eb-886a-11c99980a6b6,2,60
2026-09-24T07:05:18.867,POST,/desembolsos,201,183.8,87.0,,57eade8f-7d51-452d-8af0-e416f2ed5c25,1,60
2026-09-24T07:05:18.893,POST,/desembolsos,201,174.4,85.1,,ffab664f-d9e2-487c-ade9-1e06008ae9b3,2,60
2026-09-24T07:05:18.893,POST,/desembolsos,201,185.5,84.7,,ada48c7f-cf09-4899-9cb1-9205d35e2d61,3,60
2026-09-24T07:05:18.968,POST,/desembolsos,201,185.8,88.9,,f41d91aa-27a4-446f-bf74-9c68a77ca831,1,60
2026-09-24T07:05:19.018,POST,/desembolsos,201,220.9,90.6,,b65b6102-8acf-4d90-993e-4097032580a3,2,60
2026-09-24T07:05:19.067,POST,/desembolsos,201,174.8,83.5,,7c9bd14f-8458-4b22-924c-dc33a9af3df5,1,60
2026-09-24T07:05:19.099,POST,/desembolsos,201,180.7,88.4,,0d3850f8-a9fe-4f55-80eb-4cef3c9be039,2,60
2026-09-24T07:05:19.147,POST,/desembolsos,201,184.3,88.2,,8b421373-fdea-44a7-9c65-205a1207862e,1,60
2026-09-24T07:05:19.262,POST,/desembolsos,201,170.7,83.0,,1215a870-3d47-4032-9320-cd397395eafa,1,60
2026-09-24T07:05:19.376,POST,/desembolsos,201,175.8,83.6,,73b9f526-4b4d-4465-be4f-10271649abd0,1,60
2026-09-24T07:05:19.459,POST,/desembolsos,201,189.2,92.7,,8749b3fa-3c92-48c2-be64-33cd859361de,1,60
2026-09-24T07:05:19.598,POST,/desembolsos,201,172.6,84.7,,2b429a2f-783d-4131-be50-7c3944280efc,1,60
2026-09-24T07:05:19.678,POST,/desembolsos,201,182.8,90.2,,34c58b72-819c-4ab2-acf9-0e00416c4256,1,60
2026-09-24T07:05:19.790,POST,/desembolsos,201,199.9,84.1,,19f12061-3f93-4ba6-99b9-a2994c14721c,1,60
2026-09-24T07:05:19.873,POST,/desembolsos,201,201.6,108.6,,3f706c64-1600-4558-a628-4b4597ab655d,1,60
2026-09-24T07:05:19.986,POST,/desembolsos,201,178.9,86.7,,846de941-a9e2-4ec8-82c6-3f35cd82a2cb,1,60
2026-09-24T07:05:20.076,POST,/desembolsos,201,185.6,86.1,,29b0d3b6-208f-469d-a81d-28800cf5dc53,1,60
2026-09-24T07:05:20.168,POST,/desembolsos,201,201.9,93.0,,80346fbe-1eb5-4fd0-9092-a9af7e5d190c,1,60
2026-09-24T07:05:20.288,POST,/desembolsos,201,220.9,128.7,,d353cd75-762b-4534-a5de-845b54330bd2,1,60
2026-09-24T07:05:20.371,POST,/desembolsos,201,245.1,124.3,,186db7e6-0ffa-410d-910c-bd59c6c0c67c,1,60
2026-09-24T07:05:20.478,POST,/desembolsos,201,180.9,89.4,,33910e9b-533a-4151-bd69-5d290b488239,1,60
2026-09-24T07:05:20.577,POST,/desembolsos,201,339.4,95.7,,cd901eee-8212-4f55-91a0-0666a00aac73,1,60
2026-09-24T07:05:20.766,POST,/desembolsos,201,248.7,150.1,,db4efc53-e9cb-4f4f-b7f6-3e66663b60e2,1,60
2026-09-24T07:05:20.667,POST,/desembolsos,201,342.8,244.4,,2e05fa21-59ca-466d-b574-546c5a3eab6e,1,60
2026-09-24T07:05:20.897,POST,/desembolsos,201,180.7,92.4,,2b1644bf-907c-49f7-add5-43330fe2d38f,1,60
2026-09-24T07:05:20.976,POST,/desembolsos,201,175.0,86.5,,3293a066-f83e-4206-a26b-db13adf1ed5a,1,60
2026-09-24T07:05:21.076,POST,/desembolsos,201,171.4,83.6,,9d96c3d6-9cfb-411d-b450-f2ba0fea5636,1,60
2026-09-24T07:05:21.161,POST,/desembolsos,201,170.9,81.8,,469cf7fe-02a1-493f-800b-a996c3b3913d,1,60
2026-09-24T07:05:21.285,POST,/desembolsos,201,175.7,86.8,,bbd5051c-a86c-4018-a262-3aa35f923b06,1,60
2026-09-24T07:05:21.370,POST,/desembolsos,201,172.4,82.9,,30496ada-04a3-415a-ae22-5ffaa1fb578d,1,60
2026-09-24T07:05:21.460,POST,/desembolsos,201,171.8,83.4,,968a28db-d8b6-41cf-9579-02d66e0e182c,1,60
2026-09-24T07:05:21.579,POST,/desembolsos,201,200.3,112.5,,da4f87df-6e7f-4bc2-b058-9ce017e73d4a,1,60
2026-09-24T07:05:21.673,POST,/desembolsos,201,191.4,96.3,,4935d4fd-d670-4e24-9ac4-df83c657c527,1,60
2026-09-24T07:05:21.769,POST,/desembolsos,201,182.5,83.8,,fa46b20e-7ad3-497e-a72a-7df839544297,1,60
2026-09-24T07:05:21.865,POST,/desembolsos,201,171.7,82.6,,abd8ebcc-3199-4e6a-92cb-56260eff642e,1,60
2026-09-24T07:05:21.982,POST,/desembolsos,201,176.3,84.4,,772b861d-fee0-4b17-9638-c7006d5dc39e,1,60
2026-09-24T07:05:22.066,POST,/desembolsos,201,183.3,87.6,,e41a709f-6522-483c-a665-5b5fbe9e1200,1,60
2026-09-24T07:05:22.184,POST,/desembolsos,201,218.7,85.2,,bba40e3c-1110-44a4-87ed-8dcd1c6e514a,1,60
2026-09-24T07:05:22.265,POST,/desembolsos,201,223.8,89.3,,f7d1d069-5e24-47f5-bdc5-f5c8d7602a49,1,60
2026-09-24T07:05:22.382,POST,/desembolsos,201,193.2,97.8,,ae73c5b6-c7d1-4d77-9e6f-9c914d543bcf,1,60
2026-09-24T07:05:22.464,POST,/desembolsos,201,179.8,90.7,,2e543069-7716-4ae7-8bb4-44ad6f58ac7b,1,60
2026-09-24T07:05:22.560,POST,/desembolsos,201,179.7,89.3,,8dc6c585-ba7a-4c0d-a0cc-7d139b6fd665,1,60
2026-09-24T07:05:22.686,POST,/desembolsos,201,175.1,83.8,,c7612836-3c4a-4a67-8b9c-4dad2f7ecb5d,1,60
2026-09-24T07:05:22.768,POST,/desembolsos,201,194.0,90.0,,afa40283-35d3-4182-beed-835fd50e8d65,1,60
2026-09-24T07:05:22.890,POST,/desembolsos,201,170.3,81.7,,04d1a0a5-db61-4312-a3e5-3d2d7a3098f9,1,60
2026-09-24T07:05:22.964,POST,/desembolsos,201,174.9,83.4,,edf6797a-5207-48ef-8f31-ef43a6dbb58b,1,60
2026-09-24T07:05:23.081,POST,/desembolsos,201,178.1,83.9,,d0545ad8-5c80-4f36-9434-85f31f0cbbc1,1,60
2026-09-24T07:05:23.163,POST,/desembolsos,201,185.5,88.7,,a32ad332-96ff-4f36-88ec-c3a346ad54d4,1,60
2026-09-24T07:05:23.258,POST,/desembolsos,201,188.5,98.3,,db4e56fc-d3a3-431e-a3ef-e244b3371e06,1,60
2026-09-24T07:05:23.375,POST,/desembolsos,201,182.8,87.5,,6e090aab-3339-4c1d-b7c6-016a8129321c,1,60
2026-09-24T07:05:23.488,POST,/desembolsos,201,212.2,122.3,,50df91ec-745b-4e7c-897b-47608a00a667,1,60
2026-09-24T07:05:23.555,POST,/desembolsos,201,212.2,125.3,,928205f6-570c-47fe-8ac2-fec6900f5f73,1,60
2026-09-24T07:05:23.679,POST,/desembolsos,201,194.9,85.8,,95cb6901-6ea7-4fb8-aa88-0a4eab2b8714,1,60
2026-09-24T07:05:23.765,POST,/desembolsos,201,209.6,104.9,,f9675eba-2836-4626-9155-977ef87a281e,1,60
2026-09-24T07:05:23.865,POST,/desembolsos,201,177.9,84.1,,ef7bd360-3147-47de-b262-fb717e263492,1,60
2026-09-24T07:05:23.996,POST,/desembolsos,201,175.8,83.6,,ccace3d4-7ee8-48ff-a420-99db8d999602,1,60
2026-09-24T07:05:24.077,POST,/desembolsos,201,183.9,89.6,,9a298198-9222-47bd-9f88-8b302a03047b,1,60
2026-09-24T07:05:24.166,POST,/desembolsos,201,181.9,93.9,,7fe1d49e-3f05-441f-9118-c2edb6130a42,1,60
2026-09-24T07:05:24.259,POST,/desembolsos,201,173.3,83.7,,a74a395a-4f6f-4a3e-b5de-59bbfd7c3486,1,60
2026-09-24T07:05:24.382,POST,/desembolsos,201,173.9,83.8,,82385cf5-e159-4fab-955f-b639e6198433,1,60
2026-09-24T07:05:24.465,POST,/desembolsos,201,173.3,84.5,,9fe69906-659a-49e4-800f-3f1fa4b56ca8,1,60
2026-09-24T07:05:24.556,POST,/desembolsos,201,173.8,82.7,,042d2af6-cd5c-45ec-b317-1766c559d5a3,1,60
2026-09-24T07:05:24.663,POST,/desembolsos,201,178.7,88.3,,4c2e2371-a1f8-489e-be7d-020320b7bab7,1,60
2026-09-24T07:05:24.786,POST,/desembolsos,201,190.1,94.4,,60078015-46c3-4350-a318-4ccecaa8b31d,1,60
2026-09-24T07:05:24.879,POST,/desembolsos,201,173.2,84.1,,9f7ab5c1-ea9f-4f71-94f2-86d73e894e19,1,60
2026-09-24T07:05:24.960,POST,/desembolsos,201,176.5,84.4,,ad3b7c6f-8fac-4eb2-a8ed-7e80de353779,1,60
2026-09-24T07:05:25.070,POST,/desembolsos,201,178.9,85.5,,b5445e40-9801-4318-bfbd-0bcd22cc1e9b,1,60
2026-09-24T07:05:25.180,POST,/desembolsos,201,171.6,83.5,,7ba2d243-bcbd-4d84-8ea9-460c9794c530,1,60
2026-09-24T07:05:25.279,POST,/desembolsos,201,174.0,84.3,,5a8aa343-b72c-4cd1-a816-1bd2d7b3ea70,1,60
2026-09-24T07:05:25.363,POST,/desembolsos,201,179.0,90.5,,280e4245-bd84-4d0f-93f6-f85ed9f57965,1,60
2026-09-24T07:05:25.488,POST,/desembolsos,201,172.5,81.9,,d96c698c-7a67-4f17-977d-ea1402471ef4,1,60
2026-09-24T07:05:25.568,POST,/desembolsos,201,174.1,83.4,,d47b4298-b1c7-442c-813a-40db885538da,1,60
2026-09-24T07:05:25.682,POST,/desembolsos,201,173.2,84.0,,8329dc13-4308-46fb-a9f7-1aac427e33b4,1,60
2026-09-24T07:05:25.764,POST,/desembolsos,201,170.4,82.3,,7470be80-4afc-4635-b46f-5a6c84cfbcbd,1,60
2026-09-24T07:05:25.868,POST,/desembolsos,201,186.9,87.9,,4beece38-ce46-4816-9a34-520ca2a2b01b,1,60
2026-09-24T07:05:25.991,POST,/desembolsos,201,185.7,87.9,,5792d62e-fa9d-4596-8b66-2b763405c7c9,1,60
2026-09-24T07:05:26.071,POST,/desembolsos,201,188.5,99.0,,2d30a565-d5ce-4386-a235-60a28a912c84,1,60
2026-09-24T07:05:26.167,POST,/desembolsos,201,187.2,85.2,,7f471a46-ab6b-4111-8e9b-72db6e59a256,1,60
2026-09-24T07:05:26.294,POST,/desembolsos,201,176.9,84.8,,d5f3cb0f-a08d-4615-b78f-61be000563f2,1,60
2026-09-24T07:05:26.379,POST,/desembolsos,201,174.7,86.3,,73ffbe2e-b57a-4a6a-83a0-5db6001d28f9,1,60
2026-09-24T07:05:26.465,POST,/desembolsos,201,175.7,84.0,,4ea8860b-7963-45e4-a5d2-57749b0848a8,1,60
2026-09-24T07:05:26.593,POST,/desembolsos,201,216.4,88.3,,ab471ca3-c77a-4ab1-86c6-8e346a280b00,1,60
2026-09-24T07:05:26.673,POST,/desembolsos,201,212.4,83.8,,ddd21130-1266-49fe-b31f-ba386ee2a684,1,60
2026-09-24T07:05:26.788,POST,/desembolsos,201,185.5,97.0,,80472c90-7dbd-4bc3-8a6c-433e44b705ec,1,60
2026-09-24T07:05:26.876,POST,/desembolsos,201,171.1,82.7,,fdc0484a-0fe4-41d5-88f9-84aef9433a65,1,60
2026-09-24T07:05:26.970,POST,/desembolsos,201,178.4,84.4,,837aeec2-874c-4dca-904a-f72e9b7a7791,1,60
2026-09-24T07:05:27.086,POST,/desembolsos,201,173.8,83.1,,5f83529d-3f7d-44d2-bc96-5f47f469e10b,1,60
2026-09-24T07:05:27.196,POST,/desembolsos,201,173.7,85.4,,7646abdc-527a-4b9e-8293-7f090358e172,1,60
2026-09-24T07:05:27.279,POST,/desembolsos,201,172.0,81.8,,5af6f5a3-b0ba-4737-9e3f-e3432165c425,1,60
2026-09-24T07:05:27.370,POST,/desembolsos,201,177.0,82.9,,9683f569-2f4f-4e93-add4-ef8cf57ec7fe,1,60
2026-09-24T07:05:27.496,POST,/desembolsos,201,171.7,82.0,,28373134-e72b-4965-9535-10848a5c5ae5,1,60
2026-09-24T07:05:27.577,POST,/desembolsos,201,177.8,84.8,,05519b0d-5739-4e75-a10c-28dd7985a9bb,1,60
2026-09-24T07:05:27.700,POST,/desembolsos,201,176.6,88.5,,d784fb97-a8f8-46ef-ac68-c29954819431,1,60
2026-09-24T07:05:27.784,POST,/desembolsos,201,179.5,87.3,,045c86a3-1080-4746-99d3-712b9ce37613,1,60
2026-09-24T07:05:27.871,POST,/desembolsos,201,186.6,82.3,,5e914e41-4b2f-4974-bc70-1abb76ce50ba,1,60
2026-09-24T07:05:27.964,POST,/desembolsos,201,186.0,93.9,,dbd9181a-c0f9-49c7-870f-068e49b217ab,1,60
2026-09-24T07:05:28.077,POST,/desembolsos,201,191.3,95.7,,f02c19ec-a3dc-4409-96b4-4f8fca17e2d6,1,60
2026-09-24T07:05:28.171,POST,/desembolsos,201,179.8,91.4,,d2f422c5-423b-477f-8ab4-37936f4e9ab8,1,60
2026-09-24T07:05:28.263,POST,/desembolsos,201,170.4,82.8,,38cfbd34-0039-4260-836f-0b5c555ae734,1,60
2026-09-24T07:05:28.381,POST,/desembolsos,201,195.0,97.1,,b9f0c3bd-e45d-4e4f-8cef-cccbf004b6dc,1,60
2026-09-24T07:05:28.478,POST,/desembolsos,201,181.1,93.2,,dc2c5e53-1a01-4d45-8ceb-3994fb492de0,1,60
2026-09-24T07:05:28.570,POST,/desembolsos,201,170.8,82.4,,5b8a4ea8-33b0-4696-9b96-29040ac076f6,1,60
2026-09-24T07:05:28.684,POST,/desembolsos,201,178.3,87.8,,4ee68632-1a2f-45cd-9dde-98d8ce251ce4,1,60
2026-09-24T07:05:28.794,POST,/desembolsos,201,173.0,82.8,,96660238-e7b1-49e1-a412-ba87eb095ba8,1,60
2026-09-24T07:05:28.853,POST,/desembolsos,201,173.0,83.2,,1a399c4c-22b8-4228-bad8-7c614886d212,1,60
2026-09-24T07:05:28.961,POST,/desembolsos,201,181.1,84.3,,192b53e0-efb7-4e8d-8155-bcbd4261009f,1,60
2026-09-24T07:05:29.094,POST,/desembolsos,201,199.8,89.2,,ecedbed9-4c1e-479c-a12b-af13cfc078fb,1,60
2026-09-24T07:05:29.175,POST,/desembolsos,201,203.9,116.1,,a0cb5cc8-1fd7-4a7c-9f81-51debf58eb29,1,60
2026-09-24T07:05:29.284,POST,/desembolsos,201,209.0,90.3,,0e531ac8-f04a-41b1-87f0-2abca1c02276,1,60
2026-09-24T07:05:29.374,POST,/desembolsos,201,220.5,108.1,,e4b87b53-7fc6-43c2-afdb-c950ee9041e2,1,60
2026-09-24T07:05:29.473,POST,/desembolsos,201,176.7,87.2,,08615f9c-5239-4d42-a396-bc023887003f,1,60
2026-09-24T07:05:29.593,POST,/desembolsos,201,198.6,96.4,,6af922cb-bce1-4cba-950c-551fe330f239,1,60
2026-09-24T07:05:29.674,POST,/desembolsos,201,199.6,103.1,,09702857-2bc7-45e3-b089-6cc2a7ce3c75,1,60
2026-09-24T07:05:29.783,POST,/desembolsos,201,189.7,93.7,,2012ab3d-c6fb-4e80-b14e-1e9503b6c515,1,60
2026-09-24T07:05:29.876,POST,/desembolsos,201,180.8,81.7,,0191fd8a-09b2-451e-bb7d-1acc4bd4ce43,1,60
2026-09-24T07:05:29.972,POST,/desembolsos,201,175.2,84.7,,6037629d-0be6-485b-94a2-cf46bbc7f7be,1,60
2026-09-24T07:05:30.091,POST,/desembolsos,201,261.9,173.5,,8ca228d2-6dd6-4e47-9a62-ee5167836d3a,1,60
2026-09-24T07:05:30.176,POST,/desembolsos,201,187.6,89.8,,06819aff-d26e-448c-aebe-df39616c1bf6,1,60
2026-09-24T07:05:30.285,POST,/desembolsos,201,173.3,87.1,,b52f498f-97e7-41db-92db-753b66a855ec,1,60
2026-09-24T07:05:30.371,POST,/desembolsos,201,231.5,84.1,,a1d7d911-e731-4dbd-935c-af6940189115,1,60
2026-09-24T07:05:30.458,POST,/desembolsos,201,240.4,145.1,,cc3c3b7d-0d51-4315-a04c-d8118cdefe4d,1,60
2026-09-24T07:05:30.585,POST,/desembolsos,201,194.6,104.3,,63d06266-0146-4c08-8cf2-4aa01877e13d,1,60
2026-09-24T07:05:30.682,POST,/desembolsos,201,189.4,85.9,,634daa78-52f8-42c7-b03a-661016bc4ff1,1,60
2026-09-24T07:05:30.799,POST,/desembolsos,201,177.0,82.3,,c36a168c-200c-4c0a-8aed-9114d7204577,1,60
2026-09-24T07:05:30.872,POST,/desembolsos,201,177.9,85.3,,93ac9be2-4778-45f5-8779-997e9244469d,1,60
2026-09-24T07:05:30.976,POST,/desembolsos,201,180.8,91.5,,a4c64cc7-5c56-4655-a3cf-0fcb23668938,1,60
2026-09-24T07:05:31.091,POST,/desembolsos,201,210.3,93.2,,84374b9c-e850-4d78-b7b4-bd00547dba44,1,60
2026-09-24T07:05:31.149,POST,/desembolsos,201,172.4,82.6,,89aa3d14-a812-48c0-be73-2fcd0d44f660,1,60
2026-09-24T07:05:31.267,POST,/desembolsos,201,217.4,117.0,,5081a73c-3297-4e0b-92dc-62b753a0106a,1,60
2026-09-24T07:05:31.383,POST,/desembolsos,201,182.0,92.5,,bbc12486-543d-418d-89f6-bbc9f9a7b769,1,60
2026-09-24T07:05:31.468,POST,/desembolsos,201,178.3,82.9,,0d29cf4e-4c98-4111-9e92-f7efbf4e95c8,1,60
2026-09-24T07:05:31.594,POST,/desembolsos,201,174.5,85.0,,ab31f49c-63bf-4a53-a572-b01a952cb1a5,1,60
2026-09-24T07:05:31.645,POST,/desembolsos,201,199.3,82.4,,5b30f643-94c9-44df-a7b9-9d2b94ee0cea,1,60
2026-09-24T07:05:31.768,POST,/desembolsos,201,177.6,83.9,,a254b1a1-574c-4315-8b78-2d9d89e21c5e,1,60
2026-09-24T07:05:31.851,POST,/desembolsos,201,178.9,88.3,,cd41adfd-8f73-4eb0-bd34-499b0e037d60,1,60
2026-09-24T07:05:31.977,POST,/desembolsos,201,178.1,82.9,,a8002c7f-52a4-4ff7-9da7-8fe90571230f,1,60
2026-09-24T07:05:32.059,POST,/desembolsos,201,179.7,90.3,,b7f511e5-77bd-469b-83b4-47d834b899c5,1,60
2026-09-24T07:05:32.178,POST,/desembolsos,201,177.1,86.7,,947f1b41-66c7-4a76-8208-f114104188a7,1,60
2026-09-24T07:05:32.260,POST,/desembolsos,201,188.1,91.4,,e947ca1f-62f7-4f1e-964d-52faacd0010a,1,60
2026-09-24T07:05:32.352,POST,/desembolsos,201,223.6,92.8,,f534a5d9-78f6-415d-ba5d-7d9aea87d3e3,1,60
2026-09-24T07:05:32.486,POST,/desembolsos,201,185.4,92.8,,3b2dd948-5d4d-4258-b84e-6d97719e5043,1,60
2026-09-24T07:05:32.576,POST,/desembolsos,201,175.6,86.6,,135f89f4-ce18-4b5e-b6c5-0425aaceba66,1,60
2026-09-24T07:05:32.691,POST,/desembolsos,201,186.6,89.1,,c05bd80e-c86e-4a06-866d-aeb6248bca38,1,60
2026-09-24T07:05:32.767,POST,/desembolsos,201,176.2,85.2,,cd1634a8-0f59-4258-a4db-fd9efd68b324,1,60
2026-09-24T07:05:32.864,POST,/desembolsos,201,178.9,86.0,,1ac50775-76c3-45f7-b70d-71d85712a175,1,60
2026-09-24T07:05:32.989,POST,/desembolsos,201,181.8,83.7,,58302bc9-5b39-40f6-9536-5e36c26df957,1,60
2026-09-24T07:05:33.072,POST,/desembolsos,201,188.8,98.4,,fbd41f24-b340-41a5-be6f-cec006129bb6,1,60
2026-09-24T07:05:33.169,POST,/desembolsos,201,171.8,82.4,,db7565ea-d51e-4a48-b75a-c56dc6d10c1b,1,60
2026-09-24T07:05:33.260,POST,/desembolsos,201,171.9,83.1,,f056f6bf-ac43-4ebb-a79b-5863bb5889d7,1,60
2026-09-24T07:05:33.385,POST,/desembolsos,201,181.8,92.6,,7bb87ca2-f843-41a7-b700-82985156d9bd,1,60
2026-09-24T07:05:33.476,POST,/desembolsos,201,173.0,84.3,,66c9485f-d4d5-49ba-af81-bc5b90bf712a,1,60
2026-09-24T07:05:33.560,POST,/desembolsos,201,173.7,85.3,,05ddfea6-2867-4d2e-b484-37bc92dcf30e,1,60
2026-09-24T07:05:33.685,POST,/desembolsos,201,202.7,112.5,,6b52d7fb-4756-4769-a703-77160f669964,1,60
2026-09-24T07:05:33.792,POST,/desembolsos,201,175.1,85.4,,df484869-9f07-485e-a1e5-469043ffd678,1,60
2026-09-24T07:05:33.876,POST,/desembolsos,201,173.3,84.6,,a3ed40d9-54b7-44e7-a439-1b8a01f5a715,1,60
2026-09-24T07:05:33.987,POST,/desembolsos,201,169.8,83.0,,359c76fc-50f7-4341-afbc-111afa980354,1,60
2026-09-24T07:05:34.069,POST,/desembolsos,201,169.1,82.2,,a56b71fa-9c7b-4b4e-8130-8f50ac4d34e3,1,60
2026-09-24T07:05:34.187,POST,/desembolsos,201,173.7,85.3,,8c6b3b74-1b41-4727-8106-5a59f19f2f30,1,60
2026-09-24T07:05:34.286,POST,/desembolsos,201,177.2,86.4,,a18a1fa6-88d0-43b3-9fd3-4e263a23e436,1,60
2026-09-24T07:05:34.371,POST,/desembolsos,201,176.1,82.8,,f90e87c8-1c0e-4049-86d2-9367fe298947,1,60
2026-09-24T07:05:34.463,POST,/desembolsos,201,173.3,85.0,,ea16c0a7-747b-43ea-a5d8-9d00d140bb47,1,60
2026-09-24T07:05:34.594,POST,/desembolsos,201,182.9,92.7,,58e3a182-19a5-4164-9622-f74ddb819949,1,60
2026-09-24T07:05:34.686,POST,/desembolsos,201,215.6,84.0,,f1f15c76-e2da-46d1-8b88-8ee28586db10,1,60
2026-09-24T07:05:34.755,POST,/desembolsos,201,216.1,83.9,,47dbc5ac-a07a-4616-8b69-3a6cfd4b84ac,1,60
2026-09-24T07:05:34.853,POST,/desembolsos,201,221.0,126.9,,4ee86295-d05b-4aa2-8f89-ac412050b508,1,60
2026-09-24T07:05:34.969,POST,/desembolsos,201,173.5,84.2,,24e9a52a-9a5f-4bf9-92aa-290cd271ec5c,1,60
2026-09-24T07:05:35.100,POST,/desembolsos,201,185.1,87.7,,ce6b30a0-ef3e-4d45-bf54-978210ca6f4c,1,60
2026-09-24T07:05:35.182,POST,/desembolsos,201,177.8,85.1,,64ffafd1-1144-4322-b0d4-aa33321e1a61,1,60
2026-09-24T07:05:35.280,POST,/desembolsos,201,172.2,82.7,,e7b34f8e-afde-4e65-acc4-8794e2189d9c,1,60
2026-09-24T07:05:35.396,POST,/desembolsos,201,175.4,83.9,,65f22d98-1dfb-4924-b395-65c39066cda8,1,60
2026-09-24T07:05:35.477,POST,/desembolsos,201,180.0,91.1,,130beddc-bd6a-443c-a70c-c2336322f9fb,1,60
2026-09-24T07:05:35.592,POST,/desembolsos,201,175.5,86.0,,5d466e32-e6a8-454a-8834-32e94f233b38,1,60
2026-09-24T07:05:35.675,POST,/desembolsos,201,182.9,89.1,,6f6ec20c-dd3e-4802-9f6a-5ad5c7702c47,1,60
2026-09-24T07:05:35.763,POST,/desembolsos,201,175.2,86.0,,cb5d068e-d24b-4ba7-a5f7-a9be95778f77,1,60
2026-09-24T07:05:35.893,POST,/desembolsos,201,190.3,95.0,,2ab73e98-9200-4685-a906-ba358b0104e9,1,60
2026-09-24T07:05:35.977,POST,/desembolsos,201,195.6,106.7,,1c2e7dc5-7a1f-4372-ba30-97102cf63558,1,60
2026-09-24T07:05:36.074,POST,/desembolsos,201,181.5,84.0,,3b63ceea-283a-472f-9dff-3282466da6fe,1,60
2026-09-24T07:05:36.172,POST,/desembolsos,201,182.3,92.1,,11652a2a-aa57-46ad-b463-4ea17922c34c,1,60
2026-09-24T07:05:36.289,POST,/desembolsos,201,178.8,86.4,,0dff8b57-8a85-4bd2-bd58-f7cee3fb08a8,1,60
2026-09-24T07:05:36.371,POST,/desembolsos,201,180.7,83.6,,2f951b81-a8d5-4465-9f0e-9cfa5d279237,1,60
2026-09-24T07:05:36.467,POST,/desembolsos,201,177.6,83.0,,ac891076-4e56-45b7-ab64-b6e4c90f56b7,1,60
2026-09-24T07:05:36.582,POST,/desembolsos,201,177.6,86.0,,1a9d98e8-6aca-4a2d-8434-f389fea921cf,1,60
2026-09-24T07:05:36.685,POST,/desembolsos,201,201.1,113.3,,80488b43-24ce-4322-8804-7497f4ff4a18,1,60
2026-09-24T07:05:36.786,POST,/desembolsos,201,185.5,85.0,,7890a601-efdb-4bc0-a180-ac9c98f2ac19,1,60
2026-09-24T07:05:36.870,POST,/desembolsos,201,189.9,101.3,,fae13103-8e66-4b36-82c3-ffa92f77144f,1,60
2026-09-24T07:05:36.972,POST,/desembolsos,201,175.7,82.1,,d5410d7d-0b55-40ae-a5d0-bb1e93efae0a,1,60
2026-09-24T07:05:37.092,POST,/desembolsos,201,184.2,91.4,,2171ebfe-403c-41ae-a2a3-cd9f23a442de,1,60
2026-09-24T07:05:37.174,POST,/desembolsos,201,191.9,88.3,,96c83c97-8a81-413d-bc6b-790d5bc0b6fd,1,60
2026-09-24T07:05:37.261,POST,/desembolsos,201,193.2,103.9,,83e11cb4-a955-43cb-94e2-431152a7d2b5,1,60
2026-09-24T07:05:37.365,POST,/desembolsos,201,176.0,84.0,,35d878bc-975e-4f06-a5b1-088ee47270e0,1,60
2026-09-24T07:05:37.502,POST,/desembolsos,201,172.1,83.3,,11a514d5-ab26-44b2-bf76-24df0636078f,1,60
2026-09-24T07:05:37.585,POST,/desembolsos,201,171.6,82.5,,055fd96d-8f47-4134-819d-e1a4bc72bd25,1,60
2026-09-24T07:05:37.668,POST,/desembolsos,201,172.9,82.1,,29de73c1-b526-49b7-b0d8-6a591429e606,1,60
2026-09-24T07:05:37.802,POST,/desembolsos,201,190.9,93.3,,b9dd6378-df4d-47fc-8ddf-479b6dfd247f,1,60
2026-09-24T07:05:37.878,POST,/desembolsos,201,236.4,114.6,,267d6f3d-4b9f-478b-a188-4a70542f8a2b,1,60
2026-09-24T07:05:37.986,POST,/desembolsos,201,178.3,88.1,,7303869a-e1a4-4cc1-a2aa-d40c5cb46dbf,1,60
2026-09-24T07:05:38.069,POST,/desembolsos,201,172.1,82.3,,5461c2e6-53d4-469c-bf79-97da3fe8c168,1,60
2026-09-24T07:05:38.183,POST,/desembolsos,201,173.0,84.9,,a08deb86-8b5a-4cf6-a29b-49ec0c746ae6,1,60
2026-09-24T07:05:38.268,POST,/desembolsos,201,171.4,82.3,,d44c3fec-d43b-4a11-9e53-fc33d468da54,1,60
2026-09-24T07:05:38.386,POST,/desembolsos,201,174.6,84.0,,5c3c71fa-10bc-43f9-99b2-6ad7b7c73ee2,1,60
2026-09-24T07:05:38.463,POST,/desembolsos,201,179.9,85.2,,e173aabb-da25-47e8-8447-26208edc8a10,1,60
2026-09-24T07:05:38.554,POST,/desembolsos,201,177.3,84.1,,d9cdeb10-04ad-499d-87c8-e6e63f8d0438,1,60
2026-09-24T07:05:38.694,POST,/desembolsos,201,170.7,83.7,,f8137923-5996-4333-b74d-42cd74966bf6,1,60
2026-09-24T07:05:38.774,POST,/desembolsos,201,176.4,87.9,,4f978b4e-9946-450d-ada8-a785eb1a0c49,1,60
2026-09-24T07:05:38.864,POST,/desembolsos,201,170.2,82.4,,4b1138ea-a0c9-4425-9217-cc77185c85ad,1,60
2026-09-24T07:05:38.994,POST,/desembolsos,201,173.0,83.2,,9b9e19b0-10e7-4d9f-a490-86ddb084d6b5,1,60
2026-09-24T07:05:39.076,POST,/desembolsos,201,205.9,84.1,,a530569f-6ecd-4c19-abf8-8ef89ee6fcf3,1,60
2026-09-24T07:05:39.184,POST,/desembolsos,201,186.5,97.9,,a5aade81-ad83-4eb7-a1c6-b6e370bae9f5,1,60
2026-09-24T07:05:39.277,POST,/desembolsos,201,174.1,86.0,,32cfdba5-e635-4a48-bd70-91b5355b44d0,1,60
2026-09-24T07:05:39.362,POST,/desembolsos,201,179.2,88.5,,a80e9361-7e6e-4f4f-917b-e20311cb446b,1,60
2026-09-24T07:05:39.469,POST,/desembolsos,201,183.7,84.6,,93b35589-448c-4441-961e-d091aa6c8a48,1,60
2026-09-24T07:05:39.577,POST,/desembolsos,201,178.3,85.0,,29ceb6e2-f735-4e49-8e56-0c538f64aaec,1,60
2026-09-24T07:05:39.661,POST,/desembolsos,201,187.3,94.2,,c0f229dd-a45d-498d-957c-25be6303e97c,1,60
2026-09-24T07:05:39.755,POST,/desembolsos,201,181.9,93.8,,a6319f71-6b86-439e-9248-e84081c3246a,1,60
2026-09-24T07:05:39.868,POST,/desembolsos,201,204.9,88.4,,6590e760-4329-4ab4-9f61-4825dd204a5c,1,60
2026-09-24T07:05:39.985,POST,/desembolsos,201,173.7,85.3,,a59203a5-fa89-4071-ae4c-f4cfd8ac44fa,1,60
2026-09-24T07:05:40.070,POST,/desembolsos,201,174.2,82.7,,4ac62507-b35e-4fa7-9c21-69485d1670da,1,60
2026-09-24T07:05:40.183,POST,/desembolsos,201,175.5,85.0,,1c5f4986-0915-43d7-b535-b1b1b83d9023,1,60
2026-09-24T07:05:40.287,POST,/desembolsos,201,173.7,85.0,,63b3256e-4af9-45e2-b7aa-5a0b82190d41,1,60
2026-09-24T07:05:40.371,POST,/desembolsos,201,202.0,86.8,,e00e5373-c346-41ba-baec-d3152788fb83,1,60
2026-09-24T07:05:40.458,POST,/desembolsos,201,210.5,115.5,,a88d3076-7116-49a1-b994-851cd2ab81ec,1,60
2026-09-24T07:05:40.569,POST,/desembolsos,201,183.6,80.6,,13fab5be-ae48-4581-a13e-e62fb8e611ae,1,60
2026-09-24T07:05:40.693,POST,/desembolsos,201,181.0,85.7,,98100fe1-529a-4076-b20e-13b4f1cd7fdf,1,60
2026-09-24T07:05:40.778,POST,/desembolsos,201,189.0,84.5,,c0521adc-2391-45f0-a695-e37c76e30b7d,1,60
2026-09-24T07:05:40.862,POST,/desembolsos,201,184.6,92.5,,07fbe375-c5c1-41fd-85f3-d5ec15e07a8a,1,60
2026-09-24T07:05:40.962,POST,/desembolsos,201,219.3,92.9,,5be34ee3-13dd-48f5-bf17-e374d0cad12c,1,60
2026-09-24T07:05:41.059,POST,/desembolsos,201,208.2,91.9,,87d795d8-ca51-4e40-afba-86fe0edc6bfb,1,60
2026-09-24T07:05:41.178,POST,/desembolsos,201,176.1,85.3,,8b28eb59-64af-47f7-9db8-17e43f957877,1,60
2026-09-24T07:05:41.262,POST,/desembolsos,201,178.1,83.9,,b752bb85-4514-4e98-ac7f-5e8061c9967e,1,60
2026-09-24T07:05:41.354,POST,/desembolsos,201,174.0,82.9,,a2ca3ff6-2620-4402-aaee-7537c1debb16,1,60
2026-09-24T07:05:41.477,POST,/desembolsos,201,176.1,85.7,,30ee7671-0da8-4617-98b2-d61de7c10bfe,1,60
2026-09-24T07:05:41.563,POST,/desembolsos,201,188.0,86.3,,10f68013-1b62-4000-bbef-a58e98f6f6c3,1,60
2026-09-24T07:05:41.678,POST,/desembolsos,201,224.9,91.1,,90c07370-69f1-444a-8123-48edfc13b1f8,1,60
2026-09-24T07:05:41.780,POST,/desembolsos,201,217.0,124.0,,caf70cf6-e584-476c-bf8e-49191f82faba,1,60
2026-09-24T07:05:41.879,POST,/desembolsos,201,186.6,95.5,,9898dc7d-783d-4241-8f5e-f88d71772826,1,60
2026-09-24T07:05:41.970,POST,/desembolsos,201,186.8,84.1,,c65e9f75-4bf9-4a81-8e26-c96c78edec0c,1,60
2026-09-24T07:05:42.088,POST,/desembolsos,201,175.6,84.0,,b0a1769a-6842-4f8d-bba3-c20518eb2ffa,1,60
2026-09-24T07:05:42.161,POST,/desembolsos,201,174.4,82.7,,114e4a77-cd6b-4125-a420-9a0f37b3a93b,1,60
2026-09-24T07:05:42.262,POST,/desembolsos,201,194.3,83.6,,f90c510f-9d9a-4e84-8b9e-8958116d8f8a,1,60
2026-09-24T07:05:42.386,POST,/desembolsos,201,171.0,83.3,,c3a081af-e508-4c3a-9932-3c2d13a377ed,1,60
2026-09-24T07:05:42.458,POST,/desembolsos,201,181.9,92.9,,605d00f8-f482-4f2f-babc-81863e016ffa,1,60
2026-09-24T07:05:42.591,POST,/desembolsos,201,173.6,83.4,,091daf0b-ef95-4960-b29b-dcaf549e745f,1,60
2026-09-24T07:05:42.665,POST,/desembolsos,201,177.6,85.0,,8c42f2b2-b0be-471e-bc61-0789923b2e41,1,60
2026-09-24T07:05:42.757,POST,/desembolsos,201,177.8,82.7,,03b1104e-ed31-4013-ab54-d9ac454c2d7b,1,60
2026-09-24T07:05:42.886,POST,/desembolsos,201,219.6,84.5,,33aade84-7ebe-4069-bcfa-868d517c37a8,1,60
2026-09-24T07:05:43.001,POST,/desembolsos,201,187.1,99.7,,f1ea9441-35ce-4849-bac1-ff645290e746,1,60
2026-09-24T07:05:43.100,POST,/desembolsos,201,170.4,82.5,,ec4468ba-822e-4112-ada0-0f952134cab3,1,60
2026-09-24T07:05:43.169,POST,/desembolsos,201,174.5,82.1,,7f670032-d749-4e5f-b2e3-74ff32e1a36a,1,60
2026-09-24T07:05:43.270,POST,/desembolsos,201,176.3,85.0,,9d413987-c848-41d2-9306-29d8d9be2125,1,60
2026-09-24T07:05:43.385,POST,/desembolsos,201,179.8,86.5,,0f75fb05-c154-4be1-bb19-d3fbb96d8914,1,60
2026-09-24T07:05:43.470,POST,/desembolsos,201,175.2,88.0,,5d7947fb-f00a-4f51-be71-ce5cf798252b,1,60
2026-09-24T07:05:43.555,POST,/desembolsos,201,196.6,83.8,,f52b8dff-c2ef-438b-95ee-86d8d2765adf,1,60
2026-09-24T07:05:43.675,POST,/desembolsos,201,186.1,95.5,,b214fb3b-cd2b-4a48-b83f-4bf9756a1d4e,1,60
2026-09-24T07:05:43.768,POST,/desembolsos,201,176.4,83.8,,31feaf11-dd69-420b-9b26-ff58c87e8a66,1,60
2026-09-24T07:05:43.895,POST,/desembolsos,201,169.6,82.8,,a680e54c-4692-4bb8-8d73-08fb81d914ce,1,60
2026-09-24T07:05:43.977,POST,/desembolsos,201,170.5,82.6,,5272f359-8c24-491d-893a-45c85e0f213e,1,60
2026-09-24T07:05:44.057,POST,/desembolsos,201,172.4,84.1,,f9963a6c-4f88-4591-a790-44ed3bec8936,1,60
2026-09-24T07:05:44.183,POST,/desembolsos,201,173.5,86.1,,99c1b341-1fd5-41f3-a661-7d5d22d0606d,1,60
2026-09-24T07:05:44.269,POST,/desembolsos,201,169.2,81.0,,8f1c2849-cc22-4f57-a649-32aa9d831e34,1,60
2026-09-24T07:05:44.391,POST,/desembolsos,201,176.4,83.6,,87416a45-ddbf-4cd6-8bd9-f6faba3f6426,1,60
2026-09-24T07:05:44.473,POST,/desembolsos,201,188.5,91.8,,a584896a-54d9-4833-8b02-05ebdb2f5e06,1,60
2026-09-24T07:05:44.560,POST,/desembolsos,201,189.5,96.9,,d81bca42-1d12-4a25-96c8-9553e9a64669,1,60
2026-09-24T07:05:44.686,POST,/desembolsos,201,178.5,82.5,,68a0b072-0866-415a-80cb-5d60c0b442bf,1,60
2026-09-24T07:05:44.762,POST,/desembolsos,201,191.2,96.3,,dd510b42-c26c-4891-a4d6-36d443d54ec2,1,60
2026-09-24T07:05:44.862,POST,/desembolsos,201,194.2,92.0,,358070e0-925a-429a-beb2-3539e3c09b99,1,60
2026-09-24T07:05:44.955,POST,/desembolsos,201,184.4,89.0,,b7d3f195-20f0-4b6a-9c61-427360bfa599,1,60
2026-09-24T07:05:45.058,POST,/desembolsos,201,193.7,102.5,,0486fd0c-de13-4693-ae53-7d5a442c52e6,1,60
2026-09-24T07:05:45.182,POST,/desembolsos,201,188.3,91.1,,789c3fa0-2c06-4be3-9b3b-e270264d1e78,1,60
2026-09-24T07:05:45.270,POST,/desembolsos,201,230.3,83.4,,8d2d01dd-42fb-4b17-8f0b-14836047bbea,1,60
2026-09-24T07:05:45.370,POST,/desembolsos,201,225.6,132.8,,f9b4eefb-d17d-47ed-b205-3726d64b28c1,1,60
2026-09-24T07:05:45.462,POST,/desembolsos,201,229.0,133.4,,13c49f6a-1eed-448f-80bd-d5b493c4c035,1,60
2026-09-24T07:05:45.595,POST,/desembolsos,201,183.2,92.6,,f6ac619f-1274-4806-8451-209653b502e5,1,60
2026-09-24T07:05:45.676,POST,/desembolsos,201,185.4,90.5,,547895af-908e-4229-a485-5dce17823a99,1,60
2026-09-24T07:05:45.766,POST,/desembolsos,201,176.1,84.0,,e7e7f223-45ab-4f64-ad71-670468d198f4,1,60
2026-09-24T07:05:45.887,POST,/desembolsos,201,220.4,93.4,,347ddaf3-51b0-416a-9823-14a7b5476175,1,60
2026-09-24T07:05:45.978,POST,/desembolsos,201,216.6,88.1,,0d1b8124-af3f-4c83-b87d-0068ddf6e15b,1,60
2026-09-24T07:05:46.089,POST,/desembolsos,201,189.5,101.6,,3f7a2382-4e4d-42c4-a99b-c2d2ab7788d9,1,60
2026-09-24T07:05:46.184,POST,/desembolsos,201,177.8,88.3,,ba68e661-fa9b-4393-abb8-ecbb0dba1262,1,60
2026-09-24T07:05:46.271,POST,/desembolsos,201,169.6,82.2,,25009987-5ef9-49d6-9ff2-ad84101b54c7,1,60
2026-09-24T07:05:46.390,POST,/desembolsos,201,180.9,89.3,,02828d3c-4231-4d5c-ae9a-d29ec0f92dde,1,60
2026-09-24T07:05:46.469,POST,/desembolsos,201,174.8,84.4,,ef994c17-e85c-48b0-a969-e9a95d658511,1,60
2026-09-24T07:05:46.571,POST,/desembolsos,201,174.0,83.3,,001fa4db-fe2a-426d-8e0a-114970658a6b,1,60
2026-09-24T07:05:46.691,POST,/desembolsos,201,213.6,112.8,,b5b8d4d8-b057-49ba-8fa9-d144cc080499,1,60
2026-09-24T07:05:46.798,POST,/desembolsos,201,184.1,86.2,,bbce96ea-4093-4d1c-94c7-b16ada7f24f4,1,60
2026-09-24T07:05:46.882,POST,/desembolsos,201,189.7,100.2,,ffc0f174-81f4-4d31-85e1-cc1972be47b1,1,60
2026-09-24T07:05:46.976,POST,/desembolsos,201,170.2,83.1,,b580e789-2493-4a05-ae0c-a98fa3e6dc60,1,60
2026-09-24T07:05:47.055,POST,/desembolsos,201,168.5,81.6,,675a34a2-85ae-46c6-a49b-e6c9b3b29b53,1,60
2026-09-24T07:05:47.181,POST,/desembolsos,201,175.0,88.2,,401d4065-8858-47c6-bae6-d33476da777a,1,60
2026-09-24T07:05:47.261,POST,/desembolsos,201,180.3,82.2,,436c81e6-84ff-42ec-a54a-794fa969aa26,1,60
2026-09-24T07:05:47.388,POST,/desembolsos,201,173.4,85.7,,9ee1aaf8-5f8f-4cc9-8eb1-41b827d0e843,1,60
2026-09-24T07:05:47.473,POST,/desembolsos,201,169.8,82.4,,07615f46-67ca-49e2-b548-5c23503f848d,1,60
2026-09-24T07:05:47.559,POST,/desembolsos,201,178.1,81.7,,d2ec4070-eec1-4b1b-a484-79db1b859b38,1,60
2026-09-24T07:05:47.689,POST,/desembolsos,201,176.5,86.4,,49854934-f623-4085-9874-ab16e82c3d1f,1,60
2026-09-24T07:05:47.772,POST,/desembolsos,201,179.3,88.8,,66bf1a9f-f879-4e72-9a4e-27375156249c,1,60
2026-09-24T07:05:47.894,POST,/desembolsos,201,178.7,88.5,,b2fdbd1b-e738-466c-a896-9e1f9a3d4a1c,1,60
2026-09-24T07:05:47.977,POST,/desembolsos,201,174.1,84.5,,fb20fa3d-1989-4ec2-9294-2954c4962b3b,1,60
2026-09-24T07:05:48.072,POST,/desembolsos,201,185.8,82.5,,45f11d79-8e91-4d1d-aa7a-1a6b5e01eca7,1,60
2026-09-24T07:05:48.153,POST,/desembolsos,201,184.2,93.0,,c3c3ea68-fa4c-4434-bb52-0004cf7464aa,1,60
2026-09-24T07:05:48.294,POST,/desembolsos,201,183.2,93.2,,8aade908-c35d-4868-8e7a-1198da6165a3,1,60
2026-09-24T07:05:48.374,POST,/desembolsos,201,171.7,83.7,,2bfa3ffb-1c3b-4631-bb7a-ac0c9b6b9091,1,60
2026-09-24T07:05:48.469,POST,/desembolsos,201,178.0,83.6,,21792ddf-b138-4dea-9bbd-017c150cdac4,1,60
2026-09-24T07:05:48.596,POST,/desembolsos,201,178.8,91.4,,9c5ff69a-5a27-4b0a-bfe7-448ed908a550,1,60
2026-09-24T07:05:48.676,POST,/desembolsos,201,175.9,83.3,,8131b716-0ee5-4556-bae1-ddcd4bdf58fc,1,60
2026-09-24T07:05:48.770,POST,/desembolsos,201,187.2,83.2,,e66289da-23d9-4f10-a31f-cb1d0ac5e634,1,60
2026-09-24T07:05:48.881,POST,/desembolsos,201,171.0,84.5,,f778b738-d89b-4680-a86b-0e8dccc515e3,1,60
2026-09-24T07:05:48.959,POST,/desembolsos,201,176.9,84.5,,ea2c1c0c-44e7-46aa-a656-ecaa20281b09,1,60
2026-09-24T07:05:49.086,POST,/desembolsos,201,173.9,85.0,,5c6a9976-0cea-4ace-b3fc-a1be55cde7cd,1,60
2026-09-24T07:05:49.168,POST,/desembolsos,201,199.4,89.1,,3be2caf6-4f31-4451-ac4a-7dc2c12d14fc,1,60
2026-09-24T07:05:49.292,POST,/desembolsos,201,179.7,91.5,,a058542b-41b5-49af-a2a9-d681203bf9c1,1,60
2026-09-24T07:05:49.368,POST,/desembolsos,201,187.8,95.3,,344832bc-c89d-442b-a8b4-1d1bc33c7c6e,1,60
2026-09-24T07:05:49.501,POST,/desembolsos,201,178.8,90.4,,238f9155-2655-4ec4-b988-f9f886ce93b6,1,60
2026-09-24T07:05:49.581,POST,/desembolsos,201,170.9,82.5,,67e8d6fa-2521-4fab-a283-cc18a61ab47a,1,60
2026-09-24T07:05:49.661,POST,/desembolsos,201,176.3,85.3,,09a846cf-013b-4c51-a561-b8d35c34ac9f,1,60
2026-09-24T07:05:49.789,POST,/desembolsos,201,173.0,85.4,,e3f16c6d-9930-40cf-b42a-9ce64f59a13d,1,60
2026-09-24T07:05:49.874,POST,/desembolsos,201,171.3,82.2,,d539d925-47e3-4d9e-8edb-f1e9c8c6e53a,1,60
2026-09-24T07:05:50.001,POST,/desembolsos,201,191.6,96.3,,2789b585-67f9-4c48-a0ce-54c8ba8bdd0f,1,60
2026-09-24T07:05:50.097,POST,/desembolsos,201,177.6,84.6,,3e7a669e-8603-49d2-bb30-1f21a47e531a,1,60
2026-09-24T07:05:50.177,POST,/desembolsos,201,186.0,91.6,,3140b0c9-95b9-460e-b1d7-d006b392e775,1,60
2026-09-24T07:05:50.256,POST,/desembolsos,201,196.6,105.9,,6336f3a4-01b8-4d5d-a744-f9a5be3b061a,1,60
2026-09-24T07:05:50.353,POST,/desembolsos,201,192.3,90.1,,96a88ae8-f852-489f-92b2-a0d9cae53352,1,60
2026-09-24T07:05:50.501,POST,/desembolsos,201,181.9,87.2,,44fef76c-92a8-4dd5-b689-ae8311bde60c,1,60
2026-09-24T07:05:50.581,POST,/desembolsos,201,196.0,93.6,,97200e25-91ff-4c0a-935a-634dd98b3499,1,60
2026-09-24T07:05:50.673,POST,/desembolsos,201,181.2,85.4,,a16ba435-0a4f-4ee1-9ea3-0ca500abc2a7,1,60
2026-09-24T07:05:50.778,POST,/desembolsos,201,191.1,89.1,,803fb944-0f77-499b-ac86-6e3c42d72bc3,1,60
2026-09-24T07:05:50.865,POST,/desembolsos,201,196.0,98.0,,9627cdf3-d0c7-4a3d-8dbc-d6a8cba99150,1,60
2026-09-24T07:05:50.985,POST,/desembolsos,201,184.9,88.8,,4844314f-1c51-4b9c-a449-c39f69f4927c,1,60
2026-09-24T07:05:51.071,POST,/desembolsos,201,187.0,91.0,,27673bc9-475e-4fbb-bf79-b50f8c8b54b3,1,60
2026-09-24T07:05:51.162,POST,/desembolsos,201,177.4,90.1,,4596c85d-a50f-4864-816b-2f95c887acbd,1,60
2026-09-24T07:05:51.255,POST,/desembolsos,201,178.3,87.7,,49a82682-2880-4e84-b325-0e77fbefdf3f,1,60
2026-09-24T07:05:51.394,POST,/desembolsos,201,181.2,90.7,,5e4615b7-1765-4f9f-bd64-272c434d9977,1,60
2026-09-24T07:05:51.480,POST,/desembolsos,201,172.7,83.1,,c3391380-6822-43cf-8fc5-3ba67e40bd2e,1,60
2026-09-24T07:05:51.572,POST,/desembolsos,201,177.0,88.2,,d213aff7-26f6-4355-9529-5da0d3ca4d03,1,60
2026-09-24T07:05:51.663,POST,/desembolsos,201,174.4,83.1,,b25c3670-2a56-4cf7-a4ff-288c227a9775,1,60
2026-09-24T07:05:51.773,POST,/desembolsos,201,176.3,86.0,,7681c34c-a8a8-42e5-8344-93ba417f6601,1,60
2026-09-24T07:05:51.885,POST,/desembolsos,201,175.5,85.8,,4d1beb4f-0c7f-431b-98fc-cd18966f3e50,1,60
2026-09-24T07:05:51.970,POST,/desembolsos,201,172.1,83.8,,3f8530d9-8ab9-4a76-a2f3-b7ec2b19c279,1,60
2026-09-24T07:05:52.086,POST,/desembolsos,201,175.7,84.7,,d7f454fc-72a6-4d9f-acaa-d48ff7c1e1dd,1,60
2026-09-24T07:05:52.169,POST,/desembolsos,201,173.5,82.8,,ffd1a5be-4358-4ca0-85ca-e598c8eadeae,1,60
2026-09-24T07:05:52.283,POST,/desembolsos,201,175.1,87.0,,68dcebfc-47fd-4145-9d91-0d77f638ae43,1,60
2026-09-24T07:05:52.365,POST,/desembolsos,201,171.9,83.1,,085acbea-4839-4ee8-b232-eceaa8dcfef9,1,60
2026-09-24T07:05:52.477,POST,/desembolsos,201,173.9,84.8,,4a035214-a808-479e-86f5-770d0cc64188,1,60
2026-09-24T07:05:52.560,POST,/desembolsos,201,175.9,82.4,,db9a5f19-748f-4c7a-ae89-ea0d640d2a95,1,60
2026-09-24T07:05:52.689,POST,/desembolsos,201,228.9,138.3,,ffc22ed2-1886-4d12-ae4e-24c83d5ca0f4,1,60
2026-09-24T07:05:52.787,POST,/desembolsos,201,171.2,83.9,,d06f7e15-723d-4268-a86e-12446c5d4a5d,1,60
2026-09-24T07:05:52.869,POST,/desembolsos,201,171.9,83.5,,b91f24d6-242e-47fd-a364-36f821e486d4,1,60
2026-09-24T07:05:52.985,POST,/desembolsos,201,178.8,84.3,,70c489c2-0adc-4e72-884a-9bcac57a2d70,1,60
2026-09-24T07:05:53.065,POST,/desembolsos,201,190.5,95.7,,f14d50fb-7d61-45e9-b0dc-e08590a531fb,1,60
2026-09-24T07:05:53.162,POST,/desembolsos,201,178.6,89.2,,5d29020a-a78c-4664-80b8-29386d7e3c67,1,60
2026-09-24T07:05:53.290,POST,/desembolsos,201,173.5,84.7,,227ce6d6-107c-4158-a8c1-f49a39983f0d,1,60
2026-09-24T07:05:53.372,POST,/desembolsos,201,172.7,83.3,,04e7eef0-ce5a-4517-ad55-6488488fd933,1,60
2026-09-24T07:05:53.483,POST,/desembolsos,201,176.8,84.4,,8a72c53f-00f3-40ac-b6d5-4a941e4a5662,1,60
2026-09-24T07:05:53.566,POST,/desembolsos,201,180.1,83.9,,c80fd44f-e35f-415e-a316-5d68f889e281,1,60
2026-09-24T07:05:53.679,POST,/desembolsos,201,176.9,86.4,,08a4e9f3-8317-4c5f-ab29-13001a5cdb1f,1,60
2026-09-24T07:05:53.759,POST,/desembolsos,201,173.3,84.7,,844caa62-52e6-450d-9a16-3a45f80324a2,1,60
2026-09-24T07:05:53.887,POST,/desembolsos,201,178.1,90.0,,666efee1-9fa6-499a-8a2e-2a9489a7a689,1,60
2026-09-24T07:05:53.969,POST,/desembolsos,201,175.9,85.5,,a5ffba48-e18e-4dd8-8c92-0a7a3ba681f7,1,60
2026-09-24T07:05:54.061,POST,/desembolsos,201,177.9,87.1,,04818613-74a2-46bc-bcdb-8bd3572ba969,1,60
2026-09-24T07:05:54.148,POST,/desembolsos,201,232.4,85.4,,b5187b14-76cc-47eb-ae71-9d461d2764e2,1,60
2026-09-24T07:05:54.288,POST,/desembolsos,201,180.3,91.7,,f384011d-ebcd-4817-97fc-f62bb99465ee,1,60
2026-09-24T07:05:54.368,POST,/desembolsos,201,198.5,100.4,,5eb7e946-6c92-4c29-b7c1-3337e7246b8c,1,60
2026-09-24T07:05:54.464,POST,/desembolsos,201,184.8,95.2,,28181cc9-c94a-4823-8e6a-5b263891cb22,1,60
2026-09-24T07:05:54.594,POST,/desembolsos,201,233.5,138.1,,0e6bfac2-115f-426e-b9cf-a7c4ecb9ac58,1,60
2026-09-24T07:05:54.689,POST,/desembolsos,201,232.9,137.8,,b8f778fb-a553-4511-a8d4-8a59f75d49c8,1,60
2026-09-24T07:05:54.784,POST,/desembolsos,201,230.3,137.4,,66b2ccb4-0cb7-4cf1-8d96-f496f3bc49de,1,60
2026-09-24T07:05:54.879,POST,/desembolsos,201,234.9,135.0,,1de57026-ab22-4935-a43d-b8041fffce81,1,60
2026-09-24T07:05:54.986,POST,/desembolsos,201,214.1,127.7,,34384269-fd23-43a1-a385-8a8823210bf5,1,60
2026-09-24T07:05:55.097,POST,/desembolsos,201,202.2,103.6,,ffe7cf93-272a-477c-b269-63c2294b7286,1,60
2026-09-24T07:05:55.192,POST,/desembolsos,201,192.7,106.3,,a4a54f26-b1fe-4187-938c-6158e8b00096,1,60
2026-09-24T07:05:55.272,POST,/desembolsos,201,201.8,111.5,,bc12d62d-e5e7-40e9-9d99-7745ff40f4b7,1,60
2026-09-24T07:05:55.367,POST,/desembolsos,201,207.5,106.6,,5d77ed45-d57b-4c7e-8817-67a677ba5160,1,60
2026-09-24T07:05:55.564,POST,/desembolsos,201,190.6,94.6,,2410c382-ebf8-4aab-be59-44a7c6ba7d08,1,60
2026-09-24T07:05:55.495,POST,/desembolsos,201,275.3,174.0,,f886ab5a-d985-4e06-868c-2f2bb525b286,1,60
2026-09-24T07:05:55.658,POST,/desembolsos,201,194.8,96.6,,1b82be2b-81da-48fb-9022-6c90aa7b92a5,1,60
2026-09-24T07:05:55.761,POST,/desembolsos,201,194.4,99.0,,51f779b0-c8bc-4d46-869f-a7f8a38cf8da,1,60
2026-09-24T07:05:55.849,POST,/desembolsos,201,278.7,96.1,,d2fdb1f6-a595-41b4-8f94-10436029ec76,1,60
2026-09-24T07:05:55.993,POST,/desembolsos,201,240.0,147.8,,2725871e-175d-4016-8444-a077281dbbfa,1,60
2026-09-24T07:05:56.092,POST,/desembolsos,201,236.6,141.1,,1df15e4a-805f-4729-9d87-6f26da5476b0,1,60
2026-09-24T07:05:56.190,POST,/desembolsos,201,233.5,138.1,,04a1ae09-01a0-44bd-a950-df49248bb57f,1,60
2026-09-24T07:05:56.287,POST,/desembolsos,201,226.6,136.0,,dc381b7e-2e74-416c-b196-de8b73e801a4,1,60
2026-09-24T07:05:56.369,POST,/desembolsos,201,238.4,144.7,,899dc5bc-7a06-46e4-be62-0cbf7c1d4749,1,60
2026-09-24T07:05:56.481,POST,/desembolsos,201,312.1,126.2,,6c23d9ea-6e53-49ef-a1e4-62992457e1cf,1,60
2026-09-24T07:05:56.595,POST,/desembolsos,201,198.2,107.0,,cc11d968-2f2c-4bc1-a63c-3fcc5f6fbe4e,1,60
2026-09-24T07:05:56.695,POST,/desembolsos,201,192.7,97.9,,ed082536-c47f-4e43-9a19-8b5242c2de64,1,60
2026-09-24T07:05:56.760,POST,/desembolsos,201,221.3,126.4,,b7c842ce-4f1f-436e-b208-ea65761d52c8,1,60
2026-09-24T07:05:56.874,POST,/desembolsos,201,200.2,107.2,,ff1d2ff0-ff24-4f41-aa2b-1bfe65ecd281,1,60
2026-09-24T07:05:56.970,POST,/desembolsos,201,188.1,93.4,,5060479f-1637-4ebb-bb9b-3f2730c26b3f,1,60
2026-09-24T07:05:57.166,POST,/desembolsos,201,185.0,90.0,,e4500019-1afa-45d5-a41c-6f2a61a93b1f,1,60
2026-09-24T07:05:57.098,POST,/desembolsos,201,255.6,160.0,,708e099f-5b9b-4b1c-81b5-223a0d9f622a,1,60
2026-09-24T07:05:57.257,POST,/desembolsos,201,190.0,96.6,,725a4b35-2af9-4898-a07a-7ca09104fa5c,1,60
2026-09-24T07:05:57.385,POST,/desembolsos,201,259.5,163.5,,605d4bf8-2b66-4c60-bbd6-37941d15e9d8,1,60
2026-09-24T07:05:57.478,POST,/desembolsos,201,261.0,166.1,,5e801960-d220-4c67-af19-d9bbd17fb504,1,60
2026-09-24T07:05:57.587,POST,/desembolsos,201,243.5,151.8,,beabf3c2-c2f8-4e17-9a9d-bb67c4ae37f7,1,60
2026-09-24T07:05:57.688,POST,/desembolsos,201,316.9,142.0,,2504d44c-d2b8-4849-a81f-722565faccfb,1,60
2026-09-24T07:05:57.894,POST,/desembolsos,201,295.9,112.4,,6051808d-cb42-4c80-974b-82d52b515479,1,60
2026-09-24T07:05:57.799,POST,/desembolsos,201,391.4,205.7,,8e61c29f-9bf6-4c15-9c57-a9e02f59648c,1,60
2026-09-24T07:05:58.073,POST,/desembolsos,201,209.0,119.9,,59ada748-7576-4b70-b16f-4d89baf11aa8,1,60
2026-09-24T07:05:58.184,POST,/desembolsos,201,185.1,95.4,,ee44fbeb-adb8-420e-a4ca-605da2bd2707,1,60
2026-09-24T07:05:58.264,POST,/desembolsos,201,180.7,84.9,,dcd7f105-1a64-4120-b0fa-b9f8e2e79e32,1,60
2026-09-24T07:05:58.360,POST,/desembolsos,201,189.9,96.1,,30c7a5e1-bb1b-40af-ac96-8ea79e50069c,1,60
2026-09-24T07:05:58.455,POST,/desembolsos,201,189.1,94.1,,1ff1bccb-4b33-4982-b574-1c0b6d3f158c,1,60
2026-09-24T07:05:58.550,POST,/desembolsos,201,194.6,95.5,,1dc7297d-2a54-479f-a39c-bf286915dea0,1,60
2026-09-24T07:05:58.677,POST,/desembolsos,201,253.8,160.9,,377cae5e-49d2-4154-93ab-95faaa547b70,1,60
2026-09-24T07:05:58.772,POST,/desembolsos,201,253.2,158.1,,b13c537e-f04f-48b1-a537-a4d474752c73,1,60
2026-09-24T07:05:58.868,POST,/desembolsos,201,253.6,157.3,,59edf1e8-05a7-41aa-8404-ee608360de6e,1,60
2026-09-24T07:05:58.993,POST,/desembolsos,201,221.5,128.7,,4d4e7870-e1d2-41eb-abbb-7248cce460f4,1,60
2026-09-24T07:05:57.993,POST,/desembolsos,201,1221.0,1128.5,,1b6aa002-228b-4bfb-aa56-08f727cf39cb,1,60
2026-09-24T07:05:59.088,POST,/desembolsos,201,222.6,126.0,,a1839b59-975e-4111-a73a-d6d0b9b1846c,1,60
2026-09-24T07:05:59.184,POST,/desembolsos,201,230.5,126.7,,ebea12c7-5463-4a94-8064-ff6fb0e734e4,1,60
2026-09-24T07:05:59.279,POST,/desembolsos,201,303.1,122.6,,bd569e8a-cf44-496e-927b-2969d22df280,1,60
2026-09-24T07:05:59.375,POST,/desembolsos,201,297.0,207.9,,2d82a872-a51c-4602-94e3-4c5aa93459e4,1,60
2026-09-24T07:05:59.472,POST,/desembolsos,201,290.9,187.6,,ea0bc3fe-fe4a-4681-9650-e2075770d283,1,60
2026-09-24T07:05:59.578,POST,/desembolsos,201,181.0,83.4,,9a1e76f2-7de8-4b0b-84ee-39ded027ef5a,1,60
2026-09-24T07:05:59.663,POST,/desembolsos,201,180.5,87.5,,a0e3eec7-6021-478c-afde-337d3cb3e7ae,1,60
2026-09-24T07:05:59.758,POST,/desembolsos,201,189.0,83.2,,ab5ffc69-2dd7-4fb9-8c73-26beb2ce2338,1,60
2026-09-24T07:05:59.870,POST,/desembolsos,201,170.7,81.8,,2bd22bf5-a393-47d3-a5c5-0ea6c8984e26,1,60
2026-09-24T07:05:59.986,POST,/desembolsos,201,174.1,84.8,,c7e7890b-5799-4244-8e50-8565e2ef48e8,1,60
2026-09-24T07:06:00.066,POST,/desembolsos,201,170.1,82.2,,d9bf4149-6f67-4ee2-922d-4a2849a89ada,1,60
2026-09-24T07:06:00.179,POST,/desembolsos,201,184.6,84.6,,3a8b8f67-6dc0-42d0-b0b8-cb23991a7aa4,1,60
2026-09-24T07:06:00.259,POST,/desembolsos,201,184.7,96.1,,4004607a-8087-4f61-b8d2-5ed72932e0a2,1,60
2026-09-24T07:06:00.354,POST,/desembolsos,201,174.7,84.3,,a99fbd49-f04c-4309-a057-e3366d8e0135,1,60
2026-09-24T07:06:00.465,POST,/desembolsos,201,220.1,129.0,,74e15f79-c483-402b-a917-69de75d6c85e,1,60
2026-09-24T07:06:00.579,POST,/desembolsos,201,176.2,85.4,,0bc5c7f1-ccde-48d5-a9b7-387cb1316501,1,60
2026-09-24T07:06:00.675,POST,/desembolsos,201,177.4,83.7,,9db68862-8911-4886-9294-ee92b46f3aee,1,60
2026-09-24T07:06:00.755,POST,/desembolsos,201,175.6,83.0,,d1bbc5cf-5faa-41b7-9076-5cc9271f9112,1,60
2026-09-24T07:06:00.851,POST,/desembolsos,201,175.5,83.5,,66d2a509-b46b-4f1a-8ec4-d2e65ea87fcb,1,60
2026-09-24T07:06:00.978,POST,/desembolsos,201,201.2,88.6,,2eb93b2e-c649-48f6-bd30-3710d2d7b015,1,60
2026-09-24T07:06:01.058,POST,/desembolsos,201,201.9,114.0,,6d4f9def-b2d8-428e-a558-93900ed680f7,1,60
2026-09-24T07:06:01.173,POST,/desembolsos,201,171.7,83.6,,25eb4420-234d-472b-abad-651ce10ae26b,1,60
2026-09-24T07:06:01.267,POST,/desembolsos,201,172.5,82.9,,70c33b46-5637-4243-93a5-5c9bb1e7d72b,1,60
2026-09-24T07:06:01.379,POST,/desembolsos,201,170.3,83.1,,e8bcb2db-6e9c-466f-a660-f9dcec951be7,1,60
2026-09-24T07:06:01.460,POST,/desembolsos,201,172.8,82.2,,bb75a8e9-327a-4ff1-9a43-cf5fdcf24036,1,60
2026-09-24T07:06:01.571,POST,/desembolsos,201,174.3,82.5,,2fdfc4d0-4b49-4853-ac71-418d26d430dd,1,60
2026-09-24T07:06:01.684,POST,/desembolsos,201,209.8,83.9,,60524783-6291-411a-b11b-b6c1a117c341,1,60
2026-09-24T07:06:01.764,POST,/desembolsos,201,173.7,84.2,,47448311-1afc-4a4f-91aa-d8d258fedb39,1,60
2026-09-24T07:06:01.892,POST,/desembolsos,201,171.5,82.1,,0b90267e-54c3-4d67-a095-c70e6308f105,1,60
2026-09-24T07:06:01.972,POST,/desembolsos,201,176.7,82.8,,2f33786a-2c37-47c3-880d-32422fce5a47,1,60
2026-09-24T07:06:02.068,POST,/desembolsos,201,173.6,85.4,,0b3dd469-9a38-48dc-9a5a-d41015790c5d,1,60
2026-09-24T07:06:02.179,POST,/desembolsos,201,184.5,91.1,,84dcbe8d-d648-4778-b151-50edaf78164b,1,60
2026-09-24T07:06:02.260,POST,/desembolsos,201,182.8,95.1,,5d84dc82-3663-48f9-b0f5-1e227a788975,1,60
2026-09-24T07:06:02.355,POST,/desembolsos,201,176.5,83.0,,9830cb4e-bbd7-4a3e-9333-e352f7f284a6,1,60
2026-09-24T07:06:02.483,POST,/desembolsos,201,175.3,87.1,,6efe527f-b681-42be-bca3-776232907509,1,60
2026-09-24T07:06:02.595,POST,/desembolsos,201,176.0,83.4,,b603435a-a516-4d0e-aea4-8086f8d15d74,1,60
2026-09-24T07:06:02.675,POST,/desembolsos,201,177.3,89.4,,e8735b25-158f-4c31-9746-e4bce75d3f49,1,60
2026-09-24T07:06:02.754,POST,/desembolsos,201,180.5,84.7,,a25caeb6-a5d4-451e-9b0a-cffcee5c64f8,1,60
2026-09-24T07:06:02.853,POST,/desembolsos,201,175.0,86.8,,42653602-03e4-4c72-a1f4-6ec405efcfbf,1,60
2026-09-24T07:06:02.987,POST,/desembolsos,201,180.9,88.8,,2b3ec6e5-b665-4558-941d-89d1dd05f348,1,60
2026-09-24T07:06:03.068,POST,/desembolsos,201,194.6,89.5,,ee6b96f3-f95b-49b8-bfc1-a10d0973f04c,1,60
2026-09-24T07:06:03.163,POST,/desembolsos,201,186.7,98.5,,906d6b14-c1d1-422f-8c7b-28dc20b058f7,1,60
2026-09-24T07:06:03.293,POST,/desembolsos,201,183.4,83.2,,9e1c5889-4838-486a-be18-909ea46a412f,1,60
2026-09-24T07:06:03.374,POST,/desembolsos,201,186.4,96.5,,e74caa68-d9e0-4c7f-b82d-b5ecd3b561c5,1,60
2026-09-24T07:06:03.470,POST,/desembolsos,201,174.0,83.7,,4af98d44-cd22-4d30-917d-25f90161b242,1,60
2026-09-24T07:06:03.552,POST,/desembolsos,201,170.1,83.0,,521fba75-50ae-4265-81c6-a099b796afc5,1,60
2026-09-24T07:06:03.678,POST,/desembolsos,201,184.7,95.8,,9c9edc49-a3ea-48bf-9ec0-12cefaeb042b,1,60
2026-09-24T07:06:03.758,POST,/desembolsos,201,182.5,83.6,,6e7ddc82-35a9-47d4-9150-1d90a64297b6,1,60
2026-09-24T07:06:03.854,POST,/desembolsos,201,190.5,99.2,,55605c66-d3b8-4399-914d-e8874a17bfa2,1,60
2026-09-24T07:06:03.987,POST,/desembolsos,201,180.6,87.8,,e6ae3ea7-d879-4a8a-99d2-2c9e805f39aa,1,60
2026-09-24T07:06:04.069,POST,/desembolsos,201,178.9,84.5,,988beff6-5f74-448b-a5ca-357f11ca6614,1,60
2026-09-24T07:06:04.166,POST,/desembolsos,201,171.2,81.9,,ff243fbf-70b1-4866-a4a3-a87684ae82a3,1,60
2026-09-24T07:06:04.279,POST,/desembolsos,201,178.9,85.8,,f0def9b0-aa32-4223-87f9-dc095c814be2,1,60
2026-09-24T07:06:04.390,POST,/desembolsos,201,210.5,83.2,,8c464687-0970-4d96-8db9-2b803862134b,1,60
2026-09-24T07:06:04.470,POST,/desembolsos,201,209.5,121.9,,f8e5fc12-3beb-4446-8207-a2f6f24ad9e3,1,60
2026-09-24T07:06:04.582,POST,/desembolsos,201,173.5,83.7,,4fdb0142-459f-494b-a044-22b2fd0847c3,1,60
2026-09-24T07:06:04.677,POST,/desembolsos,201,173.9,85.3,,f7d9b1a0-9383-4704-84dc-cb5c0e89d358,1,60
2026-09-24T07:06:04.761,POST,/desembolsos,201,172.6,84.3,,8fad4473-20a3-4803-a167-f812beca9fd6,1,60
2026-09-24T07:06:04.874,POST,/desembolsos,201,175.3,86.7,,4db862f1-e835-4d6a-a486-f55f40ba52fb,1,60
2026-09-24T07:06:04.961,POST,/desembolsos,201,171.1,83.4,,68c22026-718a-4334-af1f-c7a7abc5defc,1,60
2026-09-24T07:06:05.068,POST,/desembolsos,201,172.9,83.4,,65ff2ccb-06b1-4a06-9ec1-77f47d3d681c,1,60
2026-09-24T07:06:05.184,POST,/desembolsos,201,196.9,105.4,,5af9baa8-b1d7-4a1d-b196-e6e442b2fa68,1,60
2026-09-24T07:06:05.280,POST,/desembolsos,201,175.5,87.0,,2b088bed-3858-4dc5-9530-28edc1cbd0b3,1,60
2026-09-24T07:06:05.378,POST,/desembolsos,201,173.0,85.4,,52e71c5e-d2ed-4cea-9dec-11155e287dc8,1,60
2026-09-24T07:06:05.458,POST,/desembolsos,201,174.4,83.7,,63f21b81-4245-4ba8-9a98-44c5fb1f9529,1,60
2026-09-24T07:06:05.587,POST,/desembolsos,201,172.9,84.9,,9aa89440-f9dd-4464-98bb-634f2bb57295,1,60
2026-09-24T07:06:05.670,POST,/desembolsos,201,175.4,82.4,,de3bb821-012c-4a35-b9d1-aaefc64178e1,1,60
2026-09-24T07:06:05.786,POST,/desembolsos,201,206.9,115.9,,8a6b2a47-e9fa-465b-99bc-c3b81a6cf112,1,60
2026-09-24T07:06:05.868,POST,/desembolsos,201,175.9,83.6,,c86f6687-bdc6-4925-862b-567f692e36ef,1,60
2026-09-24T07:06:05.971,POST,/desembolsos,201,175.9,86.7,,a98d5925-6581-47b8-a2f4-24933274a634,1,60
2026-09-24T07:06:06.076,POST,/desembolsos,201,182.0,86.1,,04c11bec-2a01-47b7-a43b-06fe16fb41f6,1,60
2026-09-24T07:06:06.191,POST,/desembolsos,201,172.9,83.4,,48a14033-44b9-43aa-819e-09a22d953594,1,60
2026-09-24T07:06:06.257,POST,/desembolsos,201,172.5,85.1,,44a06d69-1778-43de-b412-655231de89bd,1,60
2026-09-24T07:06:06.371,POST,/desembolsos,201,175.5,84.8,,e6a2ec83-2b75-41ca-9c5b-cda18d7f2094,1,60
2026-09-24T07:06:06.454,POST,/desembolsos,201,172.8,83.4,,ee9c0274-d14b-4094-9387-8a622bb698c0,1,60
2026-09-24T07:06:06.584,POST,/desembolsos,201,174.4,84.9,,c9152638-9349-453f-a147-5d1d5b2328ee,1,60
2026-09-24T07:06:06.666,POST,/desembolsos,201,174.3,81.4,,30559391-6633-41ca-986b-1e01f37a2665,1,60
2026-09-24T07:06:06.796,POST,/desembolsos,201,170.4,82.9,,e04a959c-ccac-4b03-9f7c-6169f08960d7,1,60
2026-09-24T07:06:06.878,POST,/desembolsos,201,179.1,86.2,,32180b24-bd57-4e30-8a42-30929555607b,1,60
2026-09-24T07:06:06.959,POST,/desembolsos,201,173.1,84.7,,32cac459-6971-4620-b2fc-ba2ec1a36b51,1,60
2026-09-24T07:06:07.076,POST,/desembolsos,201,185.0,92.4,,665e7ab1-1fb5-4925-9bab-97cf97b24ca1,1,60
2026-09-24T07:06:07.166,POST,/desembolsos,201,214.4,90.1,,08c9338f-160d-4d14-9f52-0496cc46e5da,1,60
2026-09-24T07:06:07.280,POST,/desembolsos,201,184.6,94.6,,8daaed79-0a98-4139-a509-35379f700932,1,60
2026-09-24T07:06:07.378,POST,/desembolsos,201,179.0,83.5,,46a2f766-4505-48b3-aa95-1b17c2a4c443,1,60
2026-09-24T07:06:07.460,POST,/desembolsos,201,211.9,85.8,,3681622d-9343-46fc-ab5e-10979c78765e,1,60
2026-09-24T07:06:07.575,POST,/desembolsos,201,192.3,97.3,,9c29dc17-0741-4a82-b21f-b32e0a990515,1,60
2026-09-24T07:06:07.671,POST,/desembolsos,201,182.4,92.7,,8d5fe986-383d-4ea3-a347-e876580abdc9,1,60
2026-09-24T07:06:07.784,POST,/desembolsos,201,210.6,93.9,,9fab736a-a3cc-4c59-b25f-bf5bc3d49f45,1,60
2026-09-24T07:06:07.868,POST,/desembolsos,201,205.3,110.9,,97e751f2-646e-4823-834e-e634b7e4c43a,1,60
2026-09-24T07:06:07.987,POST,/desembolsos,201,179.4,85.7,,0c6ad5d6-7b2c-4763-b367-ca83d4ead333,1,60
2026-09-24T07:06:08.065,POST,/desembolsos,201,176.5,88.7,,1e488635-4206-43e5-a1dc-ac836ed8dca9,1,60
2026-09-24T07:06:08.192,POST,/desembolsos,201,214.5,86.4,,a9882940-1cbf-4552-bf98-0b7f83379646,1,60
2026-09-24T07:06:08.271,POST,/desembolsos,201,213.7,88.5,,baf8e49e-2909-4a0b-a832-5edad76845cd,1,60
2026-09-24T07:06:08.354,POST,/desembolsos,201,210.7,121.9,,f9f126de-6eda-42db-be88-6a6d7febea6f,1,60
2026-09-24T07:06:08.470,POST,/desembolsos,201,169.1,81.9,,278495ef-c522-4af9-bb35-fdaa8c29714d,1,60
2026-09-24T07:06:08.567,POST,/desembolsos,201,170.7,81.5,,edb6f612-4052-4503-af3d-a7eb8a115e7f,1,60
2026-09-24T07:06:08.678,POST,/desembolsos,201,174.6,86.4,,e2d15034-3250-4ee1-aa9f-27cd28b51a9a,1,60
2026-09-24T07:06:08.789,POST,/desembolsos,201,177.5,88.7,,fb68839e-bb54-48e2-bd7f-612584a0cee3,1,60
2026-09-24T07:06:08.869,POST,/desembolsos,201,172.1,83.0,,d8cce55f-b950-45b2-b87c-1c1455194b1e,1,60
2026-09-24T07:06:08.965,POST,/desembolsos,201,194.4,82.7,,6c01efff-e3d4-4d15-8657-cf7be2a00e55,1,60
2026-09-24T07:06:09.076,POST,/desembolsos,201,174.9,85.9,,89e25888-3347-4161-8156-d02e3e839391,1,60
2026-09-24T07:06:09.155,POST,/desembolsos,201,170.1,82.7,,0edb929a-4d37-4479-af78-cc77f4107f2a,1,60
2026-09-24T07:06:09.284,POST,/desembolsos,201,178.2,85.2,,962b7266-df24-414e-a0c4-1d60911d537b,1,60
2026-09-24T07:06:09.396,POST,/desembolsos,201,176.9,86.1,,ba025bcc-6d19-41b9-97e8-8a53b03bd8fc,1,60
2026-09-24T07:06:09.480,POST,/desembolsos,201,199.0,85.0,,72cf67e3-94c6-4dd8-8edb-ea6e2d4375eb,1,60
2026-09-24T07:06:09.557,POST,/desembolsos,201,199.1,83.0,,0a6aa8ee-e8b5-4bae-890e-f2fd03dfd3e8,1,60
2026-09-24T07:06:09.671,POST,/desembolsos,201,189.7,93.4,,9b62a161-6d2a-4528-b077-e0eccb8d32b9,1,60
2026-09-24T07:06:09.755,POST,/desembolsos,201,178.8,84.9,,54f0157f-84a0-4ce0-b0e5-87e7cb1f3740,1,60
2026-09-24T07:06:09.880,POST,/desembolsos,201,170.7,84.3,,f84e11ee-09f5-45c6-ab1d-0c644ce6bead,1,60
2026-09-24T07:06:09.960,POST,/desembolsos,201,172.1,83.4,,b6f0e927-33e7-4093-8dfe-ad8dc8c76a8f,1,60
2026-09-24T07:06:10.070,POST,/desembolsos,201,176.4,85.8,,add702ee-18ce-4f47-ad9d-e4fb466b7119,1,60
2026-09-24T07:06:10.152,POST,/desembolsos,201,176.1,86.6,,a38d0843-3dc8-4b32-8e64-03cfac30ddf4,1,60
2026-09-24T07:06:10.286,POST,/desembolsos,201,170.8,81.9,,34a54a66-3924-4e39-882c-4d4d8671f856,1,60
2026-09-24T07:06:10.367,POST,/desembolsos,201,174.0,84.6,,211ab835-5369-4f1d-9f2c-071e4646ff18,1,60
2026-09-24T07:06:10.493,POST,/desembolsos,201,173.4,84.8,,be480730-b052-4c40-9d69-f101360765a7,1,60
2026-09-24T07:06:10.573,POST,/desembolsos,201,171.9,83.3,,78ddb31d-8f0e-4f1e-a235-e0203a931993,1,60
2026-09-24T07:06:10.653,POST,/desembolsos,201,202.9,83.8,,4d8861bd-67d8-472c-9c7b-bfd9e6303485,1,60
2026-09-24T07:06:10.778,POST,/desembolsos,201,177.0,84.4,,69d23be4-e6b8-4e0e-94f8-9c1f45693972,1,60
2026-09-24T07:06:10.876,POST,/desembolsos,201,172.1,84.6,,41eabe70-0329-4e5a-87c0-8830b970c055,1,60
2026-09-24T07:06:10.989,POST,/desembolsos,201,174.0,84.9,,d8509629-3a9c-46cc-bd1f-4a88d18dcf8a,1,60
2026-09-24T07:06:11.071,POST,/desembolsos,201,183.0,88.0,,976f903c-ff69-45b4-b33d-ba1fd2e52c86,1,60
2026-09-24T07:06:11.181,POST,/desembolsos,201,187.7,83.0,,6fc0a1ed-4b69-4625-af66-a829f4c9bba5,1,60
2026-09-24T07:06:11.261,POST,/desembolsos,201,195.2,105.0,,728110a5-34c4-488f-a8b7-340f88c2d51f,1,60
2026-09-24T07:06:11.389,POST,/desembolsos,201,181.4,84.2,,a75a1e05-8b08-422d-996e-bf549c08a2d8,1,60
2026-09-24T07:06:11.469,POST,/desembolsos,201,174.8,85.3,,cd81ab3c-e0ca-4a1e-ad42-a47dd3912471,1,60
2026-09-24T07:06:11.570,POST,/desembolsos,201,172.8,81.8,,d6fe69d1-d075-49db-b8b6-5ffc1a800f90,1,60
2026-09-24T07:06:11.672,POST,/desembolsos,201,178.0,86.3,,d9035120-d33e-4428-a9b2-f540f868c3f5,1,60
2026-09-24T07:06:11.757,POST,/desembolsos,201,175.1,87.7,,966b713c-5b5d-4da9-9b35-4048965a9c35,1,60
2026-09-24T07:06:11.885,POST,/desembolsos,201,181.3,87.9,,dfe1de15-d7f2-41ee-b1d6-0266bafd869a,1,60
2026-09-24T07:06:11.965,POST,/desembolsos,201,180.2,88.4,,8d8751d1-2177-482f-9318-6674e3d0016e,1,60
2026-09-24T07:06:12.095,POST,/desembolsos,201,182.0,88.4,,73de00f9-3594-4a28-8903-31da3b023dfa,1,60
2026-09-24T07:06:12.175,POST,/desembolsos,201,181.9,93.9,,0b43aa0c-ad54-4912-aec0-7dcd2cf469cb,1,60
2026-09-24T07:06:12.274,POST,/desembolsos,201,173.2,85.8,,08e6cdf1-7955-4849-8b90-5577c60bef6e,1,60
2026-09-24T07:06:12.380,POST,/desembolsos,201,174.6,84.9,,b8094b12-0e8a-4dbf-8d79-af19a8327d04,1,60
2026-09-24T07:06:12.461,POST,/desembolsos,201,171.5,83.7,,2f764c14-d2f0-4e81-8040-85948b2d9252,1,60
2026-09-24T07:06:12.555,POST,/desembolsos,201,174.1,82.5,,e6d5d7fe-b570-4e7c-b485-6bff47ffff57,1,60
