timestamp_iso,metodo,endpoint,status_code,latency_ms,connect_ms,error,siniestro_id,intento,hilos_activos
2026-09-24T04:06:15.573,POST,/desembolsos,201,287.8,137.0,,e5adfdd9-5ab5-4f18-b18d-04c71a108514,1,2
2026-09-24T04:06:15.463,POST,/desembolsos,201,393.4,241.5,,68b81b68-f318-4a8f-8aa0-2add85e9b8b9,1,1
2026-09-24T04:06:15.680,POST,/desembolsos,201,252.1,115.1,,1e4c09c0-a27b-4fba-a6d3-0a151032e4e5,1,3
2026-09-24T04:06:15.778,POST,/desembolsos,201,272.4,113.6,,dd3a5dca-37e7-4c10-8076-9919674fa408,1,4
2026-09-24T04:06:15.860,POST,/desembolsos,201,264.5,112.9,,d1c6068d-7f61-4aac-bb73-7b8e1578a4b7,1,5
2026-09-24T04:06:15.958,POST,/desembolsos,201,237.9,113.4,,7a2be9fe-7891-44bf-ba9b-e54cef8ae4f7,1,6
2026-09-24T04:06:16.055,POST,/desembolsos,201,241.1,110.9,,ec76efc8-5cdf-4690-9a49-698ce707d73e,1,8
2026-09-24T04:06:16.164,POST,/desembolsos,201,249.1,116.7,,99a3657b-6be0-4f9a-a3fa-d70f7cad92e6,1,9
2026-09-24T04:06:16.279,POST,/desembolsos,201,245.4,113.1,,85273134-aee9-4bd8-b930-631f6e5bc929,1,10
2026-09-24T04:06:16.378,POST,/desembolsos,201,242.9,123.9,,12ab4634-ca46-45a6-a0f2-38a67c9c1af5,1,11
2026-09-24T04:06:16.477,POST,/desembolsos,201,238.4,115.3,,4e171ae2-dab9-4355-a635-327cbe212948,1,12
2026-09-24T04:06:16.557,POST,/desembolsos,201,236.0,114.9,,1ae26ad4-cf72-41b2-93ec-ae6be86e1d12,1,14
2026-09-24T04:06:16.668,POST,/desembolsos,201,240.1,112.9,,0eded179-7f93-432f-b5a8-efb7ebb3db03,1,15
2026-09-24T04:06:16.776,POST,/desembolsos,201,236.9,113.9,,9a9242a0-ad27-48c6-a80b-a47e86e41afb,1,16
2026-09-24T04:06:16.857,POST,/desembolsos,201,250.6,113.2,,b2abc671-d288-4d17-948a-e752821a7467,1,17
2026-09-24T04:06:16.959,POST,/desembolsos,201,258.1,131.1,,8c3300ce-7331-4ac7-9d83-dde0a04d094a,1,19
2026-09-24T04:06:17.056,POST,/desembolsos,201,242.6,117.5,,95b34549-b57a-40c1-9d37-af7379706594,1,20
2026-09-24T04:06:17.167,POST,/desembolsos,201,233.8,115.1,,e33056b7-02ed-4faf-bd3c-4763bc875952,1,21
2026-09-24T04:06:17.248,POST,/desembolsos,201,240.1,112.6,,5fa8a0d2-b70b-4362-ab35-1b36a4f5abd9,1,22
2026-09-24T04:06:17.379,POST,/desembolsos,201,238.5,115.3,,abde2491-9129-4f10-92b2-7333a1c580ae,1,23
2026-09-24T04:06:17.477,POST,/desembolsos,201,250.1,130.2,,bda5e932-487c-4c80-9694-534e4bf239f4,1,25
2026-09-24T04:06:17.557,POST,/desembolsos,201,243.8,115.9,,3881cf7c-2046-4045-98f3-80bc6e1c959d,1,26
2026-09-24T04:06:17.671,POST,/desembolsos,201,246.9,119.8,,66f1454c-6e77-4175-bc1b-c3289bb6cbbd,1,27
2026-09-24T04:06:17.781,POST,/desembolsos,201,233.4,111.9,,af94acac-c2a8-45b4-969c-ea0d35270d79,1,28
2026-09-24T04:06:17.880,POST,/desembolsos,201,244.8,120.5,,da8a60e6-5ffa-42e9-8c06-bbce8d30873f,1,29
2026-09-24T04:06:17.962,POST,/desembolsos,201,241.2,121.0,,02dfbd96-93cf-4757-a0a5-4e746c773bda,1,31
2026-09-24T04:06:18.061,POST,/desembolsos,201,249.2,123.7,,26526671-0b35-4e15-a773-0629cf8237c1,1,32
2026-09-24T04:06:18.174,POST,/desembolsos,201,267.5,116.8,,fc60ce2f-3339-4e48-8a55-92b6d4c0dddf,1,33
2026-09-24T04:06:18.265,POST,/desembolsos,201,237.4,114.5,,3defcfd6-1504-43c9-b883-7f0220119000,1,34
2026-09-24T04:06:18.378,POST,/desembolsos,201,247.8,124.1,,5afa5a1b-a663-45fe-a469-3fb2bec96fea,1,35
2026-09-24T04:06:18.462,POST,/desembolsos,201,232.5,112.8,,56462bec-11cc-448d-9e33-f87e119b2120,1,36
2026-09-24T04:06:18.566,POST,/desembolsos,201,234.8,114.1,,a680760c-53a5-40e3-8b7f-8621dab3af68,1,38
2026-09-24T04:06:18.666,POST,/desembolsos,201,240.0,110.0,,e35d9cd7-a165-4b03-8f9c-924add469a8b,1,39
2026-09-24T04:06:18.775,POST,/desembolsos,201,246.9,115.3,,4bb614d3-942b-4128-9007-050df8ca4bac,1,40
2026-09-24T04:06:18.873,POST,/desembolsos,201,267.0,146.8,,6b96af7e-ac22-4eef-bdd8-4155b6e59f93,1,41
2026-09-24T04:06:18.971,POST,/desembolsos,201,233.3,113.3,,522ade84-4e7f-4a8b-8699-ec4b10baead2,1,43
2026-09-24T04:06:19.053,POST,/desembolsos,201,240.2,118.4,,4bcf0c0a-81ad-42d4-a822-5f64b8e75606,1,44
2026-09-24T04:06:19.166,POST,/desembolsos,201,239.8,117.1,,a587afa5-36bd-4544-bd35-07bec7be57ef,1,45
2026-09-24T04:06:19.265,POST,/desembolsos,201,245.1,124.8,,946ffda0-7615-42ff-80be-b024192b0560,1,46
2026-09-24T04:06:19.374,POST,/desembolsos,201,240.2,114.3,,3d5d4ab1-fe8d-434d-a781-934222dcb860,1,47
2026-09-24T04:06:19.465,POST,/desembolsos,201,234.1,113.9,,7c540839-e579-4255-afa7-694a4f267d1b,1,48
2026-09-24T04:06:19.550,POST,/desembolsos,201,235.3,115.3,,0d7fae16-247f-4f48-b56b-3dd9a80b3a5a,1,50
2026-09-24T04:06:19.665,POST,/desembolsos,201,238.0,112.5,,08cb1a73-7f4a-4f0b-9f9e-0f843d490b8d,1,51
2026-09-24T04:06:19.764,POST,/desembolsos,201,237.6,117.1,,ca0840db-c572-4311-81b3-5406cfcc0f25,1,52
2026-09-24T04:06:19.874,POST,/desembolsos,201,230.1,112.3,,0aaeebeb-d1c0-4964-b247-b4c0639de814,1,53
2026-09-24T04:06:19.972,POST,/desembolsos,201,237.8,115.7,,f499c983-12cd-4ff9-b881-6edec7cfc6a5,1,54
2026-09-24T04:06:20.059,POST,/desembolsos,201,246.4,124.8,,3acc93fb-6dfb-43a4-ba5c-a4dd6e2a8cef,1,56
2026-09-24T04:06:20.167,POST,/desembolsos,201,238.6,117.2,,2fbe2078-f2fd-4f2b-9de0-b1953dc3896c,1,57
2026-09-24T04:06:20.250,POST,/desembolsos,201,266.7,146.3,,eb18e373-0a83-4501-ba42-2ea11527e296,1,58
2026-09-24T04:06:20.374,POST,/desembolsos,201,253.6,129.7,,5e1e046a-4caa-439b-9f95-73896204db33,1,59
2026-09-24T04:06:20.467,POST,/desembolsos,201,237.5,117.3,,3a6edbe9-1dc7-4447-a97a-694a7385b644,1,60
2026-09-24T04:06:20.583,POST,/desembolsos,201,236.4,111.0,,6837f826-7617-4b4f-bf71-329a8396d4ba,1,60
2026-09-24T04:06:20.675,POST,/desembolsos,201,238.2,112.3,,fb0f50e9-8649-4493-b9ca-6f07f4de9563,1,60
2026-09-24T04:06:20.775,POST,/desembolsos,201,227.4,111.1,,ad3cc05f-0edc-40c8-8574-de8571ed93ba,1,60
2026-09-24T04:06:20.873,POST,/desembolsos,201,241.1,116.9,,05fde064-49c3-4225-9059-e568f62b2af3,1,60
2026-09-24T04:06:20.964,POST,/desembolsos,201,239.9,114.3,,8ebf53cc-f93e-4921-924c-cb4fa2cce72c,1,60
2026-09-24T04:06:21.058,POST,/desembolsos,201,234.8,116.9,,1b79553b-7072-47d9-97f1-4132f707743b,1,60
2026-09-24T04:06:21.175,POST,/desembolsos,201,241.2,114.6,,bba0e7de-ff56-4f03-9124-2fbc8d82e2d3,1,60
2026-09-24T04:06:21.250,POST,/desembolsos,201,248.0,129.1,,56f60435-49d1-4d7c-8169-9fa320d96473,1,60
2026-09-24T04:06:21.375,POST,/desembolsos,201,235.1,112.6,,45f78eb1-0b60-466d-9ab5-69677628e5fe,1,60
2026-09-24T04:06:21.450,POST,/desembolsos,201,251.8,113.4,,01e301ad-d27d-4dab-bdba-a2d65e206d55,1,60
2026-09-24T04:06:21.552,POST,/desembolsos,201,243.3,122.4,,5717622f-3c12-4006-bcc0-8f15ac0aad22,1,60
2026-09-24T04:06:21.673,POST,/desembolsos,201,236.5,114.6,,c2eefa1e-9dfa-4bc4-8d16-d7f4cd44eb58,1,60
2026-09-24T04:06:21.770,POST,/desembolsos,201,243.7,117.3,,f3232907-a697-43e6-ae24-c0c1279ae2be,1,60
2026-09-24T04:06:21.878,POST,/desembolsos,201,240.9,114.2,,2ed35976-b381-4dbb-a0b9-741875158787,1,60
2026-09-24T04:06:21.974,POST,/desembolsos,201,238.1,110.7,,95b3ee11-76da-45e6-885b-4ebb82017ae8,1,60
2026-09-24T04:06:22.066,POST,/desembolsos,201,236.2,116.6,,133d3fea-2b61-4daf-8649-6c0a91b13549,1,60
2026-09-24T04:06:22.167,POST,/desembolsos,201,252.7,132.2,,87711813-b97a-4b9e-8a73-a6d6b6a92e2f,1,60
2026-09-24T04:06:22.258,POST,/desembolsos,201,267.3,146.3,,910e333d-90a1-4646-88ba-93d2dda5eaa8,1,60
2026-09-24T04:06:22.383,POST,/desembolsos,201,233.2,115.2,,2594e531-fb17-4bd5-bd0e-22dc37116b6a,1,60
2026-09-24T04:06:22.466,POST,/desembolsos,201,240.4,113.0,,f70fd603-884f-4c73-a870-bba43f91123a,1,60
2026-09-24T04:06:22.565,POST,/desembolsos,201,239.2,111.1,,92812154-36a9-403f-896c-64f4d7179571,1,60
2026-09-24T04:06:22.665,POST,/desembolsos,201,251.5,117.8,,b89a66b5-2571-45ab-81d1-f085242c01dc,1,60
2026-09-24T04:06:22.777,POST,/desembolsos,201,278.8,117.9,,b3717712-2042-42dc-87ba-31995f0e97e5,1,60
2026-09-24T04:06:22.875,POST,/desembolsos,201,245.0,117.2,,77807e3e-2453-4dfe-990a-2a69cc63167e,1,60
2026-09-24T04:06:22.972,POST,/desembolsos,201,250.6,125.3,,d38a9534-b267-4049-b07d-b25583b421c5,1,60
2026-09-24T04:06:23.055,POST,/desembolsos,201,256.9,124.9,,b4f68342-d708-49ba-b469-f8a8f4fe1adf,1,60
2026-09-24T04:06:23.176,POST,/desembolsos,201,249.2,120.0,,c5e72114-8500-4a9c-8294-32a93d2fb555,1,60
2026-09-24T04:06:23.275,POST,/desembolsos,201,243.0,112.8,,f4073388-d1d7-4862-bdb9-106805448af6,1,60
2026-09-24T04:06:23.367,POST,/desembolsos,201,261.8,117.6,,1549dc25-4b02-42d9-9218-a19e1fd026ac,1,60
2026-09-24T04:06:23.467,POST,/desembolsos,201,230.2,111.5,,cc33fab8-0d19-42ad-b402-fc613becb207,1,60
2026-09-24T04:06:23.574,POST,/desembolsos,201,236.2,115.7,,104ebefd-3217-4920-a6f7-5e950472dcdb,1,60
2026-09-24T04:06:23.673,POST,/desembolsos,201,240.5,115.8,,8667dcf1-5016-4fc0-826c-72d3e6be751f,1,60
2026-09-24T04:06:23.769,POST,/desembolsos,201,237.8,114.6,,fffc0248-9ffd-4ab0-990c-6e67bb6e8986,1,60
2026-09-24T04:06:23.865,POST,/desembolsos,201,251.6,114.7,,3c6c9707-dd35-46cb-8732-06200fcb02ed,1,60
2026-09-24T04:06:23.960,POST,/desembolsos,201,282.3,132.0,,22ffa45c-91a2-42da-a715-ce96aa88f99f,1,60
2026-09-24T04:06:24.075,POST,/desembolsos,201,250.8,128.8,,bfef5ab7-c927-4ceb-b7d0-08403249a3b8,1,60
2026-09-24T04:06:24.167,POST,/desembolsos,201,257.0,132.1,,d556f97a-f57d-4bec-8839-9aea2925fd9d,1,60
2026-09-24T04:06:24.242,POST,/desembolsos,201,281.5,159.0,,b3d24c3a-a866-4528-9c05-1be545602ba6,1,60
2026-09-24T04:06:24.367,POST,/desembolsos,201,230.7,112.5,,c977284d-3e60-4d76-90da-177c255d3238,1,60
2026-09-24T04:06:24.467,POST,/desembolsos,201,236.4,112.8,,13d18fb9-dfa3-4855-8abf-9830c45d18d3,1,60
2026-09-24T04:06:24.574,POST,/desembolsos,201,236.3,113.4,,b32986bd-662f-431a-a8e0-a5cde4cc798e,1,60
2026-09-24T04:06:24.674,POST,/desembolsos,201,236.3,117.5,,073c28dd-dbf7-4924-a2eb-7c996054f1df,1,60
2026-09-24T04:06:24.770,POST,/desembolsos,201,238.6,112.1,,f236ebcc-f376-4325-9d00-bd0b81422ad8,1,60
2026-09-24T04:06:24.866,POST,/desembolsos,201,272.3,143.2,,9ad381f5-79af-4bf0-acf3-b4e0ae31ccf4,1,60
2026-09-24T04:06:24.977,POST,/desembolsos,201,252.8,126.5,,2c63af22-997c-4266-a4aa-061e267ace1b,1,60
2026-09-24T04:06:25.050,POST,/desembolsos,201,235.7,114.2,,41545686-7333-4430-824f-363884cf6163,1,60
2026-09-24T04:06:25.158,POST,/desembolsos,201,240.8,115.4,,a96eecd3-12dc-4523-8187-8e67efeb8cc5,1,60
2026-09-24T04:06:25.259,POST,/desembolsos,201,248.6,111.8,,e830a3ca-7f22-462f-b036-84993f743f15,1,60
2026-09-24T04:06:25.367,POST,/desembolsos,201,233.3,114.0,,9485a722-bec4-49f3-9369-5485bd8c62e9,1,60
2026-09-24T04:06:25.467,POST,/desembolsos,201,238.1,115.2,,bfaba13a-48e0-4caa-b717-b50885b35262,1,60
2026-09-24T04:06:25.567,POST,/desembolsos,201,243.3,111.0,,ddf59e28-83df-470c-9231-bfb2bc143f98,1,60
2026-09-24T04:06:25.685,POST,/desembolsos,201,242.3,115.2,,d83c4cdd-dccd-4f3d-a3be-9bca2bfea513,1,60
2026-09-24T04:06:25.783,POST,/desembolsos,201,235.7,116.3,,9cae11a5-7a37-4745-8415-53dfbef5c5dd,1,60
2026-09-24T04:06:25.850,POST,/desembolsos,201,235.5,115.6,,0ba891dd-0e2b-4434-bb41-85866d1b3d2a,1,60
2026-09-24T04:06:25.965,POST,/desembolsos,201,234.4,113.1,,8a95b6b8-717a-40a6-bcc6-6ca51a93b962,1,60
2026-09-24T04:06:26.075,POST,/desembolsos,201,234.7,112.8,,802cccfb-ad64-4618-aee1-7d7e0c4d1a35,1,60
2026-09-24T04:06:26.159,POST,/desembolsos,201,246.5,122.8,,33151abb-eca6-4485-8f36-49092752e95b,1,60
2026-09-24T04:06:26.259,POST,/desembolsos,201,229.4,111.5,,41881fda-5e04-4236-863c-fec23c39c791,1,60
2026-09-24T04:06:26.367,POST,/desembolsos,201,232.3,114.1,,f6b36ec3-36eb-447b-aa5d-84cff24169ca,1,60
2026-09-24T04:06:26.466,POST,/desembolsos,201,258.3,115.2,,97e5c65d-0d59-4bc1-94b3-faba44abaf5f,1,60
2026-09-24T04:06:26.566,POST,/desembolsos,201,268.6,143.8,,e5acac55-f84f-493d-8d6d-f57bb1b2f97b,1,60
2026-09-24T04:06:26.677,POST,/desembolsos,201,239.6,113.1,,c6345287-d6cb-4145-836f-e725aaa88151,1,60
2026-09-24T04:06:26.757,POST,/desembolsos,201,230.2,111.3,,6631f086-49f9-4d1e-970d-1438804a6d6e,1,60
2026-09-24T04:06:26.855,POST,/desembolsos,201,236.9,113.5,,f441a08f-885d-4347-a078-2e8f950f0034,1,60
2026-09-24T04:06:26.970,POST,/desembolsos,201,239.8,115.2,,a590c06a-58a3-40b4-a4ba-0f4b9234686a,1,60
2026-09-24T04:06:27.084,POST,/desembolsos,201,250.6,112.9,,438eadb9-1f03-4956-b806-bb7d76b267b7,1,60
2026-09-24T04:06:27.167,POST,/desembolsos,201,238.0,113.5,,f04b1180-77a0-43c9-b1a1-effcd160954b,1,60
2026-09-24T04:06:27.267,POST,/desembolsos,201,233.1,113.4,,3ff19831-789e-49dd-9a1c-64eef4c98cae,1,60
2026-09-24T04:06:27.359,POST,/desembolsos,201,237.2,115.6,,f0b2b8af-318c-400d-9f73-59ebefc99ac1,1,60
2026-09-24T04:06:27.450,POST,/desembolsos,201,232.9,114.2,,30da1e8e-bb3d-47b8-ac0b-bf9eed380a59,1,60
2026-09-24T04:06:27.558,POST,/desembolsos,201,243.7,119.4,,4d5144de-f7c0-4144-b988-c71b0c6435a4,1,60
2026-09-24T04:06:27.674,POST,/desembolsos,201,236.9,115.5,,25960565-90a4-47c4-bece-d31586961b13,1,60
2026-09-24T04:06:27.784,POST,/desembolsos,201,245.5,111.7,,5ff88e63-d434-4940-b1ac-4f6c48aba859,1,60
2026-09-24T04:06:27.880,POST,/desembolsos,201,234.4,113.4,,a0924e93-3f6e-4850-a419-324052ca90f0,1,60
2026-09-24T04:06:27.977,POST,/desembolsos,201,234.8,112.3,,d4a05c14-3a90-446c-96c1-aeadaea0b349,1,60
2026-09-24T04:06:28.059,POST,/desembolsos,201,235.9,117.2,,f8262b2a-da63-42b1-8d2e-dc49c143f3f9,1,60
2026-09-24T04:06:28.175,POST,/desembolsos,201,239.1,113.1,,e0a7ba58-70e1-47b7-865b-104807a904d8,1,60
2026-09-24T04:06:28.267,POST,/desembolsos,201,235.7,117.8,,d19d237d-54df-47a3-838b-cf0bf7d0f9ec,1,60
2026-09-24T04:06:28.375,POST,/desembolsos,201,247.6,117.3,,96ff56ca-c4b8-4abc-8cbd-7891e055c8a2,1,60
2026-09-24T04:06:28.458,POST,/desembolsos,201,264.4,135.8,,f8e88057-4109-4c6d-b5a4-f602b9ee3a8b,1,60
2026-09-24T04:06:28.566,POST,/desembolsos,201,257.4,132.8,,b3bd6efd-0b9a-41e8-9aec-927cdb238150,1,60
2026-09-24T04:06:28.665,POST,/desembolsos,201,237.7,114.3,,2bc3cd46-d2ec-44b4-bf17-10db3a57f1b6,1,60
2026-09-24T04:06:28.779,POST,/desembolsos,201,235.9,115.9,,576539f1-5984-44e5-af77-b3fa5ff072f8,1,60
2026-09-24T04:06:28.875,POST,/desembolsos,201,235.5,112.6,,d009fb82-56fa-48e1-a75a-4d1a733ed654,1,60
2026-09-24T04:06:28.958,POST,/desembolsos,201,254.6,126.2,,718a21d9-704d-446b-aaec-dac5b29816d3,1,60
2026-09-24T04:06:29.067,POST,/desembolsos,201,235.6,114.4,,d1ce9ffb-412f-4ccf-b3ee-eabfb62cf4c2,1,60
2026-09-24T04:06:29.167,POST,/desembolsos,201,254.2,135.7,,9e712f05-cdf6-4025-a07c-7f3cb234c9c5,1,60
2026-09-24T04:06:29.259,POST,/desembolsos,201,236.4,114.3,,85d7db85-4811-462d-ab06-70cf42d856b9,1,60
2026-09-24T04:06:29.359,POST,/desembolsos,201,233.3,112.1,,37f719dd-2bfc-4732-ba86-6c1e01df49b6,1,60
2026-09-24T04:06:29.467,POST,/desembolsos,201,228.2,109.5,,6677e905-bb63-4b05-8375-d114c98f04e5,1,60
2026-09-24T04:06:29.574,POST,/desembolsos,201,231.1,113.1,,484b5bd9-afcf-4303-aca5-58f6ed50fc7a,1,60
2026-09-24T04:06:29.674,POST,/desembolsos,201,236.9,114.3,,fd592a3c-3320-4ce7-a2b0-37fd26bf1673,1,60
2026-09-24T04:06:29.772,POST,/desembolsos,201,235.3,112.0,,9f96ad70-40f1-4a1d-8ea0-2ec5025fb95b,1,60
2026-09-24T04:06:29.871,POST,/desembolsos,201,254.5,136.5,,79d3d274-9232-4851-ba9b-d9bb4f521df7,1,60
2026-09-24T04:06:29.981,POST,/desembolsos,201,258.5,134.8,,702b0624-1880-4686-afe7-6c9ad15c6b27,1,60
2026-09-24T04:06:30.075,POST,/desembolsos,201,233.3,115.0,,17805572-56ca-400f-a3fb-ae3df19c431e,1,60
2026-09-24T04:06:30.167,POST,/desembolsos,201,238.1,113.8,,0a87233f-77f0-4c3c-be27-0987d3d26e4c,1,60
2026-09-24T04:06:30.267,POST,/desembolsos,201,241.2,117.4,,71c26392-1826-4af2-8448-e6533a619ee6,1,60
2026-09-24T04:06:30.375,POST,/desembolsos,201,241.1,112.5,,2b322f55-e9cb-41e8-a769-49096a28339f,1,60
2026-09-24T04:06:30.451,POST,/desembolsos,201,257.0,132.7,,c353e80e-65a2-493c-bad8-08f7673e201a,1,60
2026-09-24T04:06:30.583,POST,/desembolsos,201,241.9,115.7,,198f0475-db2e-426d-aeb2-d431751ae5e9,1,60
2026-09-24T04:06:30.665,POST,/desembolsos,201,243.1,120.2,,33f9ecd8-6ee4-4b8f-9059-31794e5dd06d,1,60
2026-09-24T04:06:30.780,POST,/desembolsos,201,242.8,115.0,,5373084a-60a2-48cd-a3f2-eb56eac11b5b,1,60
2026-09-24T04:06:30.862,POST,/desembolsos,201,239.6,116.6,,b017ae7a-6184-4a94-9025-693c5dda62ac,1,60
2026-09-24T04:06:30.975,POST,/desembolsos,201,250.3,124.8,,8e13be39-608b-4588-86cf-a11686c7254c,1,60
2026-09-24T04:06:31.084,POST,/desembolsos,201,240.7,118.6,,658802cb-82b5-4cfc-87a5-c7598af033ad,1,60
2026-09-24T04:06:31.159,POST,/desembolsos,201,231.8,112.7,,999d43d7-02c2-40bb-b07a-2f8b29190cb7,1,60
2026-09-24T04:06:31.259,POST,/desembolsos,201,238.5,122.0,,447a3f26-baca-43ea-9fe5-46f069ab4ed7,1,60
2026-09-24T04:06:31.376,POST,/desembolsos,201,236.9,112.5,,08892998-6eb0-4a3c-9036-c0c0400e9aac,1,60
2026-09-24T04:06:31.467,POST,/desembolsos,201,232.2,113.0,,decf93a8-a8b8-4d8e-9b37-853b0337077c,1,60
2026-09-24T04:06:31.567,POST,/desembolsos,201,236.1,111.2,,210083f4-1bee-4ff5-b1e7-f9f17c5f9e11,1,60
2026-09-24T04:06:31.664,POST,/desembolsos,201,247.5,115.3,,f1e05b63-6bd9-4b62-9838-e48f3d3ffe8d,1,60
2026-09-24T04:06:31.761,POST,/desembolsos,201,232.7,112.2,,54ee189e-d2ac-481b-9f8c-b148b1a9b2a2,1,60
2026-09-24T04:06:31.869,POST,/desembolsos,201,236.6,112.7,,64117f80-8192-4db9-8a4c-b090d3d17528,1,60
2026-09-24T04:06:31.981,POST,/desembolsos,201,233.5,112.2,,319deada-7534-4bbf-8e62-0fd09aa96d4b,1,60
2026-09-24T04:06:32.066,POST,/desembolsos,201,234.4,112.9,,c166d19c-b8bb-4f46-b6e7-f7f6bcc17ef8,1,60
2026-09-24T04:06:32.167,POST,/desembolsos,201,235.7,118.4,,e4942ed4-e812-488f-b631-f67b74421103,1,60
2026-09-24T04:06:32.259,POST,/desembolsos,201,236.5,118.1,,ee7feffc-cd28-43ce-b388-054c082bd713,1,60
2026-09-24T04:06:32.367,POST,/desembolsos,201,252.7,117.6,,da3ea728-5275-4598-9489-a1b38af44ee0,1,60
2026-09-24T04:06:32.467,POST,/desembolsos,201,272.4,152.6,,3d774898-f483-4568-81a9-aa664cbc1b99,1,60
2026-09-24T04:06:32.568,POST,/desembolsos,201,246.0,119.0,,bbeb7068-bbb2-4c09-a18a-4efd0c2e8970,1,60
2026-09-24T04:06:32.671,POST,/desembolsos,201,247.2,122.8,,291d082b-bc79-42f3-9a3d-74bba2658d05,1,60
2026-09-24T04:06:32.769,POST,/desembolsos,201,249.3,125.4,,32b11ede-8760-4565-8df7-c4f23a9376fc,1,60
2026-09-24T04:06:32.867,POST,/desembolsos,201,241.5,114.9,,e2fd5883-f72f-4b70-99ea-a25e5e357725,1,60
2026-09-24T04:06:32.981,POST,/desembolsos,201,244.6,112.9,,92a642a6-f545-489a-8b9a-39ce579d79a0,1,60
2026-09-24T04:06:33.084,POST,/desembolsos,201,239.6,121.0,,4f72405d-c7b3-4d2a-a89e-7b5482728e4d,1,60
2026-09-24T04:06:33.176,POST,/desembolsos,201,260.7,138.7,,ceb3fcc7-2886-4362-80ed-06c849a12f1f,1,60
2026-09-24T04:06:33.267,POST,/desembolsos,201,235.7,112.6,,01e8fc72-3d27-49c6-be4e-3bd5d36be6ab,1,60
2026-09-24T04:06:33.359,POST,/desembolsos,201,237.4,116.3,,05817430-a584-4f67-9af4-b8bf78eebe90,1,60
2026-09-24T04:06:33.459,POST,/desembolsos,201,244.0,116.3,,999fc9d0-e869-4292-b2dc-8db72928abef,1,60
2026-09-24T04:06:33.560,POST,/desembolsos,201,245.4,117.1,,4eca51af-c208-483e-94e5-a13a69af54cd,1,60
2026-09-24T04:06:33.670,POST,/desembolsos,201,247.8,127.6,,fe5a0556-df64-484e-ab6e-94ec5515511c,1,60
2026-09-24T04:06:33.781,POST,/desembolsos,201,236.2,115.1,,a81e0d29-4e28-4ba4-b705-b03d6b876cff,1,60
2026-09-24T04:06:33.877,POST,/desembolsos,201,233.6,113.0,,f0db152b-0ebb-4e69-ad17-10d7c0e610db,1,60
2026-09-24T04:06:33.983,POST,/desembolsos,201,231.4,110.1,,612d7890-46e4-4c8e-8c5d-eda548fbcd62,1,60
2026-09-24T04:06:34.076,POST,/desembolsos,201,241.5,116.6,,2d3fbcda-2198-45f7-8451-0d8b82af6221,1,60
2026-09-24T04:06:34.184,POST,/desembolsos,201,267.2,113.1,,ca9be298-4cc3-46e6-ac92-c198b3863d3c,1,60
2026-09-24T04:06:34.258,POST,/desembolsos,201,227.6,109.5,,b35f2dfb-2394-48af-8af3-6e6b3579eb7c,1,60
2026-09-24T04:06:34.367,POST,/desembolsos,201,239.4,117.4,,78fa21ba-723a-45e7-af2c-bf6c8fa48ede,1,60
2026-09-24T04:06:34.451,POST,/desembolsos,201,251.7,122.6,,7e1a7493-2790-42f7-82e4-9f7fa44d2e3f,1,60
2026-09-24T04:06:34.573,POST,/desembolsos,201,246.4,118.8,,3e7915fc-e3ef-4a2f-8e42-e19aedb0506f,1,60
2026-09-24T04:06:34.667,POST,/desembolsos,201,254.7,130.0,,6140f395-70d2-4c46-adc8-80a7a5cd2d11,1,60
2026-09-24T04:06:34.786,POST,/desembolsos,201,245.6,116.9,,61f1cac9-3725-4037-8b40-e765e3d6caff,1,60
2026-09-24T04:06:34.868,POST,/desembolsos,201,235.9,114.1,,ef578d05-5f26-42f9-8f23-b2788312aaa3,1,60
2026-09-24T04:06:34.979,POST,/desembolsos,201,241.2,116.6,,46935314-9571-49d8-a8ef-b990d87833b2,1,60
2026-09-24T04:06:35.084,POST,/desembolsos,201,265.3,121.3,,091fbfc9-a475-4eca-82d3-d235f3adfa07,1,60
2026-09-24T04:06:35.167,POST,/desembolsos,201,252.4,129.9,,32f76d13-1c10-4541-9059-40f398644663,1,60
2026-09-24T04:06:35.275,POST,/desembolsos,201,256.2,134.5,,7c8cce64-ca31-4b43-a73d-2707b8557d2b,1,60
2026-09-24T04:06:35.375,POST,/desembolsos,201,241.7,117.1,,ba6d9839-9b10-4832-a1eb-4ae7a35442ed,1,60
2026-09-24T04:06:35.459,POST,/desembolsos,201,249.5,131.1,,1585278a-2b2a-4cb9-b981-3f3fe50e70ed,1,60
2026-09-24T04:06:35.575,POST,/desembolsos,201,240.1,119.8,,123b82e0-3837-4f67-99f6-895f1025f456,1,60
2026-09-24T04:06:35.673,POST,/desembolsos,201,246.7,124.3,,02028638-9fc8-4787-a30a-31bd0657b2f8,1,60
2026-09-24T04:06:35.765,POST,/desembolsos,201,270.0,114.9,,23c8984b-c7bd-4e61-aeee-bff20d6f7e00,1,60
2026-09-24T04:06:35.879,POST,/desembolsos,201,274.9,151.0,,3fa10914-487b-4ebd-9bb6-e7221c2f5564,1,60
2026-09-24T04:06:35.963,POST,/desembolsos,201,241.0,117.2,,2da96f33-c4b1-4b39-8bb3-ff912d83c1f5,1,60
2026-09-24T04:06:36.079,POST,/desembolsos,201,238.5,114.2,,64e15fa4-0b23-4c3d-8aa4-ebe06fcf85b3,1,60
2026-09-24T04:06:36.149,POST,/desembolsos,201,236.2,115.2,,63385640-f7d6-487a-a75c-11a40732eae4,1,60
2026-09-24T04:06:36.258,POST,/desembolsos,201,229.6,112.3,,f7cd7bf9-ef81-4dd0-8ddb-5b196f637cf1,1,60
2026-09-24T04:06:36.389,POST,/desembolsos,201,246.4,121.1,,760d3b18-e9d9-4e74-852e-b78b16e82595,1,60
2026-09-24T04:06:36.469,POST,/desembolsos,201,252.4,115.0,,f6c0b72b-3a4a-49b9-a370-da6cf3ee7f35,1,60
2026-09-24T04:06:36.568,POST,/desembolsos,201,242.6,122.3,,c01e8f72-b84e-464d-ba03-5bd403033da3,1,60
2026-09-24T04:06:36.673,POST,/desembolsos,201,244.8,115.2,,495b94d1-9e42-4fc6-af7d-21e15b33d4d6,1,60
2026-09-24T04:06:36.771,POST,/desembolsos,201,235.5,113.3,,5b67508f-010a-470e-8701-c396f704a55c,1,60
2026-09-24T04:06:36.881,POST,/desembolsos,201,232.5,111.5,,b56fe713-52ab-49bb-9882-d5f577670cf1,1,60
2026-09-24T04:06:36.980,POST,/desembolsos,201,234.7,112.1,,ea653ba9-0d1a-49f8-bc00-12cf03165474,1,60
2026-09-24T04:06:37.076,POST,/desembolsos,201,238.1,114.3,,c9be6ed0-1925-4a92-b9d2-26be1bf08e1d,1,60
2026-09-24T04:06:37.176,POST,/desembolsos,201,235.4,116.4,,cb909e46-edb8-42bf-9de5-9f81bc082a8b,1,60
2026-09-24T04:06:37.268,POST,/desembolsos,201,238.3,113.7,,d4886977-c5f5-4a47-8cbd-756273a663e1,1,60
2026-09-24T04:06:37.368,POST,/desembolsos,201,249.4,127.8,,8bc3c6d3-c664-4961-99a2-394498240797,1,60
2026-09-24T04:06:37.476,POST,/desembolsos,201,245.5,121.5,,746eab07-16bb-43b9-a7ba-b880d09b80d8,1,60
2026-09-24T04:06:37.568,POST,/desembolsos,201,239.1,116.5,,9abf2941-f7b5-4625-b239-d01d37d9fa97,1,60
2026-09-24T04:06:37.673,POST,/desembolsos,201,251.8,128.4,,abe03e29-f8b0-4763-b786-904d9e796360,1,60
2026-09-24T04:06:37.787,POST,/desembolsos,201,235.9,114.1,,4789413f-5fd9-4b38-8ec9-4486049f5127,1,60
2026-09-24T04:06:37.866,POST,/desembolsos,201,262.1,127.0,,ba2ae212-4940-4d5a-a7e6-0c0744690256,1,60
2026-09-24T04:06:37.981,POST,/desembolsos,201,239.3,112.5,,9ac843f2-ef43-4e04-a643-9c9d90ff414a,1,60
2026-09-24T04:06:38.059,POST,/desembolsos,201,235.6,117.5,,f0730a31-fc1d-4f9a-ac61-b8558f8a1340,1,60
2026-09-24T04:06:38.176,POST,/desembolsos,201,239.8,116.1,,c78e4cb0-fe4f-4a35-893e-131fbdd10b5a,1,60
2026-09-24T04:06:38.276,POST,/desembolsos,201,233.8,112.6,,370787fe-7297-45b9-b880-f31c925a50fa,1,60
2026-09-24T04:06:38.360,POST,/desembolsos,201,233.3,112.4,,3a53659b-8132-4165-84ad-f5b2aada2211,1,60
2026-09-24T04:06:38.459,POST,/desembolsos,201,236.2,117.6,,d51fad37-e1a9-40cd-a567-a96796c2069a,1,60
2026-09-24T04:06:38.561,POST,/desembolsos,201,234.1,113.4,,6ecb5c21-fc12-4cc0-ad04-fd6d0b0aeb4e,1,60
2026-09-24T04:06:38.665,POST,/desembolsos,201,236.6,113.3,,1247ef82-f8db-4cff-a2d9-734148f8a900,1,60
2026-09-24T04:06:38.762,POST,/desembolsos,201,247.4,123.9,,a177bef3-cec9-428c-88b2-f2ca80c0c0a8,1,60
2026-09-24T04:06:38.875,POST,/desembolsos,201,254.5,113.3,,54aed9ad-3992-4e16-aeff-197a1078ac44,1,60
2026-09-24T04:06:38.975,POST,/desembolsos,201,267.2,123.1,,c38ea33e-2ba6-4cdb-83ed-9fb0033b21fb,1,60
2026-09-24T04:06:39.068,POST,/desembolsos,201,275.1,128.2,,23da633d-ebb2-407e-afab-49edb0018586,1,60
2026-09-24T04:06:39.175,POST,/desembolsos,201,285.5,137.9,,3888e645-18d6-4e0a-896c-3a94366cd482,1,60
2026-09-24T04:06:39.243,POST,/desembolsos,201,318.8,124.9,,ae5fe196-ed56-4c25-a7c0-2754ec66588b,1,60
2026-09-24T04:06:39.359,POST,/desembolsos,201,323.9,195.2,,fa13d8b5-9a83-476a-b08c-25c0dae6828a,1,60
2026-09-24T04:06:39.459,POST,/desembolsos,201,258.9,125.2,,f1d08e3a-d09d-4f96-8f92-b9fa41dfb33e,1,60
2026-09-24T04:06:39.551,POST,/desembolsos,201,246.0,123.0,,a9996566-aa88-4b3e-a68c-2c7a40b47422,1,60
2026-09-24T04:06:39.647,POST,/desembolsos,201,250.1,130.5,,a08b363c-48ee-4d13-950f-9929d0ac0b44,1,60
2026-09-24T04:06:39.763,POST,/desembolsos,201,261.4,122.4,,5417c220-8afb-4737-bc67-47659be110f2,1,60
2026-09-24T04:06:39.876,POST,/desembolsos,201,241.8,114.3,,1488fe66-17ab-4dfe-ae52-3a52c6f04cba,1,60
2026-09-24T04:06:39.984,POST,/desembolsos,201,330.9,119.3,,8efee86e-f61e-4f06-9323-7361dc27e86d,1,60
2026-09-24T04:06:40.084,POST,/desembolsos,201,264.7,113.3,,b7a0eab6-8a3a-4acf-a5f1-b4801af07e12,1,60
2026-09-24T04:06:40.167,POST,/desembolsos,201,293.8,147.6,,e059f857-0453-4cb5-8c52-48727b0ea247,1,60
2026-09-24T04:06:40.259,POST,/desembolsos,201,294.5,146.5,,758de92c-1ff5-4e39-868f-49b9078e302c,1,60
2026-09-24T04:06:40.376,POST,/desembolsos,201,284.9,125.9,,c235fbb2-0ef2-4004-9006-4197d8aa485d,1,60
2026-09-24T04:06:40.459,POST,/desembolsos,201,265.3,113.3,,c29aceef-1dd3-4e4a-a210-7fb8e664c346,1,60
2026-09-24T04:06:40.554,POST,/desembolsos,201,277.9,124.3,,5497597c-d3e0-4d1e-bdd8-8e276ea88823,1,60
2026-09-24T04:06:40.660,POST,/desembolsos,201,274.4,135.9,,deb5efec-6954-4588-a003-600acf2777e8,1,60
2026-09-24T04:06:40.772,POST,/desembolsos,201,270.3,115.0,,0e7d0996-18fe-48a6-90f0-531b65e0e13a,1,60
2026-09-24T04:06:40.887,POST,/desembolsos,201,272.6,126.1,,9e8b73f4-ca5c-4cfe-b9f7-1f2a8bb5a204,1,60
2026-09-24T04:06:40.968,POST,/desembolsos,201,263.9,117.4,,a07c7b38-2a84-475b-803d-2c10c5479dae,1,60
2026-09-24T04:06:41.060,POST,/desembolsos,201,283.8,150.4,,2269d9be-f6f7-48ac-b476-733abfc5a396,1,60
2026-09-24T04:06:41.160,POST,/desembolsos,201,303.8,167.7,,74d39f2d-98c0-462c-bf46-f54acb71a009,1,60
2026-09-24T04:06:41.268,POST,/desembolsos,201,273.1,122.2,,f6bf3cbb-6a03-4c6b-bcd1-2bd91c88eb84,1,60
2026-09-24T04:06:41.368,POST,/desembolsos,201,293.4,150.2,,db685609-c74d-4a82-9b36-dbea60849e2d,1,60
2026-09-24T04:06:41.459,POST,/desembolsos,201,314.4,176.7,,a2ad1022-3a08-45ab-8ffa-fc0f59d84cba,1,60
2026-09-24T04:06:41.583,POST,/desembolsos,201,254.0,126.4,,eaea0512-b6c6-42a0-8d93-fc57ad26f668,1,60
2026-09-24T04:06:41.650,POST,/desembolsos,201,292.5,142.2,,0c2dadb8-3e0c-4a5e-8abb-100e42fd4188,1,60
2026-09-24T04:06:41.763,POST,/desembolsos,201,255.3,125.9,,e3995011-f8f3-4d63-8929-0f4aa6866dd2,1,60
2026-09-24T04:06:41.871,POST,/desembolsos,201,286.1,130.5,,c57ba6b7-b213-412a-a644-75793385c4c9,1,60
2026-09-24T04:06:41.951,POST,/desembolsos,201,254.3,122.9,,9e55c178-ddd0-43e6-84d3-d826e5d4015f,1,60
2026-09-24T04:06:42.070,POST,/desembolsos,201,261.7,132.2,,1ffecfdc-b0d0-4e0d-beb3-97baa045e6ad,1,60
2026-09-24T04:06:42.151,POST,/desembolsos,201,247.5,125.3,,09cb4700-2d3a-4b02-890d-190d5ff498ca,1,60
2026-09-24T04:06:42.260,POST,/desembolsos,201,301.8,117.6,,971652d9-a9b1-4a86-91df-c4103ffca544,1,60
2026-09-24T04:06:42.368,POST,/desembolsos,201,318.5,182.4,,49c107c5-155f-4465-a30e-eed575abda7a,1,60
2026-09-24T04:06:42.468,POST,/desembolsos,201,323.4,173.6,,2c18f075-59e7-4638-bf1b-5f543efced35,1,60
2026-09-24T04:06:42.547,POST,/desembolsos,201,248.1,127.8,,0eca9ddc-dd35-4396-9ba7-51e57587005d,1,60
2026-09-24T04:06:42.670,POST,/desembolsos,201,258.1,121.7,,76e7cb84-2409-426c-bb69-50c8b59c8d81,1,60
2026-09-24T04:06:42.767,POST,/desembolsos,201,281.2,121.6,,fbecb0e4-e98f-4e9d-80f8-342f0f46aa17,1,60
2026-09-24T04:06:42.877,POST,/desembolsos,201,250.3,125.9,,18182847-0baf-4b96-b951-96a506fadf3d,1,60
2026-09-24T04:06:42.988,POST,/desembolsos,201,269.9,121.6,,751b8467-3260-415f-8644-727809e7bfed,1,60
2026-09-24T04:06:43.068,POST,/desembolsos,201,275.0,145.6,,70a16000-2fcb-462c-9608-4961bd3ca140,1,60
2026-09-24T04:06:43.168,POST,/desembolsos,201,274.2,128.7,,295f5a04-ace2-4365-a4df-3e92fa297d55,1,60
2026-09-24T04:06:43.284,POST,/desembolsos,201,252.2,122.1,,2140d30e-f9bf-4e6a-9604-dadd73edd80d,1,60
2026-09-24T04:06:43.360,POST,/desembolsos,201,260.3,135.7,,6e322931-48bd-4273-9010-6f39b45460b4,1,60
2026-09-24T04:06:43.442,POST,/desembolsos,201,282.4,129.9,,1f616ca1-2ed6-455a-99b1-13af12a0e314,1,60
2026-09-24T04:06:43.560,POST,/desembolsos,201,282.6,153.2,,6b51ba83-afa9-40bb-92e8-28baee2d9b04,1,60
2026-09-24T04:06:43.685,POST,/desembolsos,201,234.8,114.5,,f0350104-3ee6-419b-8bd4-20d441ad1b01,1,60
2026-09-24T04:06:43.782,POST,/desembolsos,201,240.2,121.4,,54bf77f0-9f47-4b19-9c59-2077b2a81ac3,1,60
2026-09-24T04:06:43.854,POST,/desembolsos,201,263.6,137.5,,ecb2f568-121d-47f3-b021-8cc2d20dbc59,1,60
2026-09-24T04:06:43.972,POST,/desembolsos,201,245.9,117.7,,04c7931d-2396-4d3b-a57f-d7781c089b92,1,60
2026-09-24T04:06:44.072,POST,/desembolsos,201,234.4,113.9,,0196fd07-e32e-47bc-96fc-bfb91ebae448,1,60
2026-09-24T04:06:44.183,POST,/desembolsos,201,241.0,113.5,,a3f40b51-ffce-4310-a4dc-e5329bf94e10,1,60
2026-09-24T04:06:44.284,POST,/desembolsos,201,237.1,112.9,,5eeb39c1-504e-41b2-b795-b4f77f34c91c,1,60
2026-09-24T04:06:44.382,POST,/desembolsos,201,239.7,111.1,,91db5fc5-8db9-45ca-8363-0f91b7537886,1,60
2026-09-24T04:06:44.462,POST,/desembolsos,201,242.8,112.7,,7af8c954-5b7d-4756-ad02-ea246171f9b5,1,60
2026-09-24T04:06:44.573,POST,/desembolsos,201,241.7,113.6,,d88b8cf3-8405-4d97-940f-4e66f0ba5204,1,60
2026-09-24T04:06:44.666,POST,/desembolsos,201,233.2,110.7,,eff9344f-0b51-4709-b9e9-5c4c7bb1c0e2,1,60
2026-09-24T04:06:44.771,POST,/desembolsos,201,234.5,117.4,,8ee4f5c4-27a3-4eb1-b0f9-6a59ce27e901,1,60
2026-09-24T04:06:44.868,POST,/desembolsos,201,248.0,127.7,,90965bb0-75c2-4bb4-9bd9-cf51b34ea00d,1,60
2026-09-24T04:06:44.983,POST,/desembolsos,201,236.9,117.4,,886c6745-25b3-4102-9951-f5311a9c152f,1,60
2026-09-24T04:06:45.068,POST,/desembolsos,201,234.4,112.7,,46d51b92-d060-4a40-bcf9-c81e76b8af1f,1,60
2026-09-24T04:06:45.176,POST,/desembolsos,201,250.7,112.4,,dfd87058-e9f2-4a69-b9c2-9a7a4fcf05c4,1,60
2026-09-24T04:06:45.268,POST,/desembolsos,201,248.7,122.9,,070cc041-e17e-49a4-9564-28040c6180da,1,60
2026-09-24T04:06:45.360,POST,/desembolsos,201,259.5,133.5,,6c15ccd2-c9d2-43b9-ad9b-601ed9fa843c,1,60
2026-09-24T04:06:45.460,POST,/desembolsos,201,240.3,116.9,,83a41a00-2503-40a0-8391-9c8588a967df,1,60
2026-09-24T04:06:45.558,POST,/desembolsos,201,240.6,114.1,,3c3af76d-a918-49b1-bad0-85ba7a4fe753,1,60
2026-09-24T04:06:45.672,POST,/desembolsos,201,245.1,113.4,,09f96cbb-df87-45da-a786-d83e3f31473b,1,60
2026-09-24T04:06:45.770,POST,/desembolsos,201,250.8,128.8,,3083fcc5-31f1-41ef-b066-1c98bf138f97,1,60
2026-09-24T04:06:45.884,POST,/desembolsos,201,267.1,137.8,,8fa0376e-b803-4963-8ba4-c47a5d659280,1,60
2026-09-24T04:06:45.966,POST,/desembolsos,201,265.6,127.5,,74e1d25b-9be8-418b-b549-b5e6cfbf9d17,1,60
2026-09-24T04:06:46.075,POST,/desembolsos,201,264.2,140.1,,ac1e750f-832c-4543-8289-d07f7bc9c529,1,60
2026-09-24T04:06:46.171,POST,/desembolsos,201,266.8,138.0,,bf17e245-28c7-466e-bf64-74bfcbc18371,1,60
2026-09-24T04:06:46.283,POST,/desembolsos,201,236.0,116.8,,b5395a8d-bf80-4ec1-84ef-1902b0621f58,1,60
2026-09-24T04:06:46.367,POST,/desembolsos,201,248.4,119.9,,853a1bc4-a6d2-43c6-96c2-d8f432a74d8d,1,60
2026-09-24T04:06:46.464,POST,/desembolsos,201,232.0,112.1,,17fb5fe7-51ad-4362-977b-f357e444d326,1,60
2026-09-24T04:06:46.574,POST,/desembolsos,201,235.7,112.3,,52634991-70f7-4753-84b0-0641069ffad2,1,60
2026-09-24T04:06:46.667,POST,/desembolsos,201,262.3,143.4,,5c519fc2-4a69-48ca-9848-093725df22e1,1,60
2026-09-24T04:06:46.781,POST,/desembolsos,201,255.7,134.4,,fbd1b7ed-c4d9-4c53-8287-33e379aa603e,1,60
2026-09-24T04:06:46.876,POST,/desembolsos,201,228.2,111.8,,6912459c-57a8-4430-be35-5806bc043154,1,60
2026-09-24T04:06:46.973,POST,/desembolsos,201,248.5,112.8,,4bf3e4e7-90f6-41f1-ba86-96a3f605e19b,1,60
2026-09-24T04:06:47.073,POST,/desembolsos,201,245.7,119.9,,cd013d3d-a7fb-49d7-85b9-2b5dafd14bf9,1,60
2026-09-24T04:06:47.184,POST,/desembolsos,201,241.4,118.8,,efa7e11a-f9d9-4426-806a-db7f09eefcdc,1,60
2026-09-24T04:06:47.264,POST,/desembolsos,201,249.1,113.2,,dbf9ff7a-835e-4bfa-ae89-b2c10d93e041,1,60
2026-09-24T04:06:47.375,POST,/desembolsos,201,267.7,138.3,,46b40102-932b-4856-89a7-8cef821e0f7a,1,60
2026-09-24T04:06:47.472,POST,/desembolsos,201,230.5,111.4,,5ced37c9-41bd-4ea6-b772-e21271658b35,1,60
2026-09-24T04:06:47.583,POST,/desembolsos,201,241.7,116.6,,316a667a-9860-4fea-873d-cdc060c71c8f,1,60
2026-09-24T04:06:47.674,POST,/desembolsos,201,234.6,113.7,,622119ba-c5c2-4fd3-8193-1388d6540cb8,1,60
2026-09-24T04:06:47.772,POST,/desembolsos,201,235.9,112.4,,966e6906-52f7-4436-8007-1338b0885467,1,60
2026-09-24T04:06:47.871,POST,/desembolsos,201,272.8,121.0,,e851a874-bb63-4d53-9784-52d7f1b0ef52,1,60
2026-09-24T04:06:47.967,POST,/desembolsos,201,246.9,113.4,,333cf0a8-5f7a-4798-9968-63fcae453f8b,1,60
2026-09-24T04:06:48.068,POST,/desembolsos,201,233.5,113.1,,27e67da6-3b63-4005-9965-aeafa55e68fb,1,60
2026-09-24T04:06:48.176,POST,/desembolsos,201,274.1,119.1,,85dc6157-68fc-4a37-84cc-fe0e1493eaeb,1,60
2026-09-24T04:06:48.268,POST,/desembolsos,201,337.0,179.5,,c97ebf9f-360a-4fdc-84af-5ded84dd6f59,1,60
2026-09-24T04:06:48.377,POST,/desembolsos,201,250.7,114.3,,4b85584e-75db-4a12-81b1-d14b91fb9b90,1,60
2026-09-24T04:06:48.443,POST,/desembolsos,201,287.9,158.2,,3c5d8950-2cca-4543-97f9-9eb1564f42fb,1,60
2026-09-24T04:06:48.566,POST,/desembolsos,201,285.5,152.0,,9175a997-7a78-43e9-9a16-0aa18a4b0420,1,60
2026-09-24T04:06:48.665,POST,/desembolsos,201,311.8,167.3,,ce27f92d-6cf7-4538-bd21-eb31a0fd48a7,1,60
2026-09-24T04:06:48.779,POST,/desembolsos,201,277.6,135.9,,2731470e-5a28-498f-9993-c68eaeaad8ee,1,60
2026-09-24T04:06:48.961,POST,/desembolsos,201,386.4,118.6,,d3b77f7c-9968-4558-9843-2429101cb4fc,1,60
2026-09-24T04:06:48.879,POST,/desembolsos,201,497.9,132.2,,db00355f-8783-40b0-9a99-7e554dc2cd47,1,60
2026-09-24T04:06:49.185,POST,/desembolsos,201,354.7,162.8,,06d72dc7-bf3f-4382-9330-7e13666bd52a,1,60
2026-09-24T04:06:49.051,POST,/desembolsos,201,483.2,291.4,,c2a70291-23ec-4bfa-9973-84ba4f4a5311,1,60
2026-09-24T04:06:49.284,POST,/desembolsos,201,258.6,133.9,,b7d89786-5fc0-49ad-95bd-9550a1d801e9,1,60
2026-09-24T04:06:49.343,POST,/desembolsos,201,303.4,180.4,,76ee0538-bff5-42e1-a23c-a981dc6da40e,1,60
2026-09-24T04:06:49.468,POST,/desembolsos,201,279.6,141.4,,8f776009-1ec8-41ac-a800-a9040c652895,1,60
2026-09-24T04:06:49.575,POST,/desembolsos,201,252.1,117.7,,e1d58289-3c3a-4cc8-85ec-d1329ef5b664,1,60
2026-09-24T04:06:49.674,POST,/desembolsos,201,256.8,118.0,,57dda585-3bab-4b21-8aaf-10e3ad2670d9,1,60
2026-09-24T04:06:49.740,POST,/desembolsos,201,239.5,118.3,,cbe86b6d-a9df-4053-b7e5-3218b568933f,1,60
2026-09-24T04:06:49.855,POST,/desembolsos,201,244.3,123.3,,93ae1bcc-9589-4e9a-8001-2737cd90e6e3,1,60
2026-09-24T04:06:49.968,POST,/desembolsos,201,236.5,117.0,,3f5e2aea-7018-482c-8ce8-2185a6dbd661,1,60
2026-09-24T04:06:50.068,POST,/desembolsos,201,247.0,123.9,,ff9e03e0-0bf4-41c2-889f-a63160a74efa,1,60
2026-09-24T04:06:50.168,POST,/desembolsos,201,252.4,119.2,,ab755067-cb3a-45bd-aec6-fffc0b7dcfef,1,60
2026-09-24T04:06:50.268,POST,/desembolsos,201,236.4,112.5,,3dec5397-96bc-4541-b085-f86d4ec32b1b,1,60
2026-09-24T04:06:50.377,POST,/desembolsos,201,245.7,122.9,,5699e3f2-fca9-48d0-9fc9-93715766b584,1,60
2026-09-24T04:06:50.468,POST,/desembolsos,201,255.1,135.0,,638da70f-135e-4ebd-91e3-7e707b8c6ee8,1,60
2026-09-24T04:06:50.579,POST,/desembolsos,201,264.5,131.0,,922f2094-47cc-420e-9fd7-b5fb69ce84c1,1,60
2026-09-24T04:06:50.665,POST,/desembolsos,201,245.7,112.8,,7d1411d3-1320-45de-aa51-e2d7e5771aed,1,60
2026-09-24T04:06:50.768,POST,/desembolsos,201,253.2,133.7,,df77efcc-18ba-4e5f-8243-85438453ea82,1,60
2026-09-24T04:06:50.863,POST,/desembolsos,201,272.8,115.7,,45dc6ac7-140c-4d25-92ae-5dc5a726a13a,1,60
2026-09-24T04:06:50.961,POST,/desembolsos,201,235.6,113.8,,f81fb0b5-4dd2-4d5f-9789-66c47358d4c1,1,60
2026-09-24T04:06:51.074,POST,/desembolsos,201,234.3,111.1,,67aebb9a-0747-40da-b380-d67a4dc4f31a,1,60
2026-09-24T04:06:51.177,POST,/desembolsos,201,238.4,112.4,,9aa291d1-6c65-4abb-b558-5d76c2c2d73b,1,60
2026-09-24T04:06:51.260,POST,/desembolsos,201,238.2,114.3,,8f3f4368-fb60-484e-99a1-a7f3131da216,1,60
2026-09-24T04:06:51.352,POST,/desembolsos,201,239.9,117.8,,4468b113-4e84-422e-920e-9db3136149e7,1,60
2026-09-24T04:06:51.460,POST,/desembolsos,201,245.0,118.2,,ca162b82-acb2-4f2e-a834-b07b274e3252,1,60
2026-09-24T04:06:51.552,POST,/desembolsos,201,269.4,121.1,,22e9f1d3-6bc0-4b99-ba0d-bceec93f2da9,1,60
2026-09-24T04:06:51.669,POST,/desembolsos,201,256.6,138.9,,c40c6d54-310f-44a1-8de6-85f91f14ea97,1,60
2026-09-24T04:06:51.763,POST,/desembolsos,201,237.8,117.2,,eeb3d5f4-be6a-4024-b901-7e871d21331f,1,60
2026-09-24T04:06:51.871,POST,/desembolsos,201,242.7,113.5,,7d7669e1-65e9-4c88-aa01-bcc774604043,1,60
2026-09-24T04:06:51.949,POST,/desembolsos,201,245.8,122.4,,262b935d-b973-4190-987c-3711ed563af7,1,60
2026-09-24T04:06:52.070,POST,/desembolsos,201,236.2,117.6,,4b8dca22-977b-4ee7-9e62-08fa2c1c858f,1,60
2026-09-24T04:06:52.177,POST,/desembolsos,201,256.4,114.4,,ae33848f-9a37-4d5c-b8be-a8291840464a,1,60
2026-09-24T04:06:52.260,POST,/desembolsos,201,241.0,110.7,,962d407f-bcce-4a2c-b73e-2d7259f664ae,1,60
2026-09-24T04:06:52.368,POST,/desembolsos,201,254.0,128.5,,f858542a-80b6-4965-b9f4-4afa30a9fe22,1,60
2026-09-24T04:06:52.452,POST,/desembolsos,201,242.2,118.0,,4fe30b3d-58d7-493d-bb76-6f50b70b3c57,1,60
2026-09-24T04:06:52.561,POST,/desembolsos,201,237.5,116.2,,4e5071bc-5fc1-4787-9d4d-35f06d6fd90e,1,60
2026-09-24T04:06:52.677,POST,/desembolsos,201,239.1,118.6,,69f9da25-4369-4100-b5b1-b213f21b97f3,1,60
2026-09-24T04:06:52.757,POST,/desembolsos,201,243.9,115.3,,cc68100f-5403-4563-9852-18ee136585fc,1,60
2026-09-24T04:06:52.872,POST,/desembolsos,201,235.6,114.0,,bb1c879b-add3-44d5-bca3-f213ee3f990a,1,60
2026-09-24T04:06:52.967,POST,/desembolsos,201,247.4,118.1,,cbd58789-1c30-4656-870f-6123f0eb8fe9,1,60
2026-09-24T04:06:53.069,POST,/desembolsos,201,267.7,117.4,,5e79dec3-6498-4663-b181-43bea7f97f7a,1,60
2026-09-24T04:06:53.160,POST,/desembolsos,201,263.3,112.1,,f06f9d38-a269-41b0-9fc6-e5ef44fe070a,1,60
2026-09-24T04:06:53.269,POST,/desembolsos,201,265.5,131.4,,3d6a8b49-51ba-40f1-a0bb-18630a284374,1,60
2026-09-24T04:06:53.360,POST,/desembolsos,201,330.9,124.6,,da79f3b9-8a98-45fb-9190-bf3e677d4d93,1,60
2026-09-24T04:06:53.468,POST,/desembolsos,201,329.8,203.8,,5db1edff-b0be-4e64-b9d3-519a81125010,1,60
2026-09-24T04:06:53.576,POST,/desembolsos,201,309.1,161.2,,316f728e-a266-471c-a4c4-84b45bc0d2af,1,60
2026-09-24T04:06:53.664,POST,/desembolsos,201,253.9,126.7,,583a78db-7d15-490c-bdb4-8d1f9738ed26,1,60
2026-09-24T04:06:53.784,POST,/desembolsos,201,260.3,124.9,,f6de5040-7bde-404a-ba53-659db12eb012,1,60
2026-09-24T04:06:53.866,POST,/desembolsos,201,259.5,121.2,,caf056b4-c54e-43f6-a517-0b13f7053693,1,60
2026-09-24T04:06:53.978,POST,/desembolsos,201,253.7,123.7,,c9eff41f-ee19-4ded-83af-1cb8fe949af9,1,60
2026-09-24T04:06:54.060,POST,/desembolsos,201,277.0,150.1,,4ab9d95b-21fc-4e1b-be15-26b3f75be9b5,1,60
2026-09-24T04:06:54.169,POST,/desembolsos,201,253.9,118.9,,ab0e070b-56b3-4b6b-8fcb-6d47c348fa98,1,60
2026-09-24T04:06:54.269,POST,/desembolsos,201,277.0,126.4,,d3c2ad10-2dab-4594-bf77-45ea15a9edba,1,60
2026-09-24T04:06:54.360,POST,/desembolsos,201,277.9,142.5,,ded01409-513d-4e93-90ab-e3803e5ae850,1,60
2026-09-24T04:06:54.469,POST,/desembolsos,201,302.7,169.9,,75b29003-b947-4d73-818b-a68b49a89778,1,60
2026-09-24T04:06:54.545,POST,/desembolsos,201,291.4,124.4,,2be07c72-cbba-47be-a59c-d5488bd8e184,1,60
2026-09-24T04:06:54.667,POST,/desembolsos,201,337.4,167.9,,d9d51bf5-f29a-4603-b14f-48a458a911ae,1,60
2026-09-24T04:06:54.766,POST,/desembolsos,201,277.4,138.1,,7c0d7cae-8e92-45f2-be7b-3aeac6cce815,1,60
2026-09-24T04:06:54.876,POST,/desembolsos,201,251.8,131.2,,62a97cf1-3891-46c3-b25d-b1ad490f2969,1,60
2026-09-24T04:06:54.975,POST,/desembolsos,201,249.6,124.4,,108b5195-1c10-466e-97b1-17d0143c849c,1,60
2026-09-24T04:06:55.044,POST,/desembolsos,201,269.7,116.8,,61135004-3058-4e6a-823c-beb5a64ed416,1,60
2026-09-24T04:06:55.277,POST,/desembolsos,201,296.3,146.6,,b248e559-349f-4cea-a0a7-52161ff8a01a,1,60
2026-09-24T04:06:55.352,POST,/desembolsos,201,356.2,183.6,,85f6c8d7-1a56-4de1-8934-ddb72c32b92c,1,60
2026-09-24T04:06:55.469,POST,/desembolsos,201,268.7,122.6,,1b3ab1b9-035f-4521-9e25-03613821bcb7,1,60
2026-09-24T04:06:55.573,POST,/desembolsos,201,286.2,147.3,,8c7fa01b-4e24-40dc-be14-38c0cb17419f,1,60
2026-09-24T04:06:55.659,POST,/desembolsos,201,328.5,200.3,,b2017eb5-0ae1-4c64-97f3-d6142ea886b4,1,60
2026-09-24T04:06:55.757,POST,/desembolsos,201,240.7,113.7,,76d8b8cd-4c91-4154-830a-00ed3ae8fafc,1,60
2026-09-24T04:06:55.853,POST,/desembolsos,201,245.2,117.7,,cc1e8f5c-b52c-48fb-abb5-a3ee0aadd966,1,60
2026-09-24T04:06:56.061,POST,/desembolsos,201,260.6,127.4,,92e52cba-cb61-4553-b644-1e9d2746de5d,1,60
2026-09-24T04:06:56.169,POST,/desembolsos,201,241.7,113.8,,f6495ddb-47c1-4a98-9e8c-4384d1020f80,1,60
2026-09-24T04:06:55.164,POST,/desembolsos,201,1284.0,122.1,,41110255-8a5e-4d9d-99e7-2d4ee1139dce,1,60
2026-09-24T04:06:56.269,POST,/desembolsos,201,263.3,135.0,,4538c7db-afbb-48db-ae67-3b2ab91a6bdf,1,60
2026-09-24T04:06:56.377,POST,/desembolsos,201,250.1,110.5,,a4b366b9-3ad4-4d77-9c5a-b075b2db28de,1,60
2026-09-24T04:06:56.444,POST,/desembolsos,201,264.9,126.3,,028224bc-0c8f-429d-a85e-5ab2cc39a638,1,60
2026-09-24T04:06:56.569,POST,/desembolsos,201,274.0,121.9,,1129d729-3e2c-46f9-ab94-e3a406344af0,1,60
2026-09-24T04:06:55.969,POST,/desembolsos,201,949.3,114.4,,66368c6b-7871-4f25-80ac-b087997d248e,1,60
2026-09-24T04:06:56.674,POST,/desembolsos,201,327.6,166.8,,73b79268-a380-47f8-b7b6-5a0f8065906b,1,60
2026-09-24T04:06:56.771,POST,/desembolsos,201,245.2,126.5,,f6b02978-25ee-447e-b500-c4e862d7eb9a,1,60
2026-09-24T04:06:56.867,POST,/desembolsos,201,269.0,129.9,,43ae5f23-85b8-457b-8dd2-cabecf0f28db,1,60
2026-09-24T04:06:56.974,POST,/desembolsos,201,278.9,127.5,,79a1489b-0a25-4cd8-a399-f774118e0880,1,60
2026-09-24T04:06:57.160,POST,/desembolsos,201,318.0,138.0,,bcc82be7-9133-4717-9e44-c30cde0ac42d,1,60
2026-09-24T04:06:57.277,POST,/desembolsos,201,261.8,134.9,,73d93f6c-a512-4868-838e-4317e722f9ae,1,60
2026-09-24T04:06:57.369,POST,/desembolsos,201,311.1,170.3,,4acf03ea-c8cd-434a-89a7-1d725f12c064,1,60
2026-09-24T04:06:57.477,POST,/desembolsos,201,314.6,147.6,,c361cc27-3804-4bdd-b31a-34585c559258,1,60
2026-09-24T04:06:57.584,POST,/desembolsos,201,251.2,125.0,,b20743d8-2016-4c8a-9b50-ba2b764c7586,1,60
2026-09-24T04:06:57.667,POST,/desembolsos,201,269.8,126.9,,eaa659bb-379c-49b3-9848-d7b13c6e5451,1,60
2026-09-24T04:06:57.763,POST,/desembolsos,201,304.5,127.8,,bcaa7d56-3f7c-4346-8dcb-65f4663f3c26,1,60
2026-09-24T04:06:57.069,POST,/desembolsos,201,1062.0,133.6,,2900cbc5-864a-4f37-8942-829fd522f9fa,1,60
2026-09-24T04:06:57.877,POST,/desembolsos,201,326.0,131.0,,e73b83a7-e69b-4833-a672-8493fac33bed,1,60
2026-09-24T04:06:57.976,POST,/desembolsos,201,276.1,142.4,,cb8daaec-691f-4fb5-83da-cfd56774c497,1,60
2026-09-24T04:06:58.060,POST,/desembolsos,201,242.1,115.3,,232fe725-27e8-4aca-92f4-050c9e2da216,1,60
2026-09-24T04:06:58.177,POST,/desembolsos,201,247.0,110.8,,d967e7a4-bd01-4abd-9a0b-fc1ab0ee2995,1,60
2026-09-24T04:06:58.277,POST,/desembolsos,201,258.4,115.3,,83ad87c9-b4c7-4151-befa-6d4c45c4de08,1,60
2026-09-24T04:06:58.369,POST,/desembolsos,201,240.3,117.3,,e1240b37-9b85-443d-9d4c-fd71bbab7b21,1,60
2026-09-24T04:06:58.477,POST,/desembolsos,201,233.0,111.3,,435a2a58-36ba-4bd1-a542-62ec4c1d086f,1,60
2026-09-24T04:06:58.562,POST,/desembolsos,201,252.6,126.8,,e6c2ae6e-520c-4495-847c-b6a3bedcf683,1,60
2026-09-24T04:06:58.684,POST,/desembolsos,201,240.6,113.6,,67ddaeb1-56f9-4c12-9f2a-cb9fd9ea25f2,1,60
2026-09-24T04:06:58.781,POST,/desembolsos,201,238.6,113.1,,e7dbf849-9e32-425b-a464-a175de1f96da,1,60
2026-09-24T04:06:58.880,POST,/desembolsos,201,260.3,125.4,,4574c57f-b7bb-4006-b8c8-a43b5a98b378,1,60
2026-09-24T04:06:58.979,POST,/desembolsos,201,240.4,111.9,,ce3a38f2-b661-4adc-9045-b99f062e62fc,1,60
2026-09-24T04:06:59.085,POST,/desembolsos,201,300.3,125.1,,b70690b2-7f84-40a5-87b5-a0d1d67d3ba2,1,60
2026-09-24T04:06:59.269,POST,/desembolsos,201,257.0,129.7,,5999ab44-f5d0-42b8-a976-440eb3478073,1,60
2026-09-24T04:06:59.361,POST,/desembolsos,201,245.9,118.5,,4597f510-73eb-4f4f-9f9f-939a3fb24a38,1,60
2026-09-24T04:06:59.461,POST,/desembolsos,201,234.5,115.6,,1737abca-f8b4-46e6-8076-d3253ae28100,1,60
2026-09-24T04:06:59.569,POST,/desembolsos,201,239.9,113.6,,b49f32ca-5999-4026-b0de-ce27384fde44,1,60
2026-09-24T04:06:59.667,POST,/desembolsos,201,241.5,116.1,,aff28113-c4fa-45f7-b37e-d402f283754a,1,60
2026-09-24T04:06:59.765,POST,/desembolsos,201,239.8,114.5,,d807aa7f-ea98-4642-a61a-ebd8ee5b039f,1,60
2026-09-24T04:06:59.169,POST,/desembolsos,201,874.2,114.7,,29d17a55-3673-44d5-8944-2024a98b458f,1,60
2026-09-24T04:06:59.864,POST,/desembolsos,201,235.4,115.0,,2db491d7-6c7a-4d0e-9334-1a85fbad788a,1,60
2026-09-24T04:06:59.962,POST,/desembolsos,201,241.0,111.8,,a4aa0396-9906-46dd-a860-ebb28c74930a,1,60
2026-09-24T04:07:00.068,POST,/desembolsos,201,243.9,112.9,,4d7741c3-9b3e-4dc0-a64c-736051b68e83,1,60
2026-09-24T04:07:00.169,POST,/desembolsos,201,252.6,122.9,,c7bdd0b5-dfa1-4700-bed1-5d408d56ea62,1,60
2026-09-24T04:07:00.277,POST,/desembolsos,201,258.7,134.3,,131d893f-21a3-4fa0-994f-a25e1b2e9957,1,60
2026-09-24T04:07:00.377,POST,/desembolsos,201,251.1,112.4,,9b65d65a-23c3-47bb-94c5-2290786ee9b2,1,60
2026-09-24T04:07:00.461,POST,/desembolsos,201,239.5,114.5,,cc2957e7-b0a9-4f56-843b-cf5b1f88b02f,1,60
2026-09-24T04:07:00.562,POST,/desembolsos,201,234.5,114.7,,8b13ce03-78d7-4b31-9e95-47e308137d46,1,60
2026-09-24T04:07:00.660,POST,/desembolsos,201,230.7,112.1,,82e24880-8d5d-4ef8-9425-7fdd45235853,1,60
2026-09-24T04:07:00.775,POST,/desembolsos,201,247.4,123.8,,2da3b401-54a1-42e7-9323-3ce50cae77ce,1,60
2026-09-24T04:07:00.873,POST,/desembolsos,201,233.8,113.2,,083d2699-44dc-4608-9bf1-f85deda4264f,1,60
2026-09-24T04:07:00.970,POST,/desembolsos,201,270.2,114.7,,debfa683-f996-4f16-8c1e-f6e44883deb7,1,60
2026-09-24T04:07:01.084,POST,/desembolsos,201,271.6,118.4,,1586ad8d-5575-48d9-b134-efeebf98e4f4,1,60
2026-09-24T04:07:01.169,POST,/desembolsos,201,242.7,122.1,,9f01abbb-c917-463a-b946-f9c865933ff2,1,60
2026-09-24T04:07:01.286,POST,/desembolsos,201,239.4,116.0,,1d29d63e-99a4-4e0f-a9f8-b56196380999,1,60
2026-09-24T04:07:01.352,POST,/desembolsos,201,250.5,116.7,,0db5e899-7a60-477f-b194-714d4abf9c60,1,60
2026-09-24T04:07:01.461,POST,/desembolsos,201,253.9,130.8,,fcd98776-a134-4a02-b646-8b24d808ea0e,1,60
2026-09-24T04:07:01.576,POST,/desembolsos,201,242.0,120.3,,a28ee621-47fd-4560-8c47-d8721c37be8a,1,60
2026-09-24T04:07:01.674,POST,/desembolsos,201,238.8,118.3,,d955f46f-6fea-4787-9e6e-b015482dba8b,1,60
2026-09-24T04:07:01.783,POST,/desembolsos,201,242.6,125.0,,afd287cb-772e-4795-8c3f-4127725f928d,1,60
2026-09-24T04:07:01.874,POST,/desembolsos,201,276.9,148.2,,9a331441-2093-4f2e-a43c-2924c1372d88,1,60
2026-09-24T04:07:01.970,POST,/desembolsos,201,242.5,114.7,,a781ea25-344c-4b7b-8f82-1d6fd4d17a57,1,60
2026-09-24T04:07:02.069,POST,/desembolsos,201,244.8,116.3,,d7f97e81-100e-4bef-955d-f56a24e84bc2,1,60
2026-09-24T04:07:02.178,POST,/desembolsos,201,242.5,118.5,,584dbd9e-7109-4087-8327-fd752e60a963,1,60
2026-09-24T04:07:02.261,POST,/desembolsos,201,237.0,114.8,,c4c7490e-e777-4929-8bf1-c7912c13438f,1,60
2026-09-24T04:07:02.369,POST,/desembolsos,201,246.0,120.2,,f20785c3-8122-432c-844c-40b6121e0f38,1,60
2026-09-24T04:07:02.461,POST,/desembolsos,201,263.7,143.6,,a5d417c7-5d32-4af6-95d7-cbd61f6c16b0,1,60
2026-09-24T04:07:02.568,POST,/desembolsos,201,246.8,118.0,,7ce80838-967e-4f41-a30c-d3be75d1e8fc,1,60
2026-09-24T04:07:02.665,POST,/desembolsos,201,231.9,113.2,,d6adcf93-2069-4f7d-b45c-1c8a9e18bdca,1,60
2026-09-24T04:07:02.777,POST,/desembolsos,201,237.3,112.8,,adb68939-d12a-4704-bbd8-ad350f1aca71,1,60
2026-09-24T04:07:02.874,POST,/desembolsos,201,239.3,117.4,,bb66cde9-dc3c-46a3-a738-817cf7cd3378,1,60
2026-09-24T04:07:02.971,POST,/desembolsos,201,243.5,113.6,,1bedc132-f9ec-4888-85c0-d7265ffb6f4e,1,60
2026-09-24T04:07:03.078,POST,/desembolsos,201,263.6,137.1,,b7b5f8c3-b118-4064-ab1a-f01bc6e17e29,1,60
2026-09-24T04:07:03.169,POST,/desembolsos,201,276.1,153.5,,365c3204-d68e-40cc-bb57-2aca6e45d504,1,60
2026-09-24T04:07:03.260,POST,/desembolsos,201,235.7,112.3,,3ae713b0-9651-4f56-902b-9e4f17fd75fc,1,60
2026-09-24T04:07:03.369,POST,/desembolsos,201,247.2,121.3,,59e776d7-a786-43e5-81c7-aecbd9d22bc6,1,60
2026-09-24T04:07:03.444,POST,/desembolsos,201,343.1,116.3,,8f977028-2f7a-4cff-829e-98e59ab51fd9,1,60
2026-09-24T04:07:03.670,POST,/desembolsos,201,241.2,118.1,,b1d1e27f-ff09-4509-bb69-944674931308,1,60
2026-09-24T04:07:03.561,POST,/desembolsos,201,351.2,227.6,,5c898a2e-fbaf-4c9c-8968-c6f52a63f341,1,60
2026-09-24T04:07:03.764,POST,/desembolsos,201,258.2,134.0,,49816d1f-3ca5-403a-9216-38a6a8127e5a,1,60
2026-09-24T04:07:03.873,POST,/desembolsos,201,240.1,110.6,,e2aa6e93-6b0c-461f-b586-7d5e283586ed,1,60
2026-09-24T04:07:03.967,POST,/desembolsos,201,239.8,116.7,,b061dcc0-a638-4d09-b0ce-c73eccfc57cf,1,60
2026-09-24T04:07:04.069,POST,/desembolsos,201,238.1,117.4,,7ffa2bf2-bdc9-4c31-926d-d32aef9e3cce,1,60
2026-09-24T04:07:04.169,POST,/desembolsos,201,258.1,109.8,,ceb4ae8b-5ce6-435e-a2f0-a0b729d0c0f9,1,60
2026-09-24T04:07:04.268,POST,/desembolsos,201,275.3,117.0,,0fa8cb7f-2f1c-464c-8e4d-966ea70c220d,1,60
2026-09-24T04:07:04.369,POST,/desembolsos,201,257.1,114.3,,3363421c-2fa9-4428-9393-4c2e1ec13af1,1,60
2026-09-24T04:07:04.452,POST,/desembolsos,201,243.5,124.7,,dc05cfdb-47e5-4d0f-880f-6d913e7b9fe5,1,60
2026-09-24T04:07:04.576,POST,/desembolsos,201,244.8,115.2,,57415427-2da4-4455-a083-bcb71a7ff7ea,1,60
2026-09-24T04:07:04.675,POST,/desembolsos,201,247.1,115.8,,4bebab38-e299-4951-b6b3-d77b2963a7e3,1,60
2026-09-24T04:07:04.773,POST,/desembolsos,201,238.6,115.7,,ad157159-992e-49df-990e-52a4bf5a294e,1,60
2026-09-24T04:07:04.869,POST,/desembolsos,201,259.9,133.5,,84c36e1a-2dbe-46fb-864a-ceded6ff0977,1,60
2026-09-24T04:07:04.968,POST,/desembolsos,201,260.4,136.5,,6dd7861b-8f0f-4e70-ab31-6b44c9ecd1d0,1,60
2026-09-24T04:07:05.069,POST,/desembolsos,201,262.2,142.8,,10d1fb9e-ae3d-4623-857e-51157bd54ef6,1,60
2026-09-24T04:07:05.168,POST,/desembolsos,201,242.6,118.4,,9a0c7f5f-ea75-4c8e-9fa8-57d797d107e1,1,60
2026-09-24T04:07:05.270,POST,/desembolsos,201,288.4,115.1,,773352e0-d07d-4e67-8340-824f7600c4b0,1,60
2026-09-24T04:07:05.377,POST,/desembolsos,201,317.4,148.3,,4e8c5d72-f39e-4f9e-9915-e7248444aed9,1,60
2026-09-24T04:07:05.461,POST,/desembolsos,201,239.3,114.7,,8d650ed3-815a-4772-8f22-eb748dee102a,1,60
2026-09-24T04:07:05.553,POST,/desembolsos,201,264.0,136.1,,aa1dc9c8-c56c-4d69-a17a-2a127a694b36,1,60
2026-09-24T04:07:05.656,POST,/desembolsos,201,243.0,118.8,,35e0519b-e27e-4b6d-837d-5785d0c13c0e,1,60
2026-09-24T04:07:05.774,POST,/desembolsos,201,254.1,125.0,,8d10173b-674d-4985-8a04-53d5b9035f8c,1,60
2026-09-24T04:07:05.859,POST,/desembolsos,201,242.7,117.6,,74d70795-be44-4820-8e9a-ad8d5f360deb,1,60
2026-09-24T04:07:05.976,POST,/desembolsos,201,237.9,112.6,,ca9903de-59b2-4850-8b5d-2a3dea768627,1,60
2026-09-24T04:07:06.061,POST,/desembolsos,201,276.8,127.0,,35fdbc43-a220-4054-8531-20b969455e1f,1,60
2026-09-24T04:07:06.169,POST,/desembolsos,201,283.8,124.5,,553a236e-f51a-4995-9f7e-23cda4aea2dd,1,60
2026-09-24T04:07:06.261,POST,/desembolsos,201,241.3,112.9,,236fffbc-706e-4dc0-ac79-5e595c9812b5,1,60
2026-09-24T04:07:06.361,POST,/desembolsos,201,234.0,112.8,,dde05d3f-878a-4d15-8b89-9a2ed4ca1267,1,60
2026-09-24T04:07:06.473,POST,/desembolsos,201,260.0,121.7,,92cd6aef-5fa0-40c4-a758-f012c04ed1ae,1,60
2026-09-24T04:07:06.572,POST,/desembolsos,201,244.2,115.6,,d479d78f-753e-4afd-89db-cd32e01d9dda,1,60
2026-09-24T04:07:06.677,POST,/desembolsos,201,244.2,113.0,,3ee319ec-cfae-49ac-b682-fb5102e9190d,1,60
2026-09-24T04:07:06.762,POST,/desembolsos,201,235.4,114.4,,940dd143-3b19-4404-a22e-706769ad98b3,1,60
2026-09-24T04:07:06.862,POST,/desembolsos,201,239.6,120.9,,515ef02d-2c8c-48a8-b730-b40bbc62f8b9,1,60
2026-09-24T04:07:06.974,POST,/desembolsos,201,234.9,112.4,,3817f8e9-9470-4e7d-ac74-ff494249f56e,1,60
2026-09-24T04:07:07.078,POST,/desembolsos,201,226.9,110.6,,a0006953-01d0-4d10-baf7-3d3af810f65d,1,60
2026-09-24T04:07:07.179,POST,/desembolsos,201,236.3,114.7,,92b1f145-2a69-47da-a6ba-82907d94f6a9,1,60
2026-09-24T04:07:07.252,POST,/desembolsos,201,237.1,112.9,,46f3b03e-0bd2-455d-8ad8-2615bab959dd,1,60
2026-09-24T04:07:07.364,POST,/desembolsos,201,233.2,113.0,,0f5875ad-98cd-4102-8321-3edd1a243a6d,1,60
2026-09-24T04:07:07.456,POST,/desembolsos,201,249.3,121.2,,7f125e99-c26d-4d38-9c89-f9042130889e,1,60
2026-09-24T04:07:07.569,POST,/desembolsos,201,252.2,129.4,,0f8a9f72-29d4-4737-b077-5266c5f1f677,1,60
2026-09-24T04:07:07.685,POST,/desembolsos,201,250.5,112.0,,b873df5f-bb04-4036-b1fe-9f19c54f5057,1,60
2026-09-24T04:07:07.778,POST,/desembolsos,201,242.2,116.5,,c4cb05e1-d92d-450f-ba10-b173536283b4,1,60
2026-09-24T04:07:07.853,POST,/desembolsos,201,260.8,141.2,,20432541-5761-44ec-92ef-88d7851b8e97,1,60
2026-09-24T04:07:07.978,POST,/desembolsos,201,233.3,111.7,,40baeb91-8a55-4dd7-b5ab-dee546052fb7,1,60
2026-09-24T04:07:08.078,POST,/desembolsos,201,240.6,117.4,,6db547a7-fe0b-4825-a545-dc0ae217dca0,1,60
2026-09-24T04:07:08.189,POST,/desembolsos,201,241.7,117.2,,4e8edc48-e4f3-44aa-aaa7-ab01e5673f53,1,60
2026-09-24T04:07:08.269,POST,/desembolsos,201,251.9,114.6,,eb64dd22-7642-4eea-bc78-3a0bcbf5dafc,1,60
2026-09-24T04:07:08.369,POST,/desembolsos,201,248.5,131.1,,73b09dbe-fd41-419a-95e2-15bcf775f559,1,60
2026-09-24T04:07:08.453,POST,/desembolsos,201,252.2,126.2,,41c63ff4-2e10-4b60-bfe2-8547f5a1e8a5,1,60
2026-09-24T04:07:08.578,POST,/desembolsos,201,235.7,111.1,,52c55d7d-92fd-49f4-a02f-82c8cd9699e7,1,60
2026-09-24T04:07:08.668,POST,/desembolsos,201,237.8,114.1,,e1a9d768-9fd6-44d9-88b4-3760e0239f9f,1,60
2026-09-24T04:07:08.782,POST,/desembolsos,201,307.9,117.3,,54d1b86f-bfa1-49f7-be38-9c8bf28d1a6f,1,60
2026-09-24T04:07:08.886,POST,/desembolsos,201,324.4,203.8,,af8bd464-ad27-4b8b-a928-3f3d17a2a71f,1,60
2026-09-24T04:07:08.973,POST,/desembolsos,201,251.3,117.3,,99b03b3b-a245-4089-ac8e-8ffec6bf90ab,1,60
2026-09-24T04:07:09.084,POST,/desembolsos,201,243.2,113.3,,8da83f30-e576-496b-9cd8-d9c46bcad491,1,60
2026-09-24T04:07:09.171,POST,/desembolsos,201,233.9,113.2,,8c82b0e4-ed74-4146-ab2c-b0265deef38a,1,60
2026-09-24T04:07:09.277,POST,/desembolsos,201,235.0,114.0,,993336b4-c3f0-43f1-9ad8-701995a3cef9,1,60
2026-09-24T04:07:09.373,POST,/desembolsos,201,246.3,117.9,,cdd656e8-6c69-4ca3-94cf-53999c3c84d9,1,60
2026-09-24T04:07:09.473,POST,/desembolsos,201,228.0,110.4,,bc1e261a-47e6-495f-be8c-bb4771f38d5e,1,60
2026-09-24T04:07:09.560,POST,/desembolsos,201,238.8,116.6,,0d180232-bf84-4cb3-a420-ada8da79400f,1,60
2026-09-24T04:07:09.659,POST,/desembolsos,201,237.8,113.6,,1b90eaef-93b1-4d0b-ae67-92066c02b8a4,1,60
2026-09-24T04:07:09.765,POST,/desembolsos,201,237.2,113.9,,95187e2c-6096-4ee5-9934-1588d013c52f,1,60
2026-09-24T04:07:09.875,POST,/desembolsos,201,251.1,129.5,,304e4c1d-3072-402f-a104-1d01b8b91366,1,60
2026-09-24T04:07:09.972,POST,/desembolsos,201,236.0,114.5,,0ba338fc-0109-44b4-b40f-92667b61ed98,1,60
2026-09-24T04:07:10.071,POST,/desembolsos,201,264.5,123.2,,18195eaf-ede3-47b7-bdaa-cb603ff614cc,1,60
2026-09-24T04:07:10.178,POST,/desembolsos,201,280.3,157.6,,0eb7f8f6-40d5-45ab-8874-db3b0835e7f3,1,60
2026-09-24T04:07:10.285,POST,/desembolsos,201,236.1,115.5,,e350fe1f-b4fc-4ee6-b27d-7149a24109bd,1,60
2026-09-24T04:07:10.367,POST,/desembolsos,201,230.0,113.9,,d47a6260-77f7-4863-abef-b5e0f5bb3892,1,60
2026-09-24T04:07:10.449,POST,/desembolsos,201,235.3,112.6,,cfaf894c-862c-4b9d-b9b1-1335abbd5731,1,60
2026-09-24T04:07:10.571,POST,/desembolsos,201,255.7,113.3,,e4ce41ea-cd52-4e0a-a26d-c9d0c6de1d97,1,60
2026-09-24T04:07:10.671,POST,/desembolsos,201,237.5,113.0,,629dae43-4fff-4682-954d-c1979ab636bb,1,60
2026-09-24T04:07:10.769,POST,/desembolsos,201,244.0,124.4,,919304e0-a7a0-4294-b5a0-bc0f72581703,1,60
2026-09-24T04:07:10.866,POST,/desembolsos,201,266.5,146.8,,58c57bde-fb8a-4513-a705-b7c86806d207,1,60
2026-09-24T04:07:10.980,POST,/desembolsos,201,262.4,141.7,,1e9baf16-3191-47d0-a26e-73b14f25b1a0,1,60
2026-09-24T04:07:11.075,POST,/desembolsos,201,245.6,117.0,,fc90bb32-e94c-4412-b105-7688e5d432f0,1,60
2026-09-24T04:07:11.186,POST,/desembolsos,201,238.8,112.1,,3587fd3a-6248-476e-9bfd-324e13eda570,1,60
2026-09-24T04:07:11.286,POST,/desembolsos,201,237.1,111.7,,a2e4c1fa-94b2-4781-b797-7fff4bea44b3,1,60
2026-09-24T04:07:11.382,POST,/desembolsos,201,254.3,114.5,,f2d433ba-deba-401d-aa3f-72e96ab0c039,1,60
2026-09-24T04:07:11.464,POST,/desembolsos,201,239.4,113.1,,ac8bd7b5-5eb2-4972-adbe-f68a4b81b308,1,60
2026-09-24T04:07:11.569,POST,/desembolsos,201,232.7,113.7,,c3622fc5-e9e9-48d3-961d-2aa9392bad47,1,60
2026-09-24T04:07:11.661,POST,/desembolsos,201,242.6,122.6,,fadffe25-59c2-44db-bf36-4288caa6fd68,1,60
2026-09-24T04:07:11.768,POST,/desembolsos,201,245.6,122.6,,fad60685-6aa4-41e3-85a7-70a273f58811,1,60
2026-09-24T04:07:11.875,POST,/desembolsos,201,236.2,110.5,,8c9d7751-ddd4-4691-a584-3075e84a2c67,1,60
2026-09-24T04:07:11.984,POST,/desembolsos,201,276.6,127.4,,751faf96-2931-4457-af6a-e74603064b5f,1,60
2026-09-24T04:07:12.079,POST,/desembolsos,201,241.9,114.7,,c8950cae-35a1-4fca-8397-634cfe2823f5,1,60
2026-09-24T04:07:12.175,POST,/desembolsos,201,254.3,135.1,,28ff728d-3336-4e62-b2e6-4d7d5d3cd6e0,1,60
2026-09-24T04:07:12.256,POST,/desembolsos,201,235.3,111.5,,37adea03-d1a3-48ec-ba8c-7321648e8307,1,60
2026-09-24T04:07:12.365,POST,/desembolsos,201,233.0,112.9,,8bfd44f7-aa5f-4edd-9389-d25b0b2e45ac,1,60
2026-09-24T04:07:12.477,POST,/desembolsos,201,231.2,111.2,,16ea3876-629f-47dc-b2f7-7cea1809ea41,1,60
2026-09-24T04:07:12.563,POST,/desembolsos,201,265.3,115.0,,530222c0-1cdd-46e5-bfa2-8f80bde6df40,1,60
2026-09-24T04:07:12.675,POST,/desembolsos,201,274.0,153.4,,4db3be9b-dc85-4e73-bb42-aa86f30fa0ff,1,60
2026-09-24T04:07:12.790,POST,/desembolsos,201,268.9,143.3,,94ba6e81-a4ac-43a0-b396-e0415bd381e6,1,60
2026-09-24T04:07:12.884,POST,/desembolsos,201,239.0,114.2,,a6593b07-9296-4ae8-8cd8-8a25ec4e3141,1,60
2026-09-24T04:07:12.982,POST,/desembolsos,201,242.0,117.0,,e6e6cc47-8ca1-4bcd-b453-88de0f2ca317,1,60
2026-09-24T04:07:13.081,POST,/desembolsos,201,234.0,111.9,,e45addf1-43d4-4f9c-9008-2df7dcd6b757,1,60
2026-09-24T04:07:13.164,POST,/desembolsos,201,251.3,124.4,,ce1e6f7a-114f-4312-8027-1160640b9e5e,1,60
2026-09-24T04:07:13.288,POST,/desembolsos,201,257.5,127.6,,a15ddaf0-981f-49e9-b951-0d7998c2cac4,1,60
2026-09-24T04:07:13.368,POST,/desembolsos,201,232.8,112.5,,bb7dbd53-f68f-4854-a783-a62cb09edf76,1,60
2026-09-24T04:07:13.464,POST,/desembolsos,201,239.7,115.5,,d6056a92-68a8-4798-b4ab-ddd53f65ff34,1,60
2026-09-24T04:07:13.570,POST,/desembolsos,201,240.0,115.7,,930b098e-e069-4690-9548-422a3798651a,1,60
2026-09-24T04:07:13.676,POST,/desembolsos,201,242.1,118.6,,9f0620dd-2a3a-4296-a82c-b5fcb72d8c77,1,60
2026-09-24T04:07:13.774,POST,/desembolsos,201,231.2,113.0,,db61386d-3435-404c-ab5f-6b57eb116858,1,60
2026-09-24T04:07:13.871,POST,/desembolsos,201,247.4,120.7,,17241add-7697-42a6-b444-f3380d19f2b0,1,60
2026-09-24T04:07:13.979,POST,/desembolsos,201,231.3,112.3,,ecd1726b-802d-45c0-b63c-3438df32f1bb,1,60
2026-09-24T04:07:14.060,POST,/desembolsos,201,259.6,136.3,,241449e9-0b50-4c2e-a0d4-b6135dd902e3,1,60
2026-09-24T04:07:14.192,POST,/desembolsos,201,237.5,114.8,,cff41bdc-a2b7-4130-9d4c-fa90e0397db6,1,60
2026-09-24T04:07:14.257,POST,/desembolsos,201,237.6,114.7,,6b6a51d8-5cc6-43d5-b296-729989b3501a,1,60
2026-09-24T04:07:14.371,POST,/desembolsos,201,239.6,115.1,,2ad6f24a-ab18-42cb-b0a0-7ea36383ab72,1,60
2026-09-24T04:07:14.485,POST,/desembolsos,201,240.5,117.6,,58a1bbc6-007d-46d8-ac49-0fe03d8bcd51,1,60
2026-09-24T04:07:14.574,POST,/desembolsos,201,238.0,114.4,,dd716c16-1039-47e2-a570-61017ad41b18,1,60
2026-09-24T04:07:14.672,POST,/desembolsos,201,244.1,115.1,,55be28b5-7ef0-4d3c-9ae3-71afdc01e12f,1,60
2026-09-24T04:07:14.769,POST,/desembolsos,201,267.2,146.3,,38b87ded-6b22-41f9-aa83-b20bcf975c1f,1,60
2026-09-24T04:07:14.882,POST,/desembolsos,201,258.8,139.8,,4557decc-ccfb-4201-ab84-bd73ba067666,1,60
2026-09-24T04:07:14.959,POST,/desembolsos,201,243.7,113.4,,11ee1123-163c-4903-8ec6-7f34101a6cd8,1,60
2026-09-24T04:07:15.072,POST,/desembolsos,201,244.8,114.0,,2e6b4eb2-5da0-42a7-bd62-1cfe98439bab,1,60
2026-09-24T04:07:15.137,POST,/desembolsos,201,257.8,120.0,,39cca149-4b9e-4469-bf0d-2f07ce579ff2,1,60
2026-09-24T04:07:15.251,POST,/desembolsos,201,286.5,138.5,,49ad9e61-ba8b-400a-9901-9f8f98908d1e,1,60
2026-09-24T04:07:15.382,POST,/desembolsos,201,236.1,114.1,,20be4324-0e3f-460f-97df-d51d73f07cbb,1,60
2026-09-24T04:07:15.477,POST,/desembolsos,201,231.8,112.7,,0c02a0cc-e0a3-4eef-8513-06ca9f529be0,1,60
2026-09-24T04:07:15.564,POST,/desembolsos,201,248.0,128.6,,fcbdbbdc-e428-4693-9fb5-f24fcb65f200,1,60
2026-09-24T04:07:15.676,POST,/desembolsos,201,238.8,113.3,,2b8a0249-84b1-4076-8f19-aee93119a86b,1,60
2026-09-24T04:07:15.774,POST,/desembolsos,201,237.2,114.2,,f7316ee9-6468-4282-8ac3-76cb04be7583,1,60
2026-09-24T04:07:15.871,POST,/desembolsos,201,239.7,114.8,,da9989f8-b84a-44b8-a389-b9137fd42237,1,60
2026-09-24T04:07:15.966,POST,/desembolsos,201,259.5,130.5,,41e7dc30-16a5-4656-a6cc-26a3ba65b2de,1,60
2026-09-24T04:07:16.073,POST,/desembolsos,201,338.6,217.1,,8d5f4cf7-5f8b-4409-8927-735b2e3d8a40,1,60
2026-09-24T04:07:16.169,POST,/desembolsos,201,242.3,120.9,,220f3e05-4e9d-4e93-abd0-3c2df21c8a53,1,60
2026-09-24T04:07:16.282,POST,/desembolsos,201,247.8,115.1,,415ded30-cb1a-4d2b-946f-023cde76e8be,1,60
2026-09-24T04:07:16.381,POST,/desembolsos,201,233.3,110.7,,00a159f1-7a8b-4430-a85f-2c9f2282b6c6,1,60
2026-09-24T04:07:16.477,POST,/desembolsos,201,237.2,114.0,,5b0b71cf-2f5a-411a-ba7e-1d43140f60ca,1,60
2026-09-24T04:07:16.578,POST,/desembolsos,201,258.5,132.8,,d13c5e15-541b-479c-a76f-2bf50912a240,1,60
2026-09-24T04:07:16.676,POST,/desembolsos,201,272.7,143.0,,c6ad9f55-909f-41cd-95a3-f2737aaa718b,1,60
2026-09-24T04:07:16.775,POST,/desembolsos,201,234.8,114.4,,60813293-124e-49cd-b6bf-14d301ac67c2,1,60
2026-09-24T04:07:16.853,POST,/desembolsos,201,264.2,139.1,,d91a4da5-7076-46c0-8143-ecc7a33cb0a7,1,60
2026-09-24T04:07:16.946,POST,/desembolsos,201,235.1,116.4,,793c953b-d776-4628-b56e-6e1f01b6dcd9,1,60
2026-09-24T04:07:17.062,POST,/desembolsos,201,251.1,114.9,,d32f3278-4993-407b-b8df-31b05f2c4929,1,60
2026-09-24T04:07:17.177,POST,/desembolsos,201,263.8,138.7,,ba8fdd6e-6571-432b-8385-166f22490458,1,60
2026-09-24T04:07:17.261,POST,/desembolsos,201,245.4,115.7,,e0ff9c3b-3ffc-4a74-a886-15d4a6a702bf,1,60
2026-09-24T04:07:17.375,POST,/desembolsos,201,245.8,116.2,,c5b33da7-a2ee-4126-9236-a9c6efc7a4cc,1,60
2026-09-24T04:07:17.475,POST,/desembolsos,201,242.7,114.7,,fab39f38-7f36-46fb-afcb-4390e30da471,1,60
2026-09-24T04:07:17.579,POST,/desembolsos,201,232.8,111.1,,5cf9b566-15ff-46eb-8b8b-84b79de173e6,1,60
2026-09-24T04:07:17.668,POST,/desembolsos,201,250.4,117.7,,210690f9-60c5-423c-9867-f0989e9e1c8c,1,60
2026-09-24T04:07:17.770,POST,/desembolsos,201,268.5,144.8,,08143902-a7e8-4aeb-b84e-2464241bca70,1,60
2026-09-24T04:07:17.868,POST,/desembolsos,201,301.4,164.1,,bba572e7-73a8-4a00-a9cd-0118013ecc5f,1,60
2026-09-24T04:07:17.983,POST,/desembolsos,201,235.8,113.6,,5aab5829-0768-4681-819a-e20b791b3b62,1,60
2026-09-24T04:07:18.081,POST,/desembolsos,201,240.7,113.8,,bb30a74f-7c87-4f90-90f5-76e45a341434,1,60
2026-09-24T04:07:18.162,POST,/desembolsos,201,233.9,115.0,,dee71bf6-4bbb-4c98-90b3-6200ccd9873c,1,60
2026-09-24T04:07:18.275,POST,/desembolsos,201,248.0,119.6,,af39a42f-d31e-42fe-9f7e-e575995aa063,1,60
2026-09-24T04:07:18.374,POST,/desembolsos,201,272.5,144.7,,eb02fe1c-2b4a-42e3-b928-3326148cbe8d,1,60
2026-09-24T04:07:18.472,POST,/desembolsos,201,272.4,148.3,,7cd8c828-0ede-45aa-96d2-eb15aa742e0c,1,60
2026-09-24T04:07:18.577,POST,/desembolsos,201,242.9,117.5,,cd2ee255-f26a-4ad9-a531-205264c77da6,1,60
2026-09-24T04:07:18.678,POST,/desembolsos,201,241.3,121.3,,01465e91-c851-4ae3-9aa2-a979faaac4f8,1,60
2026-09-24T04:07:18.745,POST,/desembolsos,201,232.1,110.1,,3e1e88a9-c85d-48d0-b8b4-dbd743c7e846,1,60
2026-09-24T04:07:18.855,POST,/desembolsos,201,236.5,113.9,,13ddb02a-f6b9-4886-adef-e08b3d21e9b2,1,60
2026-09-24T04:07:18.961,POST,/desembolsos,201,270.0,114.4,,18081506-cf84-4632-ae35-601e6ae3eaec,1,60
2026-09-24T04:07:19.070,POST,/desembolsos,201,290.0,162.0,,1aa50969-0c50-4fa9-9b80-c65573944eeb,1,60
2026-09-24T04:07:19.186,POST,/desembolsos,201,292.6,164.7,,5c6653ce-abca-4e4c-9d1b-6154b3b3bb91,1,60
2026-09-24T04:07:19.268,POST,/desembolsos,201,253.6,130.8,,c3b7a1f8-8a1e-4e5d-92e2-2484e61b6071,1,60
2026-09-24T04:07:19.353,POST,/desembolsos,201,239.3,109.9,,205e3ae1-0f42-4d19-ba9c-de7cba9d2337,1,60
2026-09-24T04:07:19.461,POST,/desembolsos,201,238.6,115.7,,1d50f15f-ac91-4b12-a905-b59c6689ed5a,1,60
2026-09-24T04:07:19.576,POST,/desembolsos,201,245.9,115.3,,224f2e92-5b1f-4a83-ba26-5076e3ffa6bb,1,60
2026-09-24T04:07:19.673,POST,/desembolsos,201,279.5,111.8,,a655280e-9e62-4e1d-8295-a66cd99752e9,1,60
2026-09-24T04:07:19.761,POST,/desembolsos,201,235.4,115.7,,3548738d-2f5a-4fe2-a8bd-42d33b70e44a,1,60
2026-09-24T04:07:19.865,POST,/desembolsos,201,244.3,117.7,,9cbd8cef-0e1c-4aa2-8a80-02af9e7881aa,1,60
2026-09-24T04:07:19.975,POST,/desembolsos,201,237.9,112.4,,561800ae-cee0-413a-8b21-66c5edf36da0,1,60
2026-09-24T04:07:20.057,POST,/desembolsos,201,259.4,133.0,,990ff33d-98b4-4a21-8f65-077ffd3106a5,1,60
2026-09-24T04:07:20.189,POST,/desembolsos,201,255.0,120.0,,e1c8a813-cc99-4e34-8bf6-cb59e2bafab0,1,60
2026-09-24T04:07:20.262,POST,/desembolsos,201,237.1,113.1,,930a5fa2-c6cf-4da7-bb5b-2d442a865ddf,1,60
2026-09-24T04:07:20.369,POST,/desembolsos,201,241.7,115.3,,f82f2928-27b2-410d-918c-d080349e800e,1,60
2026-09-24T04:07:20.469,POST,/desembolsos,201,251.5,125.0,,3250add5-d20d-4a10-9876-2b22a3527baf,1,60
2026-09-24T04:07:20.574,POST,/desembolsos,201,247.9,129.0,,0f0c4062-343d-48dc-abef-5a276d1e7447,1,60
2026-09-24T04:07:20.687,POST,/desembolsos,201,235.9,112.7,,b3870a47-33f5-4edc-8bf8-9fbbad1cccdd,1,60
2026-09-24T04:07:20.794,POST,/desembolsos,201,244.2,119.3,,f373906f-4101-48d6-8d47-f793a4ae63b2,1,60
2026-09-24T04:07:20.875,POST,/desembolsos,201,235.2,115.6,,809c8a01-3f7d-4e13-b152-cbb57dd95b44,1,60
2026-09-24T04:07:20.973,POST,/desembolsos,201,260.4,123.7,,04eedaa2-ad92-4094-b27f-9f5106b5a450,1,60
2026-09-24T04:07:21.057,POST,/desembolsos,201,240.6,115.6,,335bda24-2877-49a0-811b-f8a1ea9d0fb5,1,60
2026-09-24T04:07:21.170,POST,/desembolsos,201,246.6,111.9,,c7ff9a98-9f13-4dc6-865c-d75987c1786e,1,60
2026-09-24T04:07:21.276,POST,/desembolsos,201,255.2,135.3,,c1b05e95-fa3f-4071-8641-a5583fa60af8,1,60
2026-09-24T04:07:21.361,POST,/desembolsos,201,256.6,115.3,,d62dbbea-69e8-499d-a317-5ac08783dda8,1,60
2026-09-24T04:07:21.475,POST,/desembolsos,201,264.6,142.4,,203773a0-92de-4549-9883-869b8d04cb20,1,60
2026-09-24T04:07:21.566,POST,/desembolsos,201,256.9,127.5,,2878c870-479d-439d-ab66-b2042a510ae4,1,60
2026-09-24T04:07:21.662,POST,/desembolsos,201,232.4,111.8,,ebdbdbfb-ebef-484d-a2e5-959bd72f5c88,1,60
2026-09-24T04:07:21.772,POST,/desembolsos,201,234.5,110.4,,d317efa7-9903-4e8c-a8ef-dab1da590fb2,1,60
2026-09-24T04:07:21.869,POST,/desembolsos,201,242.3,114.5,,0b35d05b-dd97-4603-9023-842dc431faf5,1,60
2026-09-24T04:07:21.977,POST,/desembolsos,201,238.0,112.6,,55e857c6-dbdf-4869-b821-c5b7d22291a4,1,60
2026-09-24T04:07:22.056,POST,/desembolsos,201,236.2,114.9,,4986b7d3-5184-4123-bed4-f59b74463d29,1,60
2026-09-24T04:07:22.167,POST,/desembolsos,201,286.8,116.5,,82c2eb01-a3de-4954-bd7f-43b5d35e3a62,1,60
2026-09-24T04:07:22.282,POST,/desembolsos,201,294.6,171.4,,eca2c25a-83d2-48f6-87a9-fae394df0241,1,60
2026-09-24T04:07:22.370,POST,/desembolsos,201,263.5,113.2,,e045157a-f42a-4fb9-9a2f-8a1379b84075,1,60
2026-09-24T04:07:22.481,POST,/desembolsos,201,280.9,151.7,,96c412af-35a5-4497-99c7-941c6889c43a,1,60
2026-09-24T04:07:22.570,POST,/desembolsos,201,236.1,113.7,,a562cbe4-a79d-471b-be08-6e6eacd94156,1,60
2026-09-24T04:07:22.682,POST,/desembolsos,201,235.1,113.8,,9eab3cd0-9226-4a65-bdcb-b77512bd85b2,1,60
2026-09-24T04:07:22.751,POST,/desembolsos,201,234.3,113.2,,7cbb80da-f4ae-4d1c-ad20-747f874ebaa8,1,60
2026-09-24T04:07:22.853,POST,/desembolsos,201,237.5,115.8,,4df1bb5f-1189-456c-93ab-2735b484d3bf,1,60
2026-09-24T04:07:22.964,POST,/desembolsos,201,243.6,110.4,,1186268b-9628-48b2-8896-7dad0d335b75,1,60
2026-09-24T04:07:23.070,POST,/desembolsos,201,267.5,140.3,,20e1d990-ec7c-453b-be66-360e38364074,1,60
2026-09-24T04:07:23.161,POST,/desembolsos,201,289.3,159.8,,d190f044-f153-4496-84cb-8053bbd456af,1,60
2026-09-24T04:07:23.263,POST,/desembolsos,201,242.8,114.4,,ed2b9ea1-a889-479a-a573-9b94e8977344,1,60
2026-09-24T04:07:23.376,POST,/desembolsos,201,243.7,113.8,,e741eb94-4c1a-43dd-b9ca-7f727e06d7b7,1,60
2026-09-24T04:07:23.445,POST,/desembolsos,201,242.2,115.3,,ca1db2d5-8522-470a-bb9a-56a696cad2f3,1,60
2026-09-24T04:07:23.559,POST,/desembolsos,201,235.0,114.7,,21a409cc-96e8-40e3-85cd-305c59770ff8,1,60
2026-09-24T04:07:23.669,POST,/desembolsos,201,253.8,113.8,,7bd6b723-e59e-4781-8a68-3a3570e92c44,1,60
2026-09-24T04:07:23.778,POST,/desembolsos,201,238.8,112.7,,2b44f8fa-30e1-4a4d-a8cd-eaff7156962b,1,60
2026-09-24T04:07:23.877,POST,/desembolsos,201,235.3,113.6,,a97db232-231d-4f70-8d75-07260ad10270,1,60
2026-09-24T04:07:23.969,POST,/desembolsos,201,246.3,121.5,,b5f88879-078c-4e0c-b8d8-10ce57ff86b6,1,60
2026-09-24T04:07:24.068,POST,/desembolsos,201,239.9,117.2,,72e58854-71ac-40c8-a89d-74cd50473f0d,1,60
2026-09-24T04:07:24.152,POST,/desembolsos,201,232.3,115.4,,9fa26d95-db23-49e7-8a2a-384dcb2b5db6,1,60
2026-09-24T04:07:24.265,POST,/desembolsos,201,236.7,113.4,,a37c2d21-5f38-487b-aa8a-bead71b2ecde,1,60
2026-09-24T04:07:24.377,POST,/desembolsos,201,245.7,123.9,,c29361d9-68d7-469a-9347-e1b9bd4a8adf,1,60
2026-09-24T04:07:24.486,POST,/desembolsos,201,259.0,121.0,,38da6b59-9e2f-4834-9a29-c789d93d69a3,1,60
2026-09-24T04:07:24.584,POST,/desembolsos,201,270.0,150.9,,f5cec9bc-7145-40bd-835c-9b13be61c09e,1,60
2026-09-24T04:07:24.665,POST,/desembolsos,201,236.1,113.4,,d8ea914e-d085-4e6a-b87c-0759bb794491,1,60
2026-09-24T04:07:24.765,POST,/desembolsos,201,272.6,114.4,,6ba4c9ef-6263-4ba6-9c6b-c5de44d5b68f,1,60
2026-09-24T04:07:24.864,POST,/desembolsos,201,281.1,114.8,,43f1fad8-da4c-4f34-898d-7bd772715103,1,60
2026-09-24T04:07:24.949,POST,/desembolsos,201,245.9,114.0,,f41be92b-e74d-48ea-9199-d835bf8189d3,1,60
2026-09-24T04:07:25.059,POST,/desembolsos,201,244.6,125.5,,0a1db76f-1c00-4e3f-a24c-91ddfc7f9ce8,1,60
2026-09-24T04:07:25.188,POST,/desembolsos,201,241.7,114.6,,8e8c1f8d-7e4f-40ea-bf01-c6bdcddd5d99,1,60
2026-09-24T04:07:25.270,POST,/desembolsos,201,242.5,120.4,,193847ca-5741-420d-a6a3-a1ee921a4f63,1,60
2026-09-24T04:07:25.366,POST,/desembolsos,201,271.4,120.4,,503e2cc2-13d8-4a7c-a238-c921dd52c056,1,60
2026-09-24T04:07:25.477,POST,/desembolsos,201,288.1,160.7,,66255177-1663-440f-8949-5054c98d8dbd,1,60
2026-09-24T04:07:25.560,POST,/desembolsos,201,236.5,114.4,,4d40303b-a909-4df8-bb55-93be100238a7,1,60
2026-09-24T04:07:25.667,POST,/desembolsos,201,233.7,112.9,,e2954386-cb57-4c40-8f4c-5db70fa37eb6,1,60
2026-09-24T04:07:25.764,POST,/desembolsos,201,236.6,113.7,,151c7e3a-8a89-4ad9-971c-9537f4f29e26,1,60
2026-09-24T04:07:25.862,POST,/desembolsos,201,245.8,119.0,,bd1c51f4-752f-443d-9cd1-99076bdaab8e,1,60
2026-09-24T04:07:25.959,POST,/desembolsos,201,237.1,116.0,,253f9cc8-a72e-487e-b504-7586fd56384e,1,60
2026-09-24T04:07:26.062,POST,/desembolsos,201,258.8,114.4,,d2a57af4-8620-4d75-8c9c-80d307c14723,1,60
2026-09-24T04:07:26.175,POST,/desembolsos,201,270.5,145.2,,f68910e7-5812-4c98-a4eb-33e5ea2a38c6,1,60
2026-09-24T04:07:26.275,POST,/desembolsos,201,280.2,153.9,,9bc786aa-2a11-45ab-8356-bd092bfa2600,1,60
2026-09-24T04:07:26.370,POST,/desembolsos,201,236.8,117.0,,b438dfe8-0044-4053-9b48-4bce227cee08,1,60
2026-09-24T04:07:26.446,POST,/desembolsos,201,247.6,115.7,,a6cbcd88-0637-4ce1-a6a6-c54e39d68891,1,60
2026-09-24T04:07:26.544,POST,/desembolsos,201,240.9,120.3,,52d3b484-94f9-4f7b-8dad-354581d14460,1,60
2026-09-24T04:07:26.661,POST,/desembolsos,201,241.6,119.2,,365c5f78-e528-434d-80ff-33cf86d74989,1,60
2026-09-24T04:07:26.760,POST,/desembolsos,201,246.2,125.3,,07254f70-6017-4480-acab-dfc9616aedc9,1,60
2026-09-24T04:07:26.876,POST,/desembolsos,201,239.3,114.1,,7851cb2d-6ce7-4801-a78b-e798dc0a1c33,1,60
2026-09-24T04:07:26.960,POST,/desembolsos,201,247.7,120.5,,c87fdbb6-e09c-4c11-b3f1-054df59e8774,1,60
2026-09-24T04:07:27.071,POST,/desembolsos,201,240.1,115.8,,887cb833-506a-4f3f-84d2-11585cab5881,1,60
2026-09-24T04:07:27.162,POST,/desembolsos,201,249.2,118.1,,ed490b03-d789-49f9-b621-dafdfb0fd14c,1,60
2026-09-24T04:07:27.278,POST,/desembolsos,201,263.3,131.8,,22ae6487-a1ce-44c7-bcae-19c508fb10af,1,60
2026-09-24T04:07:27.394,POST,/desembolsos,201,243.7,119.9,,3e2b7bb8-0f9b-4650-b892-f4c5c777a648,1,60
2026-09-24T04:07:27.460,POST,/desembolsos,201,236.9,112.5,,fb33dc72-a146-4bc6-b6f4-89c53415d194,1,60
2026-09-24T04:07:27.569,POST,/desembolsos,201,263.3,127.9,,bb3ee02a-5b87-4989-9ce6-a71c12e47ebb,1,60
2026-09-24T04:07:27.667,POST,/desembolsos,201,246.8,118.2,,021d4d07-0787-45fe-838d-772843d9766e,1,60
2026-09-24T04:07:27.770,POST,/desembolsos,201,238.3,114.5,,5e0ea785-42e0-46d1-b926-d3ec0d45aab7,1,60
2026-09-24T04:07:27.867,POST,/desembolsos,201,239.1,114.8,,25ebbb1d-c6df-4a7f-863a-857661155acf,1,60
2026-09-24T04:07:27.967,POST,/desembolsos,201,259.9,124.0,,146afb7e-5608-4663-b925-6e835338b463,1,60
2026-09-24T04:07:28.068,POST,/desembolsos,201,250.1,114.9,,92621fab-ef5a-40e3-b6d3-f8edc8d1e7e3,1,60
2026-09-24T04:07:28.165,POST,/desembolsos,201,259.6,115.5,,6e2504e5-a63d-4224-a670-1ad6f8feb007,1,60
2026-09-24T04:07:28.276,POST,/desembolsos,201,275.9,148.8,,a56810d3-aefd-44db-aee7-03d7d0c9fa46,1,60
2026-09-24T04:07:28.358,POST,/desembolsos,201,235.7,113.6,,d866eda2-f263-4e4b-a8c4-11e50bd4b664,1,60
2026-09-24T04:07:28.457,POST,/desembolsos,201,253.1,113.3,,681dee7f-5c2b-420d-99a7-58d52f0db520,1,60
2026-09-24T04:07:28.570,POST,/desembolsos,201,245.9,118.0,,a98d73f0-ae94-48f6-9a62-8eaf3cf3a5dc,1,60
2026-09-24T04:07:28.684,POST,/desembolsos,201,231.2,110.8,,667608b8-49ae-4e01-b898-866e5da4c421,1,60
2026-09-24T04:07:28.778,POST,/desembolsos,201,236.8,113.8,,a5c6c7eb-60ba-4fe7-8f46-d31ff6812e20,1,60
2026-09-24T04:07:28.878,POST,/desembolsos,201,242.3,119.1,,0fc12120-a5be-40b7-b504-cd0e7006ae46,1,60
2026-09-24T04:07:28.977,POST,/desembolsos,201,244.1,113.8,,cc753a03-9084-4fe8-882b-8134172f85c9,1,60
2026-09-24T04:07:29.061,POST,/desembolsos,201,243.7,120.3,,563eb355-bd32-40da-b51e-b2df06462276,1,60
2026-09-24T04:07:29.178,POST,/desembolsos,201,243.6,116.3,,3b85030e-13e7-456c-b8dd-358e1389408a,1,60
2026-09-24T04:07:29.278,POST,/desembolsos,201,259.8,115.2,,5b108dd1-2753-4045-a29c-233399b89c4c,1,60
2026-09-24T04:07:29.377,POST,/desembolsos,201,262.6,119.3,,050c3345-bf8c-44d7-a60e-fe8160030298,1,60
2026-09-24T04:07:29.476,POST,/desembolsos,201,242.5,122.2,,e10a0d51-b823-4fde-9e54-1569ca4b0f82,1,60
2026-09-24T04:07:29.566,POST,/desembolsos,201,257.6,120.5,,ca9d7a9c-72a4-49bb-a4e2-7c97a13e3175,1,60
2026-09-24T04:07:29.669,POST,/desembolsos,201,269.4,145.2,,09fbddfb-ee0f-414a-8bbd-88c25d8f80e6,1,60
2026-09-24T04:07:29.750,POST,/desembolsos,201,239.3,116.6,,5629d3e5-e948-4dd8-9618-7d1274823b01,1,60
2026-09-24T04:07:29.861,POST,/desembolsos,201,230.9,111.1,,2ce53777-7e75-4dbd-8a3e-57458e8ce88d,1,60
2026-09-24T04:07:29.959,POST,/desembolsos,201,242.6,120.1,,2ed212a5-0994-4dac-8d05-a7a0079ebf01,1,60
2026-09-24T04:07:30.056,POST,/desembolsos,201,246.1,114.5,,790f74e2-7d82-48fa-8124-c5ac81231926,1,60
2026-09-24T04:07:30.169,POST,/desembolsos,201,245.8,121.0,,408a8949-5c50-49b5-8456-18b44af2d480,1,60
2026-09-24T04:07:30.267,POST,/desembolsos,201,240.2,114.5,,91b65382-e95c-4908-ae0b-4046ee4bc96c,1,60
2026-09-24T04:07:30.378,POST,/desembolsos,201,244.1,118.5,,6fb28854-b83a-4325-8123-c7fa6cd2a184,1,60
2026-09-24T04:07:30.459,POST,/desembolsos,201,259.0,111.6,,78ecf614-c73a-4b9e-8378-d51b6781d18b,1,60
2026-09-24T04:07:30.562,POST,/desembolsos,201,279.8,156.6,,13545227-5715-4ae8-860b-5a5d771c5bc4,1,60
2026-09-24T04:07:30.676,POST,/desembolsos,201,272.9,149.6,,e04681cd-d67b-49e3-abe3-a6fd7ed0765c,1,60
2026-09-24T04:07:30.759,POST,/desembolsos,201,233.1,112.8,,75a9f57a-3b8b-43f5-8eb3-77cc29e2a340,1,60
2026-09-24T04:07:30.870,POST,/desembolsos,201,242.7,114.4,,ecbda894-7541-4368-85e7-9af69caa7285,1,60
2026-09-24T04:07:30.969,POST,/desembolsos,201,241.7,120.6,,d6abcd06-e1f5-410f-af88-9c210d4d4afc,1,60
2026-09-24T04:07:31.076,POST,/desembolsos,201,237.0,112.2,,3dfe4432-fddb-4788-a906-34637dcd41ac,1,60
2026-09-24T04:07:31.187,POST,/desembolsos,201,246.7,112.4,,06340fd3-aa37-4be6-a896-7fd764e6e06b,1,60
2026-09-24T04:07:31.264,POST,/desembolsos,201,237.1,114.7,,2a47595c-365a-4a08-a048-0457aec5bcd0,1,60
2026-09-24T04:07:31.376,POST,/desembolsos,201,238.0,115.9,,6a2febb3-3f66-460c-9492-01d6e51ea7c2,1,60
2026-09-24T04:07:31.462,POST,/desembolsos,201,241.6,122.2,,6102f2f9-91f4-4947-99fe-a2cdc488ed64,1,60
2026-09-24T04:07:31.565,POST,/desembolsos,201,238.3,118.3,,2537acb7-358b-499b-8824-d85eed716875,1,60
2026-09-24T04:07:31.681,POST,/desembolsos,201,235.7,114.8,,b042f039-dd5d-4294-9ba1-900437d277ea,1,60
2026-09-24T04:07:31.762,POST,/desembolsos,201,270.1,113.5,,e054073d-eead-4b64-8155-7bd3c7d9f0d8,1,60
2026-09-24T04:07:31.851,POST,/desembolsos,201,248.5,123.7,,86284f35-af73-4532-a8e9-37091995149f,1,60
2026-09-24T04:07:31.972,POST,/desembolsos,201,234.2,115.6,,18ce8370-1a27-43ea-a7df-b72240b0efd6,1,60
2026-09-24T04:07:32.062,POST,/desembolsos,201,237.9,115.2,,b17989a7-8acd-4f17-a48d-fed229b977d8,1,60
2026-09-24T04:07:32.171,POST,/desembolsos,201,240.2,118.2,,87c287a9-1d90-465f-bc5e-1fc0422710d3,1,60
2026-09-24T04:07:32.271,POST,/desembolsos,201,245.0,122.9,,3127d670-6090-42a0-a3f4-7f0d98366ba3,1,60
2026-09-24T04:07:32.371,POST,/desembolsos,201,253.0,131.0,,79e431bc-5ea4-4dd4-ba8a-cd90dd8d447e,1,60
2026-09-24T04:07:32.462,POST,/desembolsos,201,234.4,111.8,,7a991ab5-3041-4589-926a-ed33e19a53ca,1,60
2026-09-24T04:07:32.572,POST,/desembolsos,201,234.1,115.3,,e0c69c19-f932-4174-8eb1-7cc0cc79ff14,1,60
2026-09-24T04:07:32.677,POST,/desembolsos,201,254.2,125.8,,b9b8433a-32a0-4ecf-884c-b5b5d909a22c,1,60
2026-09-24T04:07:32.756,POST,/desembolsos,201,243.7,120.7,,10aa49ac-d967-4d5f-818e-3af7a698e65d,1,60
2026-09-24T04:07:32.862,POST,/desembolsos,201,235.8,117.5,,01a771bb-be6f-48a0-ac25-f8c80d68c4f0,1,60
2026-09-24T04:07:32.959,POST,/desembolsos,201,237.0,114.9,,794b8d38-0a3a-4854-b81a-1815898e8c14,1,60
2026-09-24T04:07:33.054,POST,/desembolsos,201,242.2,123.2,,992f77d7-ebd7-486a-bffd-c64cd56459f6,1,60
2026-09-24T04:07:33.166,POST,/desembolsos,201,234.5,112.0,,320fa3a7-9a38-4b14-b240-be204c96e793,1,60
2026-09-24T04:07:33.276,POST,/desembolsos,201,241.1,114.9,,d21269d5-2f36-43c0-9083-e7637e435624,1,60
2026-09-24T04:07:33.372,POST,/desembolsos,201,242.5,120.0,,50f65e0c-3c99-4797-ba84-dc13270a43db,1,60
2026-09-24T04:07:33.482,POST,/desembolsos,201,231.5,111.1,,23b36386-656a-4958-9668-8c00dc6b316e,1,60
2026-09-24T04:07:33.578,POST,/desembolsos,201,239.1,115.0,,834c0801-5756-493a-aa69-8e33bfa61b47,1,60
2026-09-24T04:07:33.678,POST,/desembolsos,201,236.0,112.2,,6b005854-e4e5-4c67-b18c-238d73a9094e,1,60
2026-09-24T04:07:33.762,POST,/desembolsos,201,234.0,114.1,,dde803d7-4d6e-4879-9e2b-1ffdd5862581,1,60
2026-09-24T04:07:33.873,POST,/desembolsos,201,238.2,116.5,,d15f5b48-b15a-4ed3-906c-0f34f99c4f56,1,60
2026-09-24T04:07:33.954,POST,/desembolsos,201,254.3,113.3,,79033b47-2c5d-4c5a-884a-1a307738ca5e,1,60
2026-09-24T04:07:34.061,POST,/desembolsos,201,241.8,112.5,,5d5a1552-6b43-49f9-8104-58440771ce92,1,60
2026-09-24T04:07:34.173,POST,/desembolsos,201,245.1,124.4,,3bde95df-6f09-43c5-a7cd-078ec5ca1ddb,1,60
2026-09-24T04:07:34.254,POST,/desembolsos,201,246.0,112.3,,4f9516dd-b980-42cf-b1ef-31a6b5ce4c0f,1,60
2026-09-24T04:07:34.363,POST,/desembolsos,201,244.0,113.4,,f87084e1-bb30-498b-974e-899b96204f8c,1,60
2026-09-24T04:07:34.462,POST,/desembolsos,201,236.5,112.5,,0beb6ec3-5e53-498b-b69b-a00d49f44a6a,1,60
2026-09-24T04:07:34.564,POST,/desembolsos,201,258.2,128.0,,56818d65-d65c-442c-885a-f5253e75614d,1,60
2026-09-24T04:07:34.679,POST,/desembolsos,201,243.0,116.4,,f6b7b430-0027-487c-8836-27390cde0577,1,60
2026-09-24T04:07:34.776,POST,/desembolsos,201,233.8,112.9,,8500bfc9-09f3-405a-b68f-dc47dc0afaa1,1,60
2026-09-24T04:07:34.856,POST,/desembolsos,201,236.4,114.5,,2c508831-e067-4947-a631-6a61c7dded51,1,60
2026-09-24T04:07:34.970,POST,/desembolsos,201,231.0,112.0,,3c0bdde8-a4c2-4ab6-b90d-d0a299e92981,1,60
2026-09-24T04:07:35.054,POST,/desembolsos,201,262.4,140.4,,2db25074-a20a-45dc-bba9-7cc0e4aa206d,1,60
2026-09-24T04:07:35.154,POST,/desembolsos,201,285.0,113.6,,81f9abfb-509f-4135-a7f7-39608bbceada,1,60
2026-09-24T04:07:35.263,POST,/desembolsos,201,283.6,154.7,,ab9a5a25-85f5-4a80-b717-4e9fe08c8713,1,60
2026-09-24T04:07:35.371,POST,/desembolsos,201,241.8,119.7,,8289dec0-425e-4fd4-8dc9-ec14abf73fdf,1,60
2026-09-24T04:07:35.471,POST,/desembolsos,201,237.6,116.5,,23390164-c57c-490b-97a2-872530d89709,1,60
2026-09-24T04:07:35.547,POST,/desembolsos,201,246.3,113.4,,7171d5f2-f0dd-4635-bff4-243aaa93a3c8,1,60
2026-09-24T04:07:35.653,POST,/desembolsos,201,242.7,118.7,,384873ad-0261-4a76-85fe-d11a13341f89,1,60
2026-09-24T04:07:35.765,POST,/desembolsos,201,258.7,135.7,,6dcf3c4c-01a8-43ad-8a32-60e3aa763ce6,1,60
2026-09-24T04:07:35.876,POST,/desembolsos,201,251.6,130.5,,fa913a1c-c3fe-4462-939d-560d65b22ee1,1,60
2026-09-24T04:07:35.976,POST,/desembolsos,201,273.8,114.6,,e6d63fa3-51cd-4ec9-8c10-bf6ebb9fb41d,1,60
2026-09-24T04:07:36.062,POST,/desembolsos,201,243.8,118.7,,02f5544d-03c2-46d4-8774-769ff4b6156c,1,60
2026-09-24T04:07:36.179,POST,/desembolsos,201,239.2,123.2,,117f5ecd-faf8-4c5a-84df-abb8c4f04e42,1,60
2026-09-24T04:07:36.245,POST,/desembolsos,201,236.2,115.8,,3da86309-891c-43cf-939f-b027c330743a,1,60
2026-09-24T04:07:36.362,POST,/desembolsos,201,245.9,120.8,,5005b6ed-183c-4ecb-992c-57d1d5e1b3b1,1,60
2026-09-24T04:07:36.462,POST,/desembolsos,201,263.0,140.4,,42bc410c-4aa7-4fd7-9efd-86c8cf13e851,1,60
2026-09-24T04:07:36.571,POST,/desembolsos,201,271.8,143.6,,eac0e072-79e1-4c5d-b17a-aa8e7fbcdcfe,1,60
2026-09-24T04:07:36.685,POST,/desembolsos,201,241.1,113.1,,df7aea1b-bfc2-4836-90fd-7445ba99dd73,1,60
2026-09-24T04:07:36.767,POST,/desembolsos,201,239.4,115.5,,caab8dfc-896c-47fb-b76b-658e2e1d2fb0,1,60
2026-09-24T04:07:36.865,POST,/desembolsos,201,235.9,115.1,,7c774c75-be61-4b93-800e-bc05d46d9a71,1,60
2026-09-24T04:07:36.978,POST,/desembolsos,201,231.8,113.0,,7e2bb666-e422-4353-8331-d8f52b39f86a,1,60
2026-09-24T04:07:37.062,POST,/desembolsos,201,273.0,114.1,,26418478-4fa4-4288-9b11-63a2a33582c2,1,60
2026-09-24T04:07:37.170,POST,/desembolsos,201,276.7,116.9,,de5ab7cc-54c8-45e6-9d66-fe06d8876584,1,60
2026-09-24T04:07:37.263,POST,/desembolsos,201,228.7,110.7,,171f7ea7-b764-44e9-b9f4-457795b26d5d,1,60
2026-09-24T04:07:37.355,POST,/desembolsos,201,244.7,113.8,,34c8c498-5f99-4d51-b9e8-49593d79bf49,1,60
2026-09-24T04:07:37.447,POST,/desembolsos,201,236.8,116.0,,2eb29271-5fcd-4ce5-8f71-6310e4ab4390,1,60
2026-09-24T04:07:37.563,POST,/desembolsos,201,236.0,113.2,,1e6d8456-705a-46da-b456-41a31cd9d92c,1,60
2026-09-24T04:07:37.678,POST,/desembolsos,201,241.7,113.7,,26915b2b-8040-48a3-a19a-31bc11ec5d1b,1,60
2026-09-24T04:07:37.775,POST,/desembolsos,201,232.3,112.6,,2cf87e64-bcef-4ee1-958e-3520fba265cd,1,60
2026-09-24T04:07:37.873,POST,/desembolsos,201,248.2,118.6,,ce48c736-8d69-4d6c-aaf9-54395acee2ef,1,60
2026-09-24T04:07:37.968,POST,/desembolsos,201,242.2,122.2,,c9d3fd6e-37da-4cbe-b0f7-77d48fac6750,1,60
2026-09-24T04:07:38.063,POST,/desembolsos,201,248.6,124.2,,3e419c20-b45a-4d5c-8211-702c49b5bc13,1,60
2026-09-24T04:07:38.163,POST,/desembolsos,201,245.2,116.7,,5aa5953d-8c9a-494b-83dd-b5c67ef642a4,1,60
2026-09-24T04:07:38.278,POST,/desembolsos,201,248.8,121.3,,f0632c32-2717-4e38-9289-55c80b1ca5fe,1,60
2026-09-24T04:07:38.363,POST,/desembolsos,201,262.4,130.8,,5e0963dc-89b5-48fe-bd14-0cb6767677f2,1,60
2026-09-24T04:07:38.478,POST,/desembolsos,201,275.3,134.9,,83122e9d-8daf-4336-b895-9f9faabe8086,1,60
2026-09-24T04:07:38.586,POST,/desembolsos,201,305.2,117.3,,0634070d-bacf-4850-93bc-96f988895410,1,60
2026-09-24T04:07:38.689,POST,/desembolsos,201,238.8,113.4,,1981a3fa-4131-4422-9e65-6650a2267e2f,1,60
2026-09-24T04:07:38.786,POST,/desembolsos,201,238.4,117.1,,477d5d65-8012-48a8-a84c-cdf5ed11790f,1,60
2026-09-24T04:07:38.856,POST,/desembolsos,201,245.0,115.2,,436de24a-5955-438a-a26e-9b71e5cc1347,1,60
2026-09-24T04:07:39.069,POST,/desembolsos,201,316.1,121.7,,235aa965-885a-4071-b3f6-1ec8c89a5558,1,60
2026-09-24T04:07:39.163,POST,/desembolsos,201,335.5,179.9,,94eed42f-d576-4779-a6d3-542b50a6bb51,1,60
2026-09-24T04:07:39.261,POST,/desembolsos,201,273.1,123.8,,ce78cb8a-d21d-4167-b7cd-e46206ccf2b6,1,60
2026-09-24T04:07:39.376,POST,/desembolsos,201,301.1,150.8,,ac2115bc-894d-4f7f-ba83-7bd75f34782e,1,60
2026-09-24T04:07:39.475,POST,/desembolsos,201,262.6,117.7,,e62062b0-a4c8-41b4-8641-52dc531ca0c1,1,60
2026-09-24T04:07:39.576,POST,/desembolsos,201,287.0,162.2,,4dc74ab2-aa93-48b5-b805-6d333d6ef238,1,60
2026-09-24T04:07:39.662,POST,/desembolsos,201,238.1,116.0,,adf694c9-7729-4c26-bb18-9c9a416d66c4,1,60
2026-09-24T04:07:38.971,POST,/desembolsos,201,952.5,119.3,,6eecb754-e5d7-43f0-84d2-d5a2a32d2652,1,60
2026-09-24T04:07:39.786,POST,/desembolsos,201,271.7,129.4,,b2fc9328-aaf3-45f9-b706-4649d25c6730,1,60
2026-09-24T04:07:39.852,POST,/desembolsos,201,258.0,131.0,,0480c2ab-8650-40de-9d31-cd0f16500466,1,60
2026-09-24T04:07:39.983,POST,/desembolsos,201,239.1,114.8,,153479a4-a08c-4c43-b0ea-7e5badaf3b0d,1,60
2026-09-24T04:07:40.081,POST,/desembolsos,201,241.1,116.8,,7ddb5ab8-ffe0-4d07-9624-70cb93f40692,1,60
2026-09-24T04:07:40.179,POST,/desembolsos,201,241.5,114.2,,ac239396-6a3c-4617-a6f1-4d61b8dbebac,1,60
2026-09-24T04:07:40.283,POST,/desembolsos,201,240.3,119.3,,404e1dc4-74da-4b1e-b243-5890c9d1d89d,1,60
2026-09-24T04:07:40.369,POST,/desembolsos,201,239.2,116.4,,b3d089e4-0487-4f51-b53b-ccb11de18549,1,60
2026-09-24T04:07:40.485,POST,/desembolsos,201,246.9,115.8,,ba0d92c8-88b9-4e5f-8287-9a4771bf3271,1,60
2026-09-24T04:07:40.554,POST,/desembolsos,201,263.0,114.8,,d6cf4b54-ab85-411c-9fc3-d86ace511bd1,1,60
2026-09-24T04:07:40.669,POST,/desembolsos,201,266.6,137.5,,bf6a0f64-a9b3-4e9c-8ce5-f608d4b85782,1,60
2026-09-24T04:07:40.784,POST,/desembolsos,201,285.2,151.0,,f154e8d1-4619-4f77-b4af-872228521279,1,60
2026-09-24T04:07:40.872,POST,/desembolsos,201,281.7,149.1,,ed2b8073-7e78-43d2-abfc-9680f25bf339,1,60
2026-09-24T04:07:40.971,POST,/desembolsos,201,264.0,124.6,,e2db7a2f-82e6-4928-a2ba-3bee3f9b0a43,1,60
2026-09-24T04:07:41.069,POST,/desembolsos,201,260.0,125.9,,4c91aef0-680c-4737-8f64-68d7d825ee30,1,60
2026-09-24T04:07:41.151,POST,/desembolsos,201,265.1,126.5,,44eaa2df-718b-4c9e-8f91-61008418a41a,1,60
2026-09-24T04:07:41.266,POST,/desembolsos,201,276.1,152.6,,ee597353-7b52-49b8-a147-c2cc6e15f7a2,1,60
2026-09-24T04:07:41.371,POST,/desembolsos,201,285.6,145.4,,8c48a136-2363-4dc6-a57b-49b8ce85dddc,1,60
2026-09-24T04:07:41.463,POST,/desembolsos,201,263.2,125.5,,f016df8d-ed1f-4dd9-83b9-cbe01a7f8dcb,1,60
2026-09-24T04:07:41.564,POST,/desembolsos,201,268.2,115.9,,f069d61e-ee91-4a51-a312-98245915ccc7,1,60
2026-09-24T04:07:41.650,POST,/desembolsos,201,270.1,130.7,,c4fd966e-81a8-417f-a819-e828525f9a7f,1,60
2026-09-24T04:07:41.761,POST,/desembolsos,201,263.5,122.5,,55bfef09-ef96-466d-ac64-595d7a36a2ec,1,60
2026-09-24T04:07:41.871,POST,/desembolsos,201,236.0,113.0,,768821dc-2d08-4fe9-ab9a-c47fbed84256,1,60
2026-09-24T04:07:41.980,POST,/desembolsos,201,246.1,116.5,,4740e11b-4e97-4896-b392-43f966b06a37,1,60
2026-09-24T04:07:42.071,POST,/desembolsos,201,232.9,110.8,,bc6a3469-c1ac-475b-b66e-238eaef6c45d,1,60
2026-09-24T04:07:42.171,POST,/desembolsos,201,242.6,117.8,,e3465afc-c097-42f6-8e72-4d8fa9b1739e,1,60
2026-09-24T04:07:42.259,POST,/desembolsos,201,240.7,113.5,,484bc3c4-1ef6-4cde-885c-afb47780ae8e,1,60
2026-09-24T04:07:42.364,POST,/desembolsos,201,234.6,112.5,,e067673e-4056-49ee-97fe-96e9026e1e9c,1,60
2026-09-24T04:07:42.454,POST,/desembolsos,201,255.7,135.4,,e224c551-286f-4771-8ad4-1480a369525d,1,60
2026-09-24T04:07:42.571,POST,/desembolsos,201,250.3,128.0,,1b8f839b-e0a7-4fcc-8e7b-0b099d8d6304,1,60
2026-09-24T04:07:42.669,POST,/desembolsos,201,231.4,111.2,,3534baf0-c5ca-4eab-8da9-274ffd931780,1,60
2026-09-24T04:07:42.780,POST,/desembolsos,201,238.5,113.1,,41dc1f21-29eb-49ab-bcf0-223d7e67c762,1,60
2026-09-24T04:07:42.876,POST,/desembolsos,201,267.2,123.9,,00ddd6b9-3896-417b-a35f-ab11eb2dcf63,1,60
2026-09-24T04:07:42.980,POST,/desembolsos,201,254.8,122.2,,4e6433a5-561d-422f-b61c-aae92b2eed97,1,60
2026-09-24T04:07:43.096,POST,/desembolsos,201,323.4,139.1,,863312af-8546-41de-8254-856599645477,1,60
2026-09-24T04:07:43.172,POST,/desembolsos,201,281.4,141.5,,47254636-3f01-4199-8138-4c2f3be3837e,1,60
2026-09-24T04:07:43.263,POST,/desembolsos,201,280.8,150.3,,aed136de-a594-4be3-9b1c-b95308bb32c8,1,60
2026-09-24T04:07:43.388,POST,/desembolsos,201,259.4,125.4,,02d8c441-6824-448b-8789-4b747ba44d81,1,60
2026-09-24T04:07:43.446,POST,/desembolsos,201,283.6,154.0,,cf14bb6e-f4eb-482b-9668-b9e84768c886,1,60
2026-09-24T04:07:43.538,POST,/desembolsos,201,270.5,144.6,,3e71c71e-fab9-4e1d-a57a-ed9d2356dcee,1,60
2026-09-24T04:07:43.687,POST,/desembolsos,201,287.1,118.9,,181381bc-f2a1-4000-bf55-49af61010afe,1,60
2026-09-24T04:07:43.785,POST,/desembolsos,201,243.9,124.4,,1d7c7c9a-ba30-40ab-87ba-362fc4892393,1,60
2026-09-24T04:07:43.865,POST,/desembolsos,201,283.5,139.3,,84582f27-87c6-4a9b-8317-d6364d8d4bb4,1,60
2026-09-24T04:07:43.963,POST,/desembolsos,201,251.1,116.8,,c3137ee5-e97f-4174-925b-d4effb508e0c,1,60
2026-09-24T04:07:44.071,POST,/desembolsos,201,251.1,118.7,,b98c57d0-717a-43e2-b0a6-1e4240dc45de,1,60
2026-09-24T04:07:44.147,POST,/desembolsos,201,263.2,125.3,,8cd5c05d-172b-4435-b558-ff30f68de14f,1,60
2026-09-24T04:07:44.271,POST,/desembolsos,201,303.6,140.8,,69b436e2-e99f-4baa-b94e-70ee30ff64a6,1,60
2026-09-24T04:07:44.364,POST,/desembolsos,201,271.1,118.7,,9d00329d-7f2f-4659-bce1-6ac8b76cd861,1,60
2026-09-24T04:07:44.471,POST,/desembolsos,201,251.4,111.2,,6153ad12-d3ea-4d6b-bb3c-eefa8e0ccd1a,1,60
2026-09-24T04:07:44.571,POST,/desembolsos,201,272.3,131.8,,2c2ba964-c7aa-425d-9dcc-8322d3585863,1,60
2026-09-24T04:07:44.670,POST,/desembolsos,201,264.9,134.8,,5bb13dd1-968d-401e-853b-f5e9e8bbd0c7,1,60
2026-09-24T04:07:44.784,POST,/desembolsos,201,297.0,150.8,,2ab1743b-eb82-4d37-b19b-49ccf80104a2,1,60
2026-09-24T04:07:44.882,POST,/desembolsos,201,239.1,117.0,,55f0df92-f062-4b31-9bd8-3b1a2837cb48,1,60
2026-09-24T04:07:44.963,POST,/desembolsos,201,248.2,118.9,,06c420cd-e39a-44e7-a8a2-9347e7ca0120,1,60
2026-09-24T04:07:45.072,POST,/desembolsos,201,260.7,129.0,,6923be2d-4995-46ca-9455-ae1f470cad63,1,60
2026-09-24T04:07:45.162,POST,/desembolsos,201,243.4,117.8,,a1c07fba-01f5-4950-8635-7342b0c4522a,1,60
2026-09-24T04:07:45.272,POST,/desembolsos,201,284.2,133.7,,165c6254-6cd7-4590-aaad-b9c3429d1e62,1,60
2026-09-24T04:07:45.372,POST,/desembolsos,201,270.7,137.6,,2cb9c73f-dd29-46f9-9d50-772e9231d237,1,60
2026-09-24T04:07:45.472,POST,/desembolsos,201,307.0,133.3,,772189d9-d086-457d-bf72-e80d8b8ce7f5,1,60
2026-09-24T04:07:45.555,POST,/desembolsos,201,257.7,122.8,,3f6b7151-301f-476b-83a4-aadb8decffc9,1,60
2026-09-24T04:07:45.669,POST,/desembolsos,201,268.4,118.0,,9588ef5f-d157-4e83-8532-33267d3491d9,1,60
2026-09-24T04:07:45.767,POST,/desembolsos,201,294.5,171.6,,62fee434-3598-4458-a785-d6de87b30641,1,60
2026-09-24T04:07:45.862,POST,/desembolsos,201,244.5,124.2,,b6a73808-f4aa-44f7-843d-baa622567e82,1,60
2026-09-24T04:07:45.972,POST,/desembolsos,201,237.6,118.8,,6bf58b5c-5ce8-4a75-9554-c3f4ac11553c,1,60
2026-09-24T04:07:46.055,POST,/desembolsos,201,252.6,127.2,,3223f155-51e4-4394-ac7f-18dcb582ef91,1,60
2026-09-24T04:07:46.171,POST,/desembolsos,201,253.1,115.2,,d11f7e8e-d78a-4d5d-b232-4ab35d5c5500,1,60
2026-09-24T04:07:46.280,POST,/desembolsos,201,236.2,116.9,,255b7753-e68b-4d60-9cf9-948a87908392,1,60
2026-09-24T04:07:46.371,POST,/desembolsos,201,239.1,115.1,,6e89a38f-a6ec-49c7-a966-07aca9375fb4,1,60
2026-09-24T04:07:46.464,POST,/desembolsos,201,241.2,118.1,,2d6602ae-dabc-4733-b50c-2e59042ecfcf,1,60
2026-09-24T04:07:46.580,POST,/desembolsos,201,243.6,114.3,,30f42dba-5b7b-48b1-9ea0-974361efecfb,1,60
2026-09-24T04:07:46.663,POST,/desembolsos,201,297.9,150.3,,63c09f8a-c1ac-4c2a-bb89-236bc9054da0,1,60
2026-09-24T04:07:46.779,POST,/desembolsos,201,243.2,117.4,,8a1723db-579a-4879-9bbe-a36b23a9f2cd,1,60
2026-09-24T04:07:46.879,POST,/desembolsos,201,244.0,119.2,,0f91e558-852f-4dfb-9860-36bc31fbd0a0,1,60
2026-09-24T04:07:46.961,POST,/desembolsos,201,241.5,118.8,,b7ea0ba7-8ff0-4f4a-abab-206cefb89eb8,1,60
2026-09-24T04:07:47.063,POST,/desembolsos,201,262.4,137.9,,d3806a61-7a59-4377-b4bb-27f07fa2d44f,1,60
2026-09-24T04:07:47.172,POST,/desembolsos,201,264.5,136.7,,d7002e2a-2ec9-46d5-aab4-2e11f1dec745,1,60
2026-09-24T04:07:47.272,POST,/desembolsos,201,232.9,111.8,,99db7f75-4bf8-4d73-8db9-ea62fe0635e0,1,60
2026-09-24T04:07:47.364,POST,/desembolsos,201,245.0,117.9,,d9a0feb8-1803-48dc-89bc-9d6c7bb225e5,1,60
2026-09-24T04:07:47.455,POST,/desembolsos,201,240.5,117.4,,7df85ecf-9594-4b95-886d-5129cf17245c,1,60
2026-09-24T04:07:47.555,POST,/desembolsos,201,236.5,115.1,,cf0945ad-6a1f-4fae-b9fb-417935ce23f1,1,60
2026-09-24T04:07:47.663,POST,/desembolsos,201,239.9,112.1,,5a46069e-db88-4614-97d1-d51d10d102b6,1,60
2026-09-24T04:07:47.777,POST,/desembolsos,201,243.1,118.7,,08703f72-6604-4c12-a974-33d51fb76e58,1,60
2026-09-24T04:07:47.875,POST,/desembolsos,201,232.6,112.7,,1d4ba304-8dfa-45eb-9ac1-b39f0c7dd40c,1,60
2026-09-24T04:07:47.975,POST,/desembolsos,201,235.5,112.6,,cf2ce752-4563-49c8-b526-585d5f12af8c,1,60
2026-09-24T04:07:48.072,POST,/desembolsos,201,232.7,113.5,,dc7653c6-213f-4077-946e-c8eda7c564ac,1,60
2026-09-24T04:07:48.179,POST,/desembolsos,201,227.9,110.3,,c674dfbf-e47e-460a-9e97-98e7cb7c6877,1,60
2026-09-24T04:07:48.272,POST,/desembolsos,201,270.4,120.9,,1f4515e6-1965-45b7-8c09-a00cf3fa4126,1,60
2026-09-24T04:07:48.372,POST,/desembolsos,201,250.5,120.2,,e29236b3-3087-4b46-a2e6-cf1d9b233fcf,1,60
2026-09-24T04:07:48.463,POST,/desembolsos,201,237.0,112.2,,d59488ef-1c5f-4a3f-a9b0-3c77e236eaa2,1,60
2026-09-24T04:07:48.542,POST,/desembolsos,201,239.4,115.4,,cf48172c-1f0a-443f-95a4-22c8fa5634bf,1,60
2026-09-24T04:07:48.687,POST,/desembolsos,201,248.9,116.0,,da2b1287-c287-4372-88df-9fb3a2bedc70,1,60
2026-09-24T04:07:48.767,POST,/desembolsos,201,235.5,113.4,,b2239a4a-3972-4632-a1fb-353b958b6995,1,60
2026-09-24T04:07:48.878,POST,/desembolsos,201,270.0,119.0,,ec692a0a-e345-4404-8ba6-59c8b0403cbc,1,60
2026-09-24T04:07:48.979,POST,/desembolsos,201,240.9,115.4,,fbf15d89-2861-4fe7-b773-1c6d1e3375fc,1,60
2026-09-24T04:07:49.072,POST,/desembolsos,201,292.7,148.4,,0f861e15-b701-42a3-866f-047431ddb104,1,60
2026-09-24T04:07:49.147,POST,/desembolsos,201,247.9,119.6,,dfb0dfde-401d-4e4b-87ac-f5de147e3335,1,60
2026-09-24T04:07:49.266,POST,/desembolsos,201,243.7,112.5,,0deae503-e6a8-4a11-982e-da592de0bd57,1,60
2026-09-24T04:07:49.363,POST,/desembolsos,201,250.3,114.8,,91260b35-38ba-4f49-9541-78e80eae9b52,1,60
2026-09-24T04:07:49.463,POST,/desembolsos,201,242.7,120.1,,2ebd5190-9a83-4c8c-9829-1c9d98f658d0,1,60
2026-09-24T04:07:49.564,POST,/desembolsos,201,244.1,114.9,,68b1fcaf-4324-4159-860d-49adf64bf3e5,1,60
2026-09-24T04:07:49.678,POST,/desembolsos,201,235.1,116.5,,627a76db-fbca-4832-a1e2-a01bec838f47,1,60
2026-09-24T04:07:49.761,POST,/desembolsos,201,250.3,122.1,,b10b9d5e-3dd5-4481-985f-fc281a062170,1,60
2026-09-24T04:07:49.877,POST,/desembolsos,201,244.2,117.3,,13f2078c-04ed-471c-890c-6e30221f460b,1,60
2026-09-24T04:07:49.993,POST,/desembolsos,201,235.6,116.6,,e4190d13-f93c-4aa5-aa96-32c15dfb823a,1,60
2026-09-24T04:07:50.074,POST,/desembolsos,201,240.1,118.0,,5a9d534c-f892-4d4c-bdb5-82763f2a9260,1,60
2026-09-24T04:07:50.186,POST,/desembolsos,201,242.9,116.4,,60719fe2-0670-4034-9238-6032d5793fa8,1,60
2026-09-24T04:07:50.282,POST,/desembolsos,201,242.5,121.4,,f8209d0f-ff24-4654-b7ee-c6432194de20,1,60
2026-09-24T04:07:50.377,POST,/desembolsos,201,266.2,139.9,,fe8bbae7-e4bc-4ac3-a959-552f8b02fabe,1,60
2026-09-24T04:07:50.471,POST,/desembolsos,201,238.7,116.5,,f7f19a4d-5c42-4439-95c0-a45be1065af0,1,60
2026-09-24T04:07:50.582,POST,/desembolsos,201,240.9,114.5,,35073414-716f-4bb8-8b55-94ddddcd3673,1,60
2026-09-24T04:07:50.679,POST,/desembolsos,201,246.5,120.4,,157d563c-4611-495b-9b59-6133235fa1f2,1,60
2026-09-24T04:07:50.762,POST,/desembolsos,201,241.5,118.0,,c3e928ec-0e5c-401b-a064-f35398c73a87,1,60
2026-09-24T04:07:50.879,POST,/desembolsos,201,236.4,114.1,,7c46b46b-6637-43ac-a0dc-1210d526a99f,1,60
2026-09-24T04:07:50.962,POST,/desembolsos,201,232.4,111.7,,70ba5b59-a336-450a-969b-e9f51cc529e5,1,60
2026-09-24T04:07:51.071,POST,/desembolsos,201,239.1,113.1,,e11fc708-3d7d-4064-9172-2d6e00b02fb6,1,60
2026-09-24T04:07:51.180,POST,/desembolsos,201,234.1,110.5,,7dbd17cd-74a8-427e-9566-8eec49c48a8e,1,60
2026-09-24T04:07:51.280,POST,/desembolsos,201,240.7,115.9,,40d0cd0b-473b-4e72-9153-5fa7cde7f71b,1,60
2026-09-24T04:07:51.364,POST,/desembolsos,201,242.2,117.0,,ffb75d5a-952e-419f-94d1-10ff0661d5fd,1,60
2026-09-24T04:07:51.447,POST,/desembolsos,201,231.7,111.0,,2a445667-3fa7-433e-a231-2565da3d6f42,1,60
2026-09-24T04:07:51.653,POST,/desembolsos,201,242.5,116.2,,902665f6-0841-451f-97f7-13c598dc8f1c,1,60
2026-09-24T04:07:51.768,POST,/desembolsos,201,243.7,118.6,,c6d8dead-c053-4202-add8-c808653da905,1,60
2026-09-24T04:07:51.878,POST,/desembolsos,201,238.3,118.0,,1fb679f0-f91e-4b06-9ce4-b88a79bec78c,1,60
2026-09-24T04:07:51.955,POST,/desembolsos,201,248.1,118.2,,5a7ae392-06c3-4388-8ca8-dfbe244f84d4,1,60
2026-09-24T04:07:52.064,POST,/desembolsos,201,230.3,109.6,,fb9ab73e-38f4-4a42-a40a-44b8b7559cfb,1,60
2026-09-24T04:07:52.172,POST,/desembolsos,201,247.6,111.8,,843d3f93-b350-4958-9165-c81f7dfa09b7,1,60
2026-09-24T04:07:51.555,POST,/desembolsos,201,877.3,112.3,,db1427fb-0484-4191-9ae8-25d15ab979cf,1,60
2026-09-24T04:07:52.272,POST,/desembolsos,201,240.6,113.4,,9d3d7b4b-17c3-40d9-a542-8d2d5ae3ee4d,1,60
2026-09-24T04:07:52.363,POST,/desembolsos,201,243.7,119.9,,802257c2-3595-4592-a085-24a320d37077,1,60
2026-09-24T04:07:52.463,POST,/desembolsos,201,247.8,126.7,,e2ffa5cf-5688-43ed-a3c1-379213b2e079,1,60
2026-09-24T04:07:52.556,POST,/desembolsos,201,268.2,132.4,,37b62430-c699-4cbb-a9ce-776965585c90,1,60
2026-09-24T04:07:52.679,POST,/desembolsos,201,248.2,118.4,,51933abd-1b63-4d12-abcd-4da6e7d22a99,1,60
2026-09-24T04:07:52.759,POST,/desembolsos,201,251.9,128.8,,edc2b5a6-62a0-49ab-be1b-235642d581c3,1,60
2026-09-24T04:07:52.874,POST,/desembolsos,201,251.2,123.9,,46243712-ba5b-4b4c-a86a-4dadcc906981,1,60
2026-09-24T04:07:52.984,POST,/desembolsos,201,238.9,118.5,,209fadaa-6610-4003-b4ca-4667cb60ba09,1,60
2026-09-24T04:07:53.072,POST,/desembolsos,201,236.1,113.6,,e5598daf-62d2-4405-aa88-0277dfe059dd,1,60
2026-09-24T04:07:53.172,POST,/desembolsos,201,238.8,113.8,,0a5e9f89-bd4e-415b-976a-7cd98952a0d4,1,60
2026-09-24T04:07:53.364,POST,/desembolsos,201,248.1,124.5,,6feefd4e-19dd-4da1-b673-592885fe35f3,1,60
2026-09-24T04:07:53.480,POST,/desembolsos,201,250.9,118.5,,2bba72b8-0abe-4d8d-a3d8-4ccdd7bf4f54,1,60
2026-09-24T04:07:53.280,POST,/desembolsos,201,467.2,335.8,,9e26bce7-e490-4e0d-934b-2d5d806d16f3,1,60
2026-09-24T04:07:53.564,POST,/desembolsos,201,259.4,112.9,,73479cbc-2318-4d61-8317-9d8355372b6b,1,60
2026-09-24T04:07:53.662,POST,/desembolsos,201,264.1,138.0,,03a34016-5b28-4760-9b82-e63e6fa04034,1,60
2026-09-24T04:07:53.742,POST,/desembolsos,201,243.7,119.2,,6e77c454-6835-4cbf-9faa-7f0e81b603e9,1,60
2026-09-24T04:07:53.867,POST,/desembolsos,201,230.2,112.3,,74b8ac4f-0824-47a2-9eca-a170847953b5,1,60
2026-09-24T04:07:53.971,POST,/desembolsos,201,243.7,113.7,,b9719ec7-657a-40b0-943a-84ed2c47bd9e,1,60
2026-09-24T04:07:54.072,POST,/desembolsos,201,234.0,112.2,,8733f537-1241-4e53-96a0-c097e8da21f3,1,60
2026-09-24T04:07:54.163,POST,/desembolsos,201,246.9,117.8,,81adf1bd-06c3-486a-ac24-6f3e834d11ad,1,60
2026-09-24T04:07:54.272,POST,/desembolsos,201,233.9,115.2,,7126a058-47c4-4583-ae74-0b959e3f6697,1,60
2026-09-24T04:07:54.372,POST,/desembolsos,201,247.7,123.4,,5d814f7c-167d-4cd5-ae87-d07f2d3bc6a7,1,60
2026-09-24T04:07:54.471,POST,/desembolsos,201,240.2,113.0,,e0b92ec6-4ff3-4eec-821c-2836222802f3,1,60
2026-09-24T04:07:54.564,POST,/desembolsos,201,260.2,114.3,,5dd3a603-f0d6-48e8-ba32-ea3ca3918957,1,60
2026-09-24T04:07:54.671,POST,/desembolsos,201,244.5,115.9,,0d797b1c-bf57-49cd-a618-40235663c465,1,60
2026-09-24T04:07:54.770,POST,/desembolsos,201,232.1,112.2,,5b81c9ab-b76b-429b-895c-fd79d46f8c17,1,60
2026-09-24T04:07:54.869,POST,/desembolsos,201,239.3,117.8,,fad5fd31-2883-4fcb-b54b-e12c70683a12,1,60
2026-09-24T04:07:54.965,POST,/desembolsos,201,280.7,156.0,,f7133f5f-9477-4d57-a208-d6071a427554,1,60
2026-09-24T04:07:55.063,POST,/desembolsos,201,289.8,163.8,,314c79ae-4400-473c-9814-d043c3c90b7a,1,60
2026-09-24T04:07:55.181,POST,/desembolsos,201,240.2,120.4,,a7760d0f-4274-4b50-96b2-75dfe8d5e417,1,60
2026-09-24T04:07:55.273,POST,/desembolsos,201,234.5,112.7,,135b1812-854c-4c7b-8343-43217f6814af,1,60
2026-09-24T04:07:55.371,POST,/desembolsos,201,274.8,113.0,,df8a2658-344a-49a9-b320-18851a6edfe3,1,60
2026-09-24T04:07:55.472,POST,/desembolsos,201,252.6,118.4,,2b33c537-96db-41a8-8b9c-b9ac47d2e5aa,1,60
2026-09-24T04:07:55.565,POST,/desembolsos,201,284.3,118.9,,bce1f0ce-e910-443b-a863-089fdcb239a5,1,60
2026-09-24T04:07:55.645,POST,/desembolsos,201,242.8,115.3,,dd0f0fbd-61d5-4f1e-bc8c-e3112d457614,1,60
2026-09-24T04:07:55.760,POST,/desembolsos,201,233.4,112.2,,7987a990-6d7f-4964-9dd0-b969c5bd9fbc,1,60
2026-09-24T04:07:55.841,POST,/desembolsos,201,241.1,118.2,,20db3f87-3d11-4902-a971-982d68b32ab1,1,60
2026-09-24T04:07:55.954,POST,/desembolsos,201,239.1,111.4,,74acba9e-5cf9-4b75-b442-1f4e88d8d1b5,1,60
2026-09-24T04:07:56.069,POST,/desembolsos,201,236.9,116.4,,49fb80b8-c524-4646-849f-d2ab8df88948,1,60
2026-09-24T04:07:56.176,POST,/desembolsos,201,245.0,122.4,,d2b96b4d-71a0-4505-bd4a-4bfadc82a134,1,60
2026-09-24T04:07:56.271,POST,/desembolsos,201,240.8,115.5,,b6d89f29-1c49-452e-8969-f1ed5d50db0a,1,60
2026-09-24T04:07:56.366,POST,/desembolsos,201,252.1,115.4,,dcc10293-e94b-45a7-98c7-f08e125a017e,1,60
2026-09-24T04:07:56.462,POST,/desembolsos,201,261.7,137.8,,95888d2f-8116-405f-89a9-35258fb2c9a2,1,60
2026-09-24T04:07:56.558,POST,/desembolsos,201,258.5,128.4,,f5995b47-a7c4-4f61-bb1b-689dd0445930,1,60
2026-09-24T04:07:56.670,POST,/desembolsos,201,245.4,117.1,,f3b4d7eb-d2c4-455e-852e-413073e2d5fe,1,60
2026-09-24T04:07:56.766,POST,/desembolsos,201,238.4,114.3,,0381464a-fe02-4aee-bb9c-952528a5c1a8,1,60
2026-09-24T04:07:56.872,POST,/desembolsos,201,243.8,117.2,,b9d7e0a1-8480-4b2d-9194-8d11b465904f,1,60
2026-09-24T04:07:56.963,POST,/desembolsos,201,262.2,131.8,,910cb7b0-74cc-498b-a6ca-87e041c1572e,1,60
2026-09-24T04:07:57.081,POST,/desembolsos,201,236.3,110.7,,34a84cc5-6f01-4bde-8f5a-ad68d94b65f1,1,60
2026-09-24T04:07:57.181,POST,/desembolsos,201,236.1,114.2,,0f3b3a43-59d4-4b50-af06-611f34aa455e,1,60
2026-09-24T04:07:57.280,POST,/desembolsos,201,243.4,121.5,,519c0b10-d041-4ebb-84be-8a02d0b3a887,1,60
2026-09-24T04:07:57.381,POST,/desembolsos,201,237.1,116.2,,ee79539d-ad0f-4a91-a084-b73d51edbbc9,1,60
2026-09-24T04:07:57.472,POST,/desembolsos,201,241.5,115.3,,7f2789cd-f2b9-4d9c-bad5-f21406c49aee,1,60
2026-09-24T04:07:57.572,POST,/desembolsos,201,248.8,117.1,,13474de9-ea15-4598-8842-2c488b208eee,1,60
2026-09-24T04:07:57.671,POST,/desembolsos,201,251.2,125.7,,e808ebd9-4dd0-4b8f-b1e3-dd40667f40bc,1,60
2026-09-24T04:07:57.769,POST,/desembolsos,201,248.9,119.6,,85ccba8d-bec9-4c8e-b2a8-868d57729697,1,60
2026-09-24T04:07:57.868,POST,/desembolsos,201,268.0,131.4,,b2cd60ac-b05b-4f77-8249-8637eb8aac47,1,60
2026-09-24T04:07:57.984,POST,/desembolsos,201,272.1,116.4,,675305c4-cace-40dd-bffd-85a76c676c3c,1,60
2026-09-24T04:07:58.072,POST,/desembolsos,201,241.5,120.0,,e540b17f-5f4b-41cc-8358-9bbaa05cf300,1,60
2026-09-24T04:07:58.172,POST,/desembolsos,201,242.2,113.6,,96715231-7eba-4dd3-b47c-ae58faa14b38,1,60
2026-09-24T04:07:58.256,POST,/desembolsos,201,232.9,113.3,,d85c233f-4645-4235-b0e3-dc5a7cd3c231,1,60
2026-09-24T04:07:58.364,POST,/desembolsos,201,247.5,112.8,,7e54a4e9-5afc-40d0-882a-b2ad27f6fe64,1,60
2026-09-24T04:07:58.472,POST,/desembolsos,201,245.8,115.0,,a65a09d7-8ab7-4013-9914-69f8db052783,1,60
2026-09-24T04:07:58.565,POST,/desembolsos,201,236.1,113.0,,f4e4bb18-fe2a-46a4-a51e-6b0eab4c7d07,1,60
2026-09-24T04:07:58.676,POST,/desembolsos,201,241.1,117.1,,11fd736f-9ee7-4c12-b37e-ba2821fff437,1,60
2026-09-24T04:07:58.760,POST,/desembolsos,201,264.9,142.9,,7d4f14ef-5a5b-4c61-bc50-2a5f0bf6bc0b,1,60
2026-09-24T04:07:58.875,POST,/desembolsos,201,257.0,137.4,,7724e218-9d5c-453e-8e80-1fdcbfafee5c,1,60
2026-09-24T04:07:58.976,POST,/desembolsos,201,243.4,118.6,,5a2a224c-60ac-4286-affa-c22433f2ee11,1,60
2026-09-24T04:07:59.072,POST,/desembolsos,201,238.6,116.4,,36f06d1f-d4e8-4745-99ae-173f205880d2,1,60
2026-09-24T04:07:59.155,POST,/desembolsos,201,232.4,112.2,,11a8d25d-c639-459d-bc44-8f946859cb80,1,60
2026-09-24T04:07:59.264,POST,/desembolsos,201,231.1,112.2,,2a370599-d653-423b-85b2-3bbf7289cf6e,1,60
2026-09-24T04:07:59.372,POST,/desembolsos,201,237.6,113.8,,a2884ead-eccf-4ac1-8589-81d017e0d5bd,1,60
2026-09-24T04:07:59.457,POST,/desembolsos,201,232.8,114.0,,9d801529-de4b-4b8f-9304-f116638effd8,1,60
2026-09-24T04:07:59.556,POST,/desembolsos,201,242.2,114.6,,e8ba43d5-7dc8-45d2-909d-a6999f671646,1,60
2026-09-24T04:07:59.669,POST,/desembolsos,201,239.3,116.6,,edc5a59e-3530-4c2d-a7c4-c31ec3dd9d8d,1,60
2026-09-24T04:07:59.785,POST,/desembolsos,201,239.8,112.1,,c7af2e1c-e926-4b2e-a856-c383ecec15dc,1,60
2026-09-24T04:07:59.883,POST,/desembolsos,201,253.8,116.6,,b33680d7-5a17-4b69-a44b-3fffa9fb5e14,1,60
2026-09-24T04:07:59.982,POST,/desembolsos,201,243.6,112.9,,7c22fbf2-6fd0-4e73-8087-770655d28717,1,60
2026-09-24T04:08:00.080,POST,/desembolsos,201,235.1,111.5,,7b522457-6204-4e2b-9192-c7436c264939,1,60
2026-09-24T04:08:00.156,POST,/desembolsos,201,245.5,117.9,,1ef3a603-03d9-42ea-ab28-1c8e37d0af72,1,60
2026-09-24T04:08:00.273,POST,/desembolsos,201,237.9,116.5,,57a0658f-df1c-4b32-ac80-9937cca5f955,1,60
2026-09-24T04:08:00.363,POST,/desembolsos,201,230.6,110.7,,4ad9f02d-aa24-4c2e-a7a4-29a8183c3313,1,60
2026-09-24T04:08:00.456,POST,/desembolsos,201,238.1,111.5,,aca218a4-5781-409e-920f-4e5372be62cf,1,60
2026-09-24T04:08:00.565,POST,/desembolsos,201,252.5,129.4,,9d8ea676-5987-46cd-bf75-789219ba2413,1,60
2026-09-24T04:08:00.679,POST,/desembolsos,201,235.9,118.3,,e2a1f471-a0c8-40a9-8513-1c12832bfcdf,1,60
2026-09-24T04:08:00.779,POST,/desembolsos,201,239.9,113.1,,3264f994-f301-40e8-9db9-dbbc2e298380,1,60
2026-09-24T04:08:00.878,POST,/desembolsos,201,234.9,112.2,,c7acbcd0-e63e-49bd-b617-32c10c97252c,1,60
2026-09-24T04:08:00.976,POST,/desembolsos,201,233.9,113.7,,01ddd537-42fd-44c3-9eeb-fdc6774c7f57,1,60
2026-09-24T04:08:01.064,POST,/desembolsos,201,235.2,112.6,,fa837cef-2c96-4e4b-9e32-4d5aac2e2ee6,1,60
2026-09-24T04:08:01.173,POST,/desembolsos,201,237.2,113.1,,8a4a073d-4823-4abc-8536-b8071742e4bf,1,60
2026-09-24T04:08:01.281,POST,/desembolsos,201,230.8,110.8,,20a22b4e-79c6-48a9-bb07-888d4afd1362,1,60
2026-09-24T04:08:01.381,POST,/desembolsos,201,231.8,112.7,,53870416-bd4e-4921-af8c-d72ee373c0db,1,60
2026-09-24T04:08:01.481,POST,/desembolsos,201,237.2,113.5,,c478f078-e0bf-454b-bc03-39e702935cc0,1,60
2026-09-24T04:08:01.555,POST,/desembolsos,201,238.2,112.7,,a04fe6f0-778a-4b36-ae0c-a7821e3c672e,1,60
2026-09-24T04:08:01.654,POST,/desembolsos,201,244.4,122.5,,b9311423-24cb-4268-9189-e328539e28a4,1,60
2026-09-24T04:08:01.767,POST,/desembolsos,201,257.5,114.6,,10dd9d7f-8599-4ff2-9917-b60eb27db274,1,60
2026-09-24T04:08:01.862,POST,/desembolsos,201,237.0,112.7,,68b95b2c-fa98-4932-8e32-8a954cf2fedc,1,60
2026-09-24T04:08:01.971,POST,/desembolsos,201,238.2,114.8,,b973ddfa-271f-4a1d-aa80-bb9e278ecbd1,1,60
2026-09-24T04:08:02.064,POST,/desembolsos,201,234.9,112.6,,a9756c2b-c015-4d65-b2ec-7e7894c8f347,1,60
2026-09-24T04:08:02.173,POST,/desembolsos,201,232.1,111.8,,292646ff-d803-4c1b-8ef6-d7494a568df9,1,60
2026-09-24T04:08:02.265,POST,/desembolsos,201,235.6,117.4,,a19ad666-03a5-4b74-83b9-f1bb1b217b16,1,60
2026-09-24T04:08:02.381,POST,/desembolsos,201,241.3,117.8,,a16f704f-ad3e-4bb8-be31-e3c35d4e9bf1,1,60
2026-09-24T04:08:02.464,POST,/desembolsos,201,263.4,118.7,,92f08236-94b3-434b-a4e6-f3d006c6f2ed,1,60
2026-09-24T04:08:02.565,POST,/desembolsos,201,254.8,120.7,,8ae197a9-2351-4e68-9b44-dc9faddee4da,1,60
2026-09-24T04:08:02.676,POST,/desembolsos,201,248.1,123.8,,68af7062-bd94-4691-b793-184091eddb16,1,60
2026-09-24T04:08:02.764,POST,/desembolsos,201,241.4,112.5,,b2bd49a0-2c54-482f-9070-03a1f8b3d2a8,1,60
2026-09-24T04:08:02.870,POST,/desembolsos,201,253.1,115.5,,56735e94-3179-4b16-8bcc-5f565019ccdd,1,60
2026-09-24T04:08:02.960,POST,/desembolsos,201,259.1,116.0,,30d054f5-8d0d-4566-aa5b-cdc891114fa0,1,60
2026-09-24T04:08:03.056,POST,/desembolsos,201,239.3,110.2,,d55ea0b9-994d-413a-a1b2-19e15c306766,1,60
2026-09-24T04:08:03.164,POST,/desembolsos,201,254.0,130.1,,9b5f9fdd-c66c-473a-962e-443319948235,1,60
2026-09-24T04:08:03.272,POST,/desembolsos,201,258.6,132.3,,471403b9-160b-4f8d-afd1-92ef2a1b356b,1,60
2026-09-24T04:08:03.372,POST,/desembolsos,201,233.3,110.4,,4ca70a9b-1717-428f-834b-f2446a19f80b,1,60
2026-09-24T04:08:03.456,POST,/desembolsos,201,267.8,119.8,,0d2acf1e-8183-4fa4-b268-f238f79b3b05,1,60
2026-09-24T04:08:03.575,POST,/desembolsos,201,233.7,112.3,,08c8b5e4-663c-45c1-bd46-5ba23686aae7,1,60
2026-09-24T04:08:03.666,POST,/desembolsos,201,232.2,111.7,,473f875d-df9b-4b53-ace1-2fc5544376d1,1,60
2026-09-24T04:08:03.763,POST,/desembolsos,201,241.2,119.4,,6cc9d1d7-5ec3-4ab3-ab7d-e2122fe85b66,1,60
2026-09-24T04:08:03.872,POST,/desembolsos,201,238.3,115.0,,316873e4-aadf-4446-ab52-61306fc13985,1,60
2026-09-24T04:08:03.972,POST,/desembolsos,201,233.3,113.1,,d774d708-b457-46cc-a977-532f4c31554c,1,60
2026-09-24T04:08:04.073,POST,/desembolsos,201,269.7,118.5,,c35f3675-ca41-4b6c-95f5-06afa41600de,1,60
2026-09-24T04:08:04.180,POST,/desembolsos,201,246.7,124.4,,fde5dc59-762a-4cfe-888c-9132a29f29fa,1,60
2026-09-24T04:08:04.281,POST,/desembolsos,201,246.1,116.0,,0292c750-4a11-432c-8e7c-59c253dc12fd,1,60
2026-09-24T04:08:04.357,POST,/desembolsos,201,232.8,112.2,,8e96c498-4277-42ba-8714-bb59a5acf830,1,60
2026-09-24T04:08:04.465,POST,/desembolsos,201,239.7,115.9,,7ca5d44b-9c4c-4289-9fe3-949a29105286,1,60
2026-09-24T04:08:04.564,POST,/desembolsos,201,254.3,136.8,,3e111f59-f6b4-4b87-9dc8-7c4ef8283d16,1,60
2026-09-24T04:08:04.654,POST,/desembolsos,201,237.9,113.6,,3c1c2476-a23b-4dea-9067-eddc175e1c14,1,60
2026-09-24T04:08:04.787,POST,/desembolsos,201,243.4,115.8,,b268b58e-968c-487b-9030-a541c317257a,1,60
2026-09-24T04:08:04.867,POST,/desembolsos,201,264.6,133.1,,6d339d2b-f75a-4671-aeab-9968d11c83f8,1,60
2026-09-24T04:08:04.966,POST,/desembolsos,201,242.9,114.0,,ea2ec2ca-0026-400a-ba1b-9ac5fb60074f,1,60
2026-09-24T04:08:05.073,POST,/desembolsos,201,235.3,112.4,,a5da7c64-2aaf-45f8-afac-cbcd0d2889c9,1,60
2026-09-24T04:08:05.164,POST,/desembolsos,201,232.5,110.7,,87776836-fb88-4f12-9ff7-f3177cfd61d7,1,60
2026-09-24T04:08:05.265,POST,/desembolsos,201,258.8,132.2,,19e86d49-85be-4531-a2b0-af08132364f2,1,60
2026-09-24T04:08:05.365,POST,/desembolsos,201,277.8,144.1,,622e3440-3420-4a86-a046-d17eccf0b806,1,60
2026-09-24T04:08:05.464,POST,/desembolsos,201,242.4,120.9,,46866b08-4226-4644-b1d0-62b767246a80,1,60
2026-09-24T04:08:05.548,POST,/desembolsos,201,272.5,132.7,,28034728-3940-4205-97a2-2fab573001f8,1,60
2026-09-24T04:08:05.663,POST,/desembolsos,201,268.6,144.8,,76b88f26-1d6c-42dd-8840-204ab35c5a9e,1,60
2026-09-24T04:08:05.763,POST,/desembolsos,201,230.9,112.5,,365b764a-8964-433d-ad7f-ce652261b333,1,60
2026-09-24T04:08:05.870,POST,/desembolsos,201,231.3,112.3,,d8d8a691-89b9-4d5e-9eef-fbae220f4c11,1,60
2026-09-24T04:08:05.977,POST,/desembolsos,201,242.9,114.4,,edcae63d-a980-450a-b382-bfc8fa8c3425,1,60
2026-09-24T04:08:06.064,POST,/desembolsos,201,250.5,121.2,,f1eb2c29-a802-4420-bd9d-cab80220efb1,1,60
2026-09-24T04:08:06.172,POST,/desembolsos,201,238.3,117.3,,4435db81-01e6-4120-ab6d-429bd85f0663,1,60
2026-09-24T04:08:06.272,POST,/desembolsos,201,242.3,117.6,,a27ed735-5078-4ba0-ba74-dda130e162a7,1,60
2026-09-24T04:08:06.372,POST,/desembolsos,201,257.4,123.8,,f264552a-65bc-4945-b362-a35a24f415ae,1,60
2026-09-24T04:08:06.465,POST,/desembolsos,201,255.8,117.9,,3ae3de82-bcaf-41ed-a70a-4d41d9a6a004,1,60
2026-09-24T04:08:06.566,POST,/desembolsos,201,237.3,114.2,,f9c2a291-ff28-426c-acb8-5fb7a356bed4,1,60
2026-09-24T04:08:06.670,POST,/desembolsos,201,253.2,121.9,,d15c6725-df04-4cff-9a7a-7732dc686967,1,60
2026-09-24T04:08:06.770,POST,/desembolsos,201,247.7,119.7,,4bccd166-2336-4bc8-a08c-f7c5981ad523,1,60
2026-09-24T04:08:06.869,POST,/desembolsos,201,236.8,112.5,,b2933dc2-8764-46e3-bc08-34fd78bdb323,1,60
2026-09-24T04:08:06.969,POST,/desembolsos,201,255.5,117.6,,483b1b7a-8610-443e-ae87-f1d598a397b5,1,60
2026-09-24T04:08:07.072,POST,/desembolsos,201,246.9,118.3,,0b074b44-e626-4c4b-a5a9-34e5f560202b,1,60
2026-09-24T04:08:07.165,POST,/desembolsos,201,270.9,121.6,,2db3e170-2572-4ed4-8a25-f45adabced27,1,60
2026-09-24T04:08:07.281,POST,/desembolsos,201,270.1,150.0,,cc6a71d0-8082-4732-88f8-d4493603a95f,1,60
2026-09-24T04:08:07.373,POST,/desembolsos,201,259.6,131.0,,03abd895-4b83-46f2-bf37-b8249d8237f9,1,60
2026-09-24T04:08:07.465,POST,/desembolsos,201,266.1,111.5,,4c8cb323-b330-4cf5-ad68-f7948a729b1b,1,60
2026-09-24T04:08:07.549,POST,/desembolsos,201,238.5,117.3,,a7026d9a-14ac-4d6b-8e03-8c080bf644ee,1,60
2026-09-24T04:08:07.663,POST,/desembolsos,201,238.4,115.2,,aeef320b-bfe0-4f67-af1b-d63e352b504e,1,60
2026-09-24T04:08:07.776,POST,/desembolsos,201,243.6,119.0,,7db5970e-d70d-45da-b1af-cd009a75afa9,1,60
2026-09-24T04:08:07.858,POST,/desembolsos,201,251.3,131.5,,4e5f2fcd-9417-425a-a3da-684a883e8f2b,1,60
2026-09-24T04:08:07.975,POST,/desembolsos,201,241.4,119.1,,30d43921-8d9b-4383-9251-9918dc0ce76f,1,60
2026-09-24T04:08:08.065,POST,/desembolsos,201,263.0,133.0,,33b61c15-86bc-4a44-b7cd-3116dc789c8e,1,60
2026-09-24T04:08:08.165,POST,/desembolsos,201,239.0,117.1,,061b14d0-04e2-4577-8f1f-2cc26a5c4e5e,1,60
2026-09-24T04:08:08.265,POST,/desembolsos,201,240.1,113.3,,ca8b158f-c704-4e1a-80e5-32f85b97c1bf,1,60
2026-09-24T04:08:08.373,POST,/desembolsos,201,231.0,110.3,,f7f06543-3372-4c7b-aedc-68ca3d48fcb7,1,60
2026-09-24T04:08:08.473,POST,/desembolsos,201,236.4,113.0,,485e60ff-f0f5-44a8-95a4-77b2299e02fe,1,60
2026-09-24T04:08:08.539,POST,/desembolsos,201,235.6,113.9,,0e9a0dc0-0409-49a9-a6bf-d874e5b8fc65,1,60
2026-09-24T04:08:08.688,POST,/desembolsos,201,238.0,117.2,,e19a9ed0-0e77-4dec-988c-c42562e69423,1,60
2026-09-24T04:08:08.768,POST,/desembolsos,201,255.1,123.1,,6b5c00a7-aa65-431d-b7a2-8345964b075c,1,60
2026-09-24T04:08:08.883,POST,/desembolsos,201,234.1,112.5,,86dcb60e-4b1c-45a1-b99d-7f5619587799,1,60
2026-09-24T04:08:08.967,POST,/desembolsos,201,280.4,112.7,,d9009353-31cd-4148-b4ef-41118bcea42e,1,60
2026-09-24T04:08:09.073,POST,/desembolsos,201,280.7,124.9,,359b3b18-6dd5-465d-81a8-a3123f42275b,1,60
2026-09-24T04:08:09.165,POST,/desembolsos,201,235.8,112.0,,7db06bbd-7d92-4bc1-b80a-d4d23f03c28a,1,60
2026-09-24T04:08:09.273,POST,/desembolsos,201,239.2,110.3,,c63d9f5f-3684-44b9-a73c-19d4b2e86818,1,60
2026-09-24T04:08:09.381,POST,/desembolsos,201,246.2,125.6,,02d18346-86c5-40a2-acd5-a9cde05be424,1,60
2026-09-24T04:08:09.473,POST,/desembolsos,201,236.8,113.6,,999f7e53-dab8-4006-9e9a-0c5fbd5b0640,1,60
2026-09-24T04:08:09.581,POST,/desembolsos,201,240.2,115.2,,f81edcae-eb47-4d7d-8992-11b47d86c67f,1,60
2026-09-24T04:08:09.680,POST,/desembolsos,201,243.7,115.3,,fdac3308-17f8-443d-a1f1-8493ee597a38,1,60
2026-09-24T04:08:09.762,POST,/desembolsos,201,292.1,133.7,,94c8b462-0b98-46fc-aaaf-b0f6170a6a8f,1,60
2026-09-24T04:08:09.878,POST,/desembolsos,201,232.4,114.8,,8aeb9e7e-ff28-4c00-b62c-65a9731fb854,1,60
2026-09-24T04:08:09.961,POST,/desembolsos,201,242.6,121.2,,9ebfa956-43ba-4fe3-aa87-ec1550930a8f,1,60
2026-09-24T04:08:10.081,POST,/desembolsos,201,236.0,114.0,,d8d8e44d-78e8-42b6-8aab-c5e81304048c,1,60
2026-09-24T04:08:10.182,POST,/desembolsos,201,233.2,110.9,,af784f1b-2d65-4a00-9bbe-30796913eb9c,1,60
2026-09-24T04:08:10.273,POST,/desembolsos,201,237.4,115.7,,a0cca71c-6d08-446b-acbf-30bd79f61d41,1,60
2026-09-24T04:08:10.381,POST,/desembolsos,201,240.5,119.0,,7965518a-e264-48d3-bb33-669c51ab32f3,1,60
2026-09-24T04:08:10.465,POST,/desembolsos,201,268.6,144.0,,8e53eb5d-23c6-49ab-9b5f-e4baba726c70,1,60
2026-09-24T04:08:10.573,POST,/desembolsos,201,239.6,113.8,,c21d27bb-d86f-46bc-a0ba-96a6bd161fbf,1,60
2026-09-24T04:08:10.671,POST,/desembolsos,201,235.7,115.8,,4a8d75bb-f007-4dcb-aa2a-71c3da7294fa,1,60
2026-09-24T04:08:10.786,POST,/desembolsos,201,239.8,114.0,,74ce995e-d38c-4655-af0c-225577de2979,1,60
2026-09-24T04:08:10.870,POST,/desembolsos,201,241.1,115.7,,14b871c4-3235-45a3-808d-481fcf944de5,1,60
2026-09-24T04:08:10.968,POST,/desembolsos,201,264.1,114.4,,32d905ae-8f73-4c18-a940-5d03875c57fe,1,60
2026-09-24T04:08:11.082,POST,/desembolsos,201,278.4,150.7,,d3f4c3b9-fa1d-4927-9fce-db24a3087dba,1,60
2026-09-24T04:08:11.173,POST,/desembolsos,201,309.3,180.6,,a6f4524d-41c4-4bd6-b263-e8db778b17d4,1,60
2026-09-24T04:08:11.281,POST,/desembolsos,201,239.9,119.9,,aa920397-1d84-4aba-8932-4fed7cfcc1ed,1,60
2026-09-24T04:08:11.356,POST,/desembolsos,201,244.8,122.0,,c6b4e165-257b-49d2-ab9d-c6716a32b903,1,60
2026-09-24T04:08:11.464,POST,/desembolsos,201,240.3,115.2,,2c3f9fb0-c834-4f18-b9ac-0112e7e1f39a,1,60
2026-09-24T04:08:11.548,POST,/desembolsos,201,234.3,113.1,,79a6c9b8-1e73-468b-a90e-57b23f87cb65,1,60
2026-09-24T04:08:11.681,POST,/desembolsos,201,240.8,116.7,,9cb4b151-51e3-4e4c-ba1a-d8bcc9694a2c,1,60
2026-09-24T04:08:11.780,POST,/desembolsos,201,260.3,131.1,,b6650b74-18dd-4128-b952-df33d1b3ece6,1,60
2026-09-24T04:08:11.876,POST,/desembolsos,201,309.2,145.1,,b2ef90d2-5228-47e0-a819-8bbbd154f502,1,60
2026-09-24T04:08:11.968,POST,/desembolsos,201,236.0,114.0,,dea29e4a-aaff-47c2-ad17-a70ba91b7d6e,1,60
2026-09-24T04:08:12.073,POST,/desembolsos,201,242.1,115.2,,b13940be-cb0b-4e3b-963e-45518d203bd2,1,60
2026-09-24T04:08:12.172,POST,/desembolsos,201,243.0,114.2,,7276ae0b-291d-40ba-8b63-a27224454a30,1,60
2026-09-24T04:08:12.273,POST,/desembolsos,201,268.2,116.7,,70271cb4-8193-4a11-a421-1cf88d5f7e7d,1,60
2026-09-24T04:08:12.373,POST,/desembolsos,201,242.3,119.6,,5c7d092c-7f79-48b1-8d86-336c5ddf26ac,1,60
2026-09-24T04:08:12.465,POST,/desembolsos,201,247.4,128.7,,bd85257a-7c5e-4d39-94d9-77c8d2a018d9,1,60
2026-09-24T04:08:12.574,POST,/desembolsos,201,241.9,113.7,,73dd7b6d-a1c6-4744-8e85-06ba6e8abec6,1,60
2026-09-24T04:08:12.658,POST,/desembolsos,201,240.5,121.9,,003634c9-ef3d-42e1-9dac-67457d3332cd,1,60
2026-09-24T04:08:12.762,POST,/desembolsos,201,243.3,121.2,,3adeded3-d12c-4cad-a114-99c85c75a37e,1,60
2026-09-24T04:08:12.876,POST,/desembolsos,201,235.2,111.8,,cfb448fd-a098-4bbb-9af7-df0bebef9b00,1,60
2026-09-24T04:08:12.972,POST,/desembolsos,201,240.9,116.3,,30fadc77-3e83-41f6-a135-ed5b36a173f2,1,60
2026-09-24T04:08:13.068,POST,/desembolsos,201,238.9,118.6,,a6acce83-0fc3-47dd-83d4-dd8dce0f9776,1,60
2026-09-24T04:08:13.164,POST,/desembolsos,201,231.5,110.6,,17a9439e-80d2-4ff7-bf74-2637380e382f,1,60
2026-09-24T04:08:13.259,POST,/desembolsos,201,234.5,112.8,,9f9f97d7-72c9-4e34-8f9d-5b8157464b7d,1,60
2026-09-24T04:08:13.371,POST,/desembolsos,201,249.4,113.8,,32dca9ef-bbfc-4ae2-8f12-b209071787d9,1,60
2026-09-24T04:08:13.482,POST,/desembolsos,201,265.9,138.5,,48dc9b41-c972-4dc3-b9f6-3dbfc1064d7d,1,60
2026-09-24T04:08:13.577,POST,/desembolsos,201,279.2,151.1,,cab91654-f42b-4c53-b7be-1323b1b5c1e8,1,60
2026-09-24T04:08:13.673,POST,/desembolsos,201,234.7,114.2,,6dd3b1ef-830e-4665-85cd-21fe07b01ae0,1,60
2026-09-24T04:08:13.771,POST,/desembolsos,201,231.5,111.6,,652b2a4f-90e4-4720-aae4-b0f47fbe6171,1,60
2026-09-24T04:08:13.852,POST,/desembolsos,201,233.7,113.1,,a90bb5b9-21d7-4be5-b769-6c2e4dfa13a2,1,60
2026-09-24T04:08:13.963,POST,/desembolsos,201,303.4,114.1,,ede5e1f8-9107-4309-9f70-2252d2b4322e,1,60
2026-09-24T04:08:14.075,POST,/desembolsos,201,319.4,198.1,,f158a719-a2ee-4553-9f51-dbc7fd4732f1,1,60
2026-09-24T04:08:14.174,POST,/desembolsos,201,242.4,115.1,,4efad737-1816-472f-b9ae-7873d1251c40,1,60
2026-09-24T04:08:14.265,POST,/desembolsos,201,239.5,115.6,,b6cdb32b-74ff-460f-8687-9be32cd9014e,1,60
2026-09-24T04:08:14.357,POST,/desembolsos,201,243.2,125.8,,8fbb2e5f-7b44-498f-9770-82c84271fb97,1,60
2026-09-24T04:08:14.473,POST,/desembolsos,201,237.9,117.6,,a74954b5-96a6-4ed5-9161-91521b6854b4,1,60
2026-09-24T04:08:14.564,POST,/desembolsos,201,243.1,124.2,,fc7b9faa-4637-4c70-9cfb-54786ad6dd02,1,60
2026-09-24T04:08:14.665,POST,/desembolsos,201,234.6,112.2,,5cb6a953-0341-4a43-bea2-ef05ec09b318,1,60
2026-09-24T04:08:14.755,POST,/desembolsos,201,240.7,117.7,,3cfe3a5f-1278-426a-9012-9f83515017c7,1,60
2026-09-24T04:08:14.865,POST,/desembolsos,201,234.7,112.6,,aa317573-4685-4414-81f7-5dc7c34c9867,1,60
2026-09-24T04:08:14.972,POST,/desembolsos,201,238.9,110.8,,15d2adf8-de0c-47f1-8212-05e17cb9c498,1,60
2026-09-24T04:08:15.059,POST,/desembolsos,201,244.2,114.2,,9af33dd3-33f4-4885-8471-355e9c0b9d01,1,60
2026-09-24T04:08:15.171,POST,/desembolsos,201,253.4,122.7,,bc6a95fd-5d0f-46d1-b3b3-681f2dd31ca6,1,60
2026-09-24T04:08:15.269,POST,/desembolsos,201,233.0,116.6,,a41b330c-1144-4360-8da2-700719682bb5,1,60
2026-09-24T04:08:15.373,POST,/desembolsos,201,243.0,123.2,,1cc3dca9-68b6-4182-aac4-bc9a65278fdb,1,60
